scope,balance_min,soc_residual_max,soc_min,soc_max,simultaneous_max,passed
Q2@0,0.0,0.0,6000.0,6000.0,0.0,True
Q2@1,0.0,9.094947017729282e-13,1200.0,10800.0,0.0,True
Q2@2,67.63058333333333,9.094947017729282e-13,1200.0,10800.0,0.0,True
Q2@3,0.0,9.094947017729282e-13,1200.0,10800.0,0.0,True
Q2@4,-7.105427357601002e-15,1.8189894035458565e-12,1200.0,10800.0,0.0,True
Q2@5,0.0,9.094947017729282e-13,1200.0,10800.0,0.0,True
Q2@6,0.0,9.094947017729282e-13,1200.0,10800.0,0.0,True
Q2@7,0.0,9.094947017729282e-13,1200.0,10800.0,0.0,True
Q2@8,0.0,9.094947017729282e-13,1200.0,10800.0,0.0,True
Q2@9,20.985750000000166,4.547473508864641e-13,1200.0,10800.0,0.0,True
Q2@10,7.091333333333296,9.094947017729282e-13,1200.0,10800.0,0.0,True
Q2@11,0.0,9.094947017729282e-13,1200.0,10800.0,0.0,True
Q2@12,0.0,9.094947017729282e-13,1200.0,10800.0,0.0,True
Q2@13,0.0,9.094947017729282e-13,1200.0,10800.0,0.0,True
Q2@14,0.0,9.094947017729282e-13,1200.0,10800.0,0.0,True
Q2@15,0.0,9.094947017729282e-13,1200.0,10800.0,0.0,True
Q2@16,39.44401266666671,1.8189894035458565e-12,1200.0,10800.0,0.0,True
Q2@17,0.0,4.547473508864641e-13,1200.0,10800.0,0.0,True
Q2@18,0.0,2.2737367544323206e-13,1200.0,10800.0,0.0,True
Q2@19,0.0,9.094947017729282e-13,1200.0,10800.0,0.0,True
Q2@20,0.0,4.547473508864641e-13,1200.0,10800.0,0.0,True
Q2@21,0.0,9.094947017729282e-13,1200.0,10800.0,0.0,True
Q2@22,0.0,9.094947017729282e-13,1200.0,10800.0,0.0,True
Q2@23,17.02283299999999,9.094947017729282e-13,1200.0,10800.0,0.0,True
Q2@24,39.64182249999999,9.094947017729282e-13,1200.0,10800.0,0.0,True
Q2@25,0.0,4.547473508864641e-13,1200.0,10800.0,0.0,True
Q2@26,0.0,4.547473508864641e-13,1200.0,10800.0,0.0,True
Q2@27,0.0,9.094947017729282e-13,1200.0,10800.0,0.0,True
Q2@28,0.0,4.547473508864641e-13,1200.0,10800.0,0.0,True
Q2@29,0.0,9.094947017729282e-13,1200.0,10800.0,0.0,True
Q2@30,16.59200000000004,9.094947017729282e-13,1200.0,10800.0,0.0,True
Q2@31,38.14823333333334,9.094947017729282e-13,1200.0,10800.0,0.0,True
Q2@32,0.0,9.094947017729282e-13,1200.0,10800.0,0.0,True
Q2@33,0.0,9.094947017729282e-13,1200.0,10800.0,0.0,True
Q2@34,0.0,1.8189894035458565e-12,1200.0,10800.0,0.0,True
Q2@35,0.0,1.8189894035458565e-12,1200.0,10800.0,0.0,True
Q2@36,0.0,9.094947017729282e-13,1200.0,10800.0,0.0,True
Q2@37,44.543807166666625,9.094947017729282e-13,1200.0,10800.0,0.0,True
Q2@38,51.82749516666661,9.094947017729282e-13,1200.0,10800.0,0.0,True
Q2@39,0.0,1.8189894035458565e-12,1200.0,10800.0,0.0,True
Q2@40,0.0,9.094947017729282e-13,1200.0,10800.0,0.0,True
Q2@41,0.0,9.094947017729282e-13,1200.0,10800.0,0.0,True
Q2@42,0.0,1.8189894035458565e-12,1200.0,10800.0,0.0,True
Q2@43,0.0,9.094947017729282e-13,1200.0,10800.0,0.0,True
Q2@44,37.26832641666647,4.547473508864641e-13,1200.0,10800.0,0.0,True
Q2@45,23.06857500000001,9.094947017729282e-13,1200.0,10800.0,0.0,True
Q2@46,0.0,9.094947017729282e-13,1200.0,10800.0,0.0,True
Q2@47,0.0,9.094947017729282e-13,1200.0,10800.0,0.0,True
Q2@48,0.0,9.094947017729282e-13,1200.0,10800.0,0.0,True
Q2@49,0.0,9.094947017729282e-13,1200.0,10800.0,0.0,True
Q2@50,0.0,9.094947017729282e-13,1200.0,10800.0,0.0,True
Q2@51,9.939833333333127,9.094947017729282e-13,1200.0,10800.0,0.0,True
Q2@52,0.0,9.094947017729282e-13,1200.0,10800.0,0.0,True
Q2@53,0.0,4.547473508864641e-13,1200.0,10800.0,0.0,True
Q2@54,0.0,4.547473508864641e-13,1200.0,10800.0,0.0,True
Q2@55,0.0,9.094947017729282e-13,1200.0,10800.0,0.0,True
Q2@56,0.0,9.094947017729282e-13,1200.0,10800.0,0.0,True
Q2@57,0.0,9.094947017729282e-13,1200.0,10800.0,0.0,True
Q2@58,18.933047416666682,9.094947017729282e-13,1200.0,10800.0,0.0,True
Q2@59,0.0,1.8189894035458565e-12,1200.0,10800.0,0.0,True
Q2@60,-1.4210854715202004e-14,9.094947017729282e-13,1200.0,10800.0,0.0,True
Q2@61,-1.4210854715202004e-14,1.8189894035458565e-12,1200.0,10800.0,0.0,True
Q2@62,-7.105427357601002e-15,1.8189894035458565e-12,1200.0,10800.0,0.0,True
Q2@63,-1.4210854715202004e-14,9.094947017729282e-13,1200.0,10800.0,0.0,True
Q2@64,-1.4210854715202004e-14,1.8189894035458565e-12,1200.0,10800.0,0.0,True
Q2@65,13.530841666666845,1.8189894035458565e-12,1200.0,10800.0,0.0,True
Q2@66,20.424099999999953,9.094947017729282e-13,1200.0,10800.0,0.0,True
Q2@67,0.0,9.094947017729282e-13,1200.0,10800.0,0.0,True
Q2@68,-1.0658141036401503e-14,9.094947017729282e-13,1200.0,10800.0,0.0,True
Q2@69,0.0,1.8189894035458565e-12,1200.0,10800.0,0.0,True
Q2@70,0.0,9.094947017729282e-13,1200.0,10800.0,0.0,True
Q2@71,-2.842170943040401e-14,9.094947017729282e-13,1200.0,10800.0,0.0,True
Q2@72,27.570866666666745,9.094947017729282e-13,1200.0,10800.0,0.0,True
Q2@73,0.0,4.547473508864641e-13,1200.0,10800.0,0.0,True
Q2@74,-2.6645352591003757e-15,9.094947017729282e-13,1200.0,10800.0,0.0,True
Q2@75,0.0,1.8189894035458565e-12,1200.0,10800.0,0.0,True
Q2@76,-7.105427357601002e-15,4.547473508864641e-13,1200.0,10800.0,0.0,True
Q2@77,0.0,9.094947017729282e-13,1200.0,10800.0,0.0,True
Q2@78,0.0,9.094947017729282e-13,1200.0,10800.0,0.0,True
Q2@79,23.73035041666668,9.094947017729282e-13,1200.0,10800.0,0.0,True
Q2@80,3.0934749999998985,9.094947017729282e-13,1200.0,10800.0,0.0,True
Q2@81,0.0,1.8189894035458565e-12,1200.0,10800.0,0.0,True
Q2@82,0.0,9.094947017729282e-13,1200.0,10800.0,0.0,True
Q2@83,-1.4210854715202004e-14,9.094947017729282e-13,1200.0,10800.0,0.0,True
Q2@84,0.0,1.8189894035458565e-12,1200.0,10800.0,0.0,True
Q2@85,0.0,9.094947017729282e-13,1200.0,10800.0,0.0,True
Q2@86,0.0,9.094947017729282e-13,1200.0,10800.0,0.0,True
Q2@87,11.918699999999944,9.094947017729282e-13,1200.0,10800.0,0.0,True
Q2@88,0.0,9.094947017729282e-13,1200.0,10800.0,0.0,True
Q2@89,-3.552713678800501e-15,1.8189894035458565e-12,1200.0,10800.0,0.0,True
Q2@90,0.0,9.094947017729282e-13,1200.0,10800.0,0.0,True
Q2@91,-8.881784197001252e-15,9.094947017729282e-13,1200.0,10800.0,0.0,True
Q2@92,-4.884981308350689e-15,9.094947017729282e-13,1200.0,10800.0,0.0,True
Q2@93,17.45174875000015,9.094947017729282e-13,1200.0,10800.0,0.0,True
Q2@94,6.266887499999854,1.8189894035458565e-12,1200.0,10800.0,0.0,True
Q2@95,0.0,4.547473508864641e-13,1200.0,10800.0,0.0,True
Q2@96,-1.7763568394002505e-15,9.094947017729282e-13,1200.0,10800.0,0.0,True
Q2@97,0.0,9.094947017729282e-13,1200.0,10800.0,0.0,True
Q2@98,-7.105427357601002e-15,9.094947017729282e-13,1200.0,10800.0,0.0,True
Q2@99,-8.881784197001252e-16,9.094947017729282e-13,1200.0,10800.0,0.0,True
Q2@100,7.464083333333292,9.094947017729282e-13,1200.0,10800.0,0.0,True
Q2@101,0.0,9.094947017729282e-13,1200.0,10800.0,0.0,True
Q2@102,0.0,2.2737367544323206e-13,1200.0,10800.0,0.0,True
Q2@103,0.0,9.094947017729282e-13,1200.0,10800.0,0.0,True
Q2@104,-8.881784197001252e-16,4.547473508864641e-13,1200.0,10800.0,0.0,True
Q2@105,-9.769962616701378e-15,2.2737367544323206e-13,1200.0,10800.0,0.0,True
Q2@106,0.0,9.094947017729282e-13,1200.0,10800.0,0.0,True
Q2@107,24.300537333333352,9.094947017729282e-13,1200.0,10800.0,0.0,True
Q2@108,2.117033333333211,9.094947017729282e-13,1200.0,10800.0,0.0,True
Q2@109,0.0,9.094947017729282e-13,1200.0,10800.0,0.0,True
Q2@110,0.0,1.8189894035458565e-12,1200.0,10800.0,0.0,True
Q2@111,-3.552713678800501e-15,9.094947017729282e-13,1200.0,10800.0,0.0,True
Q2@112,0.0,9.094947017729282e-13,1200.0,10800.0,0.0,True
Q2@113,0.0,9.094947017729282e-13,1200.0,10800.0,0.0,True
Q2@114,30.31644608333329,1.8189894035458565e-12,1200.0,10800.0,0.0,True
Q2@115,12.8833833333332,9.094947017729282e-13,1200.0,10800.0,0.0,True
Q2@116,0.0,1.8189894035458565e-12,1200.0,10800.0,0.0,True
Q2@117,-2.842170943040401e-14,1.8189894035458565e-12,1200.0,10800.0,0.0,True
Q2@118,0.0,4.547473508864641e-13,1200.0,10800.0,0.0,True
Q2@119,0.0,1.8189894035458565e-12,1200.0,10800.0,0.0,True
Q2@120,0.0,9.094947017729282e-13,1200.0,10800.0,0.0,True
Q2@121,0.0,9.094947017729282e-13,1200.0,10800.0,0.0,True
Q2@122,0.0,9.094947017729282e-13,1200.0,10800.0,0.0,True
Q2@123,0.0,4.547473508864641e-13,1200.0,10800.0,0.0,True
Q2@124,0.0,9.094947017729282e-13,1200.0,10800.0,0.0,True
Q2@125,-7.105427357601002e-15,9.094947017729282e-13,1200.0,10800.0,0.0,True
Q2@126,-7.105427357601002e-15,2.2737367544323206e-13,1200.0,10800.0,0.0,True
Q2@127,0.0,9.094947017729282e-13,1200.0,10800.0,0.0,True
Q2@128,12.508109416666514,9.094947017729282e-13,1200.0,10800.0,0.0,True
Q2@129,0.0,1.8189894035458565e-12,1200.0,10800.0,0.0,True
Q2@130,-1.0658141036401503e-14,4.547473508864641e-13,1200.0,10800.0,0.0,True
Q2@131,0.0,9.094947017729282e-13,1200.0,10800.0,0.0,True
Q2@132,0.0,4.547473508864641e-13,1200.0,10800.0,0.0,True
Q2@133,0.0,1.8189894035458565e-12,1200.0,10800.0,0.0,True
Q2@134,-3.552713678800501e-15,4.547473508864641e-13,1200.0,10800.0,0.0,True
Q2@135,2.861373083333376,9.094947017729282e-13,1200.0,10800.0,0.0,True
Q2@136,0.0,9.094947017729282e-13,1200.0,10800.0,0.0,True
Q2@137,0.0,0.0,1200.0,10800.0,0.0,True
Q2@138,0.0,1.8189894035458565e-12,1200.0,10800.0,0.0,True
Q2@139,-1.4210854715202004e-14,4.547473508864641e-13,1200.0,10800.0,0.0,True
Q2@140,-9.769962616701378e-15,4.547473508864641e-13,1200.0,10800.0,0.0,True
Q2@141,0.0,4.547473508864641e-13,1200.0,10800.0,0.0,True
Q2@142,23.45171666666664,9.094947017729282e-13,1200.0,10800.0,0.0,True
Q2@143,33.82949924999991,9.094947017729282e-13,1200.0,10800.0,0.0,True
Q2@144,0.0,2.2737367544323206e-13,1200.0,10800.0,0.0,True
Q2@145,-1.9539925233402755e-14,4.547473508864641e-13,1200.0,10800.0,0.0,True
Q2@146,0.0,2.2737367544323206e-13,1200.0,10800.0,0.0,True
Q2@147,-4.440892098500626e-15,2.2737367544323206e-13,1200.0,10800.0,0.0,True
Q2@148,0.0,2.2737367544323206e-13,1200.0,10800.0,0.0,True
Q2@149,0.0,9.094947017729282e-13,1200.0,10800.0,0.0,True
Q2@150,0.0,9.094947017729282e-13,1200.0,10800.0,0.0,True
Q2@151,-2.842170943040401e-14,9.094947017729282e-13,1200.0,10800.0,0.0,True
Q2@152,-1.4210854715202004e-14,0.0,1200.0,10800.0,0.0,True
Q2@153,-1.4210854715202004e-14,2.2737367544323206e-13,1200.0,10800.0,0.0,True
Q2@154,-2.842170943040401e-14,1.8189894035458565e-12,1200.0,10800.0,0.0,True
Q2@155,0.0,2.2737367544323206e-13,1200.0,10800.0,0.0,True
Q2@156,0.0,9.094947017729282e-13,1200.0,10800.0,0.0,True
Q2@157,0.0,1.8189894035458565e-12,1200.0,10800.0,0.0,True
Q2@158,0.0,2.2737367544323206e-13,1200.0,10800.0,0.0,True
Q2@159,-3.552713678800501e-15,2.2737367544323206e-13,1200.0,10800.0,0.0,True
Q2@160,-1.4210854715202004e-14,9.094947017729282e-13,1200.0,10800.0,0.0,True
Q2@161,-2.842170943040401e-14,4.547473508864641e-13,1200.0,10800.0,0.0,True
Q2@162,-1.7763568394002505e-15,4.547473508864641e-13,1200.0,10800.0,0.0,True
Q2@163,0.0,1.8189894035458565e-12,1200.0,10800.0,0.0,True
Q2@164,0.0,9.094947017729282e-13,1200.0,10800.0,0.0,True
Q2@165,-7.105427357601002e-15,9.094947017729282e-13,1200.0,10800.0,0.0,True
Q2@166,0.0,4.547473508864641e-13,1200.0,10800.0,0.0,True
Q2@167,0.0,2.2737367544323206e-13,1200.0,10800.0,0.0,True
Q2@168,0.0,2.2737367544323206e-13,1200.0,10800.0,0.0,True
Q2@169,0.0,9.094947017729282e-13,1200.0,10800.0,0.0,True
Q2@170,37.095885166666676,9.094947017729282e-13,1200.0,10800.0,0.0,True
Q2@171,42.41054866666673,9.094947017729282e-13,1200.0,10800.0,0.0,True
Q2@172,0.0,2.2737367544323206e-13,1200.0,10800.0,0.0,True
Q2@173,0.0,9.094947017729282e-13,1200.0,10800.0,0.0,True
Q2@174,-7.105427357601002e-15,4.547473508864641e-13,1200.0,10800.0,0.0,True
Q2@175,0.0,2.2737367544323206e-13,1200.0,10800.0,0.0,True
Q2@176,0.0,9.094947017729282e-13,1200.0,10800.0,0.0,True
Q2@177,48.2100625833333,9.094947017729282e-13,1200.0,10800.0,0.0,True
Q2@178,12.898138083333265,9.094947017729282e-13,1200.0,10800.0,0.0,True
Q2@179,0.0,9.094947017729282e-13,1200.0,10800.0,0.0,True
Q2@180,0.0,2.2737367544323206e-13,1200.0,10800.0,0.0,True
Q2@181,0.0,4.547473508864641e-13,1200.0,10800.0,0.0,True
Q2@182,0.0,1.8189894035458565e-12,1200.0,10800.0,0.0,True
Q2@183,0.0,9.094947017729282e-13,1200.0,10800.0,0.0,True
Q2@184,0.0,9.094947017729282e-13,1200.0,10800.0,0.0,True
Q2@185,0.0,1.8189894035458565e-12,1200.0,10800.0,0.0,True
Q2@186,0.0,4.547473508864641e-13,1200.0,10800.0,0.0,True
Q2@187,0.0,2.2737367544323206e-13,1200.0,10800.0,0.0,True
Q2@188,0.0,4.547473508864641e-13,1200.0,10800.0,0.0,True
Q2@189,0.0,9.094947017729282e-13,1200.0,10800.0,0.0,True
Q2@190,0.0,9.094947017729282e-13,1200.0,10800.0,0.0,True
Q2@191,0.0,9.094947017729282e-13,1200.0,10800.0,0.0,True
Q2@192,0.0,4.547473508864641e-13,1200.0,10800.0,0.0,True
Q2@193,0.0,9.094947017729282e-13,1200.0,10800.0,0.0,True
Q2@194,0.0,4.547473508864641e-13,1200.0,10800.0,0.0,True
Q2@195,0.0,9.094947017729282e-13,1200.0,10800.0,0.0,True
Q2@196,0.0,9.094947017729282e-13,1200.0,10800.0,0.0,True
Q2@197,0.0,2.2737367544323206e-13,1200.0,10800.0,0.0,True
Q2@198,1.2879270833333294,4.547473508864641e-13,1200.0,10800.0,0.0,True
Q2@199,0.0,9.094947017729282e-13,1200.0,10800.0,0.0,True
Q2@200,0.0,4.547473508864641e-13,1200.0,10800.0,0.0,True
Q2@201,0.0,2.2737367544323206e-13,1200.0,10800.0,0.0,True
Q2@202,0.0,4.547473508864641e-13,1200.0,10800.0,0.0,True
Q2@203,0.0,9.094947017729282e-13,1200.0,10800.0,0.0,True
Q2@204,-1.4210854715202004e-14,4.547473508864641e-13,1200.0,10800.0,0.0,True
Q2@205,30.79650591666669,9.094947017729282e-13,1200.0,10800.0,0.0,True
Q2@206,0.0,4.547473508864641e-13,1200.0,10800.0,0.0,True
Q2@207,0.0,1.8189894035458565e-12,1200.0,10800.0,0.0,True
Q2@208,-1.8957058145474548e-14,9.094947017729282e-13,1200.0,10800.0,0.0,True
Q2@209,-1.4210854715202004e-14,4.547473508864641e-13,1200.0,10800.0,0.0,True
Q2@210,-7.105427357601002e-15,2.2737367544323206e-13,1200.0,10800.0,0.0,True
Q2@211,-1.4210854715202004e-14,2.2737367544323206e-13,1200.0,10800.0,0.0,True
Q2@212,40.24195000000009,9.094947017729282e-13,1200.0,10800.0,0.0,True
Q2@213,4.323150000000169,9.094947017729282e-13,1200.0,10800.0,0.0,True
Q2@214,0.0,2.2737367544323206e-13,1200.0,10800.0,0.0,True
Q2@215,0.0,4.547473508864641e-13,1200.0,10800.0,0.0,True
Q2@216,0.0,9.094947017729282e-13,1200.0,10800.0,0.0,True
Q2@217,0.0,2.2737367544323206e-13,1200.0,10800.0,0.0,True
Q2@218,0.0,9.094947017729282e-13,1200.0,10800.0,0.0,True
Q2@219,41.093708333333325,9.094947017729282e-13,1200.0,10800.0,0.0,True
Q2@220,13.643917833333262,4.547473508864641e-13,1200.0,10800.0,0.0,True
Q2@221,0.0,2.2737367544323206e-13,1200.0,10800.0,0.0,True
Q2@222,0.0,2.2737367544323206e-13,1200.0,10800.0,0.0,True
Q2@223,-3.552713678800501e-15,4.547473508864641e-13,1200.0,10800.0,0.0,True
Q2@224,0.0,2.2737367544323206e-13,1200.0,10800.0,0.0,True
Q2@225,0.0,4.547473508864641e-13,1200.0,10800.0,0.0,True
Q2@226,3.4985832500000242,4.547473508864641e-13,1200.0,10800.0,0.0,True
Q2@227,29.107590250000044,4.547473508864641e-13,1200.0,10800.0,0.0,True
Q2@228,0.0,9.094947017729282e-13,1200.0,10800.0,0.0,True
Q2@229,0.0,2.2737367544323206e-13,1200.0,10800.0,0.0,True
Q2@230,0.0,2.2737367544323206e-13,1200.0,10800.0,0.0,True
Q2@231,0.0,2.2737367544323206e-13,1200.0,10800.0,0.0,True
Q2@232,-3.552713678800501e-15,1.8189894035458565e-12,1200.0,10800.0,0.0,True
Q2@233,0.0,9.094947017729282e-13,1200.0,10800.0,0.0,True
Q2@234,18.757012750000058,9.094947017729282e-13,1200.0,10800.0,0.0,True
Q2@235,0.0,9.094947017729282e-13,1200.0,10800.0,0.0,True
Q2@236,0.0,9.094947017729282e-13,1200.0,10800.0,0.0,True
Q2@237,0.0,4.547473508864641e-13,1200.0,10800.0,0.0,True
Q2@238,-7.105427357601002e-15,9.094947017729282e-13,1200.0,10800.0,0.0,True
Q2@239,-1.7763568394002505e-14,9.094947017729282e-13,1200.0,10800.0,0.0,True
Q2@240,0.0,9.094947017729282e-13,1200.0,10800.0,0.0,True
Q2@241,0.0,9.094947017729282e-13,1200.0,10800.0,0.0,True
Q2@242,-7.105427357601002e-15,2.2737367544323206e-13,1200.0,10800.0,0.0,True
Q2@243,0.0,2.2737367544323206e-13,1200.0,10800.0,0.0,True
Q2@244,0.0,9.094947017729282e-13,1200.0,10800.0,0.0,True
Q2@245,0.0,2.2737367544323206e-13,1200.0,10800.0,0.0,True
Q2@246,0.0,4.547473508864641e-13,1200.0,10800.0,0.0,True
Q2@247,22.99550483333337,4.547473508864641e-13,1200.0,10800.0,0.0,True
Q2@248,4.308736250000109,9.094947017729282e-13,1200.0,10800.0,0.0,True
Q2@249,0.0,9.094947017729282e-13,1200.0,10800.0,0.0,True
Q2@250,-7.105427357601002e-15,9.094947017729282e-13,1200.0,10800.0,0.0,True
Q2@251,0.0,4.547473508864641e-13,1200.0,10800.0,0.0,True
Q2@252,-7.105427357601002e-15,2.2737367544323206e-13,1200.0,10800.0,0.0,True
Q2@253,0.0,9.094947017729282e-13,1200.0,10800.0,0.0,True
Q2@254,0.0,9.094947017729282e-13,1200.0,10800.0,0.0,True
Q2@255,42.882301666666706,1.8189894035458565e-12,1200.0,10800.0,0.0,True
Q2@256,-1.0658141036401503e-14,4.547473508864641e-13,1200.0,10800.0,0.0,True
Q2@257,0.0,2.2737367544323206e-13,1200.0,10800.0,0.0,True
Q2@258,0.0,1.8189894035458565e-12,1200.0,10800.0,0.0,True
Q2@259,0.0,4.547473508864641e-13,1200.0,10800.0,0.0,True
Q2@260,-5.329070518200751e-15,2.2737367544323206e-13,1200.0,10800.0,0.0,True
Q2@261,2.1162374166667064,1.8189894035458565e-12,1200.0,10800.0,0.0,True
Q2@262,0.0,1.8189894035458565e-12,1200.0,10800.0,0.0,True
Q2@263,0.0,9.094947017729282e-13,1200.0,10800.0,0.0,True
Q2@264,0.0,9.094947017729282e-13,1200.0,10800.0,0.0,True
Q2@265,-5.329070518200751e-15,4.547473508864641e-13,1200.0,10800.0,0.0,True
Q2@266,0.0,9.094947017729282e-13,1200.0,10800.0,0.0,True
Q2@267,0.0,9.094947017729282e-13,1200.0,10800.0,0.0,True
Q2@268,7.8377524166666035,9.094947017729282e-13,1200.0,10800.0,0.0,True
Q2@269,0.0,4.547473508864641e-13,1200.0,10800.0,0.0,True
Q2@270,-7.105427357601002e-15,1.8189894035458565e-12,1200.0,10800.0,0.0,True
Q2@271,-3.552713678800501e-15,4.547473508864641e-13,1200.0,10800.0,0.0,True
Q2@272,-1.4210854715202004e-14,9.094947017729282e-13,1200.0,10800.0,0.0,True
Q2@273,0.0,9.094947017729282e-13,1200.0,10800.0,0.0,True
Q2@274,0.0,1.8189894035458565e-12,1200.0,10800.0,0.0,True
Q2@275,10.270566666666639,9.094947017729282e-13,1200.0,10800.0,0.0,True
Q2@276,7.201483333333385,9.094947017729282e-13,1200.0,10800.0,0.0,True
Q2@277,0.0,4.547473508864641e-13,1200.0,10800.0,0.0,True
Q2@278,0.0,1.8189894035458565e-12,1200.0,10800.0,0.0,True
Q2@279,0.0,1.8189894035458565e-12,1200.0,10800.0,0.0,True
Q2@280,0.0,4.547473508864641e-13,1200.0,10800.0,0.0,True
Q2@281,0.0,1.8189894035458565e-12,1200.0,10800.0,0.0,True
Q2@282,8.9183083333333,9.094947017729282e-13,1200.0,10800.0,0.0,True
Q2@283,0.0,1.8189894035458565e-12,1200.0,10800.0,0.0,True
Q2@284,-2.4424906541753444e-15,1.8189894035458565e-12,1200.0,10800.0,0.0,True
Q2@285,0.0,9.094947017729282e-13,1200.0,10800.0,0.0,True
Q2@286,0.0,9.094947017729282e-13,1200.0,10800.0,0.0,True
Q2@287,-1.4210854715202004e-14,1.8189894035458565e-12,1200.0,10800.0,0.0,True
Q2@288,-7.105427357601002e-15,9.094947017729282e-13,1200.0,10800.0,0.0,True
Q2@289,14.846627416666593,9.094947017729282e-13,1200.0,10800.0,0.0,True
Q2@290,8.451341666666622,1.8189894035458565e-12,1200.0,10800.0,0.0,True
Q2@291,-3.552713678800501e-15,1.8189894035458565e-12,1200.0,10800.0,0.0,True
Q2@292,0.0,9.094947017729282e-13,1200.0,10800.0,0.0,True
Q2@293,-1.4210854715202004e-14,1.8189894035458565e-12,1200.0,10800.0,0.0,True
Q2@294,-1.4210854715202004e-14,4.547473508864641e-13,1200.0,10800.0,0.0,True
Q2@295,0.0,9.094947017729282e-13,1200.0,10800.0,0.0,True
Q2@296,0.0,9.094947017729282e-13,1200.0,10800.0,0.0,True
Q2@297,6.423083333333409,9.094947017729282e-13,1200.0,10800.0,0.0,True
Q2@298,0.0,1.8189894035458565e-12,1200.0,10800.0,0.0,True
Q2@299,-8.881784197001252e-16,9.094947017729282e-13,1200.0,10800.0,0.0,True
Q2@300,-7.105427357601002e-15,9.094947017729282e-13,1200.0,10800.0,0.0,True
Q2@301,-1.4210854715202004e-14,9.094947017729282e-13,1200.0,10800.0,0.0,True
Q2@302,0.0,9.094947017729282e-13,1200.0,10800.0,0.0,True
Q2@303,0.0,1.8189894035458565e-12,1200.0,10800.0,0.0,True
Q2@304,0.0,9.094947017729282e-13,1200.0,10800.0,0.0,True
Q2@305,-7.105427357601002e-15,9.094947017729282e-13,1200.0,10800.0,0.0,True
Q2@306,-7.105427357601002e-15,9.094947017729282e-13,1200.0,10800.0,0.0,True
Q2@307,0.0,9.094947017729282e-13,1200.0,10800.0,0.0,True
Q2@308,0.0,9.094947017729282e-13,1200.0,10800.0,0.0,True
Q2@309,-1.4210854715202004e-14,1.8189894035458565e-12,1200.0,10800.0,0.0,True
Q2@310,24.831991666666738,4.547473508864641e-13,1200.0,10800.0,0.0,True
Q2@311,0.0,1.8189894035458565e-12,1200.0,10800.0,0.0,True
Q2@312,0.0,4.547473508864641e-13,1200.0,10800.0,0.0,True
Q2@313,-3.552713678800501e-15,9.094947017729282e-13,1200.0,10800.0,0.0,True
Q2@314,0.0,9.094947017729282e-13,1200.0,10800.0,0.0,True
Q2@315,0.0,9.094947017729282e-13,1200.0,10800.0,0.0,True
Q2@316,0.0,9.094947017729282e-13,1200.0,10800.0,0.0,True
Q2@317,16.48144999999994,4.547473508864641e-13,1200.0,10800.0,0.0,True
Q2@318,24.117913166666654,9.094947017729282e-13,1200.0,10800.0,0.0,True
Q2@319,-3.552713678800501e-15,9.094947017729282e-13,1200.0,10800.0,0.0,True
Q2@320,0.0,4.547473508864641e-13,1200.0,10800.0,0.0,True
Q2@321,0.0,9.094947017729282e-13,1200.0,10800.0,0.0,True
Q2@322,0.0,9.094947017729282e-13,1200.0,10800.0,0.0,True
Q2@323,0.0,9.094947017729282e-13,1200.0,10800.0,0.0,True
Q2@324,7.707560833333503,9.094947017729282e-13,1200.0,10800.0,0.0,True
Q2@325,13.920241666666584,1.8189894035458565e-12,1200.0,10800.0,0.0,True
Q2@326,0.0,9.094947017729282e-13,1200.0,10800.0,0.0,True
Q2@327,0.0,1.8189894035458565e-12,1200.0,10800.0,0.0,True
Q2@328,0.0,9.094947017729282e-13,1200.0,10800.0,0.0,True
Q2@329,0.0,9.094947017729282e-13,1200.0,10800.0,0.0,True
Q2@330,0.0,9.094947017729282e-13,1200.0,10800.0,0.0,True
Q2@331,19.99540341666676,9.094947017729282e-13,1200.0,10800.0,0.0,True
Q2@332,0.0,4.547473508864641e-13,1200.0,10800.0,0.0,True
Q2@333,-7.105427357601002e-15,9.094947017729282e-13,1200.0,10800.0,0.0,True
Q2@334,-2.842170943040401e-14,1.8189894035458565e-12,1200.0,10800.0,0.0,True
Q2@335,0.0,9.094947017729282e-13,1200.0,10800.0,0.0,True
Q2@336,0.0,1.8189894035458565e-12,1200.0,10800.0,0.0,True
Q2@337,0.0,1.8189894035458565e-12,1200.0,10800.0,0.0,True
Q2@338,0.0,4.547473508864641e-13,1200.0,10800.0,0.0,True
Q2@339,0.0,1.8189894035458565e-12,1200.0,10800.0,0.0,True
Q2@340,0.0,0.0,1200.0,10800.0,0.0,True
Q2@341,0.0,9.094947017729282e-13,1200.0,10800.0,0.0,True
Q2@342,0.0,9.094947017729282e-13,1200.0,10800.0,0.0,True
Q2@343,0.0,9.094947017729282e-13,1200.0,10800.0,0.0,True
Q2@344,0.0,9.094947017729282e-13,1200.0,10800.0,0.0,True
Q2@345,22.929673500000035,9.094947017729282e-13,1200.0,10800.0,0.0,True
Q2@346,0.0,9.094947017729282e-13,1200.0,10800.0,0.0,True
Q2@347,0.0,9.094947017729282e-13,1200.0,10800.0,0.0,True
Q2@348,0.0,9.094947017729282e-13,1200.0,10800.0,0.0,True
Q2@349,0.0,9.094947017729282e-13,1200.0,10800.0,0.0,True
Q2@350,0.0,9.094947017729282e-13,1200.0,10800.0,0.0,True
Q2@351,0.0,9.094947017729282e-13,1200.0,10800.0,0.0,True
Q2@352,33.95010833333333,9.094947017729282e-13,1200.0,10800.0,0.0,True
Q2@353,26.332972749999954,9.094947017729282e-13,1200.0,10800.0,0.0,True
Q2@354,0.0,9.094947017729282e-13,1200.0,10800.0,0.0,True
Q2@355,0.0,9.094947017729282e-13,1200.0,10800.0,0.0,True
Q2@356,0.0,9.094947017729282e-13,1200.0,10800.0,0.0,True
Q2@357,0.0,4.547473508864641e-13,1200.0,10800.0,0.0,True
Q2@358,0.0,1.8189894035458565e-12,1200.0,10800.0,0.0,True
Q2@359,37.28108400000008,9.094947017729282e-13,1200.0,10800.0,0.0,True
Q2@360,18.92263566666668,1.8189894035458565e-12,1200.0,10800.0,0.0,True
Q2@361,0.0,9.094947017729282e-13,1200.0,10800.0,0.0,True
Q2@362,0.0,1.8189894035458565e-12,1200.0,10800.0,0.0,True
Q2@363,0.0,9.094947017729282e-13,1200.0,10800.0,0.0,True
Q2@364,0.0,9.094947017729282e-13,1200.0,10800.0,0.0,True
Q2@0,0.0,0.0,6000.0,6000.0,0.0,True
Q2@1,0.0,0.0,1200.0,10800.0,0.0,True
Q2@2,67.63058333333333,9.094947017729282e-13,1200.0,10800.0,0.0,True
Q2@3,0.0,2.2737367544323206e-13,1200.0,10800.0,0.0,True
Q2@4,-7.105427357601002e-15,9.094947017729282e-13,1200.0,10800.0,0.0,True
Q2@5,0.0,9.094947017729282e-13,1200.0,10800.0,0.0,True
Q2@6,0.0,9.094947017729282e-13,1200.0,10800.0,0.0,True
Q2@7,0.0,9.094947017729282e-13,1200.0,10800.0,0.0,True
Q2@8,0.0,9.094947017729282e-13,1200.0,10800.0,0.0,True
Q2@9,20.985750000000166,9.094947017729282e-13,1200.0,10800.0,0.0,True
Q2@10,7.091333333333296,9.094947017729282e-13,1200.0,10800.0,0.0,True
Q2@11,0.0,9.094947017729282e-13,1200.0,10800.0,0.0,True
Q2@12,0.0,9.094947017729282e-13,1200.0,10800.0,0.0,True
Q2@13,0.0,9.094947017729282e-13,1200.0,10800.0,0.0,True
Q2@14,0.0,4.547473508864641e-13,1200.0,10800.0,0.0,True
Q2@15,0.0,9.094947017729282e-13,1200.0,10800.0,0.0,True
Q2@16,39.44401266666671,1.8189894035458565e-12,1200.0,10800.0,0.0,True
Q2@17,0.0,9.094947017729282e-13,1200.0,10800.0,0.0,True
Q2@18,0.0,4.547473508864641e-13,1200.0,10800.0,0.0,True
Q2@19,0.0,9.094947017729282e-13,1200.0,10800.0,0.0,True
Q2@20,0.0,9.094947017729282e-13,1200.0,10800.0,0.0,True
Q2@21,0.0,2.2737367544323206e-13,1200.0,10800.0,0.0,True
Q2@22,0.0,2.2737367544323206e-13,1200.0,10800.0,0.0,True
Q2@23,17.02283299999999,9.094947017729282e-13,1200.0,10800.0,0.0,True
Q2@24,39.64182249999999,9.094947017729282e-13,1200.0,10800.0,0.0,True
Q2@25,0.0,9.094947017729282e-13,1200.0,10800.0,0.0,True
Q2@26,0.0,4.547473508864641e-13,1200.0,10800.0,0.0,True
Q2@27,0.0,9.094947017729282e-13,1200.0,10800.0,0.0,True
Q2@28,0.0,9.094947017729282e-13,1200.0,10800.0,0.0,True
Q2@29,0.0,9.094947017729282e-13,1200.0,10800.0,0.0,True
Q2@30,16.59200000000004,9.094947017729282e-13,1200.0,10800.0,0.0,True
Q2@31,38.14823333333334,9.094947017729282e-13,1200.0,10800.0,0.0,True
Q2@32,0.0,9.094947017729282e-13,1200.0,10800.0,0.0,True
Q2@33,0.0,9.094947017729282e-13,1200.0,10800.0,0.0,True
Q2@34,0.0,1.8189894035458565e-12,1200.0,10800.0,0.0,True
Q2@35,0.0,1.8189894035458565e-12,1200.0,10800.0,0.0,True
Q2@36,0.0,9.094947017729282e-13,1200.0,10800.0,0.0,True
Q2@37,44.543807166666625,1.8189894035458565e-12,1200.0,10800.0,0.0,True
Q2@38,51.82749516666661,9.094947017729282e-13,1200.0,10800.0,0.0,True
Q2@39,0.0,1.8189894035458565e-12,1200.0,10800.0,0.0,True
Q2@40,0.0,9.094947017729282e-13,1200.0,10800.0,0.0,True
Q2@41,0.0,9.094947017729282e-13,1200.0,10800.0,0.0,True
Q2@42,0.0,1.8189894035458565e-12,1200.0,10800.0,0.0,True
Q2@43,0.0,9.094947017729282e-13,1200.0,10800.0,0.0,True
Q2@44,37.26832641666647,9.094947017729282e-13,1200.0,10800.0,0.0,True
Q2@45,23.068574999999896,9.094947017729282e-13,1200.0,10800.0,0.0,True
Q2@46,0.0,9.094947017729282e-13,1200.0,10800.0,0.0,True
Q2@47,0.0,9.094947017729282e-13,1200.0,10800.0,0.0,True
Q2@48,0.0,9.094947017729282e-13,1200.0,10800.0,0.0,True
Q2@49,0.0,9.094947017729282e-13,1200.0,10800.0,0.0,True
Q2@50,0.0,9.094947017729282e-13,1200.0,10800.0,0.0,True
Q2@51,9.939833333333127,1.8189894035458565e-12,1200.0,10800.0,0.0,True
Q2@52,0.0,4.547473508864641e-13,1200.0,10800.0,0.0,True
Q2@53,0.0,9.094947017729282e-13,1200.0,10800.0,0.0,True
Q2@54,0.0,4.547473508864641e-13,1200.0,10800.0,0.0,True
Q2@55,0.0,1.8189894035458565e-12,1200.0,10800.0,0.0,True
Q2@56,0.0,2.2737367544323206e-13,1200.0,10800.0,0.0,True
Q2@57,0.0,9.094947017729282e-13,1200.0,10800.0,0.0,True
Q2@58,18.933047416666682,9.094947017729282e-13,1200.0,10800.0,0.0,True
Q2@59,0.0,4.547473508864641e-13,1200.0,10800.0,0.0,True
Q2@60,-1.4210854715202004e-14,9.094947017729282e-13,1200.0,10800.0,0.0,True
Q2@61,-1.4210854715202004e-14,9.094947017729282e-13,1200.0,10800.0,0.0,True
Q2@62,-7.105427357601002e-15,4.547473508864641e-13,1200.0,10800.0,0.0,True
Q2@63,-1.4210854715202004e-14,9.094947017729282e-13,1200.0,10800.0,0.0,True
Q2@64,-1.4210854715202004e-14,1.8189894035458565e-12,1200.0,10800.0,0.0,True
Q2@65,13.530841666666845,9.094947017729282e-13,1200.0,10800.0,0.0,True
Q2@66,20.424099999999953,9.094947017729282e-13,1200.0,10800.0,0.0,True
Q2@67,0.0,9.094947017729282e-13,1200.0,10800.0,0.0,True
Q2@68,-1.0658141036401503e-14,9.094947017729282e-13,1200.0,10800.0,0.0,True
Q2@69,0.0,1.8189894035458565e-12,1200.0,10800.0,0.0,True
Q2@70,0.0,9.094947017729282e-13,1200.0,10800.0,0.0,True
Q2@71,-2.842170943040401e-14,9.094947017729282e-13,1200.0,10800.0,0.0,True
Q2@72,27.570866666666745,4.547473508864641e-13,1200.0,10800.0,0.0,True
Q2@73,0.0,1.8189894035458565e-12,1200.0,10800.0,0.0,True
Q2@74,-2.6645352591003757e-15,9.094947017729282e-13,1200.0,10800.0,0.0,True
Q2@75,0.0,1.8189894035458565e-12,1200.0,10800.0,0.0,True
Q2@76,-7.105427357601002e-15,4.547473508864641e-13,1200.0,10800.0,0.0,True
Q2@77,0.0,4.547473508864641e-13,1200.0,10800.0,0.0,True
Q2@78,0.0,9.094947017729282e-13,1200.0,10800.0,0.0,True
Q2@79,23.73035041666668,9.094947017729282e-13,1200.0,10800.0,0.0,True
Q2@80,3.0934749999998985,4.547473508864641e-13,1200.0,10800.0,0.0,True
Q2@81,0.0,9.094947017729282e-13,1200.0,10800.0,0.0,True
Q2@82,0.0,9.094947017729282e-13,1200.0,10800.0,0.0,True
Q2@83,-1.4210854715202004e-14,9.094947017729282e-13,1200.0,10800.0,0.0,True
Q2@84,0.0,1.8189894035458565e-12,1200.0,10800.0,0.0,True
Q2@85,0.0,9.094947017729282e-13,1200.0,10800.0,0.0,True
Q2@86,0.0,9.094947017729282e-13,1200.0,10800.0,0.0,True
Q2@87,11.918699999999944,9.094947017729282e-13,1200.0,10800.0,0.0,True
Q2@88,0.0,4.547473508864641e-13,1200.0,10800.0,0.0,True
Q2@89,-3.552713678800501e-15,1.8189894035458565e-12,1200.0,10800.0,0.0,True
Q2@90,0.0,4.547473508864641e-13,1200.0,10800.0,0.0,True
Q2@91,-8.881784197001252e-15,4.547473508864641e-13,1200.0,10800.0,0.0,True
Q2@92,-4.884981308350689e-15,9.094947017729282e-13,1200.0,10800.0,0.0,True
Q2@93,17.45174875000015,9.094947017729282e-13,1200.0,10800.0,0.0,True
Q2@94,6.266887499999854,1.8189894035458565e-12,1200.0,10800.0,0.0,True
Q2@95,0.0,9.094947017729282e-13,1200.0,10800.0,0.0,True
Q2@96,-1.7763568394002505e-15,9.094947017729282e-13,1200.0,10800.0,0.0,True
Q2@97,0.0,4.547473508864641e-13,1200.0,10800.0,0.0,True
Q2@98,-7.105427357601002e-15,1.8189894035458565e-12,1200.0,10800.0,0.0,True
Q2@99,-8.881784197001252e-16,4.547473508864641e-13,1200.0,10800.0,0.0,True
Q2@100,7.464083333333292,9.094947017729282e-13,1200.0,10800.0,0.0,True
Q2@101,0.0,9.094947017729282e-13,1200.0,10800.0,0.0,True
Q2@102,0.0,2.2737367544323206e-13,1200.0,10800.0,0.0,True
Q2@103,0.0,4.547473508864641e-13,1200.0,10800.0,0.0,True
Q2@104,-8.881784197001252e-16,9.094947017729282e-13,1200.0,10800.0,0.0,True
Q2@105,-9.769962616701378e-15,2.2737367544323206e-13,1200.0,10800.0,0.0,True
Q2@106,0.0,9.094947017729282e-13,1200.0,10800.0,0.0,True
Q2@107,24.300537333333352,4.547473508864641e-13,1200.0,10800.0,0.0,True
Q2@108,2.117033333333211,9.094947017729282e-13,1200.0,10800.0,0.0,True
Q2@109,0.0,4.547473508864641e-13,1200.0,10800.0,0.0,True
Q2@110,0.0,1.8189894035458565e-12,1200.0,10800.0,0.0,True
Q2@111,-3.552713678800501e-15,9.094947017729282e-13,1200.0,10800.0,0.0,True
Q2@112,0.0,4.547473508864641e-13,1200.0,10800.0,0.0,True
Q2@113,0.0,9.094947017729282e-13,1200.0,10800.0,0.0,True
Q2@114,30.316446083333346,9.094947017729282e-13,1200.0,10800.0,0.0,True
Q2@115,12.8833833333332,9.094947017729282e-13,1200.0,10800.0,0.0,True
Q2@116,0.0,1.8189894035458565e-12,1200.0,10800.0,0.0,True
Q2@117,-2.842170943040401e-14,9.094947017729282e-13,1200.0,10800.0,0.0,True
Q2@118,0.0,4.547473508864641e-13,1200.0,10800.0,0.0,True
Q2@119,0.0,9.094947017729282e-13,1200.0,10800.0,0.0,True
Q2@120,0.0,4.547473508864641e-13,1200.0,10800.0,0.0,True
Q2@121,0.0,9.094947017729282e-13,1200.0,10800.0,0.0,True
Q2@122,0.0,4.547473508864641e-13,1200.0,10800.0,0.0,True
Q2@123,0.0,4.547473508864641e-13,1200.0,10800.0,0.0,True
Q2@124,0.0,0.0,1200.0,10800.0,0.0,True
Q2@125,-7.105427357601002e-15,9.094947017729282e-13,1200.0,10800.0,0.0,True
Q2@126,-7.105427357601002e-15,2.2737367544323206e-13,1200.0,10800.0,0.0,True
Q2@127,0.0,9.094947017729282e-13,1200.0,10800.0,0.0,True
Q2@128,12.508109416666514,9.094947017729282e-13,1200.0,10800.0,0.0,True
Q2@129,0.0,1.8189894035458565e-12,1200.0,10800.0,0.0,True
Q2@130,-1.0658141036401503e-14,4.547473508864641e-13,1200.0,10800.0,0.0,True
Q2@131,0.0,9.094947017729282e-13,1200.0,10800.0,0.0,True
Q2@132,0.0,9.094947017729282e-13,1200.0,10800.0,0.0,True
Q2@133,0.0,1.8189894035458565e-12,1200.0,10800.0,0.0,True
Q2@134,-3.552713678800501e-15,4.547473508864641e-13,1200.0,10800.0,0.0,True
Q2@135,2.861373083333376,9.094947017729282e-13,1200.0,10800.0,0.0,True
Q2@136,0.0,2.2737367544323206e-13,1200.0,10800.0,0.0,True
Q2@137,0.0,1.8189894035458565e-12,1200.0,10800.0,0.0,True
Q2@138,0.0,9.094947017729282e-13,1200.0,10800.0,0.0,True
Q2@139,-1.4210854715202004e-14,4.547473508864641e-13,1200.0,10800.0,0.0,True
Q2@140,-9.769962616701378e-15,0.0,1200.0,10800.0,0.0,True
Q2@141,0.0,4.547473508864641e-13,1200.0,10800.0,0.0,True
Q2@142,23.45171666666664,9.094947017729282e-13,1200.0,10800.0,0.0,True
Q2@143,33.82949924999991,9.094947017729282e-13,1200.0,10800.0,0.0,True
Q2@144,0.0,2.2737367544323206e-13,1200.0,10800.0,0.0,True
Q2@145,-1.9539925233402755e-14,9.094947017729282e-13,1200.0,10800.0,0.0,True
Q2@146,0.0,4.547473508864641e-13,1200.0,10800.0,0.0,True
Q2@147,-4.440892098500626e-15,4.547473508864641e-13,1200.0,10800.0,0.0,True
Q2@148,0.0,9.094947017729282e-13,1200.0,10800.0,0.0,True
Q2@149,0.0,9.094947017729282e-13,1200.0,10800.0,0.0,True
Q2@150,0.0,9.094947017729282e-13,1200.0,10800.0,0.0,True
Q2@151,-2.842170943040401e-14,9.094947017729282e-13,1200.0,10800.0,0.0,True
Q2@152,-1.4210854715202004e-14,0.0,1200.0,10800.0,0.0,True
Q2@153,-1.4210854715202004e-14,2.2737367544323206e-13,1200.0,10800.0,0.0,True
Q2@154,-2.842170943040401e-14,1.8189894035458565e-12,1200.0,10800.0,0.0,True
Q2@155,0.0,2.2737367544323206e-13,1200.0,10800.0,0.0,True
Q2@156,0.0,9.094947017729282e-13,1200.0,10800.0,0.0,True
Q2@157,0.0,1.8189894035458565e-12,1200.0,10800.0,0.0,True
Q2@158,0.0,4.547473508864641e-13,1200.0,10800.0,0.0,True
Q2@159,-3.552713678800501e-15,2.2737367544323206e-13,1200.0,10800.0,0.0,True
Q2@160,-1.4210854715202004e-14,4.547473508864641e-13,1200.0,10800.0,0.0,True
Q2@161,-2.842170943040401e-14,4.547473508864641e-13,1200.0,10800.0,0.0,True
Q2@162,-1.7763568394002505e-15,4.547473508864641e-13,1200.0,10800.0,0.0,True
Q2@163,0.0,4.547473508864641e-13,1200.0,10800.0,0.0,True
Q2@164,0.0,9.094947017729282e-13,1200.0,10800.0,0.0,True
Q2@165,-7.105427357601002e-15,9.094947017729282e-13,1200.0,10800.0,0.0,True
Q2@166,0.0,4.547473508864641e-13,1200.0,10800.0,0.0,True
Q2@167,0.0,2.2737367544323206e-13,1200.0,10800.0,0.0,True
Q2@168,0.0,9.094947017729282e-13,1200.0,10800.0,0.0,True
Q2@169,0.0,4.547473508864641e-13,1200.0,10800.0,0.0,True
Q2@170,37.09588516666679,4.547473508864641e-13,1200.0,10800.0,0.0,True
Q2@171,42.41054866666673,9.094947017729282e-13,1200.0,10800.0,0.0,True
Q2@172,0.0,9.094947017729282e-13,1200.0,10800.0,0.0,True
Q2@173,0.0,4.547473508864641e-13,1200.0,10800.0,0.0,True
Q2@174,-7.105427357601002e-15,9.094947017729282e-13,1200.0,10800.0,0.0,True
Q2@175,0.0,9.094947017729282e-13,1200.0,10800.0,0.0,True
Q2@176,0.0,9.094947017729282e-13,1200.0,10800.0,0.0,True
Q2@177,48.21006258333341,9.094947017729282e-13,1200.0,10800.0,0.0,True
Q2@178,12.898138083333379,9.094947017729282e-13,1200.0,10800.0,0.0,True
Q2@179,0.0,9.094947017729282e-13,1200.0,10800.0,0.0,True
Q2@180,0.0,4.547473508864641e-13,1200.0,10800.0,0.0,True
Q2@181,0.0,9.094947017729282e-13,1200.0,10800.0,0.0,True
Q2@182,0.0,1.8189894035458565e-12,1200.0,10800.0,0.0,True
Q2@183,0.0,4.547473508864641e-13,1200.0,10800.0,0.0,True
Q2@184,0.0,9.094947017729282e-13,1200.0,10800.0,0.0,True
Q2@185,0.0,1.8189894035458565e-12,1200.0,10800.0,0.0,True
Q2@186,0.0,9.094947017729282e-13,1200.0,10800.0,0.0,True
Q2@187,0.0,4.547473508864641e-13,1200.0,10800.0,0.0,True
Q2@188,0.0,4.547473508864641e-13,1200.0,10800.0,0.0,True
Q2@189,0.0,9.094947017729282e-13,1200.0,10800.0,0.0,True
Q2@190,0.0,9.094947017729282e-13,1200.0,10800.0,0.0,True
Q2@191,0.0,2.2737367544323206e-13,1200.0,10800.0,0.0,True
Q2@192,0.0,4.547473508864641e-13,1200.0,10800.0,0.0,True
Q2@193,0.0,4.547473508864641e-13,1200.0,10800.0,0.0,True
Q2@194,0.0,9.094947017729282e-13,1200.0,10800.0,0.0,True
Q2@195,0.0,2.2737367544323206e-13,1200.0,10800.0,0.0,True
Q2@196,0.0,9.094947017729282e-13,1200.0,10800.0,0.0,True
Q2@197,0.0,2.2737367544323206e-13,1200.0,10800.0,0.0,True
Q2@198,1.2879270833333294,4.547473508864641e-13,1200.0,10800.0,0.0,True
Q2@199,0.0,9.094947017729282e-13,1200.0,10800.0,0.0,True
Q2@200,0.0,9.094947017729282e-13,1200.0,10800.0,0.0,True
Q2@201,0.0,2.2737367544323206e-13,1200.0,10800.0,0.0,True
Q2@202,0.0,9.094947017729282e-13,1200.0,10800.0,0.0,True
Q2@203,0.0,9.094947017729282e-13,1200.0,10800.0,0.0,True
Q2@204,-1.4210854715202004e-14,4.547473508864641e-13,1200.0,10800.0,0.0,True
Q2@205,30.79650591666669,2.2737367544323206e-13,1200.0,10800.0,0.0,True
Q2@206,0.0,4.547473508864641e-13,1200.0,10800.0,0.0,True
Q2@207,0.0,1.8189894035458565e-12,1200.0,10800.0,0.0,True
Q2@208,-1.8957058145474548e-14,9.094947017729282e-13,1200.0,10800.0,0.0,True
Q2@209,-1.4210854715202004e-14,4.547473508864641e-13,1200.0,10800.0,0.0,True
Q2@210,-7.105427357601002e-15,2.2737367544323206e-13,1200.0,10800.0,0.0,True
Q2@211,-1.4210854715202004e-14,2.2737367544323206e-13,1200.0,10800.0,0.0,True
Q2@212,40.24195000000009,9.094947017729282e-13,1200.0,10800.0,0.0,True
Q2@213,4.323150000000169,9.094947017729282e-13,1200.0,10800.0,0.0,True
Q2@214,0.0,4.547473508864641e-13,1200.0,10800.0,0.0,True
Q2@215,0.0,4.547473508864641e-13,1200.0,10800.0,0.0,True
Q2@216,0.0,9.094947017729282e-13,1200.0,10800.0,0.0,True
Q2@217,0.0,2.2737367544323206e-13,1200.0,10800.0,0.0,True
Q2@218,0.0,4.547473508864641e-13,1200.0,10800.0,0.0,True
Q2@219,41.093708333333325,9.094947017729282e-13,1200.0,10800.0,0.0,True
Q2@220,13.643917833333262,4.547473508864641e-13,1200.0,10800.0,0.0,True
Q2@221,0.0,9.094947017729282e-13,1200.0,10800.0,0.0,True
Q2@222,0.0,2.2737367544323206e-13,1200.0,10800.0,0.0,True
Q2@223,-3.552713678800501e-15,2.2737367544323206e-13,1200.0,10800.0,0.0,True
Q2@224,0.0,4.547473508864641e-13,1200.0,10800.0,0.0,True
Q2@225,0.0,4.547473508864641e-13,1200.0,10800.0,0.0,True
Q2@226,3.4985832500000242,4.547473508864641e-13,1200.0,10800.0,0.0,True
Q2@227,29.107590250000044,4.547473508864641e-13,1200.0,10800.0,0.0,True
Q2@228,0.0,2.2737367544323206e-13,1200.0,10800.0,0.0,True
Q2@229,0.0,4.547473508864641e-13,1200.0,10800.0,0.0,True
Q2@230,0.0,2.2737367544323206e-13,1200.0,10800.0,0.0,True
Q2@231,0.0,4.547473508864641e-13,1200.0,10800.0,0.0,True
Q2@232,-3.552713678800501e-15,1.8189894035458565e-12,1200.0,10800.0,0.0,True
Q2@233,0.0,9.094947017729282e-13,1200.0,10800.0,0.0,True
Q2@234,18.757012750000058,9.094947017729282e-13,1200.0,10800.0,0.0,True
Q2@235,0.0,9.094947017729282e-13,1200.0,10800.0,0.0,True
Q2@236,0.0,9.094947017729282e-13,1200.0,10800.0,0.0,True
Q2@237,0.0,4.547473508864641e-13,1200.0,10800.0,0.0,True
Q2@238,-7.105427357601002e-15,9.094947017729282e-13,1200.0,10800.0,0.0,True
Q2@239,-1.7763568394002505e-14,9.094947017729282e-13,1200.0,10800.0,0.0,True
Q2@240,0.0,9.094947017729282e-13,1200.0,10800.0,0.0,True
Q2@241,0.0,9.094947017729282e-13,1200.0,10800.0,0.0,True
Q2@242,-7.105427357601002e-15,9.094947017729282e-13,1200.0,10800.0,0.0,True
Q2@243,0.0,4.547473508864641e-13,1200.0,10800.0,0.0,True
Q2@244,0.0,2.2737367544323206e-13,1200.0,10800.0,0.0,True
Q2@245,0.0,9.094947017729282e-13,1200.0,10800.0,0.0,True
Q2@246,0.0,9.094947017729282e-13,1200.0,10800.0,0.0,True
Q2@247,22.99550483333337,4.547473508864641e-13,1200.0,10800.0,0.0,True
Q2@248,4.308736250000109,9.094947017729282e-13,1200.0,10800.0,0.0,True
Q2@249,0.0,4.547473508864641e-13,1200.0,10800.0,0.0,True
Q2@250,-7.105427357601002e-15,9.094947017729282e-13,1200.0,10800.0,0.0,True
Q2@251,0.0,4.547473508864641e-13,1200.0,10800.0,0.0,True
Q2@252,-7.105427357601002e-15,4.547473508864641e-13,1200.0,10800.0,0.0,True
Q2@253,0.0,9.094947017729282e-13,1200.0,10800.0,0.0,True
Q2@254,0.0,9.094947017729282e-13,1200.0,10800.0,0.0,True
Q2@255,42.882301666666706,1.8189894035458565e-12,1200.0,10800.0,0.0,True
Q2@256,-1.0658141036401503e-14,9.094947017729282e-13,1200.0,10800.0,0.0,True
Q2@257,0.0,9.094947017729282e-13,1200.0,10800.0,0.0,True
Q2@258,0.0,1.8189894035458565e-12,1200.0,10800.0,0.0,True
Q2@259,0.0,4.547473508864641e-13,1200.0,10800.0,0.0,True
Q2@260,-5.329070518200751e-15,9.094947017729282e-13,1200.0,10800.0,0.0,True
Q2@261,2.1162374166666496,1.8189894035458565e-12,1200.0,10800.0,0.0,True
Q2@262,0.0,1.8189894035458565e-12,1200.0,10800.0,0.0,True
Q2@263,0.0,9.094947017729282e-13,1200.0,10800.0,0.0,True
Q2@264,0.0,9.094947017729282e-13,1200.0,10800.0,0.0,True
Q2@265,-5.329070518200751e-15,9.094947017729282e-13,1200.0,10800.0,0.0,True
Q2@266,0.0,4.547473508864641e-13,1200.0,10800.0,0.0,True
Q2@267,0.0,9.094947017729282e-13,1200.0,10800.0,0.0,True
Q2@268,7.8377524166666035,9.094947017729282e-13,1200.0,10800.0,0.0,True
Q2@269,0.0,4.547473508864641e-13,1200.0,10800.0,0.0,True
Q2@270,-7.105427357601002e-15,1.8189894035458565e-12,1200.0,10800.0,0.0,True
Q2@271,-3.552713678800501e-15,4.547473508864641e-13,1200.0,10800.0,0.0,True
Q2@272,-1.4210854715202004e-14,9.094947017729282e-13,1200.0,10800.0,0.0,True
Q2@273,0.0,9.094947017729282e-13,1200.0,10800.0,0.0,True
Q2@274,0.0,4.547473508864641e-13,1200.0,10800.0,0.0,True
Q2@275,10.270566666666525,9.094947017729282e-13,1200.0,10800.0,0.0,True
Q2@276,7.201483333333385,9.094947017729282e-13,1200.0,10800.0,0.0,True
Q2@277,0.0,1.8189894035458565e-12,1200.0,10800.0,0.0,True
Q2@278,0.0,4.547473508864641e-13,1200.0,10800.0,0.0,True
Q2@279,0.0,1.8189894035458565e-12,1200.0,10800.0,0.0,True
Q2@280,0.0,4.547473508864641e-13,1200.0,10800.0,0.0,True
Q2@281,0.0,1.8189894035458565e-12,1200.0,10800.0,0.0,True
Q2@282,8.9183083333333,9.094947017729282e-13,1200.0,10800.0,0.0,True
Q2@283,0.0,1.8189894035458565e-12,1200.0,10800.0,0.0,True
Q2@284,-2.4424906541753444e-15,1.8189894035458565e-12,1200.0,10800.0,0.0,True
Q2@285,0.0,9.094947017729282e-13,1200.0,10800.0,0.0,True
Q2@286,0.0,9.094947017729282e-13,1200.0,10800.0,0.0,True
Q2@287,-1.4210854715202004e-14,4.547473508864641e-13,1200.0,10800.0,0.0,True
Q2@288,-7.105427357601002e-15,9.094947017729282e-13,1200.0,10800.0,0.0,True
Q2@289,14.846627416666593,9.094947017729282e-13,1200.0,10800.0,0.0,True
Q2@290,8.451341666666622,1.8189894035458565e-12,1200.0,10800.0,0.0,True
Q2@291,-3.552713678800501e-15,1.8189894035458565e-12,1200.0,10800.0,0.0,True
Q2@292,0.0,9.094947017729282e-13,1200.0,10800.0,0.0,True
Q2@293,-1.4210854715202004e-14,1.8189894035458565e-12,1200.0,10800.0,0.0,True
Q2@294,-1.4210854715202004e-14,4.547473508864641e-13,1200.0,10800.0,0.0,True
Q2@295,0.0,1.8189894035458565e-12,1200.0,10800.0,0.0,True
Q2@296,0.0,9.094947017729282e-13,1200.0,10800.0,0.0,True
Q2@297,6.423083333333409,9.094947017729282e-13,1200.0,10800.0,0.0,True
Q2@298,0.0,1.8189894035458565e-12,1200.0,10800.0,0.0,True
Q2@299,-8.881784197001252e-16,9.094947017729282e-13,1200.0,10800.0,0.0,True
Q2@300,-7.105427357601002e-15,9.094947017729282e-13,1200.0,10800.0,0.0,True
Q2@301,-1.4210854715202004e-14,9.094947017729282e-13,1200.0,10800.0,0.0,True
Q2@302,0.0,9.094947017729282e-13,1200.0,10800.0,0.0,True
Q2@303,0.0,1.8189894035458565e-12,1200.0,10800.0,0.0,True
Q2@304,0.0,9.094947017729282e-13,1200.0,10800.0,0.0,True
Q2@305,-7.105427357601002e-15,1.8189894035458565e-12,1200.0,10800.0,0.0,True
Q2@306,-7.105427357601002e-15,9.094947017729282e-13,1200.0,10800.0,0.0,True
Q2@307,0.0,9.094947017729282e-13,1200.0,10800.0,0.0,True
Q2@308,0.0,9.094947017729282e-13,1200.0,10800.0,0.0,True
Q2@309,-1.4210854715202004e-14,9.094947017729282e-13,1200.0,10800.0,0.0,True
Q2@310,24.831991666666738,4.547473508864641e-13,1200.0,10800.0,0.0,True
Q2@311,0.0,1.8189894035458565e-12,1200.0,10800.0,0.0,True
Q2@312,0.0,1.8189894035458565e-12,1200.0,10800.0,0.0,True
Q2@313,-3.552713678800501e-15,9.094947017729282e-13,1200.0,10800.0,0.0,True
Q2@314,0.0,1.8189894035458565e-12,1200.0,10800.0,0.0,True
Q2@315,0.0,1.8189894035458565e-12,1200.0,10800.0,0.0,True
Q2@316,0.0,9.094947017729282e-13,1200.0,10800.0,0.0,True
Q2@317,16.48144999999994,9.094947017729282e-13,1200.0,10800.0,0.0,True
Q2@318,24.117913166666654,9.094947017729282e-13,1200.0,10800.0,0.0,True
Q2@319,-3.552713678800501e-15,1.8189894035458565e-12,1200.0,10800.0,0.0,True
Q2@320,0.0,9.094947017729282e-13,1200.0,10800.0,0.0,True
Q2@321,0.0,9.094947017729282e-13,1200.0,10800.0,0.0,True
Q2@322,0.0,9.094947017729282e-13,1200.0,10800.0,0.0,True
Q2@323,0.0,9.094947017729282e-13,1200.0,10800.0,0.0,True
Q2@324,7.707560833333503,4.547473508864641e-13,1200.0,10800.0,0.0,True
Q2@325,13.920241666666584,1.8189894035458565e-12,1200.0,10800.0,0.0,True
Q2@326,0.0,9.094947017729282e-13,1200.0,10800.0,0.0,True
Q2@327,0.0,9.094947017729282e-13,1200.0,10800.0,0.0,True
Q2@328,0.0,9.094947017729282e-13,1200.0,10800.0,0.0,True
Q2@329,0.0,9.094947017729282e-13,1200.0,10800.0,0.0,True
Q2@330,0.0,9.094947017729282e-13,1200.0,10800.0,0.0,True
Q2@331,19.99540341666676,1.8189894035458565e-12,1200.0,10800.0,0.0,True
Q2@332,0.0,4.547473508864641e-13,1200.0,10800.0,0.0,True
Q2@333,-7.105427357601002e-15,1.8189894035458565e-12,1200.0,10800.0,0.0,True
Q2@334,-2.842170943040401e-14,9.094947017729282e-13,1200.0,10800.0,0.0,True
Q2@335,0.0,9.094947017729282e-13,1200.0,10800.0,0.0,True
Q2@336,0.0,1.8189894035458565e-12,1200.0,10800.0,0.0,True
Q2@337,0.0,2.2737367544323206e-13,1200.0,10800.0,0.0,True
Q2@338,0.0,9.094947017729282e-13,1200.0,10800.0,0.0,True
Q2@339,0.0,4.547473508864641e-13,1200.0,10800.0,0.0,True
Q2@340,0.0,2.2737367544323206e-13,1200.0,10800.0,0.0,True
Q2@341,0.0,9.094947017729282e-13,1200.0,10800.0,0.0,True
Q2@342,0.0,9.094947017729282e-13,1200.0,10800.0,0.0,True
Q2@343,0.0,9.094947017729282e-13,1200.0,10800.0,0.0,True
Q2@344,0.0,9.094947017729282e-13,1200.0,10800.0,0.0,True
Q2@345,22.929673500000035,4.547473508864641e-13,1200.0,10800.0,0.0,True
Q2@346,0.0,9.094947017729282e-13,1200.0,10800.0,0.0,True
Q2@347,0.0,9.094947017729282e-13,1200.0,10800.0,0.0,True
Q2@348,0.0,9.094947017729282e-13,1200.0,10800.0,0.0,True
Q2@349,0.0,9.094947017729282e-13,1200.0,10800.0,0.0,True
Q2@350,0.0,9.094947017729282e-13,1200.0,10800.0,0.0,True
Q2@351,0.0,9.094947017729282e-13,1200.0,10800.0,0.0,True
Q2@352,33.95010833333333,1.8189894035458565e-12,1200.0,10800.0,0.0,True
Q2@353,26.332972749999954,1.8189894035458565e-12,1200.0,10800.0,0.0,True
Q2@354,0.0,9.094947017729282e-13,1200.0,10800.0,0.0,True
Q2@355,0.0,9.094947017729282e-13,1200.0,10800.0,0.0,True
Q2@356,0.0,9.094947017729282e-13,1200.0,10800.0,0.0,True
Q2@357,0.0,2.2737367544323206e-13,1200.0,10800.0,0.0,True
Q2@358,0.0,1.8189894035458565e-12,1200.0,10800.0,0.0,True
Q2@359,37.28108400000008,9.094947017729282e-13,1200.0,10800.0,0.0,True
Q2@360,18.92263566666668,1.8189894035458565e-12,1200.0,10800.0,0.0,True
Q2@361,0.0,9.094947017729282e-13,1200.0,10800.0,0.0,True
Q2@362,0.0,1.8189894035458565e-12,1200.0,10800.0,0.0,True
Q2@363,0.0,9.094947017729282e-13,1200.0,10800.0,0.0,True
Q2@364,0.0,9.094947017729282e-13,1200.0,10800.0,0.0,True
Q3-[]@2025-01-01,0.0,0.0,6000.0,6000.0,0.0,True
Q3-[]@2025-01-02,0.0,0.0,1200.0,10800.0,0.0,True
Q3-[]@2025-01-03,67.63563333333354,0.0,1200.0000000000005,10800.0,0.0,True
Q3-[]@2025-01-04,0.0,0.0,1199.9999999999998,10800.0,0.0,True
Q3-[]@2025-01-05,-2.842170943040401e-14,0.0,1200.0000000000045,10800.000000000004,0.0,True
Q3-[]@2025-01-06,0.0,0.0,1200.000000000001,10800.0,0.0,True
Q3-[]@2025-01-07,0.0,0.0,1200.0,10800.0,0.0,True
Q3-[]@2025-01-08,0.0,0.0,1200.0000000000032,10800.000000000002,0.0,True
Q3-[]@2025-01-09,0.0,0.0,1200.0,10800.0,0.0,True
Q3-[]@2025-01-10,20.985750000000166,0.0,1200.0,10800.0,0.0,True
Q3-[]@2025-01-11,7.091333333333296,0.0,1199.9999999999995,10800.0,0.0,True
Q3-[]@2025-01-12,0.0,0.0,1200.0,10800.0,0.0,True
Q3-[]@2025-01-13,0.0,0.0,1200.0000000000005,10800.0,0.0,True
Q3-[]@2025-01-14,0.0,0.0,1200.000000000001,10800.0,0.0,True
Q3-[]@2025-01-15,0.0,0.0,1199.9999999999995,10800.0,0.0,True
Q3-[]@2025-01-16,0.0,0.0,1200.0,10800.0,0.0,True
Q3-[]@2025-01-17,39.44401266666671,0.0,1200.0000000000005,10800.0,0.0,True
Q3-[]@2025-01-18,0.0,0.0,1200.000000000001,10800.0,0.0,True
Q3-[]@2025-01-19,0.0,0.0,1200.0,10800.000000000002,0.0,True
Q3-[]@2025-01-20,-7.105427357601002e-15,0.0,1199.9999999999998,10800.0,0.0,True
Q3-[]@2025-01-21,0.0,0.0,1199.9999999999998,10800.0,0.0,True
Q3-[]@2025-01-22,0.0,0.0,1200.0,10800.0,0.0,True
Q3-[]@2025-01-23,0.0,0.0,1200.000000000001,10800.0,0.0,True
Q3-[]@2025-01-24,17.02283299999999,0.0,1200.0,10800.0,0.0,True
Q3-[]@2025-01-25,39.641822499999876,0.0,1199.9999999999993,10800.0,0.0,True
Q3-[]@2025-01-26,0.0,0.0,1200.0,10800.0,0.0,True
Q3-[]@2025-01-27,0.0,0.0,1199.9999999999995,10800.0,0.0,True
Q3-[]@2025-01-28,0.0,0.0,1199.9999999999995,10800.0,0.0,True
Q3-[]@2025-01-29,0.0,0.0,1200.0000000000014,10800.000000000002,0.0,True
Q3-[]@2025-01-30,0.0,0.0,1200.0000000000002,10800.0,0.0,True
Q3-[]@2025-01-31,0.0,0.0,1200.0000000000016,10800.000000000002,0.0,True
Q3-[]@2025-02-01,38.14823333333334,0.0,1200.0000000000007,10800.0,0.0,True
Q3-[]@2025-02-02,0.0,0.0,1200.0,10800.0,0.0,True
Q3-[]@2025-02-03,0.0,0.0,1199.999999999999,10800.0,0.0,True
Q3-[]@2025-02-04,0.0,0.0,1200.0000000000007,10800.0,0.0,True
Q3-[]@2025-02-05,-3.552713678800501e-15,0.0,1200.0000000000016,10800.000000000002,0.0,True
Q3-[]@2025-02-06,0.0,0.0,1200.0000000000014,10800.0,0.0,True
Q3-[]@2025-02-07,44.543807166666625,0.0,1200.0,10800.0,0.0,True
Q3-[]@2025-02-08,17.478440583333366,0.0,1200.0,10800.0,0.0,True
Q3-[]@2025-02-09,0.0,0.0,1200.0,10800.0,0.0,True
Q3-[]@2025-02-10,0.0,0.0,1200.000000000001,10800.0,0.0,True
Q3-[]@2025-02-11,0.0,0.0,1199.9999999999995,10800.0,0.0,True
Q3-[]@2025-02-12,0.0,0.0,1200.0000000000025,10800.000000000002,0.0,True
Q3-[]@2025-02-13,0.0,0.0,1199.9999999999998,10800.0,0.0,True
Q3-[]@2025-02-14,37.464645000000246,0.0,1199.9999999999998,10800.0,0.0,True
Q3-[]@2025-02-15,23.06857500000001,0.0,1200.000000000001,10800.0,0.0,True
Q3-[]@2025-02-16,0.0,0.0,1200.0000000000018,10800.0,0.0,True
Q3-[]@2025-02-17,0.0,0.0,1200.000000000001,10800.000000000002,0.0,True
Q3-[]@2025-02-18,-7.105427357601002e-15,0.0,1200.0000000000014,10800.000000000002,0.0,True
Q3-[]@2025-02-19,-1.0658141036401503e-14,0.0,1200.000000000001,10800.0,0.0,True
Q3-[]@2025-02-20,0.0,0.0,1200.0000000000014,10800.000000000002,0.0,True
Q3-[]@2025-02-21,0.0,0.0,1200.0,10800.000000000002,0.0,True
Q3-[]@2025-02-22,0.0,0.0,1199.9999999999986,10799.999999999998,0.0,True
Q3-[]@2025-02-23,-1.4210854715202004e-14,0.0,1200.0000000000014,10800.000000000002,0.0,True
Q3-[]@2025-02-24,0.0,0.0,1199.9999999999998,10800.0,0.0,True
Q3-[]@2025-02-25,0.0,0.0,1199.9999999999995,10800.0,0.0,True
Q3-[]@2025-02-26,-2.1316282072803006e-14,0.0,1200.0000000000007,10800.000000000002,0.0,True
Q3-[]@2025-02-27,-1.4210854715202004e-14,0.0,1200.0,10800.0,0.0,True
Q3-[]@2025-02-28,0.0,0.0,1200.0000000000007,10800.0,0.0,True
Q3-[]@2025-03-01,16.847741666666593,0.0,1200.0,10800.0,0.0,True
Q3-[]@2025-03-02,-7.105427357601002e-15,0.0,1199.9999999999995,10800.0,0.0,True
Q3-[]@2025-03-03,0.0,0.0,1200.0000000000025,10800.000000000002,0.0,True
Q3-[]@2025-03-04,-1.4210854715202004e-14,0.0,1200.0,10800.0,0.0,True
Q3-[]@2025-03-05,0.0,0.0,1200.0000000000005,10800.0,0.0,True
Q3-[]@2025-03-06,0.0,0.0,1200.0000000000018,10800.000000000002,0.0,True
Q3-[]@2025-03-07,25.954783333333467,0.0,1199.999999999999,10799.999999999998,0.0,True
Q3-[]@2025-03-08,17.7296843888889,0.0,1200.0000000000005,10800.000000000002,0.0,True
Q3-[]@2025-03-09,0.0,0.0,1200.0000000000016,10800.0,0.0,True
Q3-[]@2025-03-10,-7.105427357601002e-15,0.0,1199.9999999999995,10800.0,0.0,True
Q3-[]@2025-03-11,0.0,0.0,1200.0000000000005,10800.0,0.0,True
Q3-[]@2025-03-12,0.0,0.0,1199.9999999999995,10800.0,0.0,True
Q3-[]@2025-03-13,-8.881784197001252e-15,0.0,1199.9999999999998,10800.0,0.0,True
Q3-[]@2025-03-14,8.182937111111187,0.0,1200.0000000000002,10800.000000000002,0.0,True
Q3-[]@2025-03-15,0.0,0.0,1199.9999999999977,10799.999999999996,0.0,True
Q3-[]@2025-03-16,0.0,0.0,1200.000000000001,10800.000000000002,0.0,True
Q3-[]@2025-03-17,0.0,0.0,1200.000000000002,10800.000000000002,0.0,True
Q3-[]@2025-03-18,0.0,0.0,1200.000000000001,10800.0,0.0,True
Q3-[]@2025-03-19,-7.105427357601002e-15,0.0,1199.9999999999993,10800.0,0.0,True
Q3-[]@2025-03-20,-7.105427357601002e-15,0.0,1200.0000000000014,10800.0,0.0,True
Q3-[]@2025-03-21,0.0,0.0,1200.0000000000002,10800.0,0.0,True
Q3-[]@2025-03-22,3.0934749999998985,0.0,1200.0,10800.0,0.0,True
Q3-[]@2025-03-23,0.0,0.0,1200.0000000000002,10800.0,0.0,True
Q3-[]@2025-03-24,0.0,0.0,1200.0000000000002,10800.0,0.0,True
Q3-[]@2025-03-25,0.0,0.0,1200.000000000001,10800.0,0.0,True
Q3-[]@2025-03-26,-2.220446049250313e-15,0.0,1200.000000000001,10800.0,0.0,True
Q3-[]@2025-03-27,0.0,0.0,1200.0,10800.0,0.0,True
Q3-[]@2025-03-28,0.0,0.0,1199.9999999999998,10800.0,0.0,True
Q3-[]@2025-03-29,8.78399794444448,0.0,1200.0000000000005,10800.0,0.0,True
Q3-[]@2025-03-30,-7.105427357601002e-15,0.0,1200.0000000000016,10800.0,0.0,True
Q3-[]@2025-03-31,-7.105427357601002e-15,0.0,1199.999999999996,10799.999999999996,0.0,True
Q3-[]@2025-04-01,0.0,0.0,1200.000000000002,10800.000000000002,0.0,True
Q3-[]@2025-04-02,-5.329070518200751e-15,0.0,1200.0000000000005,10800.0,0.0,True
Q3-[]@2025-04-03,0.0,0.0,1199.9999999999998,10800.0,0.0,True
Q3-[]@2025-04-04,0.0,0.0,1199.9999999999993,10800.0,0.0,True
Q3-[]@2025-04-05,0.0,0.0,1200.0000000000007,10800.000000000002,0.0,True
Q3-[]@2025-04-06,0.0,0.0,1200.0000000000018,10800.0,0.0,True
Q3-[]@2025-04-07,-7.105427357601002e-15,0.0,1200.0,10800.0,0.0,True
Q3-[]@2025-04-08,0.0,0.0,1200.0000000000005,10800.0,0.0,True
Q3-[]@2025-04-09,-1.4210854715202004e-14,0.0,1200.000000000001,10800.000000000002,0.0,True
Q3-[]@2025-04-10,-4.440892098500626e-15,0.0,1200.000000000004,10800.000000000002,0.0,True
Q3-[]@2025-04-11,0.0,0.0,1200.0000000000005,10800.0,0.0,True
Q3-[]@2025-04-12,10.979154805555652,0.0,1199.999999999999,10800.0,0.0,True
Q3-[]@2025-04-13,0.0,0.0,1199.9999999999998,10800.0,0.0,True
Q3-[]@2025-04-14,0.0,0.0,1199.9999999999993,10800.0,0.0,True
Q3-[]@2025-04-15,0.0,0.0,1199.9999999999986,10799.999999999998,0.0,True
Q3-[]@2025-04-16,0.0,0.0,1200.0,10800.0,0.0,True
Q3-[]@2025-04-17,-4.884981308350689e-15,0.0,1200.0,10800.0,0.0,True
Q3-[]@2025-04-18,0.0,0.0,1200.0,10800.0,0.0,True
Q3-[]@2025-04-19,0.0,0.0,1200.0000000000002,10800.0,0.0,True
Q3-[]@2025-04-20,-9.325873406851315e-15,0.0,1200.0000000000048,10800.000000000004,0.0,True
Q3-[]@2025-04-21,0.0,0.0,1200.0000000000036,10800.000000000002,0.0,True
Q3-[]@2025-04-22,-1.0658141036401503e-14,0.0,1200.0000000000014,10800.000000000002,0.0,True
Q3-[]@2025-04-23,-1.0658141036401503e-14,0.0,1200.0000000000014,10800.000000000002,0.0,True
Q3-[]@2025-04-24,0.0,0.0,1199.9999999999982,10799.999999999998,0.0,True
Q3-[]@2025-04-25,0.0,0.0,1199.9999999999995,10800.0,0.0,True
Q3-[]@2025-04-26,0.0,0.0,1200.0000000000014,10800.000000000002,0.0,True
Q3-[]@2025-04-27,-3.552713678800501e-15,0.0,1199.9999999999993,10800.0,0.0,True
Q3-[]@2025-04-28,-7.105427357601002e-15,0.0,1200.0000000000023,10800.000000000002,0.0,True
Q3-[]@2025-04-29,0.0,0.0,1199.9999999999995,10800.0,0.0,True
Q3-[]@2025-04-30,0.0,0.0,1200.0000000000002,10800.0,0.0,True
Q3-[]@2025-05-01,0.0,0.0,1199.9999999999989,10800.0,0.0,True
Q3-[]@2025-05-02,0.0,0.0,1200.0000000000005,10800.0,0.0,True
Q3-[]@2025-05-03,0.0,0.0,1199.9999999999986,10800.0,0.0,True
Q3-[]@2025-05-04,0.0,0.0,1200.0000000000005,10800.0,0.0,True
Q3-[]@2025-05-05,0.0,0.0,1200.0,10800.0,0.0,True
Q3-[]@2025-05-06,0.0,0.0,1200.000000000001,10800.000000000002,0.0,True
Q3-[]@2025-05-07,-5.329070518200751e-15,0.0,1199.9999999999982,10800.0,0.0,True
Q3-[]@2025-05-08,0.0,0.0,1199.9999999999995,10800.0,0.0,True
Q3-[]@2025-05-09,0.0,0.0,1199.9999999999993,10800.0,0.0,True
Q3-[]@2025-05-10,0.0,0.0,1200.0000000000014,10800.000000000002,0.0,True
Q3-[]@2025-05-11,0.0,0.0,1200.000000000001,10800.0,0.0,True
Q3-[]@2025-05-12,-7.105427357601002e-15,0.0,1199.999999999999,10799.999999999998,0.0,True
Q3-[]@2025-05-13,-4.440892098500626e-15,0.0,1200.0,10800.0,0.0,True
Q3-[]@2025-05-14,0.0,0.0,1200.0,10800.0,0.0,True
Q3-[]@2025-05-15,0.0,0.0,1199.9999999999995,10800.0,0.0,True
Q3-[]@2025-05-16,0.0,0.0,1200.0,10800.0,0.0,True
Q3-[]@2025-05-17,1.429841666666789,0.0,1200.0000000000007,10800.000000000002,0.0,True
Q3-[]@2025-05-18,0.0,0.0,1200.0000000000005,10800.0,0.0,True
Q3-[]@2025-05-19,0.0,0.0,1200.0000000000027,10800.000000000002,0.0,True
Q3-[]@2025-05-20,-9.769962616701378e-15,0.0,1200.0000000000014,10800.000000000002,0.0,True
Q3-[]@2025-05-21,-7.105427357601002e-15,0.0,1200.0000000000036,10800.000000000002,0.0,True
Q3-[]@2025-05-22,-2.4424906541753444e-15,0.0,1199.9999999999984,10799.999999999998,0.0,True
Q3-[]@2025-05-23,5.116461611110992,0.0,1200.0000000000005,10800.0,0.0,True
Q3-[]@2025-05-24,12.995125583333277,0.0,1200.0000000000011,10800.000000000002,0.0,True
Q3-[]@2025-05-25,0.0,0.0,1200.0000000000002,10800.0,0.0,True
Q3-[]@2025-05-26,-7.105427357601002e-15,0.0,1200.0,10800.0,0.0,True
Q3-[]@2025-05-27,-1.1102230246251565e-15,0.0,1200.0000000000002,10800.0,0.0,True
Q3-[]@2025-05-28,0.0,0.0,1200.0000000000002,10800.0,0.0,True
Q3-[]@2025-05-29,-7.105427357601002e-15,0.0,1200.0000000000011,10800.0,0.0,True
Q3-[]@2025-05-30,0.0,0.0,1200.0,10800.0,0.0,True
Q3-[]@2025-05-31,0.0,0.0,1199.9999999999995,10800.0,0.0,True
Q3-[]@2025-06-01,0.0,0.0,1200.0000000000002,10800.0,0.0,True
Q3-[]@2025-06-02,0.0,0.0,1200.000000000001,10800.0,0.0,True
Q3-[]@2025-06-03,0.0,0.0,1200.0000000000014,10800.000000000002,0.0,True
Q3-[]@2025-06-04,0.0,0.0,1200.0000000000002,10800.0,0.0,True
Q3-[]@2025-06-05,0.0,0.0,1200.0000000000002,10800.0,0.0,True
Q3-[]@2025-06-06,0.0,0.0,1200.000000000001,10800.0,0.0,True
Q3-[]@2025-06-07,0.0,0.0,1199.9999999999998,10800.0,0.0,True
Q3-[]@2025-06-08,0.0,0.0,1200.0000000000002,10800.0,0.0,True
Q3-[]@2025-06-09,0.0,0.0,1200.0000000000002,10800.0,0.0,True
Q3-[]@2025-06-10,0.0,0.0,1200.0000000000002,10800.0,0.0,True
Q3-[]@2025-06-11,0.0,0.0,1200.0000000000002,10800.0,0.0,True
Q3-[]@2025-06-12,0.0,0.0,1200.0000000000002,10800.0,0.0,True
Q3-[]@2025-06-13,15.078652444444288,0.0,1200.0000000000023,10800.0,0.0,True
Q3-[]@2025-06-14,0.0,0.0,1200.0000000000055,10800.000000000002,0.0,True
Q3-[]@2025-06-15,-3.552713678800501e-15,0.0,1200.0000000000002,10800.0,0.0,True
Q3-[]@2025-06-16,0.0,0.0,1200.0000000000039,10800.000000000004,0.0,True
Q3-[]@2025-06-17,0.0,0.0,1200.0000000000002,10800.0,0.0,True
Q3-[]@2025-06-18,0.0,0.0,1200.0000000000002,10800.0,0.0,True
Q3-[]@2025-06-19,0.0,0.0,1199.9999999999984,10800.0,0.0,True
Q3-[]@2025-06-20,37.095885166666676,0.0,1200.000000000002,10800.0,0.0,True
Q3-[]@2025-06-21,43.44960724999987,0.0,1200.0000000000007,10800.0,0.0,True
Q3-[]@2025-06-22,0.0,0.0,1200.0000000000002,10800.0,0.0,True
Q3-[]@2025-06-23,0.0,0.0,1200.0000000000002,10800.000000000002,0.0,True
Q3-[]@2025-06-24,0.0,0.0,1200.0000000000002,10800.0,0.0,True
Q3-[]@2025-06-25,0.0,0.0,1200.0000000000002,10800.0,0.0,True
Q3-[]@2025-06-26,0.0,0.0,1200.000000000002,10800.000000000002,0.0,True
Q3-[]@2025-06-27,48.35454563888891,0.0,1200.0000000000023,10800.000000000002,0.0,True
Q3-[]@2025-06-28,12.308846416666597,0.0,1200.0000000000011,10800.000000000002,0.0,True
Q3-[]@2025-06-29,-3.552713678800501e-15,0.0,1200.0000000000016,10800.000000000002,0.0,True
Q3-[]@2025-06-30,0.0,0.0,1200.0000000000002,10800.0,0.0,True
Q3-[]@2025-07-01,-1.4210854715202004e-14,0.0,1200.0000000000002,10800.0,0.0,True
Q3-[]@2025-07-02,0.0,0.0,1200.0000000000002,10800.0,0.0,True
Q3-[]@2025-07-03,0.0,0.0,1200.000000000002,10800.000000000002,0.0,True
Q3-[]@2025-07-04,0.0,0.0,1199.9999999999995,10799.999999999998,0.0,True
Q3-[]@2025-07-05,0.0,0.0,1199.9999999999986,10799.999999999998,0.0,True
Q3-[]@2025-07-06,-2.842170943040401e-14,0.0,1200.0000000000002,10800.0,0.0,True
Q3-[]@2025-07-07,0.0,0.0,1200.0000000000002,10800.0,0.0,True
Q3-[]@2025-07-08,0.0,0.0,1200.0000000000002,10800.0,0.0,True
Q3-[]@2025-07-09,0.0,0.0,1200.0000000000002,10800.0,0.0,True
Q3-[]@2025-07-10,-3.552713678800501e-15,0.0,1200.0000000000002,10800.0,0.0,True
Q3-[]@2025-07-11,0.0,0.0,1200.0,10800.0,0.0,True
Q3-[]@2025-07-12,0.0,0.0,1200.0000000000005,10800.0,0.0,True
Q3-[]@2025-07-13,0.0,0.0,1200.0000000000011,10800.000000000002,0.0,True
Q3-[]@2025-07-14,-3.552713678800501e-15,0.0,1200.0000000000002,10800.0,0.0,True
Q3-[]@2025-07-15,0.0,0.0,1200.000000000002,10800.000000000002,0.0,True
Q3-[]@2025-07-16,-4.440892098500626e-16,0.0,1200.0000000000002,10800.0,0.0,True
Q3-[]@2025-07-17,-1.4210854715202004e-14,0.0,1200.000000000003,10800.000000000004,0.0,True
Q3-[]@2025-07-18,46.27434338888878,0.0,1200.000000000003,10800.000000000002,0.0,True
Q3-[]@2025-07-19,0.0,0.0,1200.0000000000002,10800.0,0.0,True
Q3-[]@2025-07-20,0.0,0.0,1200.0000000000002,10800.0,0.0,True
Q3-[]@2025-07-21,-7.105427357601002e-15,0.0,1200.0000000000002,10800.0,0.0,True
Q3-[]@2025-07-22,-1.4210854715202004e-14,0.0,1200.0000000000002,10800.0,0.0,True
Q3-[]@2025-07-23,0.0,0.0,1200.0000000000002,10800.0,0.0,True
Q3-[]@2025-07-24,0.0,0.0,1200.0000000000002,10800.0,0.0,True
Q3-[]@2025-07-25,0.0,0.0,1200.0,10800.0,0.0,True
Q3-[]@2025-07-26,53.829388277778094,0.0,1200.0000000000002,10800.0,0.0,True
Q3-[]@2025-07-27,-1.4210854715202004e-14,0.0,1200.0000000000016,10800.000000000004,0.0,True
Q3-[]@2025-07-28,-7.105427357601002e-15,0.0,1200.0000000000016,10800.000000000002,0.0,True
Q3-[]@2025-07-29,-1.4210854715202004e-14,0.0,1200.0000000000057,10800.000000000005,0.0,True
Q3-[]@2025-07-30,-1.4210854715202004e-14,0.0,1200.000000000002,10800.000000000002,0.0,True
Q3-[]@2025-07-31,-1.4210854715202004e-14,0.0,1200.0000000000002,10800.0,0.0,True
Q3-[]@2025-08-01,22.39941580555535,0.0,1200.0000000000002,10800.0,0.0,True
Q3-[]@2025-08-02,4.323150000000169,0.0,1200.0000000000002,10800.0,0.0,True
Q3-[]@2025-08-03,-2.6645352591003757e-15,0.0,1200.0000000000002,10800.0,0.0,True
Q3-[]@2025-08-04,0.0,0.0,1200.000000000002,10800.000000000002,0.0,True
Q3-[]@2025-08-05,0.0,0.0,1200.0000000000002,10800.0,0.0,True
Q3-[]@2025-08-06,-1.4210854715202004e-14,0.0,1200.0000000000002,10800.0,0.0,True
Q3-[]@2025-08-07,0.0,0.0,1200.000000000002,10800.000000000002,0.0,True
Q3-[]@2025-08-08,41.093708333333325,0.0,1200.0,10800.0,0.0,True
Q3-[]@2025-08-09,15.166091666666489,0.0,1200.0,10800.0,0.0,True
Q3-[]@2025-08-10,-1.4210854715202004e-14,0.0,1200.0000000000002,10800.0,0.0,True
Q3-[]@2025-08-11,0.0,0.0,1200.000000000002,10800.000000000002,0.0,True
Q3-[]@2025-08-12,0.0,0.0,1200.0000000000002,10800.0,0.0,True
Q3-[]@2025-08-13,-1.7763568394002505e-14,0.0,1200.0000000000002,10800.0,0.0,True
Q3-[]@2025-08-14,0.0,0.0,1200.0000000000002,10800.0,0.0,True
Q3-[]@2025-08-15,3.499899500000083,0.0,1200.0000000000005,10800.0,0.0,True
Q3-[]@2025-08-16,6.199026416666499,0.0,1200.0000000000002,10800.0,0.0,True
Q3-[]@2025-08-17,0.0,0.0,1200.000000000002,10800.000000000002,0.0,True
Q3-[]@2025-08-18,-1.7763568394002505e-15,0.0,1200.0000000000032,10800.000000000004,0.0,True
Q3-[]@2025-08-19,0.0,0.0,1200.000000000002,10800.000000000002,0.0,True
Q3-[]@2025-08-20,0.0,0.0,1200.0000000000002,10800.0,0.0,True
Q3-[]@2025-08-21,0.0,0.0,1200.0000000000002,10800.0,0.0,True
Q3-[]@2025-08-22,0.0,0.0,1200.0,10800.0,0.0,True
Q3-[]@2025-08-23,0.0,0.0,1200.0,10800.0,0.0,True
Q3-[]@2025-08-24,0.0,0.0,1200.0000000000002,10800.0,0.0,True
Q3-[]@2025-08-25,0.0,0.0,1200.0000000000002,10800.0,0.0,True
Q3-[]@2025-08-26,0.0,0.0,1200.000000000002,10800.000000000002,0.0,True
Q3-[]@2025-08-27,-1.0658141036401503e-14,0.0,1200.0000000000002,10800.0,0.0,True
Q3-[]@2025-08-28,-7.105427357601002e-15,0.0,1200.0000000000002,10800.0,0.0,True
Q3-[]@2025-08-29,30.81606333333343,0.0,1200.000000000001,10800.000000000002,0.0,True
Q3-[]@2025-08-30,0.0,0.0,1199.9999999999986,10799.999999999998,0.0,True
Q3-[]@2025-08-31,-1.7763568394002505e-15,0.0,1200.000000000002,10800.000000000002,0.0,True
Q3-[]@2025-09-01,15.970660861111014,0.0,1200.000000000002,10800.000000000002,0.0,True
Q3-[]@2025-09-02,0.0,0.0,1200.0000000000002,10800.0,0.0,True
Q3-[]@2025-09-03,0.0,0.0,1200.0000000000002,10800.0,0.0,True
Q3-[]@2025-09-04,0.0,0.0,1200.0000000000002,10800.0,0.0,True
Q3-[]@2025-09-05,0.0,0.0,1199.9999999999989,10800.0,0.0,True
Q3-[]@2025-09-06,56.22424891666668,0.0,1200.0000000000007,10800.000000000002,0.0,True
Q3-[]@2025-09-07,0.0,0.0,1200.000000000002,10800.000000000002,0.0,True
Q3-[]@2025-09-08,0.0,0.0,1200.0000000000005,10800.000000000002,0.0,True
Q3-[]@2025-09-09,0.0,0.0,1199.9999999999984,10799.999999999998,0.0,True
Q3-[]@2025-09-10,0.0,0.0,1200.0000000000002,10800.0,0.0,True
Q3-[]@2025-09-11,0.0,0.0,1200.0000000000002,10800.0,0.0,True
Q3-[]@2025-09-12,0.0,0.0,1200.0000000000002,10800.0,0.0,True
Q3-[]@2025-09-13,42.88319999999993,0.0,1200.0,10800.000000000002,0.0,True
Q3-[]@2025-09-14,0.0,0.0,1199.9999999999984,10800.0,0.0,True
Q3-[]@2025-09-15,0.0,0.0,1200.0000000000011,10800.000000000002,0.0,True
Q3-[]@2025-09-16,0.0,0.0,1200.0,10800.0,0.0,True
Q3-[]@2025-09-17,0.0,0.0,1200.000000000001,10800.000000000004,0.0,True
Q3-[]@2025-09-18,-2.3869795029440866e-15,0.0,1200.0000000000011,10800.000000000002,0.0,True
Q3-[]@2025-09-19,2.1162374166667064,0.0,1200.0,10800.0,0.0,True
Q3-[]@2025-09-20,0.0,0.0,1200.0000000000011,10800.000000000002,0.0,True
Q3-[]@2025-09-21,0.0,0.0,1200.0000000000018,10800.000000000002,0.0,True
Q3-[]@2025-09-22,0.0,0.0,1200.0000000000005,10800.0,0.0,True
Q3-[]@2025-09-23,0.0,0.0,1200.0000000000014,10800.000000000002,0.0,True
Q3-[]@2025-09-24,0.0,0.0,1200.000000000001,10800.0,0.0,True
Q3-[]@2025-09-25,-5.329070518200751e-15,0.0,1200.0000000000005,10800.0,0.0,True
Q3-[]@2025-09-26,7.8377524166666035,0.0,1200.0000000000018,10800.0,0.0,True
Q3-[]@2025-09-27,0.0,0.0,1199.9999999999998,10800.0,0.0,True
Q3-[]@2025-09-28,0.0,0.0,1200.0000000000014,10800.000000000002,0.0,True
Q3-[]@2025-09-29,0.0,0.0,1199.9999999999986,10800.0,0.0,True
Q3-[]@2025-09-30,0.0,0.0,1199.9999999999993,10800.0,0.0,True
Q3-[]@2025-10-01,0.0,0.0,1200.0,10800.0,0.0,True
Q3-[]@2025-10-02,0.0,0.0,1200.000000000001,10800.0,0.0,True
Q3-[]@2025-10-03,10.270566666666639,0.0,1199.9999999999995,10800.0,0.0,True
Q3-[]@2025-10-04,7.201483333333385,0.0,1200.0000000000023,10800.000000000002,0.0,True
Q3-[]@2025-10-05,0.0,0.0,1200.0000000000023,10800.000000000002,0.0,True
Q3-[]@2025-10-06,0.0,0.0,1199.9999999999998,10800.0,0.0,True
Q3-[]@2025-10-07,0.0,0.0,1199.9999999999995,10800.0,0.0,True
Q3-[]@2025-10-08,0.0,0.0,1200.0000000000002,10800.0,0.0,True
Q3-[]@2025-10-09,0.0,0.0,1200.0000000000014,10800.000000000002,0.0,True
Q3-[]@2025-10-10,8.9183083333333,0.0,1200.000000000001,10800.000000000002,0.0,True
Q3-[]@2025-10-11,0.0,0.0,1199.9999999999995,10800.0,0.0,True
Q3-[]@2025-10-12,-2.4424906541753444e-15,0.0,1200.0000000000002,10800.0,0.0,True
Q3-[]@2025-10-13,0.0,0.0,1200.0,10800.0,0.0,True
Q3-[]@2025-10-14,0.0,0.0,1200.0000000000005,10800.000000000002,0.0,True
Q3-[]@2025-10-15,0.0,0.0,1200.0000000000005,10800.0,0.0,True
Q3-[]@2025-10-16,0.0,0.0,1200.0000000000014,10800.000000000002,0.0,True
Q3-[]@2025-10-17,0.0,0.0,1200.0000000000002,10800.000000000002,0.0,True
Q3-[]@2025-10-18,8.451341666666622,0.0,1200.0000000000011,10800.000000000002,0.0,True
Q3-[]@2025-10-19,0.0,0.0,1200.0000000000007,10800.000000000002,0.0,True
Q3-[]@2025-10-20,0.0,0.0,1200.0000000000014,10800.0,0.0,True
Q3-[]@2025-10-21,0.0,0.0,1200.0000000000023,10800.000000000002,0.0,True
Q3-[]@2025-10-22,0.0,0.0,1200.0000000000007,10800.000000000002,0.0,True
Q3-[]@2025-10-23,0.0,0.0,1200.0000000000002,10800.0,0.0,True
Q3-[]@2025-10-24,0.0,0.0,1200.0,10800.0,0.0,True
Q3-[]@2025-10-25,6.423083333333466,0.0,1200.000000000005,10800.000000000004,0.0,True
Q3-[]@2025-10-26,0.0,0.0,1200.0000000000027,10800.000000000002,0.0,True
Q3-[]@2025-10-27,0.0,0.0,1200.0000000000007,10800.0,0.0,True
Q3-[]@2025-10-28,0.0,0.0,1199.999999999999,10800.0,0.0,True
Q3-[]@2025-10-29,-1.7763568394002505e-15,0.0,1200.000000000001,10800.000000000002,0.0,True
Q3-[]@2025-10-30,0.0,0.0,1200.0000000000016,10800.000000000002,0.0,True
Q3-[]@2025-10-31,13.30478224999996,0.0,1200.000000000005,10800.000000000002,0.0,True
Q3-[]@2025-11-01,0.0,0.0,1199.9999999999973,10800.0,0.0,True
Q3-[]@2025-11-02,0.0,0.0,1200.0,10800.0,0.0,True
Q3-[]@2025-11-03,0.0,0.0,1200.000000000001,10800.0,0.0,True
Q3-[]@2025-11-04,0.0,0.0,1200.0000000000011,10800.0,0.0,True
Q3-[]@2025-11-05,0.0,0.0,1200.0000000000016,10800.0,0.0,True
Q3-[]@2025-11-06,0.0,0.0,1200.000000000004,10800.000000000002,0.0,True
Q3-[]@2025-11-07,24.831991666666738,0.0,1200.0,10800.0,0.0,True
Q3-[]@2025-11-08,0.0,0.0,1200.0000000000025,10800.000000000004,0.0,True
Q3-[]@2025-11-09,0.0,0.0,1200.0000000000027,10800.000000000002,0.0,True
Q3-[]@2025-11-10,0.0,0.0,1200.0000000000025,10800.000000000002,0.0,True
Q3-[]@2025-11-11,0.0,0.0,1200.0,10800.0,0.0,True
Q3-[]@2025-11-12,0.0,0.0,1199.9999999999995,10800.0,0.0,True
Q3-[]@2025-11-13,0.0,0.0,1199.9999999999993,10800.0,0.0,True
Q3-[]@2025-11-14,16.48144999999994,0.0,1199.9999999999986,10800.0,0.0,True
Q3-[]@2025-11-15,24.117913166666654,0.0,1199.9999999999986,10800.0,0.0,True
Q3-[]@2025-11-16,0.0,0.0,1200.0,10800.0,0.0,True
Q3-[]@2025-11-17,-1.7763568394002505e-15,0.0,1199.9999999999986,10800.0,0.0,True
Q3-[]@2025-11-18,0.0,0.0,1200.0000000000039,10800.000000000002,0.0,True
Q3-[]@2025-11-19,0.0,0.0,1200.0000000000005,10800.0,0.0,True
Q3-[]@2025-11-20,0.0,0.0,1200.000000000003,10800.000000000004,0.0,True
Q3-[]@2025-11-21,7.707560833333503,0.0,1200.0000000000011,10800.0,0.0,True
Q3-[]@2025-11-22,13.920241666666584,0.0,1199.9999999999984,10800.0,0.0,True
Q3-[]@2025-11-23,0.0,0.0,1199.9999999999984,10800.0,0.0,True
Q3-[]@2025-11-24,0.0,0.0,1200.0000000000032,10800.0,0.0,True
Q3-[]@2025-11-25,0.0,0.0,1200.0,10800.0,0.0,True
Q3-[]@2025-11-26,0.0,0.0,1200.0000000000023,10800.000000000002,0.0,True
Q3-[]@2025-11-27,0.0,0.0,1200.000000000006,10800.000000000004,0.0,True
Q3-[]@2025-11-28,19.99540341666676,0.0,1200.0000000000007,10800.000000000002,0.0,True
Q3-[]@2025-11-29,0.0,0.0,1200.0000000000014,10800.000000000002,0.0,True
Q3-[]@2025-11-30,0.0,0.0,1200.0000000000023,10800.000000000004,0.0,True
Q3-[]@2025-12-01,0.0,0.0,1200.0000000000002,10800.0,0.0,True
Q3-[]@2025-12-02,0.0,0.0,1200.000000000001,10800.0,0.0,True
Q3-[]@2025-12-03,0.0,0.0,1199.9999999999995,10800.0,0.0,True
Q3-[]@2025-12-04,0.0,0.0,1200.000000000002,10800.0,0.0,True
Q3-[]@2025-12-05,0.0,0.0,1199.9999999999995,10800.0,0.0,True
Q3-[]@2025-12-06,0.0,0.0,1199.9999999999968,10800.0,0.0,True
Q3-[]@2025-12-07,0.0,0.0,1200.0,10800.0,0.0,True
Q3-[]@2025-12-08,0.0,0.0,1200.0,10800.0,0.0,True
Q3-[]@2025-12-09,0.0,0.0,1200.0000000000011,10800.0,0.0,True
Q3-[]@2025-12-10,0.0,0.0,1200.0,10800.0,0.0,True
Q3-[]@2025-12-11,0.0,0.0,1200.0000000000005,10800.0,0.0,True
Q3-[]@2025-12-12,22.929673500000035,0.0,1200.0000000000005,10800.0,0.0,True
Q3-[]@2025-12-13,0.0,0.0,1200.0000000000068,10800.000000000004,0.0,True
Q3-[]@2025-12-14,0.0,0.0,1200.0000000000002,10800.0,0.0,True
Q3-[]@2025-12-15,0.0,0.0,1200.0,10800.0,0.0,True
Q3-[]@2025-12-16,0.0,0.0,1199.9999999999998,10800.0,0.0,True
Q3-[]@2025-12-17,0.0,0.0,1200.0,10800.0,0.0,True
Q3-[]@2025-12-18,0.0,0.0,1200.0,10800.000000000002,0.0,True
Q3-[]@2025-12-19,33.95010833333333,0.0,1200.0000000000025,10800.0,0.0,True
Q3-[]@2025-12-20,26.332972749999954,0.0,1200.0000000000027,10800.000000000002,0.0,True
Q3-[]@2025-12-21,0.0,0.0,1200.0000000000002,10800.0,0.0,True
Q3-[]@2025-12-22,0.0,0.0,1199.9999999999995,10800.0,0.0,True
Q3-[]@2025-12-23,0.0,0.0,1199.9999999999998,10800.0,0.0,True
Q3-[]@2025-12-24,0.0,0.0,1200.0,10800.0,0.0,True
Q3-[]@2025-12-25,0.0,0.0,1199.9999999999998,10800.0,0.0,True
Q3-[]@2025-12-26,37.28108400000008,0.0,1200.0000000000014,10800.0,0.0,True
Q3-[]@2025-12-27,18.92263566666668,0.0,1200.0000000000039,10800.000000000002,0.0,True
Q3-[]@2025-12-28,0.0,0.0,1199.9999999999995,10800.0,0.0,True
Q3-[]@2025-12-29,0.0,0.0,1200.0000000000002,10800.0,0.0,True
Q3-[]@2025-12-30,0.0,0.0,1200.0000000000007,10800.0,0.0,True
Q3-[]@2025-12-31,0.0,0.0,1199.9999999999995,10800.0,0.0,True
Q3-[]@2025-01-01,0.0,0.0,6000.0,6000.0,0.0,True
Q3-[]@2025-01-02,0.0,0.0,1200.0,10800.0,0.0,True
Q3-[]@2025-01-03,67.63563333333354,0.0,1200.0,10800.0,0.0,True
Q3-[]@2025-01-04,0.0,0.0,1200.0,10800.0,0.0,True
Q3-[]@2025-01-05,-2.842170943040401e-14,0.0,1199.999999999999,10800.0,0.0,True
Q3-[]@2025-01-06,0.0,0.0,1200.000000000001,10800.0,0.0,True
Q3-[]@2025-01-07,0.0,0.0,1200.0,10800.0,0.0,True
Q3-[]@2025-01-08,0.0,0.0,1200.000000000001,10800.0,0.0,True
Q3-[]@2025-01-09,0.0,0.0,1200.0,10800.0,0.0,True
Q3-[]@2025-01-10,20.985750000000166,0.0,1200.0000000000014,10800.000000000002,0.0,True
Q3-[]@2025-01-11,7.091333333333296,0.0,1199.9999999999993,10800.0,0.0,True
Q3-[]@2025-01-12,0.0,0.0,1200.000000000001,10800.0,0.0,True
Q3-[]@2025-01-13,0.0,0.0,1200.0,10800.000000000002,0.0,True
Q3-[]@2025-01-14,0.0,0.0,1200.0000000000011,10800.0,0.0,True
Q3-[]@2025-01-15,0.0,0.0,1199.9999999999998,10800.0,0.0,True
Q3-[]@2025-01-16,0.0,0.0,1200.0,10800.0,0.0,True
Q3-[]@2025-01-17,39.44401266666671,0.0,1200.0000000000014,10800.0,0.0,True
Q3-[]@2025-01-18,0.0,0.0,1200.0000000000014,10800.000000000002,0.0,True
Q3-[]@2025-01-19,0.0,0.0,1200.0,10800.0,0.0,True
Q3-[]@2025-01-20,-7.105427357601002e-15,0.0,1200.0000000000007,10800.0,0.0,True
Q3-[]@2025-01-21,0.0,0.0,1199.9999999999998,10800.0,0.0,True
Q3-[]@2025-01-22,0.0,0.0,1200.0000000000002,10800.0,0.0,True
Q3-[]@2025-01-23,0.0,0.0,1200.0,10800.0,0.0,True
Q3-[]@2025-01-24,17.02283299999999,0.0,1200.0,10800.0,0.0,True
Q3-[]@2025-01-25,39.641822499999876,0.0,1199.9999999999968,10800.0,0.0,True
Q3-[]@2025-01-26,0.0,0.0,1200.0,10800.0,0.0,True
Q3-[]@2025-01-27,0.0,0.0,1200.0,10800.0,0.0,True
Q3-[]@2025-01-28,0.0,0.0,1199.9999999999995,10800.0,0.0,True
Q3-[]@2025-01-29,0.0,0.0,1200.0000000000032,10800.000000000002,0.0,True
Q3-[]@2025-01-30,0.0,0.0,1200.0,10800.0,0.0,True
Q3-[]@2025-01-31,0.0,0.0,1199.9999999999998,10800.0,0.0,True
Q3-[]@2025-02-01,38.14823333333334,0.0,1200.0000000000025,10800.000000000004,0.0,True
Q3-[]@2025-02-02,0.0,0.0,1200.0000000000014,10800.000000000004,0.0,True
Q3-[]@2025-02-03,0.0,0.0,1200.0,10800.0,0.0,True
Q3-[]@2025-02-04,0.0,0.0,1200.0000000000007,10800.0,0.0,True
Q3-[]@2025-02-05,-3.552713678800501e-15,0.0,1200.0000000000027,10800.000000000002,0.0,True
Q3-[]@2025-02-06,0.0,0.0,1200.0000000000014,10800.0,0.0,True
Q3-[]@2025-02-07,44.543807166666625,0.0,1199.999999999999,10800.0,0.0,True
Q3-[]@2025-02-08,17.478440583333366,0.0,1200.0,10800.0,0.0,True
Q3-[]@2025-02-09,0.0,0.0,1200.0,10800.0,0.0,True
Q3-[]@2025-02-10,0.0,0.0,1200.000000000001,10800.0,0.0,True
Q3-[]@2025-02-11,0.0,0.0,1199.9999999999995,10800.0,0.0,True
Q3-[]@2025-02-12,0.0,0.0,1200.0000000000007,10800.0,0.0,True
Q3-[]@2025-02-13,0.0,0.0,1199.9999999999998,10800.0,0.0,True
Q3-[]@2025-02-14,37.46464500000013,0.0,1199.9999999999995,10800.0,0.0,True
Q3-[]@2025-02-15,23.06857500000001,0.0,1200.000000000001,10800.0,0.0,True
Q3-[]@2025-02-16,0.0,0.0,1200.0000000000018,10800.0,0.0,True
Q3-[]@2025-02-17,0.0,0.0,1199.999999999999,10800.0,0.0,True
Q3-[]@2025-02-18,-7.105427357601002e-15,0.0,1200.0000000000014,10800.000000000002,0.0,True
Q3-[]@2025-02-19,-1.0658141036401503e-14,0.0,1200.0000000000002,10800.0,0.0,True
Q3-[]@2025-02-20,0.0,0.0,1200.0000000000014,10800.000000000002,0.0,True
Q3-[]@2025-02-21,0.0,0.0,1200.0,10800.000000000002,0.0,True
Q3-[]@2025-02-22,0.0,0.0,1200.0000000000005,10800.0,0.0,True
Q3-[]@2025-02-23,-1.4210854715202004e-14,0.0,1200.0000000000025,10800.000000000004,0.0,True
Q3-[]@2025-02-24,0.0,0.0,1200.0,10800.0,0.0,True
Q3-[]@2025-02-25,0.0,0.0,1199.9999999999995,10800.0,0.0,True
Q3-[]@2025-02-26,-2.1316282072803006e-14,0.0,1199.9999999999998,10800.0,0.0,True
Q3-[]@2025-02-27,-1.4210854715202004e-14,0.0,1200.0,10800.0,0.0,True
Q3-[]@2025-02-28,0.0,0.0,1199.9999999999995,10800.0,0.0,True
Q3-[]@2025-03-01,16.847741666666593,0.0,1200.0,10800.0,0.0,True
Q3-[]@2025-03-02,-7.105427357601002e-15,0.0,1200.0,10800.0,0.0,True
Q3-[]@2025-03-03,0.0,0.0,1200.0000000000005,10800.000000000002,0.0,True
Q3-[]@2025-03-04,-1.4210854715202004e-14,0.0,1200.0,10800.0,0.0,True
Q3-[]@2025-03-05,0.0,0.0,1200.0000000000023,10800.0,0.0,True
Q3-[]@2025-03-06,0.0,0.0,1200.0000000000018,10800.000000000002,0.0,True
Q3-[]@2025-03-07,25.954783333333353,0.0,1200.0,10800.0,0.0,True
Q3-[]@2025-03-08,17.7296843888889,0.0,1200.0000000000005,10800.000000000002,0.0,True
Q3-[]@2025-03-09,0.0,0.0,1199.9999999999993,10800.0,0.0,True
Q3-[]@2025-03-10,-7.105427357601002e-15,0.0,1199.9999999999995,10800.0,0.0,True
Q3-[]@2025-03-11,0.0,0.0,1200.0000000000005,10800.0,0.0,True
Q3-[]@2025-03-12,0.0,0.0,1200.0000000000005,10800.0,0.0,True
Q3-[]@2025-03-13,-8.881784197001252e-15,0.0,1199.999999999999,10800.0,0.0,True
Q3-[]@2025-03-14,8.182937111111187,0.0,1200.0000000000002,10800.000000000002,0.0,True
Q3-[]@2025-03-15,0.0,0.0,1200.0000000000023,10800.0,0.0,True
Q3-[]@2025-03-16,0.0,0.0,1200.000000000001,10800.000000000002,0.0,True
Q3-[]@2025-03-17,0.0,0.0,1200.000000000003,10800.000000000002,0.0,True
Q3-[]@2025-03-18,0.0,0.0,1200.0000000000005,10800.0,0.0,True
Q3-[]@2025-03-19,-7.105427357601002e-15,0.0,1199.9999999999993,10800.0,0.0,True
Q3-[]@2025-03-20,-7.105427357601002e-15,0.0,1200.0000000000005,10800.0,0.0,True
Q3-[]@2025-03-21,0.0,0.0,1200.0000000000007,10800.0,0.0,True
Q3-[]@2025-03-22,3.0934749999998985,0.0,1200.0,10800.0,0.0,True
Q3-[]@2025-03-23,0.0,0.0,1200.0,10800.0,0.0,True
Q3-[]@2025-03-24,0.0,0.0,1200.0000000000002,10800.0,0.0,True
Q3-[]@2025-03-25,0.0,0.0,1200.0000000000016,10800.0,0.0,True
Q3-[]@2025-03-26,-2.220446049250313e-15,0.0,1200.0,10800.0,0.0,True
Q3-[]@2025-03-27,0.0,0.0,1200.0000000000002,10800.0,0.0,True
Q3-[]@2025-03-28,0.0,0.0,1199.9999999999998,10800.0,0.0,True
Q3-[]@2025-03-29,8.78399794444448,0.0,1199.9999999999995,10800.0,0.0,True
Q3-[]@2025-03-30,-7.105427357601002e-15,0.0,1199.9999999999993,10800.0,0.0,True
Q3-[]@2025-03-31,-7.105427357601002e-15,0.0,1200.0000000000005,10800.0,0.0,True
Q3-[]@2025-04-01,0.0,0.0,1200.0000000000007,10800.0,0.0,True
Q3-[]@2025-04-02,-5.329070518200751e-15,0.0,1199.9999999999998,10800.0,0.0,True
Q3-[]@2025-04-03,0.0,0.0,1199.9999999999998,10800.0,0.0,True
Q3-[]@2025-04-04,0.0,0.0,1199.9999999999993,10800.0,0.0,True
Q3-[]@2025-04-05,0.0,0.0,1200.0000000000007,10800.000000000002,0.0,True
Q3-[]@2025-04-06,0.0,0.0,1200.000000000001,10800.0,0.0,True
Q3-[]@2025-04-07,-7.105427357601002e-15,0.0,1200.0000000000005,10800.0,0.0,True
Q3-[]@2025-04-08,0.0,0.0,1200.0,10800.0,0.0,True
Q3-[]@2025-04-09,-1.4210854715202004e-14,0.0,1200.0000000000018,10800.000000000002,0.0,True
Q3-[]@2025-04-10,-4.440892098500626e-15,0.0,1200.0000000000032,10800.000000000002,0.0,True
Q3-[]@2025-04-11,0.0,0.0,1200.0000000000002,10800.0,0.0,True
Q3-[]@2025-04-12,10.979154805555652,0.0,1199.9999999999993,10800.0,0.0,True
Q3-[]@2025-04-13,0.0,0.0,1199.9999999999998,10800.0,0.0,True
Q3-[]@2025-04-14,0.0,0.0,1199.9999999999975,10800.0,0.0,True
Q3-[]@2025-04-15,0.0,0.0,1199.9999999999982,10799.999999999998,0.0,True
Q3-[]@2025-04-16,0.0,0.0,1199.999999999999,10800.0,0.0,True
Q3-[]@2025-04-17,-4.884981308350689e-15,0.0,1200.0,10800.0,0.0,True
Q3-[]@2025-04-18,0.0,0.0,1200.0,10800.0,0.0,True
Q3-[]@2025-04-19,0.0,0.0,1200.0000000000002,10800.0,0.0,True
Q3-[]@2025-04-20,-9.325873406851315e-15,0.0,1200.0000000000007,10800.0,0.0,True
Q3-[]@2025-04-21,0.0,0.0,1200.0000000000005,10800.0,0.0,True
Q3-[]@2025-04-22,-1.0658141036401503e-14,0.0,1200.0000000000018,10800.000000000002,0.0,True
Q3-[]@2025-04-23,-1.0658141036401503e-14,0.0,1200.0000000000014,10800.000000000002,0.0,True
Q3-[]@2025-04-24,0.0,0.0,1199.9999999999977,10799.999999999998,0.0,True
Q3-[]@2025-04-25,0.0,0.0,1200.000000000001,10800.0,0.0,True
Q3-[]@2025-04-26,0.0,0.0,1200.0000000000014,10800.000000000002,0.0,True
Q3-[]@2025-04-27,-3.552713678800501e-15,0.0,1200.0000000000005,10800.0,0.0,True
Q3-[]@2025-04-28,-7.105427357601002e-15,0.0,1200.0,10800.0,0.0,True
Q3-[]@2025-04-29,0.0,0.0,1200.0000000000027,10800.000000000002,0.0,True
Q3-[]@2025-04-30,0.0,0.0,1200.0000000000002,10800.0,0.0,True
Q3-[]@2025-05-01,0.0,0.0,1199.999999999998,10800.0,0.0,True
Q3-[]@2025-05-02,0.0,0.0,1200.0000000000005,10800.0,0.0,True
Q3-[]@2025-05-03,0.0,0.0,1199.9999999999986,10800.0,0.0,True
Q3-[]@2025-05-04,0.0,0.0,1200.0,10800.0,0.0,True
Q3-[]@2025-05-05,0.0,0.0,1199.9999999999995,10800.0,0.0,True
Q3-[]@2025-05-06,0.0,0.0,1200.000000000001,10800.000000000002,0.0,True
Q3-[]@2025-05-07,-5.329070518200751e-15,0.0,1199.9999999999995,10800.0,0.0,True
Q3-[]@2025-05-08,0.0,0.0,1200.0,10800.0,0.0,True
Q3-[]@2025-05-09,0.0,0.0,1199.9999999999993,10800.0,0.0,True
Q3-[]@2025-05-10,0.0,0.0,1200.0000000000014,10800.000000000002,0.0,True
Q3-[]@2025-05-11,0.0,0.0,1199.9999999999995,10800.0,0.0,True
Q3-[]@2025-05-12,-7.105427357601002e-15,0.0,1200.0000000000005,10799.999999999998,0.0,True
Q3-[]@2025-05-13,-4.440892098500626e-15,0.0,1200.0,10800.0,0.0,True
Q3-[]@2025-05-14,0.0,0.0,1199.999999999999,10800.0,0.0,True
Q3-[]@2025-05-15,0.0,0.0,1199.9999999999995,10800.0,0.0,True
Q3-[]@2025-05-16,0.0,0.0,1200.0,10800.0,0.0,True
Q3-[]@2025-05-17,1.429841666666789,0.0,1199.999999999997,10799.999999999998,0.0,True
Q3-[]@2025-05-18,0.0,0.0,1200.0,10800.0,0.0,True
Q3-[]@2025-05-19,0.0,0.0,1200.0000000000027,10800.000000000002,0.0,True
Q3-[]@2025-05-20,-9.769962616701378e-15,0.0,1200.0000000000014,10800.000000000002,0.0,True
Q3-[]@2025-05-21,-7.105427357601002e-15,0.0,1200.0000000000023,10800.0,0.0,True
Q3-[]@2025-05-22,-2.4424906541753444e-15,0.0,1200.0000000000011,10800.0,0.0,True
Q3-[]@2025-05-23,5.1164616111108785,0.0,1199.9999999999995,10800.0,0.0,True
Q3-[]@2025-05-24,12.995125583333277,0.0,1199.9999999999995,10800.0,0.0,True
Q3-[]@2025-05-25,0.0,0.0,1199.9999999999993,10800.0,0.0,True
Q3-[]@2025-05-26,-7.105427357601002e-15,0.0,1200.0,10800.0,0.0,True
Q3-[]@2025-05-27,-1.1102230246251565e-15,0.0,1200.0000000000002,10800.0,0.0,True
Q3-[]@2025-05-28,0.0,0.0,1200.0000000000011,10800.0,0.0,True
Q3-[]@2025-05-29,-7.105427357601002e-15,0.0,1199.9999999999993,10800.0,0.0,True
Q3-[]@2025-05-30,0.0,0.0,1200.0,10800.0,0.0,True
Q3-[]@2025-05-31,0.0,0.0,1200.000000000001,10800.0,0.0,True
Q3-[]@2025-06-01,0.0,0.0,1200.0000000000002,10800.0,0.0,True
Q3-[]@2025-06-02,0.0,0.0,1200.0,10800.0,0.0,True
Q3-[]@2025-06-03,0.0,0.0,1200.0000000000014,10800.000000000002,0.0,True
Q3-[]@2025-06-04,0.0,0.0,1200.0000000000011,10800.0,0.0,True
Q3-[]@2025-06-05,0.0,0.0,1200.0000000000002,10800.0,0.0,True
Q3-[]@2025-06-06,0.0,0.0,1200.000000000001,10800.0,0.0,True
Q3-[]@2025-06-07,0.0,0.0,1200.0000000000016,10800.000000000002,0.0,True
Q3-[]@2025-06-08,0.0,0.0,1200.0000000000039,10800.000000000004,0.0,True
Q3-[]@2025-06-09,0.0,0.0,1200.0000000000002,10800.0,0.0,True
Q3-[]@2025-06-10,0.0,0.0,1200.0000000000002,10800.0,0.0,True
Q3-[]@2025-06-11,0.0,0.0,1200.0000000000002,10800.0,0.0,True
Q3-[]@2025-06-12,0.0,0.0,1200.0000000000002,10800.0,0.0,True
Q3-[]@2025-06-13,15.078652444444288,0.0,1200.0000000000014,10800.0,0.0,True
Q3-[]@2025-06-14,0.0,0.0,1200.0000000000055,10800.000000000002,0.0,True
Q3-[]@2025-06-15,-3.552713678800501e-15,0.0,1200.0000000000002,10800.0,0.0,True
Q3-[]@2025-06-16,0.0,0.0,1200.0000000000057,10800.000000000005,0.0,True
Q3-[]@2025-06-17,0.0,0.0,1200.0000000000002,10800.0,0.0,True
Q3-[]@2025-06-18,0.0,0.0,1200.0000000000002,10800.0,0.0,True
Q3-[]@2025-06-19,0.0,0.0,1199.9999999999984,10800.0,0.0,True
Q3-[]@2025-06-20,37.095885166666676,0.0,1200.0000000000002,10800.0,0.0,True
Q3-[]@2025-06-21,43.44960724999987,0.0,1200.0000000000007,10800.0,0.0,True
Q3-[]@2025-06-22,0.0,0.0,1200.0000000000002,10800.0,0.0,True
Q3-[]@2025-06-23,0.0,0.0,1200.0000000000002,10800.0,0.0,True
Q3-[]@2025-06-24,0.0,0.0,1200.0000000000002,10800.0,0.0,True
Q3-[]@2025-06-25,0.0,0.0,1200.000000000002,10800.000000000002,0.0,True
Q3-[]@2025-06-26,0.0,0.0,1200.000000000002,10800.000000000002,0.0,True
Q3-[]@2025-06-27,48.35454563888891,0.0,1200.0000000000018,10800.000000000002,0.0,True
Q3-[]@2025-06-28,12.308846416666597,0.0,1200.0000000000011,10800.000000000002,0.0,True
Q3-[]@2025-06-29,-3.552713678800501e-15,0.0,1200.0000000000002,10800.0,0.0,True
Q3-[]@2025-06-30,0.0,0.0,1200.0000000000002,10800.0,0.0,True
Q3-[]@2025-07-01,-1.4210854715202004e-14,0.0,1200.0000000000002,10800.0,0.0,True
Q3-[]@2025-07-02,0.0,0.0,1200.0000000000002,10800.0,0.0,True
Q3-[]@2025-07-03,0.0,0.0,1200.0000000000002,10800.0,0.0,True
Q3-[]@2025-07-04,0.0,0.0,1199.9999999999995,10799.999999999998,0.0,True
Q3-[]@2025-07-05,0.0,0.0,1199.9999999999995,10800.000000000002,0.0,True
Q3-[]@2025-07-06,-2.842170943040401e-14,0.0,1200.0000000000002,10800.0,0.0,True
Q3-[]@2025-07-07,0.0,0.0,1200.0000000000002,10800.0,0.0,True
Q3-[]@2025-07-08,0.0,0.0,1200.000000000002,10800.000000000002,0.0,True
Q3-[]@2025-07-09,0.0,0.0,1200.0000000000002,10800.0,0.0,True
Q3-[]@2025-07-10,-3.552713678800501e-15,0.0,1200.000000000002,10800.000000000002,0.0,True
Q3-[]@2025-07-11,0.0,0.0,1200.0000000000005,10800.000000000002,0.0,True
Q3-[]@2025-07-12,0.0,0.0,1200.0000000000005,10800.0,0.0,True
Q3-[]@2025-07-13,0.0,0.0,1200.0000000000002,10800.0,0.0,True
Q3-[]@2025-07-14,-3.552713678800501e-15,0.0,1200.0000000000002,10800.0,0.0,True
Q3-[]@2025-07-15,0.0,0.0,1200.0000000000002,10800.0,0.0,True
Q3-[]@2025-07-16,-4.440892098500626e-16,0.0,1200.0000000000002,10800.0,0.0,True
Q3-[]@2025-07-17,-1.4210854715202004e-14,0.0,1200.000000000002,10800.000000000002,0.0,True
Q3-[]@2025-07-18,46.27434338888878,0.0,1200.0000000000011,10800.000000000002,0.0,True
Q3-[]@2025-07-19,0.0,0.0,1199.9999999999995,10800.0,0.0,True
Q3-[]@2025-07-20,0.0,0.0,1200.0000000000002,10800.0,0.0,True
Q3-[]@2025-07-21,-7.105427357601002e-15,0.0,1200.000000000002,10800.000000000002,0.0,True
Q3-[]@2025-07-22,-1.4210854715202004e-14,0.0,1200.0000000000002,10800.0,0.0,True
Q3-[]@2025-07-23,0.0,0.0,1200.0000000000002,10800.0,0.0,True
Q3-[]@2025-07-24,0.0,0.0,1200.000000000002,10800.000000000002,0.0,True
Q3-[]@2025-07-25,0.0,0.0,1200.0,10800.0,0.0,True
Q3-[]@2025-07-26,53.829388277778094,0.0,1200.0000000000002,10800.0,0.0,True
Q3-[]@2025-07-27,-1.4210854715202004e-14,0.0,1200.0000000000016,10800.000000000004,0.0,True
Q3-[]@2025-07-28,-7.105427357601002e-15,0.0,1200.000000000002,10800.000000000002,0.0,True
Q3-[]@2025-07-29,-1.4210854715202004e-14,0.0,1200.0000000000039,10800.000000000004,0.0,True
Q3-[]@2025-07-30,-1.4210854715202004e-14,0.0,1200.000000000002,10800.000000000002,0.0,True
Q3-[]@2025-07-31,-1.4210854715202004e-14,0.0,1200.0000000000002,10800.0,0.0,True
Q3-[]@2025-08-01,22.39941580555535,0.0,1200.0000000000002,10800.0,0.0,True
Q3-[]@2025-08-02,4.323150000000169,0.0,1200.0000000000007,10800.000000000002,0.0,True
Q3-[]@2025-08-03,-2.6645352591003757e-15,0.0,1200.0000000000002,10800.0,0.0,True
Q3-[]@2025-08-04,0.0,0.0,1200.0000000000002,10800.0,0.0,True
Q3-[]@2025-08-05,0.0,0.0,1200.000000000002,10800.000000000002,0.0,True
Q3-[]@2025-08-06,-1.4210854715202004e-14,0.0,1200.0000000000002,10800.0,0.0,True
Q3-[]@2025-08-07,0.0,0.0,1200.000000000002,10800.000000000002,0.0,True
Q3-[]@2025-08-08,41.093708333333325,0.0,1200.0,10800.0,0.0,True
Q3-[]@2025-08-09,15.166091666666489,0.0,1199.9999999999995,10800.0,0.0,True
Q3-[]@2025-08-10,-1.4210854715202004e-14,0.0,1200.0000000000039,10800.000000000004,0.0,True
Q3-[]@2025-08-11,0.0,0.0,1200.000000000002,10800.000000000002,0.0,True
Q3-[]@2025-08-12,0.0,0.0,1200.0000000000002,10800.0,0.0,True
Q3-[]@2025-08-13,-1.7763568394002505e-14,0.0,1200.0000000000039,10800.000000000004,0.0,True
Q3-[]@2025-08-14,0.0,0.0,1199.9999999999984,10799.999999999998,0.0,True
Q3-[]@2025-08-15,3.499899500000083,0.0,1200.0,10800.0,0.0,True
Q3-[]@2025-08-16,6.199026416666499,0.0,1200.0000000000002,10800.0,0.0,True
Q3-[]@2025-08-17,0.0,0.0,1200.000000000002,10800.000000000002,0.0,True
Q3-[]@2025-08-18,-1.7763568394002505e-15,0.0,1200.0000000000032,10800.000000000004,0.0,True
Q3-[]@2025-08-19,0.0,0.0,1200.0000000000002,10800.0,0.0,True
Q3-[]@2025-08-20,0.0,0.0,1200.0000000000002,10800.0,0.0,True
Q3-[]@2025-08-21,0.0,0.0,1199.999999999999,10800.0,0.0,True
Q3-[]@2025-08-22,0.0,0.0,1200.0,10800.0,0.0,True
Q3-[]@2025-08-23,0.0,0.0,1200.0,10800.0,0.0,True
Q3-[]@2025-08-24,0.0,0.0,1200.0000000000007,10800.000000000002,0.0,True
Q3-[]@2025-08-25,0.0,0.0,1200.0000000000002,10800.0,0.0,True
Q3-[]@2025-08-26,0.0,0.0,1200.0000000000002,10800.0,0.0,True
Q3-[]@2025-08-27,-1.0658141036401503e-14,0.0,1200.0000000000002,10800.0,0.0,True
Q3-[]@2025-08-28,-7.105427357601002e-15,0.0,1199.9999999999995,10800.0,0.0,True
Q3-[]@2025-08-29,30.81606333333343,0.0,1200.000000000001,10800.000000000002,0.0,True
Q3-[]@2025-08-30,0.0,0.0,1199.9999999999986,10799.999999999998,0.0,True
Q3-[]@2025-08-31,-1.7763568394002505e-15,0.0,1200.0000000000018,10800.000000000002,0.0,True
Q3-[]@2025-09-01,15.970660861111014,0.0,1200.000000000002,10800.000000000002,0.0,True
Q3-[]@2025-09-02,0.0,0.0,1200.0000000000002,10800.0,0.0,True
Q3-[]@2025-09-03,0.0,0.0,1200.0000000000002,10800.0,0.0,True
Q3-[]@2025-09-04,0.0,0.0,1200.0000000000002,10800.0,0.0,True
Q3-[]@2025-09-05,0.0,0.0,1199.9999999999989,10800.0,0.0,True
Q3-[]@2025-09-06,56.22424891666668,0.0,1200.0000000000007,10800.000000000002,0.0,True
Q3-[]@2025-09-07,0.0,0.0,1200.0000000000014,10800.000000000002,0.0,True
Q3-[]@2025-09-08,0.0,0.0,1200.0000000000005,10800.000000000002,0.0,True
Q3-[]@2025-09-09,0.0,0.0,1199.9999999999984,10799.999999999998,0.0,True
Q3-[]@2025-09-10,0.0,0.0,1200.000000000002,10800.000000000002,0.0,True
Q3-[]@2025-09-11,0.0,0.0,1200.0000000000002,10800.0,0.0,True
Q3-[]@2025-09-12,0.0,0.0,1200.0000000000002,10800.0,0.0,True
Q3-[]@2025-09-13,42.88319999999993,0.0,1200.0,10800.000000000002,0.0,True
Q3-[]@2025-09-14,0.0,0.0,1199.9999999999984,10800.0,0.0,True
Q3-[]@2025-09-15,0.0,0.0,1200.0000000000011,10800.000000000002,0.0,True
Q3-[]@2025-09-16,0.0,0.0,1200.0,10800.0,0.0,True
Q3-[]@2025-09-17,0.0,0.0,1200.000000000001,10800.000000000004,0.0,True
Q3-[]@2025-09-18,-2.3869795029440866e-15,0.0,1200.0000000000011,10800.000000000002,0.0,True
Q3-[]@2025-09-19,2.1162374166667064,0.0,1200.0,10800.0,0.0,True
Q3-[]@2025-09-20,0.0,0.0,1200.0000000000011,10800.000000000002,0.0,True
Q3-[]@2025-09-21,0.0,0.0,1200.0000000000018,10800.000000000002,0.0,True
Q3-[]@2025-09-22,0.0,0.0,1200.0000000000005,10800.0,0.0,True
Q3-[]@2025-09-23,0.0,0.0,1200.0000000000014,10800.000000000002,0.0,True
Q3-[]@2025-09-24,0.0,0.0,1200.0,10800.0,0.0,True
Q3-[]@2025-09-25,-5.329070518200751e-15,0.0,1200.0000000000005,10800.0,0.0,True
Q3-[]@2025-09-26,7.8377524166666035,0.0,1199.9999999999998,10800.0,0.0,True
Q3-[]@2025-09-27,0.0,0.0,1199.9999999999998,10800.0,0.0,True
Q3-[]@2025-09-28,0.0,0.0,1200.0000000000014,10800.000000000002,0.0,True
Q3-[]@2025-09-29,0.0,0.0,1199.9999999999982,10800.0,0.0,True
Q3-[]@2025-09-30,0.0,0.0,1199.9999999999993,10800.0,0.0,True
Q3-[]@2025-10-01,0.0,0.0,1200.0,10800.0,0.0,True
Q3-[]@2025-10-02,0.0,0.0,1200.0000000000005,10800.000000000004,0.0,True
Q3-[]@2025-10-03,10.270566666666639,0.0,1199.9999999999995,10800.0,0.0,True
Q3-[]@2025-10-04,7.201483333333385,0.0,1200.0000000000005,10800.000000000002,0.0,True
Q3-[]@2025-10-05,0.0,0.0,1200.0,10800.0,0.0,True
Q3-[]@2025-10-06,0.0,0.0,1199.9999999999998,10800.0,0.0,True
Q3-[]@2025-10-07,0.0,0.0,1200.0,10800.0,0.0,True
Q3-[]@2025-10-08,0.0,0.0,1200.0000000000002,10800.0,0.0,True
Q3-[]@2025-10-09,0.0,0.0,1200.000000000002,10800.000000000002,0.0,True
Q3-[]@2025-10-10,8.9183083333333,0.0,1200.000000000001,10800.000000000002,0.0,True
Q3-[]@2025-10-11,0.0,0.0,1199.9999999999995,10800.0,0.0,True
Q3-[]@2025-10-12,-2.4424906541753444e-15,0.0,1200.0000000000002,10800.0,0.0,True
Q3-[]@2025-10-13,0.0,0.0,1200.0,10800.0,0.0,True
Q3-[]@2025-10-14,0.0,0.0,1200.0000000000005,10800.000000000002,0.0,True
Q3-[]@2025-10-15,0.0,0.0,1200.0000000000005,10800.0,0.0,True
Q3-[]@2025-10-16,0.0,0.0,1200.0000000000014,10800.000000000002,0.0,True
Q3-[]@2025-10-17,0.0,0.0,1200.0000000000002,10800.000000000002,0.0,True
Q3-[]@2025-10-18,8.451341666666622,0.0,1200.0000000000011,10800.000000000002,0.0,True
Q3-[]@2025-10-19,0.0,0.0,1200.0000000000007,10800.000000000002,0.0,True
Q3-[]@2025-10-20,0.0,0.0,1200.000000000001,10800.0,0.0,True
Q3-[]@2025-10-21,0.0,0.0,1200.0000000000027,10800.000000000002,0.0,True
Q3-[]@2025-10-22,0.0,0.0,1200.000000000001,10800.000000000002,0.0,True
Q3-[]@2025-10-23,0.0,0.0,1200.000000000001,10800.0,0.0,True
Q3-[]@2025-10-24,0.0,0.0,1200.0,10800.0,0.0,True
Q3-[]@2025-10-25,6.423083333333409,0.0,1200.0000000000052,10800.000000000005,0.0,True
Q3-[]@2025-10-26,0.0,0.0,1200.0000000000023,10800.000000000002,0.0,True
Q3-[]@2025-10-27,0.0,0.0,1200.0000000000007,10800.0,0.0,True
Q3-[]@2025-10-28,0.0,0.0,1200.000000000001,10800.000000000002,0.0,True
Q3-[]@2025-10-29,-1.7763568394002505e-15,0.0,1200.0,10800.0,0.0,True
Q3-[]@2025-10-30,0.0,0.0,1200.0000000000023,10800.000000000002,0.0,True
Q3-[]@2025-10-31,13.30478224999996,0.0,1200.0000000000032,10800.000000000002,0.0,True
Q3-[]@2025-11-01,0.0,0.0,1199.9999999999955,10799.999999999998,0.0,True
Q3-[]@2025-11-02,0.0,0.0,1200.0,10800.0,0.0,True
Q3-[]@2025-11-03,0.0,0.0,1199.9999999999973,10800.0,0.0,True
Q3-[]@2025-11-04,0.0,0.0,1200.0000000000016,10800.000000000002,0.0,True
Q3-[]@2025-11-05,0.0,0.0,1200.000000000004,10800.000000000004,0.0,True
Q3-[]@2025-11-06,0.0,0.0,1200.000000000001,10800.0,0.0,True
Q3-[]@2025-11-07,24.831991666666738,0.0,1200.0,10800.0,0.0,True
Q3-[]@2025-11-08,0.0,0.0,1200.0000000000023,10800.000000000004,0.0,True
Q3-[]@2025-11-09,0.0,0.0,1199.9999999999984,10800.0,0.0,True
Q3-[]@2025-11-10,0.0,0.0,1200.0000000000025,10800.000000000004,0.0,True
Q3-[]@2025-11-11,0.0,0.0,1200.0000000000027,10800.0,0.0,True
Q3-[]@2025-11-12,0.0,0.0,1199.9999999999989,10800.0,0.0,True
Q3-[]@2025-11-13,0.0,0.0,1200.0000000000005,10800.0,0.0,True
Q3-[]@2025-11-14,16.48144999999994,0.0,1199.9999999999986,10800.0,0.0,True
Q3-[]@2025-11-15,24.117913166666654,0.0,1200.0,10800.0,0.0,True
Q3-[]@2025-11-16,0.0,0.0,1200.000000000001,10800.0,0.0,True
Q3-[]@2025-11-17,-1.7763568394002505e-15,0.0,1200.0000000000014,10800.000000000002,0.0,True
Q3-[]@2025-11-18,0.0,0.0,1199.9999999999998,10800.0,0.0,True
Q3-[]@2025-11-19,0.0,0.0,1200.0000000000005,10800.0,0.0,True
Q3-[]@2025-11-20,0.0,0.0,1200.0000000000036,10800.000000000004,0.0,True
Q3-[]@2025-11-21,7.707560833333503,0.0,1200.0,10800.0,0.0,True
Q3-[]@2025-11-22,13.920241666666584,0.0,1200.0000000000002,10800.0,0.0,True
Q3-[]@2025-11-23,0.0,0.0,1199.9999999999986,10800.0,0.0,True
Q3-[]@2025-11-24,0.0,0.0,1200.0,10800.0,0.0,True
Q3-[]@2025-11-25,0.0,0.0,1200.000000000003,10800.0,0.0,True
Q3-[]@2025-11-26,0.0,0.0,1200.0000000000023,10800.000000000002,0.0,True
Q3-[]@2025-11-27,0.0,0.0,1200.0,10800.0,0.0,True
Q3-[]@2025-11-28,19.99540341666676,0.0,1200.0000000000007,10800.000000000002,0.0,True
Q3-[]@2025-11-29,0.0,0.0,1199.9999999999995,10800.0,0.0,True
Q3-[]@2025-11-30,0.0,0.0,1200.0000000000032,10800.000000000002,0.0,True
Q3-[]@2025-12-01,0.0,0.0,1200.0,10800.0,0.0,True
Q3-[]@2025-12-02,0.0,0.0,1200.000000000001,10800.0,0.0,True
Q3-[]@2025-12-03,0.0,0.0,1200.0000000000027,10800.0,0.0,True
Q3-[]@2025-12-04,0.0,0.0,1200.000000000002,10800.000000000002,0.0,True
Q3-[]@2025-12-05,0.0,0.0,1199.9999999999995,10800.0,0.0,True
Q3-[]@2025-12-06,0.0,0.0,1199.9999999999986,10800.0,0.0,True
Q3-[]@2025-12-07,0.0,0.0,1200.0,10800.0,0.0,True
Q3-[]@2025-12-08,0.0,0.0,1200.0,10800.0,0.0,True
Q3-[]@2025-12-09,0.0,0.0,1200.0000000000014,10800.0,0.0,True
Q3-[]@2025-12-10,0.0,0.0,1200.0,10800.0,0.0,True
Q3-[]@2025-12-11,0.0,0.0,1200.000000000001,10800.0,0.0,True
Q3-[]@2025-12-12,22.929673500000035,0.0,1199.9999999999993,10800.0,0.0,True
Q3-[]@2025-12-13,0.0,0.0,1200.0000000000086,10800.000000000004,0.0,True
Q3-[]@2025-12-14,0.0,0.0,1200.0,10800.0,0.0,True
Q3-[]@2025-12-15,0.0,0.0,1200.0,10800.0,0.0,True
Q3-[]@2025-12-16,0.0,0.0,1199.9999999999998,10800.0,0.0,True
Q3-[]@2025-12-17,0.0,0.0,1200.0000000000002,10800.0,0.0,True
Q3-[]@2025-12-18,0.0,0.0,1200.0,10800.000000000002,0.0,True
Q3-[]@2025-12-19,33.95010833333333,0.0,1200.0000000000045,10800.000000000002,0.0,True
Q3-[]@2025-12-20,26.332972749999954,0.0,1200.0000000000018,10800.000000000002,0.0,True
Q3-[]@2025-12-21,0.0,0.0,1199.9999999999993,10800.0,0.0,True
Q3-[]@2025-12-22,0.0,0.0,1199.9999999999995,10800.0,0.0,True
Q3-[]@2025-12-23,0.0,0.0,1199.9999999999998,10800.0,0.0,True
Q3-[]@2025-12-24,0.0,0.0,1200.0,10800.0,0.0,True
Q3-[]@2025-12-25,0.0,0.0,1200.0,10800.0,0.0,True
Q3-[]@2025-12-26,37.28108400000008,0.0,1200.0000000000005,10800.0,0.0,True
Q3-[]@2025-12-27,18.92263566666668,0.0,1200.0000000000052,10800.000000000004,0.0,True
Q3-[]@2025-12-28,0.0,0.0,1200.0000000000014,10800.000000000002,0.0,True
Q3-[]@2025-12-29,0.0,0.0,1200.0000000000005,10800.0,0.0,True
Q3-[]@2025-12-30,0.0,0.0,1199.9999999999998,10800.0,0.0,True
Q3-[]@2025-12-31,0.0,0.0,1199.9999999999995,10800.0,0.0,True
Q3-[6]@2025-01-01,-2.842170943040401e-14,0.0,1199.9999999999982,10799.999999999998,0.0,True
Q3-[6]@2025-01-02,0.0,0.0,1199.9999999999982,10800.0,0.0,True
Q3-[6]@2025-01-03,0.0,0.0,1200.0000000000014,10800.0,0.0,True
Q3-[6]@2025-01-04,0.0,0.0,1200.0000000000014,10800.0,0.0,True
Q3-[6]@2025-01-05,0.0,0.0,1199.9999999999998,10800.0,0.0,True
Q3-[6]@2025-01-06,0.0,0.0,1200.0,10800.0,0.0,True
Q3-[6]@2025-01-07,0.0,0.0,1200.0000000000014,10800.000000000002,0.0,True
Q3-[6]@2025-01-08,0.0,0.0,1199.9999999999982,10800.0,0.0,True
Q3-[6]@2025-01-09,0.0,0.0,1200.0000000000005,10800.0,0.0,True
Q3-[6]@2025-01-10,0.0,0.0,1200.000000000004,10800.0,0.0,True
Q3-[6]@2025-01-11,0.0,0.0,1613.6153205370324,10800.0,0.0,True
Q3-[6]@2025-01-12,0.0,0.0,1200.0000000000005,10800.0,0.0,True
Q3-[6]@2025-01-13,0.0,0.0,1202.06146111111,10800.0,0.0,True
Q3-[6]@2025-01-14,0.0,0.0,1200.0000000000005,10800.0,0.0,True
Q3-[6]@2025-01-15,0.0,0.0,1200.0000000000014,10800.0,0.0,True
Q3-[6]@2025-01-16,0.0,0.0,1200.000000000001,10800.000000000004,0.0,True
Q3-[6]@2025-01-17,0.0,0.0,1596.5608523342567,10800.0,0.0,True
Q3-[6]@2025-01-18,0.0,0.0,1476.096658034724,10800.0,0.0,True
Q3-[6]@2025-01-19,0.0,0.0,1199.9999999999993,10800.0,0.0,True
Q3-[6]@2025-01-20,-7.105427357601002e-15,0.0,1200.0000000000002,10800.000000000002,0.0,True
Q3-[6]@2025-01-21,0.0,0.0,1200.0000000000027,10800.000000000002,0.0,True
Q3-[6]@2025-01-22,0.0,0.0,1200.0000000000011,10800.000000000002,0.0,True
Q3-[6]@2025-01-23,0.0,0.0,1200.0000000000014,10800.0,0.0,True
Q3-[6]@2025-01-24,0.0,0.0,1209.6228714148178,10800.0,0.0,True
Q3-[6]@2025-01-25,0.0,0.0,1200.0,10800.0,0.0,True
Q3-[6]@2025-01-26,0.0,0.0,1200.0000000000005,10800.000000000002,0.0,True
Q3-[6]@2025-01-27,0.0,0.0,1200.0000000000032,10800.000000000002,0.0,True
Q3-[6]@2025-01-28,0.0,0.0,1200.0000000000005,10800.0,0.0,True
Q3-[6]@2025-01-29,0.0,0.0,1199.9999999999989,10800.0,0.0,True
Q3-[6]@2025-01-30,0.0,0.0,1200.0000000000018,10800.0,0.0,True
Q3-[6]@2025-01-31,0.9149791666667397,0.0,1201.6738323000047,10800.0,0.0,True
Q3-[6]@2025-02-01,0.0,0.0,2727.127976998611,10800.0,0.0,True
Q3-[6]@2025-02-02,0.0,0.0,1423.3450659938258,10800.000000000002,0.0,True
Q3-[6]@2025-02-03,0.0,0.0,1545.1252777777795,10800.0,0.0,True
Q3-[6]@2025-02-04,0.0,0.0,1200.000000000004,10800.000000000004,0.0,True
Q3-[6]@2025-02-05,0.0,0.0,1200.0000000000016,10800.0,0.0,True
Q3-[6]@2025-02-06,0.0,0.0,1405.8856287654316,10800.0,0.0,True
Q3-[6]@2025-02-07,0.0,0.0,1200.0000000000023,10800.0,0.0,True
Q3-[6]@2025-02-08,0.0,0.0,1200.0000000000018,10800.0,0.0,True
Q3-[6]@2025-02-09,0.0,0.0,1199.999999999999,10800.0,0.0,True
Q3-[6]@2025-02-10,-2.220446049250313e-15,0.0,1403.887711111116,10800.000000000002,0.0,True
Q3-[6]@2025-02-11,-3.552713678800501e-15,0.0,1462.3886388888898,10800.0,0.0,True
Q3-[6]@2025-02-12,0.0,0.0,1477.250355555554,10800.0,0.0,True
Q3-[6]@2025-02-13,-7.105427357601002e-15,0.0,1304.9988111111143,10800.000000000002,0.0,True
Q3-[6]@2025-02-14,0.0,0.0,1419.9638290527814,10800.0,0.0,True
Q3-[6]@2025-02-15,0.0,0.0,2425.9017222222237,10800.000000000002,0.0,True
Q3-[6]@2025-02-16,0.0,0.0,1300.6029138888928,10800.0,0.0,True
Q3-[6]@2025-02-17,0.0,0.0,1246.322841575616,10800.0,0.0,True
Q3-[6]@2025-02-18,-1.4210854715202004e-14,0.0,1200.0000000000032,10800.0,0.0,True
Q3-[6]@2025-02-19,0.0,0.0,1310.3485472222246,10800.0,0.0,True
Q3-[6]@2025-02-20,0.0,0.0,1200.0000000000018,10800.000000000002,0.0,True
Q3-[6]@2025-02-21,0.0,0.0,2131.0582101259306,10800.0,0.0,True
Q3-[6]@2025-02-22,0.0,0.0,2174.88007777778,10800.0,0.0,True
Q3-[6]@2025-02-23,0.0,0.0,1200.0000000000018,10800.0,0.0,True
Q3-[6]@2025-02-24,-7.105427357601002e-15,0.0,1461.9785916666685,10800.0,0.0,True
Q3-[6]@2025-02-25,0.0,0.0,1200.0000000000002,10800.0,0.0,True
Q3-[6]@2025-02-26,-3.552713678800501e-15,0.0,1200.0000000000027,10800.000000000002,0.0,True
Q3-[6]@2025-02-27,-5.329070518200751e-15,0.0,1200.0000000000018,10800.000000000002,0.0,True
Q3-[6]@2025-02-28,-4.440892098500626e-16,0.0,1789.228717194445,10363.817828305555,0.0,True
Q3-[6]@2025-03-01,0.0,0.0,2663.240188888887,10800.0,0.0,True
Q3-[6]@2025-03-02,-7.105427357601002e-15,0.0,1200.0000000000011,10800.000000000002,0.0,True
Q3-[6]@2025-03-03,0.0,0.0,1200.0000000000005,10800.0,0.0,True
Q3-[6]@2025-03-04,-7.105427357601002e-15,0.0,1200.0000000000007,10800.0,0.0,True
Q3-[6]@2025-03-05,-1.4210854715202004e-14,0.0,1464.1617000000015,10800.0,0.0,True
Q3-[6]@2025-03-06,-1.4210854715202004e-14,0.0,1251.1041516821017,10800.0,0.0,True
Q3-[6]@2025-03-07,0.0,0.0,2537.6139259259244,10800.0,0.0,True
Q3-[6]@2025-03-08,0.0,0.0,1951.1612572021686,10340.052231276237,0.0,True
Q3-[6]@2025-03-09,-1.4210854715202004e-14,0.0,1299.4982416666703,10800.0,0.0,True
Q3-[6]@2025-03-10,-7.105427357601002e-15,0.0,1200.000000000001,10800.000000000002,0.0,True
Q3-[6]@2025-03-11,-7.105427357601002e-15,0.0,1200.000000000001,10800.0,0.0,True
Q3-[6]@2025-03-12,-1.4210854715202004e-14,0.0,1357.0900499999996,10800.0,0.0,True
Q3-[6]@2025-03-13,-7.105427357601002e-15,0.0,1382.8460981481476,10800.000000000002,0.0,True
Q3-[6]@2025-03-14,0.0,0.0,2265.799970142291,10664.556796068215,0.0,True
Q3-[6]@2025-03-15,0.0,0.0,1200.000000000001,9690.20287240741,0.0,True
Q3-[6]@2025-03-16,0.0,0.0,1200.0000000000002,10800.0,0.0,True
Q3-[6]@2025-03-17,-4.884981308350689e-15,0.0,1317.372780555559,10800.0,0.0,True
Q3-[6]@2025-03-18,0.0,0.0,1360.7235949058709,10800.0,0.0,True
Q3-[6]@2025-03-19,0.0,0.0,1200.0000000000002,10800.0,0.0,True
Q3-[6]@2025-03-20,-7.105427357601002e-15,0.0,1209.8348694444458,10800.0,0.0,True
Q3-[6]@2025-03-21,0.0,0.0,1254.8941931694421,9858.362489465737,0.0,True
Q3-[6]@2025-03-22,0.0,0.0,1734.0560354660547,10273.394020651243,0.0,True
Q3-[6]@2025-03-23,0.0,0.0,1207.3621419753104,10800.0,0.0,True
Q3-[6]@2025-03-24,0.0,0.0,1200.000000000001,10800.0,0.0,True
Q3-[6]@2025-03-25,0.0,0.0,1200.0000000000005,10800.0,0.0,True
Q3-[6]@2025-03-26,0.0,0.0,1199.9999999999995,10800.0,0.0,True
Q3-[6]@2025-03-27,0.0,0.0,1200.000000000003,10800.000000000002,0.0,True
Q3-[6]@2025-03-28,0.0,0.0,1510.3246539935135,10128.208913252774,0.0,True
Q3-[6]@2025-03-29,0.0,0.0,1219.0077595012376,9881.852039130867,0.0,True
Q3-[6]@2025-03-30,-7.105427357601002e-15,0.0,1200.000000000004,10800.000000000002,0.0,True
Q3-[6]@2025-03-31,0.0,0.0,1200.0000000000005,10800.000000000002,0.0,True
Q3-[6]@2025-04-01,0.0,0.0,1200.0000000000011,10800.0,0.0,True
Q3-[6]@2025-04-02,0.0,0.0,1200.000000000001,10800.0,0.0,True
Q3-[6]@2025-04-03,0.0,0.0,1200.0000000000014,10800.0,0.0,True
Q3-[6]@2025-04-04,0.0,0.0,1753.8916976705289,10370.129519892747,0.0,True
Q3-[6]@2025-04-05,0.0,0.0,1200.000000000001,9886.764859259263,0.0,True
Q3-[6]@2025-04-06,0.0,0.0,1200.0000000000018,10800.0,0.0,True
Q3-[6]@2025-04-07,0.0,0.0,1200.0000000000014,10800.0,0.0,True
Q3-[6]@2025-04-08,0.0,0.0,1200.0000000000036,10800.000000000002,0.0,True
Q3-[6]@2025-04-09,0.0,0.0,1200.0000000000005,10800.0,0.0,True
Q3-[6]@2025-04-10,0.0,0.0,1199.9999999999998,10800.0,0.0,True
Q3-[6]@2025-04-11,0.0,0.0,1217.9794579500021,9939.810511653706,0.0,True
Q3-[6]@2025-04-12,0.0,0.0,1761.5302685776228,10241.946488947995,0.0,True
Q3-[6]@2025-04-13,0.0,0.0,1241.3049475308667,10800.000000000002,0.0,True
Q3-[6]@2025-04-14,-1.4210854715202004e-14,0.0,1200.0000000000034,10800.0,0.0,True
Q3-[6]@2025-04-15,0.0,0.0,1200.000000000004,10800.000000000004,0.0,True
Q3-[6]@2025-04-16,0.0,0.0,1200.0000000000064,10800.000000000002,0.0,True
Q3-[6]@2025-04-17,0.0,0.0,1200.0000000000005,10800.0,0.0,True
Q3-[6]@2025-04-18,0.0,0.0,1200.0000000000018,9909.865816666668,0.0,True
Q3-[6]@2025-04-19,0.0,0.0,1836.7091441851871,10272.820307796297,0.0,True
Q3-[6]@2025-04-20,-7.105427357601002e-15,0.0,1199.999999999999,10800.0,0.0,True
Q3-[6]@2025-04-21,-7.105427357601002e-15,0.0,1199.999999999999,10800.0,0.0,True
Q3-[6]@2025-04-22,-1.7763568394002505e-15,0.0,1200.0000000000036,10800.0,0.0,True
Q3-[6]@2025-04-23,-7.105427357601002e-15,0.0,1200.0000000000002,10800.0,0.0,True
Q3-[6]@2025-04-24,0.0,0.0,1200.0000000000005,10800.0,0.0,True
Q3-[6]@2025-04-25,0.0,0.0,1212.1711485750075,9667.799853899083,0.0,True
Q3-[6]@2025-04-26,0.0,0.0,1200.0000000000005,9675.289665277778,0.0,True
Q3-[6]@2025-04-27,0.0,0.0,1200.0000000000011,10800.000000000002,0.0,True
Q3-[6]@2025-04-28,0.0,0.0,1199.9999999999998,10800.0,0.0,True
Q3-[6]@2025-04-29,-3.552713678800501e-15,0.0,1200.000000000001,10800.0,0.0,True
Q3-[6]@2025-04-30,0.0,0.0,1199.9999999999998,10739.046612962964,0.0,True
Q3-[6]@2025-05-01,0.0,0.0,1199.9999999999995,10800.0,0.0,True
Q3-[6]@2025-05-02,0.0,0.0,1464.773235564825,10194.578198527788,0.0,True
Q3-[6]@2025-05-03,0.0,0.0,1564.131214389346,10102.357509528238,0.0,True
Q3-[6]@2025-05-04,0.0,0.0,1200.0000000000027,10800.0,0.0,True
Q3-[6]@2025-05-05,0.0,0.0,1200.0000000000014,10800.0,0.0,True
Q3-[6]@2025-05-06,0.0,0.0,1200.0000000000011,10800.000000000002,0.0,True
Q3-[6]@2025-05-07,0.0,0.0,1199.9999999999998,10800.0,0.0,True
Q3-[6]@2025-05-08,-7.105427357601002e-15,0.0,1200.0000000000014,10800.0,0.0,True
Q3-[6]@2025-05-09,0.0,0.0,1295.2944013604924,10143.707645278706,0.0,True
Q3-[6]@2025-05-10,0.0,0.0,1200.0000000000027,10400.264026645063,0.0,True
Q3-[6]@2025-05-11,0.0,0.0,1200.0000000000007,10800.0,0.0,True
Q3-[6]@2025-05-12,0.0,0.0,1200.0000000000005,10800.0,0.0,True
Q3-[6]@2025-05-13,-8.881784197001252e-16,0.0,1200.0000000000018,10800.0,0.0,True
Q3-[6]@2025-05-14,0.0,0.0,1200.0000000000023,10800.0,0.0,True
Q3-[6]@2025-05-15,0.0,0.0,1200.000000000001,10800.0,0.0,True
Q3-[6]@2025-05-16,0.0,0.0,1200.0000000000032,9759.891401931329,0.0,True
Q3-[6]@2025-05-17,0.0,0.0,1322.417711176234,10039.399720953239,0.0,True
Q3-[6]@2025-05-18,0.0,0.0,1200.0000000000011,10800.0,0.0,True
Q3-[6]@2025-05-19,-1.7763568394002505e-15,0.0,1200.0,10800.0,0.0,True
Q3-[6]@2025-05-20,0.0,0.0,1200.0000000000018,10800.0,0.0,True
Q3-[6]@2025-05-21,0.0,0.0,1199.9999999999989,10799.999999999998,0.0,True
Q3-[6]@2025-05-22,0.0,0.0,1200.0000000000023,10800.0,0.0,True
Q3-[6]@2025-05-23,0.0,0.0,1303.1924311598768,9958.484663696914,0.0,True
Q3-[6]@2025-05-24,12.965346124999826,0.0,1345.9109651023223,10002.555650847691,0.0,True
Q3-[6]@2025-05-25,0.0,0.0,1200.0000000000011,10800.0,0.0,True
Q3-[6]@2025-05-26,0.0,0.0,1200.0000000000002,10781.176757098767,0.0,True
Q3-[6]@2025-05-27,0.0,0.0,1200.0,10800.0,0.0,True
Q3-[6]@2025-05-28,0.0,0.0,1200.0000000000002,10800.0,0.0,True
Q3-[6]@2025-05-29,0.0,0.0,1200.0000000000002,10800.0,0.0,True
Q3-[6]@2025-05-30,0.0,0.0,1242.6337323271587,9841.943241313269,0.0,True
Q3-[6]@2025-05-31,0.0,0.0,1434.3141522000008,10217.289372250923,0.0,True
Q3-[6]@2025-06-01,0.0,0.0,1200.0000000000002,10800.0,0.0,True
Q3-[6]@2025-06-02,0.0,0.0,1199.9999999999984,10800.0,0.0,True
Q3-[6]@2025-06-03,0.0,0.0,1200.0000000000002,10800.0,0.0,True
Q3-[6]@2025-06-04,0.0,0.0,1200.0000000000002,10800.0,0.0,True
Q3-[6]@2025-06-05,0.0,0.0,1200.0000000000002,10800.0,0.0,True
Q3-[6]@2025-06-06,0.0,0.0,1199.9999999999995,10800.0,0.0,True
Q3-[6]@2025-06-07,0.0,0.0,1200.0000000000014,10800.0,0.0,True
Q3-[6]@2025-06-08,0.0,0.0,1200.000000000002,10800.000000000002,0.0,True
Q3-[6]@2025-06-09,0.0,0.0,1200.0000000000002,10800.0,0.0,True
Q3-[6]@2025-06-10,0.0,0.0,1200.0000000000002,10800.0,0.0,True
Q3-[6]@2025-06-11,0.0,0.0,1200.0000000000002,10800.0,0.0,True
Q3-[6]@2025-06-12,0.0,0.0,1200.0000000000002,10800.000000000002,0.0,True
Q3-[6]@2025-06-13,15.078652444444288,0.0,1200.0000000000011,10800.0,0.0,True
Q3-[6]@2025-06-14,0.0,0.0,1199.999999999999,10800.0,0.0,True
Q3-[6]@2025-06-15,0.0,0.0,1200.000000000002,10800.000000000002,0.0,True
Q3-[6]@2025-06-16,0.0,0.0,1200.000000000002,10800.000000000002,0.0,True
Q3-[6]@2025-06-17,0.0,0.0,1200.0000000000039,10800.000000000004,0.0,True
Q3-[6]@2025-06-18,0.0,0.0,1200.0000000000002,10800.0,0.0,True
Q3-[6]@2025-06-19,0.0,0.0,1200.0000000000002,10800.0,0.0,True
Q3-[6]@2025-06-20,10.415862916666583,0.0,1200.0000000000005,10800.0,0.0,True
Q3-[6]@2025-06-21,19.97975777777765,0.0,1199.9999999999995,10197.786311728394,0.0,True
Q3-[6]@2025-06-22,0.0,0.0,1200.0000000000002,10800.0,0.0,True
Q3-[6]@2025-06-23,0.0,0.0,1200.000000000003,10800.0,0.0,True
Q3-[6]@2025-06-24,0.0,0.0,1200.0000000000018,10800.000000000004,0.0,True
Q3-[6]@2025-06-25,0.0,0.0,1200.0000000000048,10800.000000000004,0.0,True
Q3-[6]@2025-06-26,0.0,0.0,1200.0000000000011,10800.0,0.0,True
Q3-[6]@2025-06-27,48.35454563888891,0.0,1199.9999999999995,10180.305978425926,0.0,True
Q3-[6]@2025-06-28,12.308846416666597,0.0,1200.0,10432.503839519446,0.0,True
Q3-[6]@2025-06-29,0.0,0.0,1200.0,10800.0,0.0,True
Q3-[6]@2025-06-30,0.0,0.0,1200.0000000000023,10800.000000000002,0.0,True
Q3-[6]@2025-07-01,0.0,0.0,1200.000000000002,10800.000000000002,0.0,True
Q3-[6]@2025-07-02,0.0,0.0,1200.0000000000002,10800.0,0.0,True
Q3-[6]@2025-07-03,0.0,0.0,1200.0000000000039,10800.000000000004,0.0,True
Q3-[6]@2025-07-04,0.0,0.0,1200.0000000000002,10800.0,0.0,True
Q3-[6]@2025-07-05,0.0,0.0,1200.0000000000002,10800.0,0.0,True
Q3-[6]@2025-07-06,0.0,0.0,1200.0000000000002,10800.0,0.0,True
Q3-[6]@2025-07-07,0.0,0.0,1199.9999999999984,10800.0,0.0,True
Q3-[6]@2025-07-08,0.0,0.0,1199.9999999999998,10800.0,0.0,True
Q3-[6]@2025-07-09,0.0,0.0,1200.0000000000002,10800.0,0.0,True
Q3-[6]@2025-07-10,0.0,0.0,1199.9999999999984,10800.0,0.0,True
Q3-[6]@2025-07-11,0.0,0.0,1200.0000000000002,10800.0,0.0,True
Q3-[6]@2025-07-12,13.498441666666736,0.0,1200.0,10800.0,0.0,True
Q3-[6]@2025-07-13,0.0,0.0,1199.9999999999984,10800.0,0.0,True
Q3-[6]@2025-07-14,0.0,0.0,1200.0000000000002,10800.0,0.0,True
Q3-[6]@2025-07-15,-8.881784197001252e-16,0.0,1200.0000000000002,10800.0,0.0,True
Q3-[6]@2025-07-16,-4.884981308350689e-15,0.0,1200.000000000002,10800.000000000002,0.0,True
Q3-[6]@2025-07-17,0.0,0.0,1200.0000000000007,10800.000000000002,0.0,True
Q3-[6]@2025-07-18,43.97619063888896,0.0,1200.0000000000032,10443.659262500001,0.0,True
Q3-[6]@2025-07-19,0.0,0.0,1200.0000000000027,10472.72111226852,0.0,True
Q3-[6]@2025-07-20,0.0,0.0,1200.0000000000002,10800.0,0.0,True
Q3-[6]@2025-07-21,0.0,0.0,1200.000000000001,10800.000000000002,0.0,True
Q3-[6]@2025-07-22,0.0,0.0,1200.0000000000002,10800.0,0.0,True
Q3-[6]@2025-07-23,0.0,0.0,1200.0000000000002,10800.0,0.0,True
Q3-[6]@2025-07-24,0.0,0.0,1200.000000000002,10800.000000000002,0.0,True
Q3-[6]@2025-07-25,0.0,0.0,1199.999999999997,10163.854663657403,0.0,True
Q3-[6]@2025-07-26,8.16337437499999,0.0,1200.0,10134.984807175924,0.0,True
Q3-[6]@2025-07-27,0.0,0.0,1200.0000000000002,10800.0,0.0,True
Q3-[6]@2025-07-28,-4.746203430272544e-15,0.0,1200.0000000000002,10800.0,0.0,True
Q3-[6]@2025-07-29,0.0,0.0,1200.0,10800.0,0.0,True
Q3-[6]@2025-07-30,0.0,0.0,1200.0000000000014,10800.000000000002,0.0,True
Q3-[6]@2025-07-31,0.0,0.0,1200.0000000000014,10800.0,0.0,True
Q3-[6]@2025-08-01,0.0,0.0,1217.0792250749905,10260.521654010176,0.0,True
Q3-[6]@2025-08-02,0.0,0.0,2099.047151851854,10800.000000000002,0.0,True
Q3-[6]@2025-08-03,0.0,0.0,1200.000000000002,10800.000000000002,0.0,True
Q3-[6]@2025-08-04,0.0,0.0,1200.0000000000036,10800.0,0.0,True
Q3-[6]@2025-08-05,0.0,0.0,1200.0000000000032,10800.0,0.0,True
Q3-[6]@2025-08-06,0.0,0.0,1200.0000000000045,10800.0,0.0,True
Q3-[6]@2025-08-07,0.0,0.0,1200.0000000000016,10800.0,0.0,True
Q3-[6]@2025-08-08,11.840519083333334,0.0,1200.0000000000018,9891.933912500002,0.0,True
Q3-[6]@2025-08-09,0.0,0.0,1199.9999999999998,9953.772289120368,0.0,True
Q3-[6]@2025-08-10,0.0,0.0,1199.9999999999998,10800.0,0.0,True
Q3-[6]@2025-08-11,0.0,0.0,1200.000000000001,10800.000000000002,0.0,True
Q3-[6]@2025-08-12,0.0,0.0,1200.000000000002,10800.0,0.0,True
Q3-[6]@2025-08-13,-7.105427357601002e-15,0.0,1200.0,10800.0,0.0,True
Q3-[6]@2025-08-14,0.0,0.0,1199.9999999999998,10800.0,0.0,True
Q3-[6]@2025-08-15,0.0,0.0,1200.0000000000018,10052.311106481482,0.0,True
Q3-[6]@2025-08-16,0.0,0.0,1213.0355261249983,10138.683133532404,0.0,True
Q3-[6]@2025-08-17,0.0,0.0,1199.999999999999,10800.0,0.0,True
Q3-[6]@2025-08-18,0.0,0.0,1200.000000000003,10800.000000000002,0.0,True
Q3-[6]@2025-08-19,0.0,0.0,1199.999999999999,10800.0,0.0,True
Q3-[6]@2025-08-20,0.0,0.0,1200.0000000000005,10800.0,0.0,True
Q3-[6]@2025-08-21,-2.220446049250313e-15,0.0,1199.9999999999995,10800.0,0.0,True
Q3-[6]@2025-08-22,0.0,0.0,1441.9928554125017,10234.461994610028,0.0,True
Q3-[6]@2025-08-23,0.0,0.0,1505.8100147000064,10367.92056377408,0.0,True
Q3-[6]@2025-08-24,-1.4210854715202004e-14,0.0,1200.0000000000002,10793.835416666667,0.0,True
Q3-[6]@2025-08-25,0.0,0.0,1200.0000000000018,10800.0,0.0,True
Q3-[6]@2025-08-26,0.0,0.0,1200.0000000000018,10753.919964564198,0.0,True
Q3-[6]@2025-08-27,0.0,0.0,1200.000000000005,10800.0,0.0,True
Q3-[6]@2025-08-28,-3.552713678800501e-15,0.0,1200.000000000005,10800.0,0.0,True
Q3-[6]@2025-08-29,0.0,0.0,1251.9325535999994,9915.123282612347,0.0,True
Q3-[6]@2025-08-30,0.0,0.0,1245.1164606385898,10277.427977613896,0.0,True
Q3-[6]@2025-08-31,0.0,0.0,1200.0000000000005,10800.0,0.0,True
Q3-[6]@2025-09-01,0.0,0.0,1199.999999999999,10800.0,0.0,True
Q3-[6]@2025-09-02,0.0,0.0,1200.000000000001,10800.0,0.0,True
Q3-[6]@2025-09-03,0.0,0.0,1200.0,10800.0,0.0,True
Q3-[6]@2025-09-04,0.0,0.0,1199.999999999999,10800.0,0.0,True
Q3-[6]@2025-09-05,0.0,0.0,1654.0737157500027,9624.89692192284,0.0,True
Q3-[6]@2025-09-06,0.0,0.0,1756.3905413797881,9810.79827316991,0.0,True
Q3-[6]@2025-09-07,0.0,0.0,1200.0000000000034,10800.0,0.0,True
Q3-[6]@2025-09-08,0.0,0.0,1200.0000000000005,10800.0,0.0,True
Q3-[6]@2025-09-09,0.0,0.0,1199.9999999999995,10800.0,0.0,True
Q3-[6]@2025-09-10,-1.4210854715202004e-14,0.0,1200.0000000000077,10800.0,0.0,True
Q3-[6]@2025-09-11,0.0,0.0,1200.0000000000005,10800.0,0.0,True
Q3-[6]@2025-09-12,0.0,0.0,1476.4982485875016,9402.236683186267,0.0,True
Q3-[6]@2025-09-13,23.593792444444375,0.0,1200.0,8962.533540617284,0.0,True
Q3-[6]@2025-09-14,0.0,0.0,1200.0,10800.0,0.0,True
Q3-[6]@2025-09-15,0.0,0.0,1199.9999999999986,10800.0,0.0,True
Q3-[6]@2025-09-16,0.0,0.0,1200.0000000000032,10800.0,0.0,True
Q3-[6]@2025-09-17,0.0,0.0,1200.0000000000005,10800.0,0.0,True
Q3-[6]@2025-09-18,0.0,0.0,1200.0000000000011,10800.0,0.0,True
Q3-[6]@2025-09-19,0.0,0.0,1199.999999999999,9482.080626217596,0.0,True
Q3-[6]@2025-09-20,0.0,0.0,1270.2368267240768,9400.534151858334,0.0,True
Q3-[6]@2025-09-21,0.0,0.0,1200.0000000000098,10800.0,0.0,True
Q3-[6]@2025-09-22,0.0,0.0,1199.9999999999995,10800.0,0.0,True
Q3-[6]@2025-09-23,0.0,0.0,1200.0000000000005,10800.0,0.0,True
Q3-[6]@2025-09-24,0.0,0.0,1200.0000000000007,10800.0,0.0,True
Q3-[6]@2025-09-25,0.0,0.0,1200.0000000000032,10800.000000000004,0.0,True
Q3-[6]@2025-09-26,0.0,0.0,2358.629310076389,10800.0,0.0,True
Q3-[6]@2025-09-27,0.0,0.0,1326.9067537530918,10800.0,0.0,True
Q3-[6]@2025-09-28,0.0,0.0,1199.9999999999998,10800.0,0.0,True
Q3-[6]@2025-09-29,0.0,0.0,1200.0000000000018,10800.0,0.0,True
Q3-[6]@2025-09-30,0.0,0.0,1199.9999999999986,10800.0,0.0,True
Q3-[6]@2025-10-01,0.0,0.0,1199.9999999999995,10800.0,0.0,True
Q3-[6]@2025-10-02,0.0,0.0,1199.9999999999993,10800.0,0.0,True
Q3-[6]@2025-10-03,0.0,0.0,1320.1654647314833,9856.925383707408,0.0,True
Q3-[6]@2025-10-04,0.0,0.0,1276.0364447226866,10800.0,0.0,True
Q3-[6]@2025-10-05,0.0,0.0,1200.0000000000014,10800.000000000002,0.0,True
Q3-[6]@2025-10-06,0.0,0.0,1200.0000000000016,10800.000000000002,0.0,True
Q3-[6]@2025-10-07,0.0,0.0,1199.9999999999995,10800.0,0.0,True
Q3-[6]@2025-10-08,0.0,0.0,1199.9999999999982,10800.0,0.0,True
Q3-[6]@2025-10-09,0.0,0.0,1199.999999999998,10800.0,0.0,True
Q3-[6]@2025-10-10,0.0,0.0,2075.699296296295,10800.0,0.0,True
Q3-[6]@2025-10-11,0.0,0.0,2246.0604518518494,10800.0,0.0,True
Q3-[6]@2025-10-12,0.0,0.0,1200.000000000004,10800.000000000002,0.0,True
Q3-[6]@2025-10-13,0.0,0.0,1200.0,10800.000000000002,0.0,True
Q3-[6]@2025-10-14,0.0,0.0,1200.0000000000005,10800.0,0.0,True
Q3-[6]@2025-10-15,0.0,0.0,1200.0000000000005,10800.0,0.0,True
Q3-[6]@2025-10-16,0.0,0.0,1200.0000000000005,10800.0,0.0,True
Q3-[6]@2025-10-17,0.0,0.0,1200.000000000001,10337.089098734565,0.0,True
Q3-[6]@2025-10-18,0.0,0.0,1200.0000000000007,9794.059399999998,0.0,True
Q3-[6]@2025-10-19,0.0,0.0,1199.9999999999998,10800.0,0.0,True
Q3-[6]@2025-10-20,0.0,0.0,1203.659452777779,10800.0,0.0,True
Q3-[6]@2025-10-21,0.0,0.0,1200.0000000000005,10800.0,0.0,True
Q3-[6]@2025-10-22,0.0,0.0,1200.0,10800.0,0.0,True
Q3-[6]@2025-10-23,0.0,0.0,1200.0000000000032,10800.000000000002,0.0,True
Q3-[6]@2025-10-24,0.0,0.0,2055.109909442129,10684.100922636573,0.0,True
Q3-[6]@2025-10-25,0.0,0.0,2283.8296678240727,10800.0,0.0,True
Q3-[6]@2025-10-26,0.0,0.0,1200.0000000000023,10800.000000000002,0.0,True
Q3-[6]@2025-10-27,0.0,0.0,1200.0000000000014,10800.000000000002,0.0,True
Q3-[6]@2025-10-28,0.0,0.0,1200.000000000001,10800.000000000002,0.0,True
Q3-[6]@2025-10-29,0.0,0.0,1200.0000000000039,10800.000000000004,0.0,True
Q3-[6]@2025-10-30,0.0,0.0,1200.0000000000055,10800.000000000005,0.0,True
Q3-[6]@2025-10-31,0.0,0.0,2255.410984259259,10800.0,0.0,True
Q3-[6]@2025-11-01,0.0,0.0,1200.0000000000027,10691.338189703089,0.0,True
Q3-[6]@2025-11-02,0.0,0.0,1200.0,10800.0,0.0,True
Q3-[6]@2025-11-03,0.0,0.0,1200.0000000000023,10800.000000000002,0.0,True
Q3-[6]@2025-11-04,0.0,0.0,1199.9999999999995,10800.0,0.0,True
Q3-[6]@2025-11-05,0.0,0.0,1199.999999999998,10800.0,0.0,True
Q3-[6]@2025-11-06,0.0,0.0,1200.0000000000018,10800.000000000002,0.0,True
Q3-[6]@2025-11-07,0.0,0.0,1200.0,10800.0,0.0,True
Q3-[6]@2025-11-08,0.0,0.0,1378.553968206481,10800.0,0.0,True
Q3-[6]@2025-11-09,0.0,0.0,1199.9999999999982,10800.0,0.0,True
Q3-[6]@2025-11-10,0.0,0.0,1199.9999999999989,10800.0,0.0,True
Q3-[6]@2025-11-11,0.0,0.0,1236.8766166666683,10800.000000000002,0.0,True
Q3-[6]@2025-11-12,0.0,0.0,1199.9999999999995,10800.0,0.0,True
Q3-[6]@2025-11-13,0.0,0.0,1200.0000000000016,10800.0,0.0,True
Q3-[6]@2025-11-14,0.0,0.0,1959.579177134256,10800.0,0.0,True
Q3-[6]@2025-11-15,0.0,0.0,1200.0000000000014,10800.0,0.0,True
Q3-[6]@2025-11-16,0.0,0.0,1200.0000000000007,10800.0,0.0,True
Q3-[6]@2025-11-17,0.0,0.0,1200.0000000000025,10800.0,0.0,True
Q3-[6]@2025-11-18,0.0,0.0,1199.9999999999968,10800.0,0.0,True
Q3-[6]@2025-11-19,0.0,0.0,1200.0000000000005,10800.0,0.0,True
Q3-[6]@2025-11-20,0.0,0.0,1200.0000000000023,10800.0,0.0,True
Q3-[6]@2025-11-21,0.0,0.0,1200.0000000000002,10800.0,0.0,True
Q3-[6]@2025-11-22,0.0,0.0,1200.0,10800.0,0.0,True
Q3-[6]@2025-11-23,0.0,0.0,1200.0000000000002,10800.0,0.0,True
Q3-[6]@2025-11-24,0.0,0.0,1199.9999999999993,10800.000000000004,0.0,True
Q3-[6]@2025-11-25,0.0,0.0,1200.0000000000014,10800.000000000002,0.0,True
Q3-[6]@2025-11-26,0.0,0.0,1199.9999999999986,10800.0,0.0,True
Q3-[6]@2025-11-27,0.0,0.0,1200.0000000000002,10800.000000000002,0.0,True
Q3-[6]@2025-11-28,5.608031666666648,0.0,1200.0000000000027,10800.0,0.0,True
Q3-[6]@2025-11-29,0.0,0.0,1200.000000000004,10800.0,0.0,True
Q3-[6]@2025-11-30,0.0,0.0,1200.000000000001,10800.0,0.0,True
Q3-[6]@2025-12-01,0.0,0.0,1200.0000000000023,10800.000000000002,0.0,True
Q3-[6]@2025-12-02,0.0,0.0,1200.0,10800.0,0.0,True
Q3-[6]@2025-12-03,0.0,0.0,1200.000000000001,10800.0,0.0,True
Q3-[6]@2025-12-04,0.0,0.0,1200.0000000000005,10800.0,0.0,True
Q3-[6]@2025-12-05,0.0,0.0,1199.9999999999986,10800.0,0.0,True
Q3-[6]@2025-12-06,0.0,0.0,1258.9784483991061,10800.0,0.0,True
Q3-[6]@2025-12-07,0.0,0.0,1200.0,10800.0,0.0,True
Q3-[6]@2025-12-08,0.0,0.0,1200.0000000000007,10800.0,0.0,True
Q3-[6]@2025-12-09,0.0,0.0,1199.9999999999964,10800.0,0.0,True
Q3-[6]@2025-12-10,0.0,0.0,1200.0000000000023,10800.0,0.0,True
Q3-[6]@2025-12-11,0.0,0.0,1200.0000000000007,10800.000000000002,0.0,True
Q3-[6]@2025-12-12,4.515847124999993,0.0,1200.000000000001,10800.0,0.0,True
Q3-[6]@2025-12-13,0.0,0.0,1200.0000000000036,10800.000000000002,0.0,True
Q3-[6]@2025-12-14,0.0,0.0,1200.0,10800.0,0.0,True
Q3-[6]@2025-12-15,0.0,0.0,1200.0000000000007,10800.0,0.0,True
Q3-[6]@2025-12-16,0.0,0.0,1200.000000000001,10800.000000000004,0.0,True
Q3-[6]@2025-12-17,0.0,0.0,1199.9999999999993,10800.0,0.0,True
Q3-[6]@2025-12-18,0.0,0.0,1200.0000000000005,10800.0,0.0,True
Q3-[6]@2025-12-19,0.0,0.0,1329.3817499342626,10800.0,0.0,True
Q3-[6]@2025-12-20,0.0,0.0,1780.4450888888869,10800.0,0.0,True
Q3-[6]@2025-12-21,0.0,0.0,1200.0,10800.0,0.0,True
Q3-[6]@2025-12-22,0.0,0.0,1200.0,10800.0,0.0,True
Q3-[6]@2025-12-23,0.0,0.0,1200.0000000000023,10800.0,0.0,True
Q3-[6]@2025-12-24,0.0,0.0,1200.0000000000002,10800.0,0.0,True
Q3-[6]@2025-12-25,0.0,0.0,1200.0000000000005,10800.0,0.0,True
Q3-[6]@2025-12-26,3.2086242916666947,0.0,1215.773916656791,10800.0,0.0,True
Q3-[6]@2025-12-27,0.0,0.0,1712.0910276157424,10800.0,0.0,True
Q3-[6]@2025-12-28,0.0,0.0,1199.9999999999998,10800.0,0.0,True
Q3-[6]@2025-12-29,0.0,0.0,1199.9999999999998,10800.0,0.0,True
Q3-[6]@2025-12-30,0.0,0.0,1199.9999999999998,10800.0,0.0,True
Q3-[6]@2025-12-31,0.0,0.0,1200.000000000001,10800.0,0.0,True
Q3-[6]@2025-01-01,0.0,0.0,2072.5777275000014,6000.0,0.0,True
Q3-[6]@2025-01-02,0.0,0.0,1200.0,10800.0,0.0,True
Q3-[6]@2025-01-03,67.63563333333354,0.0,1200.0,10800.0,0.0,True
Q3-[6]@2025-01-04,77.66540833333335,0.0,1199.9999999999993,10800.0,0.0,True
Q3-[6]@2025-01-05,0.0,0.0,1199.9999999999993,10800.000000000002,0.0,True
Q3-[6]@2025-01-06,0.0,0.0,1200.0000000000005,10800.0,0.0,True
Q3-[6]@2025-01-07,0.0,0.0,1200.0000000000014,10800.000000000002,0.0,True
Q3-[6]@2025-01-08,0.0,0.0,1200.000000000002,10800.000000000002,0.0,True
Q3-[6]@2025-01-09,0.0,0.0,1200.0,10800.0,0.0,True
Q3-[6]@2025-01-10,0.0,0.0,1199.9999999999973,10800.0,0.0,True
Q3-[6]@2025-01-11,0.0,0.0,1269.4437962092534,10800.0,0.0,True
Q3-[6]@2025-01-12,0.0,0.0,1200.0000000000014,10800.0,0.0,True
Q3-[6]@2025-01-13,0.0,0.0,1202.0614611111146,10800.000000000004,0.0,True
Q3-[6]@2025-01-14,0.0,0.0,1200.0000000000005,10800.0,0.0,True
Q3-[6]@2025-01-15,0.0,0.0,1200.0000000000005,10800.0,0.0,True
Q3-[6]@2025-01-16,0.0,0.0,1200.000000000001,10800.000000000004,0.0,True
Q3-[6]@2025-01-17,11.507889374999877,0.0,1200.0000000000034,10800.0,0.0,True
Q3-[6]@2025-01-18,0.0,0.0,1200.0000000000034,10800.0,0.0,True
Q3-[6]@2025-01-19,0.0,0.0,1199.9999999999993,10800.0,0.0,True
Q3-[6]@2025-01-20,-7.105427357601002e-15,0.0,1200.0,10800.000000000002,0.0,True
Q3-[6]@2025-01-21,0.0,0.0,1200.000000000003,10800.000000000002,0.0,True
Q3-[6]@2025-01-22,0.0,0.0,1200.0000000000007,10800.000000000002,0.0,True
Q3-[6]@2025-01-23,0.0,0.0,1200.000000000002,10800.000000000002,0.0,True
Q3-[6]@2025-01-24,17.02283299999999,0.0,1200.0000000000018,10800.0,0.0,True
Q3-[6]@2025-01-25,0.0,0.0,1200.0000000000018,10800.000000000002,0.0,True
Q3-[6]@2025-01-26,0.0,0.0,1199.9999999999998,10800.000000000002,0.0,True
Q3-[6]@2025-01-27,0.0,0.0,1200.0000000000014,10800.000000000002,0.0,True
Q3-[6]@2025-01-28,0.0,0.0,1199.9999999999998,10800.0,0.0,True
Q3-[6]@2025-01-29,0.0,0.0,1200.0000000000005,10800.0,0.0,True
Q3-[6]@2025-01-30,0.0,0.0,1200.0000000000005,10800.0,0.0,True
Q3-[6]@2025-01-31,4.192237500000033,0.0,1200.0000000000005,10800.0,0.0,True
Q3-[6]@2025-02-01,0.0,0.0,1200.0000000000018,10800.000000000004,0.0,True
Q3-[6]@2025-02-02,0.0,0.0,1646.328383333337,10800.000000000004,0.0,True
Q3-[6]@2025-02-03,0.0,0.0,1545.125277777781,10800.0,0.0,True
Q3-[6]@2025-02-04,0.0,0.0,1200.0000000000034,10800.0,0.0,True
Q3-[6]@2025-02-05,0.0,0.0,1200.0000000000023,10800.0,0.0,True
Q3-[6]@2025-02-06,0.0,0.0,1200.0000000000048,10800.0,0.0,True
Q3-[6]@2025-02-07,0.0,0.0,1200.000000000001,10800.0,0.0,True
Q3-[6]@2025-02-08,0.0,0.0,1200.000000000001,10800.0,0.0,True
Q3-[6]@2025-02-09,0.0,0.0,1199.999999999999,10800.0,0.0,True
Q3-[6]@2025-02-10,-2.220446049250313e-15,0.0,1403.8877111111142,10800.0,0.0,True
Q3-[6]@2025-02-11,-3.552713678800501e-15,0.0,1485.731033333334,10800.0,0.0,True
Q3-[6]@2025-02-12,0.0,0.0,1477.250355555554,10800.0,0.0,True
Q3-[6]@2025-02-13,-7.105427357601002e-15,0.0,1200.0000000000036,10800.0,0.0,True
Q3-[6]@2025-02-14,0.0,0.0,1200.000000000001,10800.0,0.0,True
Q3-[6]@2025-02-15,0.0,0.0,1200.000000000001,10800.0,0.0,True
Q3-[6]@2025-02-16,0.0,0.0,1300.6029138888928,10800.0,0.0,True
Q3-[6]@2025-02-17,0.0,0.0,1255.2020395694447,10800.000000000002,0.0,True
Q3-[6]@2025-02-18,-1.4210854715202004e-14,0.0,1200.0000000000032,10800.0,0.0,True
Q3-[6]@2025-02-19,0.0,0.0,1200.0000000000032,10800.0,0.0,True
Q3-[6]@2025-02-20,0.0,0.0,1200.0000000000018,10800.000000000002,0.0,True
Q3-[6]@2025-02-21,0.0,0.0,1200.000000000001,10800.0,0.0,True
Q3-[6]@2025-02-22,0.0,0.0,1200.000000000001,10800.0,0.0,True
Q3-[6]@2025-02-23,0.0,0.0,1200.0000000000005,10800.0,0.0,True
Q3-[6]@2025-02-24,-7.105427357601002e-15,0.0,1532.7128114166655,10800.0,0.0,True
Q3-[6]@2025-02-25,0.0,0.0,1200.0000000000011,10800.0,0.0,True
Q3-[6]@2025-02-26,-3.552713678800501e-15,0.0,1200.0000000000011,10800.000000000004,0.0,True
Q3-[6]@2025-02-27,-5.329070518200751e-15,0.0,1200.0000000000016,10800.000000000002,0.0,True
Q3-[6]@2025-02-28,-4.440892098500626e-16,0.0,1200.0000000000005,9722.677684861112,0.0,True
Q3-[6]@2025-03-01,0.0,0.0,1200.0000000000005,10800.0,0.0,True
Q3-[6]@2025-03-02,-7.105427357601002e-15,0.0,1200.0000000000011,10800.000000000002,0.0,True
Q3-[6]@2025-03-03,0.0,0.0,1200.0000000000036,10800.000000000004,0.0,True
Q3-[6]@2025-03-04,-7.105427357601002e-15,0.0,1200.0000000000007,10800.0,0.0,True
Q3-[6]@2025-03-05,-1.4210854715202004e-14,0.0,1200.0000000000018,10800.0,0.0,True
Q3-[6]@2025-03-06,-1.4210854715202004e-14,0.0,1199.9999999999993,10800.0,0.0,True
Q3-[6]@2025-03-07,0.0,0.0,1199.9999999999993,9394.669369074076,0.0,True
Q3-[6]@2025-03-08,0.0,0.0,1200.0000000000016,10278.739836838737,0.0,True
Q3-[6]@2025-03-09,-1.0658141036401503e-14,0.0,1326.362766916669,10800.0,0.0,True
Q3-[6]@2025-03-10,-7.105427357601002e-15,0.0,1200.000000000001,10800.000000000002,0.0,True
Q3-[6]@2025-03-11,-7.105427357601002e-15,0.0,1200.000000000001,10800.0,0.0,True
Q3-[6]@2025-03-12,-1.4210854715202004e-14,0.0,1200.000000000001,10800.0,0.0,True
Q3-[6]@2025-03-13,-7.105427357601002e-15,0.0,1200.0000000000036,10800.0,0.0,True
Q3-[6]@2025-03-14,0.0,0.0,1199.9999999999995,9537.943890238426,0.0,True
Q3-[6]@2025-03-15,0.0,0.0,1199.9999999999995,9690.202872407406,0.0,True
Q3-[6]@2025-03-16,0.0,0.0,1200.0000000000016,10800.0,0.0,True
Q3-[6]@2025-03-17,-4.884981308350689e-15,0.0,1200.0000000000016,10800.0,0.0,True
Q3-[6]@2025-03-18,0.0,0.0,1200.0000000000005,10800.0,0.0,True
Q3-[6]@2025-03-19,0.0,0.0,1200.0000000000002,10800.0,0.0,True
Q3-[6]@2025-03-20,-7.105427357601002e-15,0.0,1200.0,10800.0,0.0,True
Q3-[6]@2025-03-21,0.0,0.0,1200.0,9807.913071965737,0.0,True
Q3-[6]@2025-03-22,0.0,0.0,1734.056035466057,10219.698006151242,0.0,True
Q3-[6]@2025-03-23,0.0,0.0,1200.0000000000023,10800.0,0.0,True
Q3-[6]@2025-03-24,0.0,0.0,1200.0,10800.0,0.0,True
Q3-[6]@2025-03-25,0.0,0.0,1199.999999999998,10800.0,0.0,True
Q3-[6]@2025-03-26,0.0,0.0,1199.999999999998,10800.0,0.0,True
Q3-[6]@2025-03-27,0.0,0.0,1200.0000000000014,10800.000000000002,0.0,True
Q3-[6]@2025-03-28,0.0,0.0,1200.0000000000014,10075.921795120059,0.0,True
Q3-[6]@2025-03-29,0.0,0.0,1267.0579311262368,9886.645428019756,0.0,True
Q3-[6]@2025-03-30,-7.105427357601002e-15,0.0,1200.0000000000014,10800.000000000002,0.0,True
Q3-[6]@2025-03-31,0.0,0.0,1200.0,10800.0,0.0,True
Q3-[6]@2025-04-01,0.0,0.0,1200.0000000000018,10800.0,0.0,True
Q3-[6]@2025-04-02,0.0,0.0,1200.000000000001,10800.0,0.0,True
Q3-[6]@2025-04-03,0.0,0.0,1200.0,10800.0,0.0,True
Q3-[6]@2025-04-04,0.0,0.0,1200.0,10012.50951487221,0.0,True
Q3-[6]@2025-04-05,0.0,0.0,1200.0000000000027,9886.764859259263,0.0,True
Q3-[6]@2025-04-06,0.0,0.0,1200.0000000000018,10800.0,0.0,True
Q3-[6]@2025-04-07,0.0,0.0,1199.9999999999986,10800.0,0.0,True
Q3-[6]@2025-04-08,0.0,0.0,1200.0000000000023,10800.000000000002,0.0,True
Q3-[6]@2025-04-09,0.0,0.0,1200.0,10800.0,0.0,True
Q3-[6]@2025-04-10,0.0,0.0,1200.0000000000005,10800.0,0.0,True
Q3-[6]@2025-04-11,0.0,0.0,1200.000000000002,9881.456958154633,0.0,True
Q3-[6]@2025-04-12,0.0,0.0,1200.0000000000027,9654.08341927407,0.0,True
Q3-[6]@2025-04-13,0.0,0.0,1324.9581320987668,10800.0,0.0,True
Q3-[6]@2025-04-14,-9.325873406851315e-15,0.0,1200.000000000002,10800.0,0.0,True
Q3-[6]@2025-04-15,0.0,0.0,1200.0000000000032,10800.000000000004,0.0,True
Q3-[6]@2025-04-16,0.0,0.0,1200.0000000000032,10800.000000000002,0.0,True
Q3-[6]@2025-04-17,0.0,0.0,1200.0000000000007,10800.0,0.0,True
Q3-[6]@2025-04-18,0.0,0.0,1200.0000000000014,9909.865816666668,0.0,True
Q3-[6]@2025-04-19,0.0,0.0,1836.7091441851871,10272.820307796297,0.0,True
Q3-[6]@2025-04-20,-7.105427357601002e-15,0.0,1200.0000000000036,10800.0,0.0,True
Q3-[6]@2025-04-21,-7.105427357601002e-15,0.0,1200.0000000000014,10800.0,0.0,True
Q3-[6]@2025-04-22,-1.7763568394002505e-15,0.0,1200.0000000000005,10800.0,0.0,True
Q3-[6]@2025-04-23,-7.105427357601002e-15,0.0,1200.0000000000002,10800.0,0.0,True
Q3-[6]@2025-04-24,0.0,0.0,1200.0000000000005,10800.0,0.0,True
Q3-[6]@2025-04-25,0.0,0.0,1200.0,9655.628705324074,0.0,True
Q3-[6]@2025-04-26,0.0,0.0,1200.0,9675.289665277778,0.0,True
Q3-[6]@2025-04-27,0.0,0.0,1200.0000000000011,10800.000000000002,0.0,True
Q3-[6]@2025-04-28,0.0,0.0,1200.0000000000007,10800.0,0.0,True
Q3-[6]@2025-04-29,-3.552713678800501e-15,0.0,1199.999999999999,10800.0,0.0,True
Q3-[6]@2025-04-30,0.0,0.0,1199.9999999999998,10699.559532101852,0.0,True
Q3-[6]@2025-05-01,0.0,0.0,1200.0,10800.0,0.0,True
Q3-[6]@2025-05-02,0.0,0.0,1200.0000000000027,10194.578198527788,0.0,True
Q3-[6]@2025-05-03,0.0,0.0,1564.131214389346,10102.357509528238,0.0,True
Q3-[6]@2025-05-04,0.0,0.0,1200.0000000000014,10800.0,0.0,True
Q3-[6]@2025-05-05,0.0,0.0,1200.0000000000032,10800.0,0.0,True
Q3-[6]@2025-05-06,0.0,0.0,1200.0000000000011,10800.0,0.0,True
Q3-[6]@2025-05-07,0.0,0.0,1199.9999999999998,10800.0,0.0,True
Q3-[6]@2025-05-08,-7.105427357601002e-15,0.0,1200.0000000000018,10800.000000000002,0.0,True
Q3-[6]@2025-05-09,0.0,0.0,1199.9999999999986,10048.413243918212,0.0,True
Q3-[6]@2025-05-10,0.0,0.0,1199.9999999999973,10391.273837005401,0.0,True
Q3-[6]@2025-05-11,0.0,0.0,1200.0000000000002,10800.0,0.0,True
Q3-[6]@2025-05-12,0.0,0.0,1200.0000000000018,10800.000000000002,0.0,True
Q3-[6]@2025-05-13,-8.881784197001252e-16,0.0,1200.0000000000032,10800.000000000002,0.0,True
Q3-[6]@2025-05-14,0.0,0.0,1200.0000000000023,10800.0,0.0,True
Q3-[6]@2025-05-15,0.0,0.0,1200.0000000000014,10800.0,0.0,True
Q3-[6]@2025-05-16,0.0,0.0,1200.0000000000014,9921.65696490741,0.0,True
Q3-[6]@2025-05-17,0.0,0.0,1200.0000000000032,10122.140301903237,0.0,True
Q3-[6]@2025-05-18,0.0,0.0,1200.0000000000011,10800.0,0.0,True
Q3-[6]@2025-05-19,-1.7763568394002505e-15,0.0,1200.0000000000005,10800.0,0.0,True
Q3-[6]@2025-05-20,0.0,0.0,1199.999999999999,10800.0,0.0,True
Q3-[6]@2025-05-21,0.0,0.0,1199.9999999999998,10800.0,0.0,True
Q3-[6]@2025-05-22,0.0,0.0,1200.0,10800.0,0.0,True
Q3-[6]@2025-05-23,0.0,0.0,1200.0,9855.292232537038,0.0,True
Q3-[6]@2025-05-24,12.965346124999826,0.0,1200.000000000001,10141.37087047269,0.0,True
Q3-[6]@2025-05-25,0.0,0.0,1199.9999999999993,10800.0,0.0,True
Q3-[6]@2025-05-26,0.0,0.0,1200.0,10781.415283333334,0.0,True
Q3-[6]@2025-05-27,0.0,0.0,1200.0,10800.0,0.0,True
Q3-[6]@2025-05-28,0.0,0.0,1200.0000000000002,10800.0,0.0,True
Q3-[6]@2025-05-29,0.0,0.0,1199.9999999999993,10800.0,0.0,True
Q3-[6]@2025-05-30,0.0,0.0,1199.9999999999993,9898.625910648148,0.0,True
Q3-[6]@2025-05-31,0.0,0.0,1200.0000000000005,10362.784208054167,0.0,True
Q3-[6]@2025-06-01,0.0,0.0,1199.9999999999984,10800.0,0.0,True
Q3-[6]@2025-06-02,0.0,0.0,1199.9999999999984,10800.0,0.0,True
Q3-[6]@2025-06-03,0.0,0.0,1200.0000000000002,10800.0,0.0,True
Q3-[6]@2025-06-04,0.0,0.0,1200.0000000000002,10800.0,0.0,True
Q3-[6]@2025-06-05,0.0,0.0,1200.000000000002,10800.000000000002,0.0,True
Q3-[6]@2025-06-06,0.0,0.0,1200.000000000002,10326.954680092595,0.0,True
Q3-[6]@2025-06-07,0.0,0.0,1200.0000000000014,10289.085556944445,0.0,True
Q3-[6]@2025-06-08,0.0,0.0,1200.0000000000002,10800.0,0.0,True
Q3-[6]@2025-06-09,0.0,0.0,1200.0000000000002,10800.0,0.0,True
Q3-[6]@2025-06-10,0.0,0.0,1200.0000000000002,10800.0,0.0,True
Q3-[6]@2025-06-11,0.0,0.0,1200.0000000000002,10800.0,0.0,True
Q3-[6]@2025-06-12,0.0,0.0,1200.0000000000002,10800.000000000004,0.0,True
Q3-[6]@2025-06-13,15.078652444444288,0.0,1200.000000000003,10249.519486805555,0.0,True
Q3-[6]@2025-06-14,0.0,0.0,1199.999999999999,10340.940266358022,0.0,True
Q3-[6]@2025-06-15,0.0,0.0,1200.0000000000039,10800.000000000004,0.0,True
Q3-[6]@2025-06-16,0.0,0.0,1199.9999999999984,10800.0,0.0,True
Q3-[6]@2025-06-17,0.0,0.0,1199.9999999999984,10800.000000000002,0.0,True
Q3-[6]@2025-06-18,0.0,0.0,1200.0000000000002,10800.0,0.0,True
Q3-[6]@2025-06-19,0.0,0.0,1200.0000000000002,10800.0,0.0,True
Q3-[6]@2025-06-20,31.19622458333356,0.0,1200.0000000000002,10046.493610884258,0.0,True
Q3-[6]@2025-06-21,19.97975777777765,0.0,1199.9999999999995,10161.9490758179,0.0,True
Q3-[6]@2025-06-22,0.0,0.0,1200.0000000000002,10800.0,0.0,True
Q3-[6]@2025-06-23,0.0,0.0,1200.0000000000011,10800.0,0.0,True
Q3-[6]@2025-06-24,0.0,0.0,1200.0000000000018,10800.000000000004,0.0,True
Q3-[6]@2025-06-25,0.0,0.0,1200.0000000000039,10800.000000000004,0.0,True
Q3-[6]@2025-06-26,0.0,0.0,1199.9999999999998,10800.0,0.0,True
Q3-[6]@2025-06-27,48.35454563888902,0.0,1199.9999999999998,9998.891301851852,0.0,True
Q3-[6]@2025-06-28,12.30884641666671,0.0,1200.0,9990.15512469136,0.0,True
Q3-[6]@2025-06-29,0.0,0.0,1200.0,10800.000000000002,0.0,True
Q3-[6]@2025-06-30,0.0,0.0,1200.0000000000018,10800.000000000002,0.0,True
Q3-[6]@2025-07-01,0.0,0.0,1200.0000000000018,10800.000000000002,0.0,True
Q3-[6]@2025-07-02,0.0,0.0,1200.000000000002,10800.000000000002,0.0,True
Q3-[6]@2025-07-03,0.0,0.0,1200.000000000002,10800.000000000002,0.0,True
Q3-[6]@2025-07-04,0.0,0.0,1200.0000000000002,10800.0,0.0,True
Q3-[6]@2025-07-05,0.0,0.0,1200.0000000000002,10800.0,0.0,True
Q3-[6]@2025-07-06,0.0,0.0,1200.0000000000002,10800.0,0.0,True
Q3-[6]@2025-07-07,0.0,0.0,1200.0000000000002,10800.0,0.0,True
Q3-[6]@2025-07-08,0.0,0.0,1200.0000000000002,10800.0,0.0,True
Q3-[6]@2025-07-09,0.0,0.0,1200.0000000000002,10800.0,0.0,True
Q3-[6]@2025-07-10,0.0,0.0,1200.0000000000002,10800.0,0.0,True
Q3-[6]@2025-07-11,0.0,0.0,1200.0000000000002,10800.0,0.0,True
Q3-[6]@2025-07-12,0.0,0.0,1200.0,10800.0,0.0,True
Q3-[6]@2025-07-13,0.0,0.0,1199.9999999999984,10800.0,0.0,True
Q3-[6]@2025-07-14,0.0,0.0,1199.9999999999984,10800.0,0.0,True
Q3-[6]@2025-07-15,-8.881784197001252e-16,0.0,1200.0000000000002,10800.0,0.0,True
Q3-[6]@2025-07-16,-4.884981308350689e-15,0.0,1200.0,10800.000000000002,0.0,True
Q3-[6]@2025-07-17,0.0,0.0,1200.0000000000002,10800.0,0.0,True
Q3-[6]@2025-07-18,43.97619063888896,0.0,1200.0000000000002,10443.659262500001,0.0,True
Q3-[6]@2025-07-19,0.0,0.0,1200.0000000000027,10472.72111226852,0.0,True
Q3-[6]@2025-07-20,0.0,0.0,1200.0000000000002,10800.0,0.0,True
Q3-[6]@2025-07-21,0.0,0.0,1200.0000000000002,10800.000000000002,0.0,True
Q3-[6]@2025-07-22,0.0,0.0,1200.0,10800.0,0.0,True
Q3-[6]@2025-07-23,0.0,0.0,1200.0000000000002,10800.0,0.0,True
Q3-[6]@2025-07-24,0.0,0.0,1199.9999999999984,10800.0,0.0,True
Q3-[6]@2025-07-25,0.0,0.0,1199.999999999997,10163.854663657403,0.0,True
Q3-[6]@2025-07-26,8.16337437499999,0.0,1199.999999999999,10134.984807175924,0.0,True
Q3-[6]@2025-07-27,0.0,0.0,1200.0000000000002,10800.0,0.0,True
Q3-[6]@2025-07-28,-7.105427357601002e-15,0.0,1200.0000000000002,10800.0,0.0,True
Q3-[6]@2025-07-29,0.0,0.0,1200.0000000000005,10800.0,0.0,True
Q3-[6]@2025-07-30,0.0,0.0,1200.0000000000027,10800.000000000002,0.0,True
Q3-[6]@2025-07-31,0.0,0.0,1200.0000000000018,10800.0,0.0,True
Q3-[6]@2025-08-01,0.0,0.0,1199.9999999999995,10243.442428935185,0.0,True
Q3-[6]@2025-08-02,0.0,0.0,1199.9999999999995,10571.874565425927,0.0,True
Q3-[6]@2025-08-03,0.0,0.0,1200.0000000000002,10800.0,0.0,True
Q3-[6]@2025-08-04,0.0,0.0,1200.0000000000002,10673.146197222224,0.0,True
Q3-[6]@2025-08-05,0.0,0.0,1200.0000000000036,10800.0,0.0,True
Q3-[6]@2025-08-06,0.0,0.0,1200.0000000000036,10707.038070601857,0.0,True
Q3-[6]@2025-08-07,0.0,0.0,1200.0000000000016,10800.0,0.0,True
Q3-[6]@2025-08-08,11.840519083333334,0.0,1200.0,9891.9339125,0.0,True
Q3-[6]@2025-08-09,0.0,0.0,1200.0,9953.77228912037,0.0,True
Q3-[6]@2025-08-10,0.0,0.0,1200.0000000000002,10713.469816435187,0.0,True
Q3-[6]@2025-08-11,0.0,0.0,1200.000000000001,10800.000000000002,0.0,True
Q3-[6]@2025-08-12,0.0,0.0,1200.000000000001,10800.0,0.0,True
Q3-[6]@2025-08-13,-7.105427357601002e-15,0.0,1200.0000000000018,10800.000000000002,0.0,True
Q3-[6]@2025-08-14,0.0,0.0,1199.9999999999998,10736.13055486111,0.0,True
Q3-[6]@2025-08-15,3.499899500000083,0.0,1200.0000000000005,10052.311106481482,0.0,True
Q3-[6]@2025-08-16,0.0,0.0,1200.0000000000018,10138.683133532404,0.0,True
Q3-[6]@2025-08-17,0.0,0.0,1199.999999999999,10800.0,0.0,True
Q3-[6]@2025-08-18,0.0,0.0,1199.999999999999,10800.000000000002,0.0,True
Q3-[6]@2025-08-19,0.0,0.0,1199.9999999999973,10763.365284259256,0.0,True
Q3-[6]@2025-08-20,0.0,0.0,1199.9999999999973,10800.0,0.0,True
Q3-[6]@2025-08-21,-2.220446049250313e-15,0.0,1200.0,10800.0,0.0,True
Q3-[6]@2025-08-22,0.0,0.0,1200.0,9992.469139197527,0.0,True
Q3-[6]@2025-08-23,0.0,0.0,1200.0,10656.356066599072,0.0,True
Q3-[6]@2025-08-24,-1.4210854715202004e-14,0.0,1200.0000000000002,10793.835416666667,0.0,True
Q3-[6]@2025-08-25,0.0,0.0,1199.9999999999995,10800.0,0.0,True
Q3-[6]@2025-08-26,0.0,0.0,1199.9999999999995,10581.99858287037,0.0,True
Q3-[6]@2025-08-27,0.0,0.0,1200.000000000004,10800.0,0.0,True
Q3-[6]@2025-08-28,-3.552713678800501e-15,0.0,1200.0000000000002,10800.0,0.0,True
Q3-[6]@2025-08-29,0.0,0.0,1200.000000000005,9915.123282612345,0.0,True
Q3-[6]@2025-08-30,0.0,0.0,1245.1164606385898,10277.427977613896,0.0,True
Q3-[6]@2025-08-31,0.0,0.0,1200.0,10573.876878009261,0.0,True
Q3-[6]@2025-09-01,0.0,0.0,1200.0,10800.0,0.0,True
Q3-[6]@2025-09-02,0.0,0.0,1200.0,10800.0,0.0,True
Q3-[6]@2025-09-03,0.0,0.0,1200.000000000001,10800.0,0.0,True
Q3-[6]@2025-09-04,0.0,0.0,1199.9999999999982,9998.517386342592,0.0,True
Q3-[6]@2025-09-05,0.0,0.0,1199.9999999999982,9170.82320617284,0.0,True
Q3-[6]@2025-09-06,0.0,0.0,1200.000000000002,9810.79827316991,0.0,True
Q3-[6]@2025-09-07,0.0,0.0,1200.0000000000005,10278.760879506171,0.0,True
Q3-[6]@2025-09-08,0.0,0.0,1199.999999999999,10800.0,0.0,True
Q3-[6]@2025-09-09,0.0,0.0,1199.9999999999986,10800.0,0.0,True
Q3-[6]@2025-09-10,-1.4210854715202004e-14,0.0,1200.0000000000036,10800.0,0.0,True
Q3-[6]@2025-09-11,0.0,0.0,1200.0000000000005,10800.0,0.0,True
Q3-[6]@2025-09-12,0.0,0.0,1200.0000000000005,9194.883528849543,0.0,True
Q3-[6]@2025-09-13,23.593792444444375,0.0,1200.0,8962.533540617284,0.0,True
Q3-[6]@2025-09-14,0.0,0.0,1200.0,10800.0,0.0,True
Q3-[6]@2025-09-15,0.0,0.0,1199.9999999999986,10800.0,0.0,True
Q3-[6]@2025-09-16,0.0,0.0,1200.0000000000027,10800.0,0.0,True
Q3-[6]@2025-09-17,0.0,0.0,1200.0000000000007,10800.0,0.0,True
Q3-[6]@2025-09-18,0.0,0.0,1200.0000000000011,10800.0,0.0,True
Q3-[6]@2025-09-19,2.1162374166666496,0.0,1199.999999999999,9482.080626217596,0.0,True
Q3-[6]@2025-09-20,0.0,0.0,1199.9999999999986,9330.297325134256,0.0,True
Q3-[6]@2025-09-21,0.0,0.0,1200.000000000007,10800.0,0.0,True
Q3-[6]@2025-09-22,0.0,0.0,1199.9999999999995,10800.0,0.0,True
Q3-[6]@2025-09-23,0.0,0.0,1200.000000000004,10800.0,0.0,True
Q3-[6]@2025-09-24,0.0,0.0,1200.0000000000002,10800.0,0.0,True
Q3-[6]@2025-09-25,0.0,0.0,1200.0000000000002,10800.000000000004,0.0,True
Q3-[6]@2025-09-26,0.0,0.0,1199.9999999999968,9641.370689923608,0.0,True
Q3-[6]@2025-09-27,0.0,0.0,1199.9999999999968,10673.093246246908,0.0,True
Q3-[6]@2025-09-28,0.0,0.0,1199.9999999999993,10800.0,0.0,True
Q3-[6]@2025-09-29,0.0,0.0,1199.9999999999993,10800.0,0.0,True
Q3-[6]@2025-09-30,0.0,0.0,1199.9999999999986,10800.0,0.0,True
Q3-[6]@2025-10-01,0.0,0.0,1200.0,10800.0,0.0,True
Q3-[6]@2025-10-02,0.0,0.0,1200.0000000000005,10800.000000000002,0.0,True
Q3-[6]@2025-10-03,0.0,0.0,1200.000000000002,9802.923793332408,0.0,True
Q3-[6]@2025-10-04,0.0,0.0,2235.9669639513895,10800.0,0.0,True
Q3-[6]@2025-10-05,0.0,0.0,1200.0000000000032,10800.000000000002,0.0,True
Q3-[6]@2025-10-06,0.0,0.0,1200.0000000000016,10800.000000000002,0.0,True
Q3-[6]@2025-10-07,0.0,0.0,1200.0,10800.0,0.0,True
Q3-[6]@2025-10-08,0.0,0.0,1199.9999999999982,10800.0,0.0,True
Q3-[6]@2025-10-09,0.0,0.0,1200.0000000000007,10800.0,0.0,True
Q3-[6]@2025-10-10,15.548618583333337,0.0,1200.0,9879.968426828706,0.0,True
Q3-[6]@2025-10-11,0.0,0.0,1200.0,10800.0,0.0,True
Q3-[6]@2025-10-12,0.0,0.0,1200.000000000004,10800.000000000004,0.0,True
Q3-[6]@2025-10-13,0.0,0.0,1200.0,10800.000000000002,0.0,True
Q3-[6]@2025-10-14,0.0,0.0,1200.0000000000005,10800.000000000002,0.0,True
Q3-[6]@2025-10-15,0.0,0.0,1200.0000000000005,10800.0,0.0,True
Q3-[6]@2025-10-16,0.0,0.0,1199.9999999999995,10800.0,0.0,True
Q3-[6]@2025-10-17,0.0,0.0,1199.9999999999995,10337.089098734565,0.0,True
Q3-[6]@2025-10-18,0.0,0.0,1200.0000000000007,9743.133657124998,0.0,True
Q3-[6]@2025-10-19,0.0,0.0,1200.0000000000002,10800.0,0.0,True
Q3-[6]@2025-10-20,0.0,0.0,1199.9999999999984,10800.0,0.0,True
Q3-[6]@2025-10-21,0.0,0.0,1199.9999999999984,10800.0,0.0,True
Q3-[6]@2025-10-22,0.0,0.0,1200.0000000000005,10800.0,0.0,True
Q3-[6]@2025-10-23,0.0,0.0,1200.0000000000005,10800.0,0.0,True
Q3-[6]@2025-10-24,0.0,0.0,1200.0000000000005,10684.100922636573,0.0,True
Q3-[6]@2025-10-25,0.0,0.0,2283.8296678240727,10800.0,0.0,True
Q3-[6]@2025-10-26,0.0,0.0,1200.000000000001,10800.0,0.0,True
Q3-[6]@2025-10-27,0.0,0.0,1200.0000000000014,10800.0,0.0,True
Q3-[6]@2025-10-28,0.0,0.0,1199.999999999999,10800.0,0.0,True
Q3-[6]@2025-10-29,0.0,0.0,1199.999999999999,10800.000000000002,0.0,True
Q3-[6]@2025-10-30,0.0,0.0,1200.0000000000055,10800.000000000005,0.0,True
Q3-[6]@2025-10-31,0.0,0.0,1200.0000000000055,10649.765262500001,0.0,True
Q3-[6]@2025-11-01,0.0,0.0,2206.3553592592625,10800.000000000004,0.0,True
Q3-[6]@2025-11-02,0.0,0.0,1200.000000000001,10800.0,0.0,True
Q3-[6]@2025-11-03,0.0,0.0,1200.0000000000002,10800.0,0.0,True
Q3-[6]@2025-11-04,0.0,0.0,1200.0,10800.0,0.0,True
Q3-[6]@2025-11-05,0.0,0.0,1199.9999999999989,10800.0,0.0,True
Q3-[6]@2025-11-06,0.0,0.0,1200.0000000000023,10800.000000000002,0.0,True
Q3-[6]@2025-11-07,0.0,0.0,1199.999999999999,10800.0,0.0,True
Q3-[6]@2025-11-08,0.0,0.0,1378.553968206481,10800.0,0.0,True
Q3-[6]@2025-11-09,0.0,0.0,1200.0000000000018,10800.000000000004,0.0,True
Q3-[6]@2025-11-10,0.0,0.0,1200.0000000000002,10800.0,0.0,True
Q3-[6]@2025-11-11,0.0,0.0,1200.000000000001,10800.0,0.0,True
Q3-[6]@2025-11-12,0.0,0.0,1200.0000000000005,10800.0,0.0,True
Q3-[6]@2025-11-13,0.0,0.0,1200.000000000003,10800.000000000002,0.0,True
Q3-[6]@2025-11-14,0.9315279583333904,0.0,1200.000000000003,10800.0,0.0,True
Q3-[6]@2025-11-15,0.0,0.0,2048.155688888889,10800.0,0.0,True
Q3-[6]@2025-11-16,0.0,0.0,1199.999999999999,10800.0,0.0,True
Q3-[6]@2025-11-17,0.0,0.0,1200.0000000000011,10800.0,0.0,True
Q3-[6]@2025-11-18,0.0,0.0,1200.000000000001,10800.000000000002,0.0,True
Q3-[6]@2025-11-19,0.0,0.0,1200.0,10800.0,0.0,True
Q3-[6]@2025-11-20,0.0,0.0,1200.0000000000005,10800.0,0.0,True
Q3-[6]@2025-11-21,0.0,0.0,1200.0000000000005,10800.0,0.0,True
Q3-[6]@2025-11-22,0.0,0.0,1199.999999999999,10800.0,0.0,True
Q3-[6]@2025-11-23,0.0,0.0,1200.0000000000011,10800.0,0.0,True
Q3-[6]@2025-11-24,0.0,0.0,1200.0000000000023,10800.000000000002,0.0,True
Q3-[6]@2025-11-25,0.0,0.0,1200.0000000000023,10800.000000000002,0.0,True
Q3-[6]@2025-11-26,0.0,0.0,1199.9999999999995,10800.0,0.0,True
Q3-[6]@2025-11-27,0.0,0.0,1200.0000000000055,10800.000000000004,0.0,True
Q3-[6]@2025-11-28,5.608031666666648,0.0,1200.0000000000036,10800.0,0.0,True
Q3-[6]@2025-11-29,0.0,0.0,1200.0000000000023,10800.0,0.0,True
Q3-[6]@2025-11-30,0.0,0.0,1200.0000000000014,10800.0,0.0,True
Q3-[6]@2025-12-01,0.0,0.0,1200.0000000000018,10800.000000000002,0.0,True
Q3-[6]@2025-12-02,0.0,0.0,1200.0000000000002,10800.0,0.0,True
Q3-[6]@2025-12-03,0.0,0.0,1200.0000000000002,10800.0,0.0,True
Q3-[6]@2025-12-04,0.0,0.0,1200.000000000002,10800.000000000002,0.0,True
Q3-[6]@2025-12-05,0.0,0.0,1200.0000000000045,10800.0,0.0,True
Q3-[6]@2025-12-06,0.0,0.0,1359.1553999999974,10800.0,0.0,True
Q3-[6]@2025-12-07,0.0,0.0,1200.0,10800.0,0.0,True
Q3-[6]@2025-12-08,0.0,0.0,1200.0000000000025,10800.000000000002,0.0,True
Q3-[6]@2025-12-09,0.0,0.0,1200.0,10800.0,0.0,True
Q3-[6]@2025-12-10,0.0,0.0,1200.0,10800.0,0.0,True
Q3-[6]@2025-12-11,0.0,0.0,1200.000000000001,10800.0,0.0,True
Q3-[6]@2025-12-12,22.929673500000035,0.0,1200.000000000001,10800.0,0.0,True
Q3-[6]@2025-12-13,0.0,0.0,1200.0,10800.0,0.0,True
Q3-[6]@2025-12-14,0.0,0.0,1200.0000000000002,10800.0,0.0,True
Q3-[6]@2025-12-15,0.0,0.0,1200.0000000000005,10800.0,0.0,True
Q3-[6]@2025-12-16,0.0,0.0,1200.0000000000005,10800.000000000004,0.0,True
Q3-[6]@2025-12-17,0.0,0.0,1199.9999999999995,10800.0,0.0,True
Q3-[6]@2025-12-18,0.0,0.0,1200.0000000000005,10800.0,0.0,True
Q3-[6]@2025-12-19,0.0,0.0,1200.0000000000014,10800.0,0.0,True
Q3-[6]@2025-12-20,0.0,0.0,1839.2151541388862,10800.0,0.0,True
Q3-[6]@2025-12-21,0.0,0.0,1200.0000000000018,10800.000000000002,0.0,True
Q3-[6]@2025-12-22,0.0,0.0,1200.0000000000002,10800.0,0.0,True
Q3-[6]@2025-12-23,0.0,0.0,1200.0000000000014,10800.0,0.0,True
Q3-[6]@2025-12-24,0.0,0.0,1200.000000000001,10800.0,0.0,True
Q3-[6]@2025-12-25,0.0,0.0,1200.0000000000002,10800.0,0.0,True
Q3-[6]@2025-12-26,15.40403037499999,0.0,1200.0000000000005,10800.0,0.0,True
Q3-[6]@2025-12-27,0.0,0.0,2201.5336752453713,10800.0,0.0,True
Q3-[6]@2025-12-28,0.0,0.0,1200.0,10800.0,0.0,True
Q3-[6]@2025-12-29,0.0,0.0,1199.9999999999998,10800.0,0.0,True
Q3-[6]@2025-12-30,0.0,0.0,1200.0000000000002,10800.0,0.0,True
Q3-[6]@2025-12-31,0.0,0.0,1200.000000000001,10800.0,0.0,True
Q3-[12]@2025-01-01,-5.684341886080802e-14,0.0,1200.0000000000002,10800.0,0.0,True
Q3-[12]@2025-01-02,0.0,0.0,1200.0,10800.0,0.0,True
Q3-[12]@2025-01-03,0.0,0.0,1199.9999999999995,10800.0,0.0,True
Q3-[12]@2025-01-04,0.0,0.0,1199.9999999999995,10800.0,0.0,True
Q3-[12]@2025-01-05,0.0,0.0,1199.9999999999998,10800.0,0.0,True
Q3-[12]@2025-01-06,0.0,0.0,1199.9999999999977,10800.0,0.0,True
Q3-[12]@2025-01-07,0.0,0.0,1200.0,10800.000000000004,0.0,True
Q3-[12]@2025-01-08,0.0,0.0,1200.0000000000027,10800.000000000002,0.0,True
Q3-[12]@2025-01-09,0.0,0.0,1200.0000000000005,10800.0,0.0,True
Q3-[12]@2025-01-10,0.0,0.0,1199.999999999999,10800.0,0.0,True
Q3-[12]@2025-01-11,0.0,0.0,1199.999999999999,10800.0,0.0,True
Q3-[12]@2025-01-12,0.0,0.0,1200.0,10800.000000000002,0.0,True
Q3-[12]@2025-01-13,0.0,0.0,1199.9999999999995,10800.0,0.0,True
Q3-[12]@2025-01-14,0.0,0.0,1199.9999999999995,10800.0,0.0,True
Q3-[12]@2025-01-15,0.0,0.0,1200.0000000000002,10800.0,0.0,True
Q3-[12]@2025-01-16,0.0,0.0,1199.9999999999989,10800.0,0.0,True
Q3-[12]@2025-01-17,0.0,0.0,1200.0000000000011,10800.0,0.0,True
Q3-[12]@2025-01-18,0.0,0.0,1200.0000000000027,10800.0,0.0,True
Q3-[12]@2025-01-19,0.0,0.0,1200.0,10800.0,0.0,True
Q3-[12]@2025-01-20,0.0,0.0,1200.0000000000007,10800.000000000002,0.0,True
Q3-[12]@2025-01-21,0.0,0.0,1200.0,10800.0,0.0,True
Q3-[12]@2025-01-22,0.0,0.0,1200.0,10800.0,0.0,True
Q3-[12]@2025-01-23,0.0,0.0,1200.0000000000005,10800.0,0.0,True
Q3-[12]@2025-01-24,0.0,0.0,1200.0,10800.0,0.0,True
Q3-[12]@2025-01-25,0.0,0.0,1199.9999999999993,10800.0,0.0,True
Q3-[12]@2025-01-26,0.0,0.0,1200.0,10800.0,0.0,True
Q3-[12]@2025-01-27,0.0,0.0,1200.0,10800.0,0.0,True
Q3-[12]@2025-01-28,0.0,0.0,1199.9999999999982,10800.0,0.0,True
Q3-[12]@2025-01-29,0.0,0.0,1200.0,10800.0,0.0,True
Q3-[12]@2025-01-30,0.0,0.0,1200.0000000000002,10800.0,0.0,True
Q3-[12]@2025-01-31,0.0,0.0,1200.0,10800.0,0.0,True
Q3-[12]@2025-02-01,0.0,0.0,1200.0,10800.0,0.0,True
Q3-[12]@2025-02-02,0.0,0.0,1200.000000000001,10800.0,0.0,True
Q3-[12]@2025-02-03,0.0,0.0,1199.9999999999995,10800.0,0.0,True
Q3-[12]@2025-02-04,0.0,0.0,1200.0000000000007,10800.0,0.0,True
Q3-[12]@2025-02-05,-3.552713678800501e-15,0.0,1200.0000000000016,10800.000000000002,0.0,True
Q3-[12]@2025-02-06,0.0,0.0,1200.0000000000048,10800.0,0.0,True
Q3-[12]@2025-02-07,0.0,0.0,1200.0,10800.0,0.0,True
Q3-[12]@2025-02-08,0.0,0.0,1200.0,10800.0,0.0,True
Q3-[12]@2025-02-09,0.0,0.0,1200.0,10800.0,0.0,True
Q3-[12]@2025-02-10,0.0,0.0,1200.0000000000027,10800.0,0.0,True
Q3-[12]@2025-02-11,0.0,0.0,1200.0000000000023,10800.0,0.0,True
Q3-[12]@2025-02-12,0.0,0.0,1200.0000000000005,10800.0,0.0,True
Q3-[12]@2025-02-13,0.0,0.0,1199.9999999999995,10800.0,0.0,True
Q3-[12]@2025-02-14,0.0,0.0,1200.0000000000007,10800.0,0.0,True
Q3-[12]@2025-02-15,0.0,0.0,1200.0000000000007,10800.0,0.0,True
Q3-[12]@2025-02-16,0.0,0.0,1200.0000000000018,10800.0,0.0,True
Q3-[12]@2025-02-17,0.0,0.0,1199.9999999999995,10800.0,0.0,True
Q3-[12]@2025-02-18,-1.4210854715202004e-14,0.0,1200.0000000000014,10800.0,0.0,True
Q3-[12]@2025-02-19,-7.105427357601002e-15,0.0,1200.0000000000005,10800.0,0.0,True
Q3-[12]@2025-02-20,0.0,0.0,1200.000000000001,10800.0,0.0,True
Q3-[12]@2025-02-21,0.0,0.0,1199.9999999999995,10800.0,0.0,True
Q3-[12]@2025-02-22,0.0,0.0,1199.9999999999995,10783.897785521296,0.0,True
Q3-[12]@2025-02-23,-1.4210854715202004e-14,0.0,1200.0000000000027,10800.0,0.0,True
Q3-[12]@2025-02-24,0.0,0.0,1199.9999999999998,10800.0,0.0,True
Q3-[12]@2025-02-25,0.0,0.0,1200.0000000000002,10800.0,0.0,True
Q3-[12]@2025-02-26,-3.552713678800501e-15,0.0,1200.0000000000007,10800.0,0.0,True
Q3-[12]@2025-02-27,-3.552713678800501e-15,0.0,1200.0,10800.0,0.0,True
Q3-[12]@2025-02-28,0.0,0.0,1199.9999999999986,9068.468759259258,0.0,True
Q3-[12]@2025-03-01,0.0,0.0,1199.9999999999986,10800.0,0.0,True
Q3-[12]@2025-03-02,-7.105427357601002e-15,0.0,1199.999999999999,10800.0,0.0,True
Q3-[12]@2025-03-03,0.0,0.0,1200.0000000000014,10800.0,0.0,True
Q3-[12]@2025-03-04,-7.105427357601002e-15,0.0,1200.0,10800.0,0.0,True
Q3-[12]@2025-03-05,0.0,0.0,1200.0000000000045,10800.0,0.0,True
Q3-[12]@2025-03-06,-7.105427357601002e-15,0.0,1200.000000000001,10800.0,0.0,True
Q3-[12]@2025-03-07,0.0,0.0,1200.0000000000016,8846.053361102777,0.0,True
Q3-[12]@2025-03-08,0.0,0.0,1199.9999999999986,8717.940355555553,0.0,True
Q3-[12]@2025-03-09,0.0,0.0,1199.9999999999986,10800.0,0.0,True
Q3-[12]@2025-03-10,-7.105427357601002e-15,0.0,1199.999999999999,10800.0,0.0,True
Q3-[12]@2025-03-11,0.0,0.0,1200.0000000000005,10800.0,0.0,True
Q3-[12]@2025-03-12,-3.552713678800501e-15,0.0,1200.0000000000014,10800.0,0.0,True
Q3-[12]@2025-03-13,0.0,0.0,1199.9999999999998,10800.0,0.0,True
Q3-[12]@2025-03-14,0.0,0.0,1200.0000000000002,8729.57175185185,0.0,True
Q3-[12]@2025-03-15,0.0,0.0,1199.9999999999995,8903.269362962963,0.0,True
Q3-[12]@2025-03-16,0.0,0.0,1199.9999999999995,10800.0,0.0,True
Q3-[12]@2025-03-17,-1.3322676295501878e-15,0.0,1200.0000000000014,10800.0,0.0,True
Q3-[12]@2025-03-18,0.0,0.0,1200.000000000001,10800.0,0.0,True
Q3-[12]@2025-03-19,-4.739264536368637e-15,0.0,1199.9999999999993,10800.0,0.0,True
Q3-[12]@2025-03-20,-7.105427357601002e-15,0.0,1200.000000000001,10800.0,0.0,True
Q3-[12]@2025-03-21,0.0,0.0,1199.9999999999995,9071.471666666666,0.0,True
Q3-[12]@2025-03-22,1.7637512916664946,0.0,1199.9999999999995,9174.360418518521,0.0,True
Q3-[12]@2025-03-23,0.0,0.0,1200.0,10800.0,0.0,True
Q3-[12]@2025-03-24,0.0,0.0,1200.0000000000002,10800.0,0.0,True
Q3-[12]@2025-03-25,0.0,0.0,1199.9999999999998,10800.0,0.0,True
Q3-[12]@2025-03-26,-2.220446049250313e-15,0.0,1200.0,10800.0,0.0,True
Q3-[12]@2025-03-27,0.0,0.0,1199.9999999999984,10800.0,0.0,True
Q3-[12]@2025-03-28,0.0,0.0,1199.9999999999998,9290.980018518521,0.0,True
Q3-[12]@2025-03-29,0.0,0.0,1200.0000000000007,9450.127342592596,0.0,True
Q3-[12]@2025-03-30,-7.105427357601002e-15,0.0,1199.9999999999995,10800.0,0.0,True
Q3-[12]@2025-03-31,-7.105427357601002e-15,0.0,1200.000000000001,10766.767969753088,0.0,True
Q3-[12]@2025-04-01,0.0,0.0,1199.9999999999998,10800.0,0.0,True
Q3-[12]@2025-04-02,0.0,0.0,1200.0,10800.0,0.0,True
Q3-[12]@2025-04-03,0.0,0.0,1199.9999999999998,10800.0,0.0,True
Q3-[12]@2025-04-04,0.0,0.0,1199.999999999999,9109.739870370367,0.0,True
Q3-[12]@2025-04-05,0.0,0.0,1199.999999999999,9129.528407407408,0.0,True
Q3-[12]@2025-04-06,0.0,0.0,1200.0000000000002,10800.0,0.0,True
Q3-[12]@2025-04-07,0.0,0.0,1200.000000000001,10800.0,0.0,True
Q3-[12]@2025-04-08,-4.718447854656915e-15,0.0,1200.0000000000005,10800.0,0.0,True
Q3-[12]@2025-04-09,-1.4210854715202004e-14,0.0,1200.000000000003,10800.0,0.0,True
Q3-[12]@2025-04-10,-4.440892098500626e-15,0.0,1199.9999999999984,10800.0,0.0,True
Q3-[12]@2025-04-11,0.0,0.0,1199.999999999999,9299.41209074074,0.0,True
Q3-[12]@2025-04-12,0.0,0.0,1199.999999999999,9202.28263703704,0.0,True
Q3-[12]@2025-04-13,-7.105427357601002e-15,0.0,1199.9999999999986,10800.0,0.0,True
Q3-[12]@2025-04-14,-2.220446049250313e-15,0.0,1199.9999999999998,10800.0,0.0,True
Q3-[12]@2025-04-15,-8.881784197001252e-16,0.0,1199.9999999999998,10800.0,0.0,True
Q3-[12]@2025-04-16,0.0,0.0,1200.0000000000011,10800.0,0.0,True
Q3-[12]@2025-04-17,-4.884981308350689e-15,0.0,1200.0,10800.0,0.0,True
Q3-[12]@2025-04-18,0.0,0.0,1200.0,9289.990616666668,0.0,True
Q3-[12]@2025-04-19,0.0,0.0,1199.9999999999995,9380.153498796295,0.0,True
Q3-[12]@2025-04-20,0.0,0.0,1199.9999999999995,10800.0,0.0,True
Q3-[12]@2025-04-21,0.0,0.0,1200.000000000001,10800.0,0.0,True
Q3-[12]@2025-04-22,-3.552713678800501e-15,0.0,1199.9999999999995,10800.0,0.0,True
Q3-[12]@2025-04-23,-8.881784197001252e-16,0.0,1200.000000000001,10800.0,0.0,True
Q3-[12]@2025-04-24,0.0,0.0,1199.999999999999,10800.000000000002,0.0,True
Q3-[12]@2025-04-25,0.0,0.0,1200.0,9063.061135740742,0.0,True
Q3-[12]@2025-04-26,0.0,0.0,1199.9999999999989,9106.470861342594,0.0,True
Q3-[12]@2025-04-27,-3.552713678800501e-15,0.0,1199.9999999999989,10800.0,0.0,True
Q3-[12]@2025-04-28,-7.105427357601002e-15,0.0,1200.000000000003,10800.0,0.0,True
Q3-[12]@2025-04-29,0.0,0.0,1200.0000000000002,10800.0,0.0,True
Q3-[12]@2025-04-30,0.0,0.0,1200.0,10800.0,0.0,True
Q3-[12]@2025-05-01,0.0,0.0,1200.0,10800.0,0.0,True
Q3-[12]@2025-05-02,0.0,0.0,1199.9999999999995,9420.873251851852,0.0,True
Q3-[12]@2025-05-03,0.0,0.0,1199.9999999999995,9279.905159722222,0.0,True
Q3-[12]@2025-05-04,-5.329070518200751e-15,0.0,1200.0,10800.0,0.0,True
Q3-[12]@2025-05-05,-7.105427357601002e-15,0.0,1199.9999999999998,10800.0,0.0,True
Q3-[12]@2025-05-06,0.0,0.0,1200.000000000001,10800.0,0.0,True
Q3-[12]@2025-05-07,0.0,0.0,1199.9999999999995,10800.0,0.0,True
Q3-[12]@2025-05-08,0.0,0.0,1199.999999999999,10800.0,0.0,True
Q3-[12]@2025-05-09,0.0,0.0,1199.9999999999998,9268.262771559417,0.0,True
Q3-[12]@2025-05-10,0.0,0.0,1200.0000000000014,9246.577991804015,0.0,True
Q3-[12]@2025-05-11,0.0,0.0,1199.9999999999998,10800.0,0.0,True
Q3-[12]@2025-05-12,-7.105427357601002e-15,0.0,1199.9999999999973,10799.999999999998,0.0,True
Q3-[12]@2025-05-13,0.0,0.0,1200.0000000000011,10800.0,0.0,True
Q3-[12]@2025-05-14,0.0,0.0,1200.0000000000011,10800.0,0.0,True
Q3-[12]@2025-05-15,-1.7763568394002505e-15,0.0,1200.0,10764.502083333335,0.0,True
Q3-[12]@2025-05-16,0.0,0.0,1200.0,9149.512639064813,0.0,True
Q3-[12]@2025-05-17,0.0,0.0,1199.999999999999,9310.501777467594,0.0,True
Q3-[12]@2025-05-18,0.0,0.0,1199.999999999999,10800.0,0.0,True
Q3-[12]@2025-05-19,0.0,0.0,1200.000000000001,10800.0,0.0,True
Q3-[12]@2025-05-20,0.0,0.0,1199.9999999999995,10800.0,0.0,True
Q3-[12]@2025-05-21,0.0,0.0,1199.9999999999995,10800.0,0.0,True
Q3-[12]@2025-05-22,0.0,0.0,1200.0000000000011,10800.0,0.0,True
Q3-[12]@2025-05-23,0.0,0.0,1200.0,9871.12090191821,0.0,True
Q3-[12]@2025-05-24,0.0,0.0,1200.0,9054.245957152776,0.0,True
Q3-[12]@2025-05-25,0.0,0.0,1200.0000000000002,10800.0,0.0,True
Q3-[12]@2025-05-26,-7.105427357601002e-15,0.0,1200.0000000000002,10800.0,0.0,True
Q3-[12]@2025-05-27,0.0,0.0,1200.0000000000002,10800.0,0.0,True
Q3-[12]@2025-05-28,0.0,0.0,1200.0000000000002,10800.0,0.0,True
Q3-[12]@2025-05-29,0.0,0.0,1200.0000000000002,10800.0,0.0,True
Q3-[12]@2025-05-30,0.0,0.0,1200.0,9221.904150796297,0.0,True
Q3-[12]@2025-05-31,0.0,0.0,1199.999999999999,9285.079995671298,0.0,True
Q3-[12]@2025-06-01,0.0,0.0,1199.999999999999,10800.0,0.0,True
Q3-[12]@2025-06-02,0.0,0.0,1200.000000000003,10800.000000000002,0.0,True
Q3-[12]@2025-06-03,0.0,0.0,1200.0000000000002,10800.0,0.0,True
Q3-[12]@2025-06-04,0.0,0.0,1200.000000000002,10800.000000000002,0.0,True
Q3-[12]@2025-06-05,0.0,0.0,1200.0000000000002,10800.0,0.0,True
Q3-[12]@2025-06-06,0.0,0.0,1199.9999999999998,10800.0,0.0,True
Q3-[12]@2025-06-07,0.0,0.0,1199.9999999999998,10800.0,0.0,True
Q3-[12]@2025-06-08,0.0,0.0,1200.0000000000002,10800.0,0.0,True
Q3-[12]@2025-06-09,0.0,0.0,1200.0000000000002,10800.000000000002,0.0,True
Q3-[12]@2025-06-10,0.0,0.0,1200.0000000000039,10800.000000000004,0.0,True
Q3-[12]@2025-06-11,0.0,0.0,1200.0000000000002,10800.0,0.0,True
Q3-[12]@2025-06-12,0.0,0.0,1200.0000000000002,10800.0,0.0,True
Q3-[12]@2025-06-13,0.0,0.0,1200.000000000001,10800.0,0.0,True
Q3-[12]@2025-06-14,0.0,0.0,1199.9999999999993,10800.0,0.0,True
Q3-[12]@2025-06-15,-3.552713678800501e-15,0.0,1199.9999999999984,10800.0,0.0,True
Q3-[12]@2025-06-16,0.0,0.0,1199.9999999999984,10800.0,0.0,True
Q3-[12]@2025-06-17,0.0,0.0,1200.0000000000002,10800.0,0.0,True
Q3-[12]@2025-06-18,0.0,0.0,1200.0000000000002,10800.0,0.0,True
Q3-[12]@2025-06-19,0.0,0.0,1200.0000000000002,10800.0,0.0,True
Q3-[12]@2025-06-20,0.0,0.0,1200.0000000000014,10800.0,0.0,True
Q3-[12]@2025-06-21,0.0,0.0,1200.0000000000005,9778.934785802468,0.0,True
Q3-[12]@2025-06-22,0.0,0.0,1200.0000000000005,10800.0,0.0,True
Q3-[12]@2025-06-23,0.0,0.0,1200.0000000000002,10800.0,0.0,True
Q3-[12]@2025-06-24,0.0,0.0,1200.000000000002,10800.000000000002,0.0,True
Q3-[12]@2025-06-25,0.0,0.0,1200.0000000000011,10800.0,0.0,True
Q3-[12]@2025-06-26,0.0,0.0,1200.0000000000011,10800.0,0.0,True
Q3-[12]@2025-06-27,15.293123319444476,0.0,1200.0000000000005,10049.47929915926,0.0,True
Q3-[12]@2025-06-28,12.308846416666597,0.0,1200.0000000000005,10432.503839519446,0.0,True
Q3-[12]@2025-06-29,0.0,0.0,1200.0000000000002,10800.0,0.0,True
Q3-[12]@2025-06-30,0.0,0.0,1200.0000000000023,10800.000000000002,0.0,True
Q3-[12]@2025-07-01,0.0,0.0,1200.0000000000002,10800.0,0.0,True
Q3-[12]@2025-07-02,0.0,0.0,1200.0000000000002,10800.0,0.0,True
Q3-[12]@2025-07-03,0.0,0.0,1200.0000000000002,10800.0,0.0,True
Q3-[12]@2025-07-04,0.0,0.0,1200.0000000000002,10514.090858333335,0.0,True
Q3-[12]@2025-07-05,0.0,0.0,1199.9999999999995,10530.696514814816,0.0,True
Q3-[12]@2025-07-06,-2.842170943040401e-14,0.0,1200.0000000000002,10800.0,0.0,True
Q3-[12]@2025-07-07,0.0,0.0,1200.0000000000002,10800.0,0.0,True
Q3-[12]@2025-07-08,0.0,0.0,1200.0000000000002,10800.0,0.0,True
Q3-[12]@2025-07-09,0.0,0.0,1200.0000000000002,10800.0,0.0,True
Q3-[12]@2025-07-10,-3.552713678800501e-15,0.0,1200.0000000000002,10800.0,0.0,True
Q3-[12]@2025-07-11,0.0,0.0,1200.0000000000027,10337.910143750003,0.0,True
Q3-[12]@2025-07-12,0.0,0.0,1200.0,10319.244342942127,0.0,True
Q3-[12]@2025-07-13,0.0,0.0,1200.0,10800.0,0.0,True
Q3-[12]@2025-07-14,0.0,0.0,1200.0000000000002,10800.0,0.0,True
Q3-[12]@2025-07-15,0.0,0.0,1200.0000000000002,10800.0,0.0,True
Q3-[12]@2025-07-16,0.0,0.0,1200.0000000000002,10800.0,0.0,True
Q3-[12]@2025-07-17,0.0,0.0,1200.0000000000002,10800.0,0.0,True
Q3-[12]@2025-07-18,0.0,0.0,1200.0000000000016,9948.351534953705,0.0,True
Q3-[12]@2025-07-19,0.0,0.0,1199.9999999999995,9896.923446296296,0.0,True
Q3-[12]@2025-07-20,0.0,0.0,1199.9999999999995,10800.0,0.0,True
Q3-[12]@2025-07-21,0.0,0.0,1200.0000000000002,10800.0,0.0,True
Q3-[12]@2025-07-22,0.0,0.0,1200.0000000000002,10800.0,0.0,True
Q3-[12]@2025-07-23,0.0,0.0,1200.0000000000002,10800.000000000004,0.0,True
Q3-[12]@2025-07-24,0.0,0.0,1200.000000000002,10800.000000000002,0.0,True
Q3-[12]@2025-07-25,0.0,0.0,1200.0,9695.680913657407,0.0,True
Q3-[12]@2025-07-26,5.6943485416666135,0.0,1199.9999999999995,9663.400665046298,0.0,True
Q3-[12]@2025-07-27,0.0,0.0,1199.9999999999995,10800.0,0.0,True
Q3-[12]@2025-07-28,-7.105427357601002e-15,0.0,1200.0000000000002,10800.0,0.0,True
Q3-[12]@2025-07-29,-1.4210854715202004e-14,0.0,1199.9999999999993,10800.0,0.0,True
Q3-[12]@2025-07-30,-1.4210854715202004e-14,0.0,1199.999999999998,10800.0,0.0,True
Q3-[12]@2025-07-31,0.0,0.0,1200.0,10800.0,0.0,True
Q3-[12]@2025-08-01,0.0,0.0,1200.0,9610.49240162037,0.0,True
Q3-[12]@2025-08-02,0.0,0.0,1200.0,9517.059814814815,0.0,True
Q3-[12]@2025-08-03,-2.6645352591003757e-15,0.0,1200.0,10740.098109722225,0.0,True
Q3-[12]@2025-08-04,0.0,0.0,1200.0,10800.0,0.0,True
Q3-[12]@2025-08-05,0.0,0.0,1199.999999999999,10800.0,0.0,True
Q3-[12]@2025-08-06,-1.4210854715202004e-14,0.0,1199.999999999999,10800.0,0.0,True
Q3-[12]@2025-08-07,0.0,0.0,1199.999999999999,10800.0,0.0,True
Q3-[12]@2025-08-08,0.0,0.0,1199.999999999999,9568.570148842593,0.0,True
Q3-[12]@2025-08-09,0.0,0.0,1199.999999999999,9444.278727314813,0.0,True
Q3-[12]@2025-08-10,-1.4210854715202004e-14,0.0,1199.999999999999,10800.0,0.0,True
Q3-[12]@2025-08-11,0.0,0.0,1200.0000000000005,10800.0,0.0,True
Q3-[12]@2025-08-12,0.0,0.0,1200.0000000000005,10800.000000000002,0.0,True
Q3-[12]@2025-08-13,-1.4210854715202004e-14,0.0,1200.0000000000014,10800.0,0.0,True
Q3-[12]@2025-08-14,0.0,0.0,1200.0,10800.0,0.0,True
Q3-[12]@2025-08-15,0.0,0.0,1200.0,9718.48173148148,0.0,True
Q3-[12]@2025-08-16,0.0,0.0,1200.0,9674.245486111111,0.0,True
Q3-[12]@2025-08-17,0.0,0.0,1200.0,10800.0,0.0,True
Q3-[12]@2025-08-18,0.0,0.0,1200.0000000000005,10800.0,0.0,True
Q3-[12]@2025-08-19,0.0,0.0,1200.0,10800.0,0.0,True
Q3-[12]@2025-08-20,0.0,0.0,1200.0,10800.0,0.0,True
Q3-[12]@2025-08-21,0.0,0.0,1200.0,10800.0,0.0,True
Q3-[12]@2025-08-22,0.0,0.0,1199.999999999999,9522.247846759257,0.0,True
Q3-[12]@2025-08-23,0.0,0.0,1199.999999999999,9717.059575,0.0,True
Q3-[12]@2025-08-24,0.0,0.0,1199.9999999999995,10800.0,0.0,True
Q3-[12]@2025-08-25,0.0,0.0,1200.0000000000005,10800.0,0.0,True
Q3-[12]@2025-08-26,0.0,0.0,1199.999999999999,10753.919964564198,0.0,True
Q3-[12]@2025-08-27,0.0,0.0,1200.0000000000005,10800.0,0.0,True
Q3-[12]@2025-08-28,-7.105427357601002e-15,0.0,1200.0000000000023,10800.0,0.0,True
Q3-[12]@2025-08-29,0.0,0.0,1200.000000000001,9458.909278086421,0.0,True
Q3-[12]@2025-08-30,0.0,0.0,1200.0000000000005,9479.81641296296,0.0,True
Q3-[12]@2025-08-31,-1.7763568394002505e-15,0.0,1200.0000000000018,10800.0,0.0,True
Q3-[12]@2025-09-01,15.970660861111014,0.0,1200.0000000000002,10800.0,0.0,True
Q3-[12]@2025-09-02,0.0,0.0,1199.9999999999982,10800.0,0.0,True
Q3-[12]@2025-09-03,0.0,0.0,1199.9999999999982,10800.0,0.0,True
Q3-[12]@2025-09-04,-1.7763568394002505e-15,0.0,1199.9999999999993,10800.0,0.0,True
Q3-[12]@2025-09-05,0.0,0.0,1199.9999999999989,8767.014274074072,0.0,True
Q3-[12]@2025-09-06,0.0,0.0,1199.999999999999,8983.154537962962,0.0,True
Q3-[12]@2025-09-07,0.0,0.0,1199.9999999999993,10800.0,0.0,True
Q3-[12]@2025-09-08,0.0,0.0,1199.9999999999993,10800.0,0.0,True
Q3-[12]@2025-09-09,0.0,0.0,1199.9999999999993,10800.000000000002,0.0,True
Q3-[12]@2025-09-10,0.0,0.0,1200.0000000000018,10800.0,0.0,True
Q3-[12]@2025-09-11,0.0,0.0,1200.0000000000018,10800.0,0.0,True
Q3-[12]@2025-09-12,1.228648333333581,0.0,1200.0000000000005,8666.772878734568,0.0,True
Q3-[12]@2025-09-13,7.01399487499998,0.0,1199.9999999999995,8731.540742777777,0.0,True
Q3-[12]@2025-09-14,0.0,0.0,1199.999999999999,10800.0,0.0,True
Q3-[12]@2025-09-15,0.0,0.0,1199.9999999999989,10800.0,0.0,True
Q3-[12]@2025-09-16,0.0,0.0,1199.9999999999968,10800.0,0.0,True
Q3-[12]@2025-09-17,0.0,0.0,1199.9999999999968,10800.0,0.0,True
Q3-[12]@2025-09-18,-2.3869795029440866e-15,0.0,1199.9999999999986,10800.0,0.0,True
Q3-[12]@2025-09-19,0.0,0.0,1199.9999999999986,8809.104672689817,0.0,True
Q3-[12]@2025-09-20,0.0,0.0,1199.999999999999,8922.4769185,0.0,True
Q3-[12]@2025-09-21,0.0,0.0,1200.0000000000007,10800.0,0.0,True
Q3-[12]@2025-09-22,0.0,0.0,1200.0,10800.0,0.0,True
Q3-[12]@2025-09-23,0.0,0.0,1199.9999999999995,10800.0,0.0,True
Q3-[12]@2025-09-24,0.0,0.0,1200.0,10800.0,0.0,True
Q3-[12]@2025-09-25,0.0,0.0,1200.0000000000005,10800.0,0.0,True
Q3-[12]@2025-09-26,0.0,0.0,1199.9999999999995,9162.314572916664,0.0,True
Q3-[12]@2025-09-27,0.0,0.0,1199.9999999999993,9362.606226416667,0.0,True
Q3-[12]@2025-09-28,0.0,0.0,1199.9999999999993,10800.0,0.0,True
Q3-[12]@2025-09-29,0.0,0.0,1199.9999999999986,10800.0,0.0,True
Q3-[12]@2025-09-30,0.0,0.0,1199.9999999999993,10800.0,0.0,True
Q3-[12]@2025-10-01,0.0,0.0,1200.0,10800.000000000002,0.0,True
Q3-[12]@2025-10-02,0.0,0.0,1199.999999999999,10800.0,0.0,True
Q3-[12]@2025-10-03,1.2012437500000033,0.0,1199.9999999999995,9182.850010753706,0.0,True
Q3-[12]@2025-10-04,7.201483333333385,0.0,1200.0000000000005,10800.0,0.0,True
Q3-[12]@2025-10-05,0.0,0.0,1200.0000000000005,10800.0,0.0,True
Q3-[12]@2025-10-06,0.0,0.0,1199.9999999999998,10800.0,0.0,True
Q3-[12]@2025-10-07,0.0,0.0,1200.0,10800.0,0.0,True
Q3-[12]@2025-10-08,0.0,0.0,1200.0000000000002,10800.0,0.0,True
Q3-[12]@2025-10-09,0.0,0.0,1199.9999999999995,10800.0,0.0,True
Q3-[12]@2025-10-10,3.3113250000000107,0.0,1199.999999999999,9238.381481481483,0.0,True
Q3-[12]@2025-10-11,0.0,0.0,1199.999999999999,9843.497854444444,0.0,True
Q3-[12]@2025-10-12,0.0,0.0,1200.0000000000002,10800.0,0.0,True
Q3-[12]@2025-10-13,0.0,0.0,1200.000000000001,10800.0,0.0,True
Q3-[12]@2025-10-14,0.0,0.0,1200.0000000000005,10800.0,0.0,True
Q3-[12]@2025-10-15,-5.551115123125783e-17,0.0,1200.0000000000002,10800.0,0.0,True
Q3-[12]@2025-10-16,0.0,0.0,1199.999999999999,10800.0,0.0,True
Q3-[12]@2025-10-17,0.0,0.0,1200.0000000000002,9208.157059259262,0.0,True
Q3-[12]@2025-10-18,0.0,0.0,1199.9999999999995,8911.910181481482,0.0,True
Q3-[12]@2025-10-19,0.0,0.0,1199.9999999999995,10800.0,0.0,True
Q3-[12]@2025-10-20,0.0,0.0,1217.4299999999976,10800.0,0.0,True
Q3-[12]@2025-10-21,0.0,0.0,1200.000000000001,10800.0,0.0,True
Q3-[12]@2025-10-22,0.0,0.0,1200.0000000000007,10800.000000000002,0.0,True
Q3-[12]@2025-10-23,0.0,0.0,1200.000000000001,10800.0,0.0,True
Q3-[12]@2025-10-24,0.0,0.0,1199.9999999999986,10243.84840212963,0.0,True
Q3-[12]@2025-10-25,0.0,0.0,1199.9999999999986,10800.0,0.0,True
Q3-[12]@2025-10-26,0.0,0.0,1200.0,10800.0,0.0,True
Q3-[12]@2025-10-27,0.0,0.0,1200.0000000000007,10800.0,0.0,True
Q3-[12]@2025-10-28,0.0,0.0,1200.0000000000005,10800.0,0.0,True
Q3-[12]@2025-10-29,-1.7763568394002505e-15,0.0,1200.000000000001,10800.0,0.0,True
Q3-[12]@2025-10-30,0.0,0.0,1200.0000000000016,10800.0,0.0,True
Q3-[12]@2025-10-31,0.0,0.0,1199.9999999999984,10800.0,0.0,True
Q3-[12]@2025-11-01,0.0,0.0,1199.9999999999984,10691.338189703089,0.0,True
Q3-[12]@2025-11-02,0.0,0.0,1200.0000000000005,10800.000000000002,0.0,True
Q3-[12]@2025-11-03,0.0,0.0,1200.0000000000005,10800.0,0.0,True
Q3-[12]@2025-11-04,0.0,0.0,1200.0000000000011,10800.0,0.0,True
Q3-[12]@2025-11-05,0.0,0.0,1200.000000000001,10800.0,0.0,True
Q3-[12]@2025-11-06,0.0,0.0,1200.000000000001,10800.0,0.0,True
Q3-[12]@2025-11-07,0.0,0.0,1200.0000000000007,10800.0,0.0,True
Q3-[12]@2025-11-08,0.0,0.0,1200.0000000000014,10800.0,0.0,True
Q3-[12]@2025-11-09,0.0,0.0,1199.9999999999977,10800.0,0.0,True
Q3-[12]@2025-11-10,0.0,0.0,1199.9999999999986,10800.0,0.0,True
Q3-[12]@2025-11-11,0.0,0.0,1200.0000000000002,10800.0,0.0,True
Q3-[12]@2025-11-12,0.0,0.0,1200.0000000000027,10800.000000000002,0.0,True
Q3-[12]@2025-11-13,0.0,0.0,1199.9999999999993,10800.000000000002,0.0,True
Q3-[12]@2025-11-14,0.0,0.0,1200.0000000000002,10800.0,0.0,True
Q3-[12]@2025-11-15,0.0,0.0,1199.9999999999986,10800.0,0.0,True
Q3-[12]@2025-11-16,0.0,0.0,1199.9999999999986,10800.0,0.0,True
Q3-[12]@2025-11-17,0.0,0.0,1200.0000000000011,10800.0,0.0,True
Q3-[12]@2025-11-18,0.0,0.0,1200.0000000000011,10800.0,0.0,True
Q3-[12]@2025-11-19,0.0,0.0,1200.0000000000014,10800.0,0.0,True
Q3-[12]@2025-11-20,0.0,0.0,1200.0000000000023,10800.0,0.0,True
Q3-[12]@2025-11-21,7.707560833333503,0.0,1200.0000000000011,10800.0,0.0,True
Q3-[12]@2025-11-22,0.0,0.0,1199.9999999999995,10800.0,0.0,True
Q3-[12]@2025-11-23,0.0,0.0,1199.9999999999984,10800.0,0.0,True
Q3-[12]@2025-11-24,0.0,0.0,1200.0000000000005,10800.0,0.0,True
Q3-[12]@2025-11-25,0.0,0.0,1200.0,10800.0,0.0,True
Q3-[12]@2025-11-26,0.0,0.0,1199.999999999999,10800.0,0.0,True
Q3-[12]@2025-11-27,0.0,0.0,1199.9999999999989,10800.0,0.0,True
Q3-[12]@2025-11-28,0.0,0.0,1200.0000000000007,10800.0,0.0,True
Q3-[12]@2025-11-29,0.0,0.0,1200.0,10800.0,0.0,True
Q3-[12]@2025-11-30,0.0,0.0,1200.0000000000005,10800.0,0.0,True
Q3-[12]@2025-12-01,0.0,0.0,1200.0000000000002,10800.0,0.0,True
Q3-[12]@2025-12-02,0.0,0.0,1200.0000000000002,10800.0,0.0,True
Q3-[12]@2025-12-03,0.0,0.0,1199.9999999999998,10800.0,0.0,True
Q3-[12]@2025-12-04,0.0,0.0,1200.0000000000014,10800.0,0.0,True
Q3-[12]@2025-12-05,0.0,0.0,1200.0000000000027,10800.0,0.0,True
Q3-[12]@2025-12-06,0.0,0.0,1707.2768738271623,10800.0,0.0,True
Q3-[12]@2025-12-07,0.0,0.0,1200.0,10800.0,0.0,True
Q3-[12]@2025-12-08,0.0,0.0,1200.0,10800.0,0.0,True
Q3-[12]@2025-12-09,0.0,0.0,1199.9999999999995,10800.0,0.0,True
Q3-[12]@2025-12-10,0.0,0.0,1200.0,10800.0,0.0,True
Q3-[12]@2025-12-11,0.0,0.0,1200.0000000000005,10800.0,0.0,True
Q3-[12]@2025-12-12,0.0,0.0,1200.0000000000027,10800.0,0.0,True
Q3-[12]@2025-12-13,0.0,0.0,1351.36387669291,10800.0,0.0,True
Q3-[12]@2025-12-14,0.0,0.0,1200.0000000000002,10800.0,0.0,True
Q3-[12]@2025-12-15,0.0,0.0,1199.9999999999986,10800.0,0.0,True
Q3-[12]@2025-12-16,0.0,0.0,1199.9999999999995,10800.0,0.0,True
Q3-[12]@2025-12-17,0.0,0.0,1200.0,10800.0,0.0,True
Q3-[12]@2025-12-18,0.0,0.0,1199.9999999999995,10800.0,0.0,True
Q3-[12]@2025-12-19,0.0,0.0,1200.0000000000005,10800.0,0.0,True
Q3-[12]@2025-12-20,0.0,0.0,1796.9154787500006,10800.0,0.0,True
Q3-[12]@2025-12-21,0.0,0.0,1200.0000000000002,10800.0,0.0,True
Q3-[12]@2025-12-22,0.0,0.0,1199.9999999999998,10800.0,0.0,True
Q3-[12]@2025-12-23,0.0,0.0,1200.0,10800.0,0.0,True
Q3-[12]@2025-12-24,0.0,0.0,1199.9999999999993,10800.0,0.0,True
Q3-[12]@2025-12-25,0.0,0.0,1199.9999999999998,10800.0,0.0,True
Q3-[12]@2025-12-26,0.0,0.0,1200.000000000003,10800.0,0.0,True
Q3-[12]@2025-12-27,0.0,0.0,1200.0000000000027,10800.0,0.0,True
Q3-[12]@2025-12-28,0.0,0.0,1200.0000000000011,10800.0,0.0,True
Q3-[12]@2025-12-29,0.0,0.0,1200.0000000000002,10800.0,0.0,True
Q3-[12]@2025-12-30,0.0,0.0,1200.0000000000007,10800.0,0.0,True
Q3-[12]@2025-12-31,0.0,0.0,1200.0,10800.0,0.0,True
Q3-[12]@2025-01-01,-5.684341886080802e-14,0.0,4985.244644999999,6007.026307499999,0.0,True
Q3-[12]@2025-01-02,0.0,0.0,1200.0,10800.0,0.0,True
Q3-[12]@2025-01-03,0.0,0.0,1200.0,10800.0,0.0,True
Q3-[12]@2025-01-04,0.0,0.0,1200.0,10800.0,0.0,True
Q3-[12]@2025-01-05,0.0,0.0,1200.0000000000005,10800.0,0.0,True
Q3-[12]@2025-01-06,0.0,0.0,1199.9999999999995,10800.0,0.0,True
Q3-[12]@2025-01-07,0.0,0.0,1200.0,10800.000000000004,0.0,True
Q3-[12]@2025-01-08,0.0,0.0,1200.0000000000002,10800.0,0.0,True
Q3-[12]@2025-01-09,0.0,0.0,1200.0,10800.0,0.0,True
Q3-[12]@2025-01-10,0.0,0.0,1199.9999999999977,10800.0,0.0,True
Q3-[12]@2025-01-11,0.0,0.0,1199.9999999999977,10800.0,0.0,True
Q3-[12]@2025-01-12,0.0,0.0,1200.000000000001,10800.0,0.0,True
Q3-[12]@2025-01-13,0.0,0.0,1200.0,10800.0,0.0,True
Q3-[12]@2025-01-14,0.0,0.0,1199.9999999999995,10800.0,0.0,True
Q3-[12]@2025-01-15,0.0,0.0,1199.9999999999998,10800.0,0.0,True
Q3-[12]@2025-01-16,0.0,0.0,1199.9999999999989,10800.0,0.0,True
Q3-[12]@2025-01-17,0.0,0.0,1199.9999999999989,10800.0,0.0,True
Q3-[12]@2025-01-18,0.0,0.0,1200.000000000001,10800.000000000002,0.0,True
Q3-[12]@2025-01-19,0.0,0.0,1200.0,10800.000000000002,0.0,True
Q3-[12]@2025-01-20,0.0,0.0,1200.0000000000002,10800.0,0.0,True
Q3-[12]@2025-01-21,0.0,0.0,1200.0,10800.0,0.0,True
Q3-[12]@2025-01-22,0.0,0.0,1200.0000000000005,10800.0,0.0,True
Q3-[12]@2025-01-23,0.0,0.0,1199.999999999999,10800.0,0.0,True
Q3-[12]@2025-01-24,0.0,0.0,1199.999999999999,10800.0,0.0,True
Q3-[12]@2025-01-25,0.0,0.0,1199.999999999999,10800.0,0.0,True
Q3-[12]@2025-01-26,0.0,0.0,1200.0,10800.000000000002,0.0,True
Q3-[12]@2025-01-27,0.0,0.0,1200.0,10800.0,0.0,True
Q3-[12]@2025-01-28,0.0,0.0,1199.9999999999982,10800.0,0.0,True
Q3-[12]@2025-01-29,0.0,0.0,1200.0000000000016,10800.0,0.0,True
Q3-[12]@2025-01-30,0.0,0.0,1200.0000000000005,10800.0,0.0,True
Q3-[12]@2025-01-31,0.0,0.0,1199.9999999999998,10800.0,0.0,True
Q3-[12]@2025-02-01,0.0,0.0,1200.0,10800.0,0.0,True
Q3-[12]@2025-02-02,0.0,0.0,1200.0000000000014,10800.0,0.0,True
Q3-[12]@2025-02-03,0.0,0.0,1367.749333827161,10800.0,0.0,True
Q3-[12]@2025-02-04,0.0,0.0,1200.0000000000007,10800.0,0.0,True
Q3-[12]@2025-02-05,-3.552713678800501e-15,0.0,1200.0000000000011,10800.000000000002,0.0,True
Q3-[12]@2025-02-06,0.0,0.0,1200.0000000000011,10800.0,0.0,True
Q3-[12]@2025-02-07,0.0,0.0,1199.999999999999,10800.0,0.0,True
Q3-[12]@2025-02-08,0.0,0.0,1200.0,10800.0,0.0,True
Q3-[12]@2025-02-09,0.0,0.0,1200.0,10800.0,0.0,True
Q3-[12]@2025-02-10,0.0,0.0,1199.999999999999,10800.0,0.0,True
Q3-[12]@2025-02-11,0.0,0.0,1200.0000000000023,10800.0,0.0,True
Q3-[12]@2025-02-12,0.0,0.0,1200.0000000000005,10800.0,0.0,True
Q3-[12]@2025-02-13,0.0,0.0,1199.9999999999995,10800.0,0.0,True
Q3-[12]@2025-02-14,0.0,0.0,1199.9999999999995,10800.0,0.0,True
Q3-[12]@2025-02-15,0.0,0.0,1200.0000000000014,10800.0,0.0,True
Q3-[12]@2025-02-16,0.0,0.0,1200.0000000000018,10800.0,0.0,True
Q3-[12]@2025-02-17,0.0,0.0,1199.9999999999995,10800.0,0.0,True
Q3-[12]@2025-02-18,-1.4210854715202004e-14,0.0,1200.0000000000014,10800.0,0.0,True
Q3-[12]@2025-02-19,-7.105427357601002e-15,0.0,1200.0000000000002,10800.0,0.0,True
Q3-[12]@2025-02-20,0.0,0.0,1200.000000000001,10800.0,0.0,True
Q3-[12]@2025-02-21,0.0,0.0,1199.9999999999995,10800.0,0.0,True
Q3-[12]@2025-02-22,0.0,0.0,1199.9999999999995,10800.0,0.0,True
Q3-[12]@2025-02-23,-1.4210854715202004e-14,0.0,1200.0000000000007,10800.0,0.0,True
Q3-[12]@2025-02-24,0.0,0.0,1200.0000000000007,10800.0,0.0,True
Q3-[12]@2025-02-25,0.0,0.0,1200.0000000000002,10800.0,0.0,True
Q3-[12]@2025-02-26,-3.552713678800501e-15,0.0,1199.9999999999998,10800.0,0.0,True
Q3-[12]@2025-02-27,-3.552713678800501e-15,0.0,1200.0,10800.0,0.0,True
Q3-[12]@2025-02-28,0.0,0.0,1200.0000000000007,8980.809990196762,0.0,True
Q3-[12]@2025-03-01,0.0,0.0,1200.0000000000005,10800.0,0.0,True
Q3-[12]@2025-03-02,-7.105427357601002e-15,0.0,1200.0000000000005,10800.0,0.0,True
Q3-[12]@2025-03-03,0.0,0.0,1200.0000000000005,10800.0,0.0,True
Q3-[12]@2025-03-04,-7.105427357601002e-15,0.0,1199.999999999998,10800.0,0.0,True
Q3-[12]@2025-03-05,0.0,0.0,1199.999999999998,10800.0,0.0,True
Q3-[12]@2025-03-06,-7.105427357601002e-15,0.0,1199.999999999999,10800.0,0.0,True
Q3-[12]@2025-03-07,0.0,0.0,1199.999999999999,8430.327374852779,0.0,True
Q3-[12]@2025-03-08,0.0,0.0,1200.0000000000005,8612.536086055554,0.0,True
Q3-[12]@2025-03-09,0.0,0.0,1200.0000000000005,10800.0,0.0,True
Q3-[12]@2025-03-10,-7.105427357601002e-15,0.0,1200.0,10800.0,0.0,True
Q3-[12]@2025-03-11,0.0,0.0,1200.0000000000005,10800.0,0.0,True
Q3-[12]@2025-03-12,-3.552713678800501e-15,0.0,1199.9999999999998,10800.0,0.0,True
Q3-[12]@2025-03-13,0.0,0.0,1199.9999999999998,10800.0,0.0,True
Q3-[12]@2025-03-14,0.0,0.0,1200.0000000000002,8624.756321789351,0.0,True
Q3-[12]@2025-03-15,0.0,0.0,1199.9999999999986,8807.24737446296,0.0,True
Q3-[12]@2025-03-16,0.0,0.0,1199.9999999999986,10800.0,0.0,True
Q3-[12]@2025-03-17,-1.3322676295501878e-15,0.0,1200.0000000000014,10800.0,0.0,True
Q3-[12]@2025-03-18,0.0,0.0,1200.0,10800.0,0.0,True
Q3-[12]@2025-03-19,-4.739264536368637e-15,0.0,1199.9999999999993,10800.0,0.0,True
Q3-[12]@2025-03-20,-7.105427357601002e-15,0.0,1200.0000000000018,10800.0,0.0,True
Q3-[12]@2025-03-21,0.0,0.0,1200.0,8983.964919791666,0.0,True
Q3-[12]@2025-03-22,1.7637512916664946,0.0,1200.0,9174.36041851852,0.0,True
Q3-[12]@2025-03-23,0.0,0.0,1200.0,10800.0,0.0,True
Q3-[12]@2025-03-24,0.0,0.0,1200.0,10800.0,0.0,True
Q3-[12]@2025-03-25,0.0,0.0,1200.0000000000007,10800.0,0.0,True
Q3-[12]@2025-03-26,-2.220446049250313e-15,0.0,1200.0,10800.0,0.0,True
Q3-[12]@2025-03-27,0.0,0.0,1200.0,10800.0,0.0,True
Q3-[12]@2025-03-28,0.0,0.0,1199.9999999999998,9213.315431161267,0.0,True
Q3-[12]@2025-03-29,0.0,0.0,1200.0000000000005,9382.404049699078,0.0,True
Q3-[12]@2025-03-30,-7.105427357601002e-15,0.0,1199.9999999999982,10800.0,0.0,True
Q3-[12]@2025-03-31,-7.105427357601002e-15,0.0,1200.0000000000005,10779.045718997259,0.0,True
Q3-[12]@2025-04-01,0.0,0.0,1200.0000000000025,10800.0,0.0,True
Q3-[12]@2025-04-02,0.0,0.0,1200.0000000000005,10800.0,0.0,True
Q3-[12]@2025-04-03,0.0,0.0,1199.9999999999998,10800.0,0.0,True
Q3-[12]@2025-04-04,0.0,0.0,1199.999999999999,9109.73987037037,0.0,True
Q3-[12]@2025-04-05,0.0,0.0,1199.999999999999,9129.52840740741,0.0,True
Q3-[12]@2025-04-06,0.0,0.0,1200.0000000000011,10800.0,0.0,True
Q3-[12]@2025-04-07,0.0,0.0,1200.0000000000005,10800.0,0.0,True
Q3-[12]@2025-04-08,-4.718447854656915e-15,0.0,1200.0000000000005,10800.0,0.0,True
Q3-[12]@2025-04-09,-1.4210854715202004e-14,0.0,1200.0,10800.0,0.0,True
Q3-[12]@2025-04-10,-4.440892098500626e-15,0.0,1199.9999999999998,10800.0,0.0,True
Q3-[12]@2025-04-11,0.0,0.0,1199.999999999999,9217.307457761111,0.0,True
Q3-[12]@2025-04-12,0.0,0.0,1199.999999999999,9121.791966169754,0.0,True
Q3-[12]@2025-04-13,-7.105427357601002e-15,0.0,1200.0,10800.0,0.0,True
Q3-[12]@2025-04-14,-2.220446049250313e-15,0.0,1199.9999999999995,10800.000000000002,0.0,True
Q3-[12]@2025-04-15,-8.881784197001252e-16,0.0,1200.0000000000002,10800.0,0.0,True
Q3-[12]@2025-04-16,0.0,0.0,1200.0000000000007,10800.0,0.0,True
Q3-[12]@2025-04-17,-4.884981308350689e-15,0.0,1200.0,10800.0,0.0,True
Q3-[12]@2025-04-18,0.0,0.0,1200.0,9289.990616666668,0.0,True
Q3-[12]@2025-04-19,0.0,0.0,1199.9999999999995,9380.153498796295,0.0,True
Q3-[12]@2025-04-20,0.0,0.0,1199.9999999999995,10800.0,0.0,True
Q3-[12]@2025-04-21,0.0,0.0,1200.0,10800.0,0.0,True
Q3-[12]@2025-04-22,-3.552713678800501e-15,0.0,1200.0,10800.0,0.0,True
Q3-[12]@2025-04-23,-8.881784197001252e-16,0.0,1200.000000000001,10800.0,0.0,True
Q3-[12]@2025-04-24,0.0,0.0,1199.999999999999,10800.000000000002,0.0,True
Q3-[12]@2025-04-25,0.0,0.0,1200.0,9059.105853472221,0.0,True
Q3-[12]@2025-04-26,0.0,0.0,1199.9999999999989,9106.470861342594,0.0,True
Q3-[12]@2025-04-27,-3.552713678800501e-15,0.0,1199.9999999999989,10800.0,0.0,True
Q3-[12]@2025-04-28,-7.105427357601002e-15,0.0,1199.9999999999989,10800.0,0.0,True
Q3-[12]@2025-04-29,0.0,0.0,1200.0000000000011,10800.0,0.0,True
Q3-[12]@2025-04-30,0.0,0.0,1200.0000000000002,10786.161687499229,0.0,True
Q3-[12]@2025-05-01,0.0,0.0,1200.0000000000002,10800.0,0.0,True
Q3-[12]@2025-05-02,0.0,0.0,1199.9999999999995,9420.873251851852,0.0,True
Q3-[12]@2025-05-03,0.0,0.0,1199.9999999999995,9279.905159722222,0.0,True
Q3-[12]@2025-05-04,-5.329070518200751e-15,0.0,1200.0,10800.0,0.0,True
Q3-[12]@2025-05-05,-7.105427357601002e-15,0.0,1199.9999999999998,10800.0,0.0,True
Q3-[12]@2025-05-06,0.0,0.0,1200.0,10800.0,0.0,True
Q3-[12]@2025-05-07,0.0,0.0,1199.9999999999995,10800.0,0.0,True
Q3-[12]@2025-05-08,0.0,0.0,1200.0000000000032,10800.0,0.0,True
Q3-[12]@2025-05-09,0.0,0.0,1199.9999999999998,9268.262771559417,0.0,True
Q3-[12]@2025-05-10,0.0,0.0,1200.0000000000007,9228.415684100002,0.0,True
Q3-[12]@2025-05-11,0.0,0.0,1200.0000000000007,10800.0,0.0,True
Q3-[12]@2025-05-12,-7.105427357601002e-15,0.0,1199.9999999999982,10799.999999999998,0.0,True
Q3-[12]@2025-05-13,0.0,0.0,1200.0000000000002,10800.0,0.0,True
Q3-[12]@2025-05-14,0.0,0.0,1200.0000000000002,10800.0,0.0,True
Q3-[12]@2025-05-15,-1.7763568394002505e-15,0.0,1200.0,10717.245474537038,0.0,True
Q3-[12]@2025-05-16,0.0,0.0,1200.0,9389.723193148146,0.0,True
Q3-[12]@2025-05-17,0.0,0.0,1199.999999999999,9453.956031574075,0.0,True
Q3-[12]@2025-05-18,0.0,0.0,1199.999999999999,10800.0,0.0,True
Q3-[12]@2025-05-19,0.0,0.0,1200.0,10800.0,0.0,True
Q3-[12]@2025-05-20,0.0,0.0,1199.9999999999995,10775.96373211651,0.0,True
Q3-[12]@2025-05-21,0.0,0.0,1199.9999999999995,10800.0,0.0,True
Q3-[12]@2025-05-22,0.0,0.0,1199.9999999999989,10800.0,0.0,True
Q3-[12]@2025-05-23,0.0,0.0,1200.0000000000002,9870.426487103397,0.0,True
Q3-[12]@2025-05-24,0.0,0.0,1200.0000000000007,9281.629738425925,0.0,True
Q3-[12]@2025-05-25,0.0,0.0,1199.9999999999993,10800.0,0.0,True
Q3-[12]@2025-05-26,-7.105427357601002e-15,0.0,1199.999999999998,10760.02244323842,0.0,True
Q3-[12]@2025-05-27,0.0,0.0,1199.999999999998,10800.0,0.0,True
Q3-[12]@2025-05-28,0.0,0.0,1200.0000000000002,10800.0,0.0,True
Q3-[12]@2025-05-29,0.0,0.0,1200.0000000000011,10800.0,0.0,True
Q3-[12]@2025-05-30,0.0,0.0,1199.9999999999995,9383.623668518516,0.0,True
Q3-[12]@2025-05-31,0.0,0.0,1199.9999999999982,9461.735145833334,0.0,True
Q3-[12]@2025-06-01,0.0,0.0,1199.9999999999982,10800.0,0.0,True
Q3-[12]@2025-06-02,0.0,0.0,1200.0000000000002,10800.0,0.0,True
Q3-[12]@2025-06-03,0.0,0.0,1200.0000000000002,10800.0,0.0,True
Q3-[12]@2025-06-04,0.0,0.0,1200.0000000000002,10800.0,0.0,True
Q3-[12]@2025-06-05,0.0,0.0,1200.0000000000002,10800.0,0.0,True
Q3-[12]@2025-06-06,0.0,0.0,1199.9999999999998,9690.057734259259,0.0,True
Q3-[12]@2025-06-07,0.0,0.0,1199.9999999999998,9913.01821972222,0.0,True
Q3-[12]@2025-06-08,0.0,0.0,1200.0000000000002,10800.0,0.0,True
Q3-[12]@2025-06-09,0.0,0.0,1200.0000000000002,10800.000000000002,0.0,True
Q3-[12]@2025-06-10,0.0,0.0,1200.0000000000002,10800.0,0.0,True
Q3-[12]@2025-06-11,0.0,0.0,1199.9999999999984,10800.0,0.0,True
Q3-[12]@2025-06-12,0.0,0.0,1199.9999999999984,10800.0,0.0,True
Q3-[12]@2025-06-13,0.0,0.0,1199.999999999999,9509.474476851849,0.0,True
Q3-[12]@2025-06-14,0.0,0.0,1199.999999999999,9672.547565432096,0.0,True
Q3-[12]@2025-06-15,-3.552713678800501e-15,0.0,1199.9999999999993,10800.0,0.0,True
Q3-[12]@2025-06-16,0.0,0.0,1200.0000000000002,10800.0,0.0,True
Q3-[12]@2025-06-17,0.0,0.0,1200.0000000000002,10800.0,0.0,True
Q3-[12]@2025-06-18,0.0,0.0,1200.0000000000002,10800.0,0.0,True
Q3-[12]@2025-06-19,0.0,0.0,1200.0000000000002,10800.0,0.0,True
Q3-[12]@2025-06-20,0.0,0.0,1200.0000000000002,9461.785356483799,0.0,True
Q3-[12]@2025-06-21,0.0,0.0,1200.0000000000005,9711.242307632716,0.0,True
Q3-[12]@2025-06-22,0.0,0.0,1199.9999999999995,10800.0,0.0,True
Q3-[12]@2025-06-23,0.0,0.0,1199.9999999999984,10800.0,0.0,True
Q3-[12]@2025-06-24,0.0,0.0,1200.0000000000002,10800.0,0.0,True
Q3-[12]@2025-06-25,0.0,0.0,1200.0000000000002,10800.000000000002,0.0,True
Q3-[12]@2025-06-26,0.0,0.0,1200.0000000000002,10800.0,0.0,True
Q3-[12]@2025-06-27,15.293123319444476,0.0,1200.0,9450.689476851852,0.0,True
Q3-[12]@2025-06-28,12.30884641666671,0.0,1199.9999999999995,9593.940833641975,0.0,True
Q3-[12]@2025-06-29,0.0,0.0,1199.9999999999995,10800.0,0.0,True
Q3-[12]@2025-06-30,0.0,0.0,1200.0,10800.0,0.0,True
Q3-[12]@2025-07-01,0.0,0.0,1200.0,10800.0,0.0,True
Q3-[12]@2025-07-02,0.0,0.0,1200.0000000000002,10800.0,0.0,True
Q3-[12]@2025-07-03,0.0,0.0,1200.0000000000002,10800.0,0.0,True
Q3-[12]@2025-07-04,0.0,0.0,1200.0000000000002,10514.090858333335,0.0,True
Q3-[12]@2025-07-05,0.0,0.0,1199.9999999999995,10471.421271027779,0.0,True
Q3-[12]@2025-07-06,-2.842170943040401e-14,0.0,1200.0000000000002,10800.0,0.0,True
Q3-[12]@2025-07-07,0.0,0.0,1200.0000000000002,10800.0,0.0,True
Q3-[12]@2025-07-08,0.0,0.0,1200.0000000000002,10800.0,0.0,True
Q3-[12]@2025-07-09,0.0,0.0,1200.0000000000002,10800.0,0.0,True
Q3-[12]@2025-07-10,-3.552713678800501e-15,0.0,1200.0000000000002,10800.0,0.0,True
Q3-[12]@2025-07-11,0.0,0.0,1199.9999999999995,10337.910143750003,0.0,True
Q3-[12]@2025-07-12,0.0,0.0,1200.0,10277.181965046295,0.0,True
Q3-[12]@2025-07-13,0.0,0.0,1200.0,10800.0,0.0,True
Q3-[12]@2025-07-14,0.0,0.0,1200.0000000000002,10800.0,0.0,True
Q3-[12]@2025-07-15,0.0,0.0,1200.0000000000002,10800.0,0.0,True
Q3-[12]@2025-07-16,0.0,0.0,1200.0,10800.0,0.0,True
Q3-[12]@2025-07-17,0.0,0.0,1200.0000000000002,10800.0,0.0,True
Q3-[12]@2025-07-18,0.0,0.0,1200.0000000000002,9948.351534953705,0.0,True
Q3-[12]@2025-07-19,0.0,0.0,1199.9999999999995,9896.923446296296,0.0,True
Q3-[12]@2025-07-20,0.0,0.0,1199.9999999999995,10800.0,0.0,True
Q3-[12]@2025-07-21,0.0,0.0,1200.0000000000002,10800.0,0.0,True
Q3-[12]@2025-07-22,0.0,0.0,1200.0,10800.0,0.0,True
Q3-[12]@2025-07-23,0.0,0.0,1200.0000000000002,10800.000000000004,0.0,True
Q3-[12]@2025-07-24,0.0,0.0,1200.0,10800.000000000002,0.0,True
Q3-[12]@2025-07-25,0.0,0.0,1200.0,9695.680913657407,0.0,True
Q3-[12]@2025-07-26,5.6943485416666135,0.0,1199.9999999999986,9663.400665046296,0.0,True
Q3-[12]@2025-07-27,0.0,0.0,1199.9999999999986,10800.0,0.0,True
Q3-[12]@2025-07-28,-7.105427357601002e-15,0.0,1200.0000000000002,10800.0,0.0,True
Q3-[12]@2025-07-29,-1.4210854715202004e-14,0.0,1200.0000000000002,10800.0,0.0,True
Q3-[12]@2025-07-30,-1.4210854715202004e-14,0.0,1199.999999999997,10800.0,0.0,True
Q3-[12]@2025-07-31,0.0,0.0,1200.0,10800.0,0.0,True
Q3-[12]@2025-08-01,0.0,0.0,1200.0,9610.49240162037,0.0,True
Q3-[12]@2025-08-02,0.0,0.0,1200.0,9517.059814814815,0.0,True
Q3-[12]@2025-08-03,-2.6645352591003757e-15,0.0,1199.9999999999995,10740.098109722223,0.0,True
Q3-[12]@2025-08-04,0.0,0.0,1199.9999999999995,10768.765767361112,0.0,True
Q3-[12]@2025-08-05,0.0,0.0,1200.0,10655.975176851853,0.0,True
Q3-[12]@2025-08-06,-1.4210854715202004e-14,0.0,1200.0,10700.902369907406,0.0,True
Q3-[12]@2025-08-07,0.0,0.0,1200.0,10800.0,0.0,True
Q3-[12]@2025-08-08,0.0,0.0,1200.0,9568.570148842593,0.0,True
Q3-[12]@2025-08-09,0.0,0.0,1199.9999999999986,9444.278727314813,0.0,True
Q3-[12]@2025-08-10,-1.4210854715202004e-14,0.0,1199.9999999999986,10730.645870833334,0.0,True
Q3-[12]@2025-08-11,0.0,0.0,1200.0,10800.0,0.0,True
Q3-[12]@2025-08-12,0.0,0.0,1200.0,10800.000000000002,0.0,True
Q3-[12]@2025-08-13,-1.4210854715202004e-14,0.0,1199.999999999999,10800.0,0.0,True
Q3-[12]@2025-08-14,0.0,0.0,1199.999999999999,10736.324694675926,0.0,True
Q3-[12]@2025-08-15,0.0,0.0,1200.0,9718.48173148148,0.0,True
Q3-[12]@2025-08-16,0.0,0.0,1200.0,9674.245486111111,0.0,True
Q3-[12]@2025-08-17,0.0,0.0,1200.0,10800.0,0.0,True
Q3-[12]@2025-08-18,0.0,0.0,1199.999999999999,10800.0,0.0,True
Q3-[12]@2025-08-19,0.0,0.0,1199.999999999999,10755.725621296297,0.0,True
Q3-[12]@2025-08-20,0.0,0.0,1200.0,10800.0,0.0,True
Q3-[12]@2025-08-21,0.0,0.0,1199.999999999999,10800.0,0.0,True
Q3-[12]@2025-08-22,0.0,0.0,1199.999999999999,9522.247846759257,0.0,True
Q3-[12]@2025-08-23,0.0,0.0,1199.999999999999,9717.059575,0.0,True
Q3-[12]@2025-08-24,0.0,0.0,1199.9999999999995,10800.0,0.0,True
Q3-[12]@2025-08-25,0.0,0.0,1200.0,10800.0,0.0,True
Q3-[12]@2025-08-26,0.0,0.0,1199.999999999999,10687.837583333334,0.0,True
Q3-[12]@2025-08-27,0.0,0.0,1200.0000000000005,10800.0,0.0,True
Q3-[12]@2025-08-28,-7.105427357601002e-15,0.0,1199.9999999999995,10800.0,0.0,True
Q3-[12]@2025-08-29,0.0,0.0,1200.000000000001,9458.909278086421,0.0,True
Q3-[12]@2025-08-30,0.0,0.0,1200.0000000000005,9479.81641296296,0.0,True
Q3-[12]@2025-08-31,-1.7763568394002505e-15,0.0,1200.0,10629.46110277778,0.0,True
Q3-[12]@2025-09-01,15.970660861111014,0.0,1199.9999999999993,10800.0,0.0,True
Q3-[12]@2025-09-02,0.0,0.0,1199.9999999999973,10800.0,0.0,True
Q3-[12]@2025-09-03,0.0,0.0,1199.9999999999973,10800.0,0.0,True
Q3-[12]@2025-09-04,-1.7763568394002505e-15,0.0,1200.0000000000002,10361.648538425927,0.0,True
Q3-[12]@2025-09-05,0.0,0.0,1199.9999999999989,8767.014274074072,0.0,True
Q3-[12]@2025-09-06,0.0,0.0,1199.999999999999,8983.154537962962,0.0,True
Q3-[12]@2025-09-07,0.0,0.0,1199.9999999999993,10405.350817824075,0.0,True
Q3-[12]@2025-09-08,0.0,0.0,1199.9999999999993,10800.0,0.0,True
Q3-[12]@2025-09-09,0.0,0.0,1199.9999999999993,10800.000000000002,0.0,True
Q3-[12]@2025-09-10,0.0,0.0,1200.0,10800.0,0.0,True
Q3-[12]@2025-09-11,0.0,0.0,1200.0,10800.0,0.0,True
Q3-[12]@2025-09-12,1.228648333333581,0.0,1200.0000000000005,8669.497167038584,0.0,True
Q3-[12]@2025-09-13,7.01399487499998,0.0,1199.9999999999995,8731.540742777777,0.0,True
Q3-[12]@2025-09-14,0.0,0.0,1199.999999999999,10800.0,0.0,True
Q3-[12]@2025-09-15,0.0,0.0,1199.9999999999989,10800.0,0.0,True
Q3-[12]@2025-09-16,0.0,0.0,1199.9999999999968,10800.0,0.0,True
Q3-[12]@2025-09-17,0.0,0.0,1199.9999999999968,10800.0,0.0,True
Q3-[12]@2025-09-18,-2.3869795029440866e-15,0.0,1199.9999999999986,10800.0,0.0,True
Q3-[12]@2025-09-19,0.0,0.0,1199.9999999999986,8809.104672689817,0.0,True
Q3-[12]@2025-09-20,0.0,0.0,1199.999999999999,8922.4769185,0.0,True
Q3-[12]@2025-09-21,0.0,0.0,1200.0000000000007,10800.0,0.0,True
Q3-[12]@2025-09-22,0.0,0.0,1200.0000000000005,10800.0,0.0,True
Q3-[12]@2025-09-23,0.0,0.0,1200.0000000000005,10800.0,0.0,True
Q3-[12]@2025-09-24,0.0,0.0,1200.0000000000005,10800.0,0.0,True
Q3-[12]@2025-09-25,0.0,0.0,1200.0000000000005,10800.0,0.0,True
Q3-[12]@2025-09-26,0.0,0.0,1199.9999999999995,9162.314572916664,0.0,True
Q3-[12]@2025-09-27,0.0,0.0,1199.9999999999995,9362.606226416667,0.0,True
Q3-[12]@2025-09-28,0.0,0.0,1200.0,10800.0,0.0,True
Q3-[12]@2025-09-29,0.0,0.0,1199.9999999999982,10800.0,0.0,True
Q3-[12]@2025-09-30,0.0,0.0,1199.999999999998,10800.0,0.0,True
Q3-[12]@2025-10-01,0.0,0.0,1200.0,10800.000000000002,0.0,True
Q3-[12]@2025-10-02,0.0,0.0,1200.0,10800.0,0.0,True
Q3-[12]@2025-10-03,1.2012437500000033,0.0,1199.9999999999995,9105.792934840742,0.0,True
Q3-[12]@2025-10-04,0.0,0.0,1200.0,10800.0,0.0,True
Q3-[12]@2025-10-05,0.0,0.0,1200.0000000000011,10800.0,0.0,True
Q3-[12]@2025-10-06,0.0,0.0,1199.9999999999998,10800.0,0.0,True
Q3-[12]@2025-10-07,0.0,0.0,1200.0,10800.0,0.0,True
Q3-[12]@2025-10-08,0.0,0.0,1200.0000000000002,10800.0,0.0,True
Q3-[12]@2025-10-09,0.0,0.0,1199.9999999999968,10800.0,0.0,True
Q3-[12]@2025-10-10,3.3113250000000107,0.0,1199.9999999999968,9159.324543981484,0.0,True
Q3-[12]@2025-10-11,0.0,0.0,1199.9999999999998,10800.0,0.0,True
Q3-[12]@2025-10-12,0.0,0.0,1200.0000000000002,10800.0,0.0,True
Q3-[12]@2025-10-13,0.0,0.0,1199.999999999998,10800.0,0.0,True
Q3-[12]@2025-10-14,0.0,0.0,1200.0000000000005,10800.0,0.0,True
Q3-[12]@2025-10-15,-5.551115123125783e-17,0.0,1200.0000000000005,10800.0,0.0,True
Q3-[12]@2025-10-16,0.0,0.0,1200.000000000001,10800.0,0.0,True
Q3-[12]@2025-10-17,0.0,0.0,1200.0000000000002,9208.157059259263,0.0,True
Q3-[12]@2025-10-18,0.0,0.0,1199.9999999999995,8816.32563441898,0.0,True
Q3-[12]@2025-10-19,0.0,0.0,1199.9999999999995,10800.0,0.0,True
Q3-[12]@2025-10-20,0.0,0.0,1200.000000000001,10800.0,0.0,True
Q3-[12]@2025-10-21,0.0,0.0,1200.000000000001,10800.0,0.0,True
Q3-[12]@2025-10-22,0.0,0.0,1200.000000000001,10800.0,0.0,True
Q3-[12]@2025-10-23,0.0,0.0,1200.000000000001,10800.0,0.0,True
Q3-[12]@2025-10-24,0.0,0.0,1199.9999999999986,10243.84840212963,0.0,True
Q3-[12]@2025-10-25,0.0,0.0,1199.9999999999986,10800.0,0.0,True
Q3-[12]@2025-10-26,0.0,0.0,1200.0,10800.0,0.0,True
Q3-[12]@2025-10-27,0.0,0.0,1200.0000000000007,10800.0,0.0,True
Q3-[12]@2025-10-28,0.0,0.0,1200.000000000001,10800.0,0.0,True
Q3-[12]@2025-10-29,-1.7763568394002505e-15,0.0,1200.0,10800.0,0.0,True
Q3-[12]@2025-10-30,0.0,0.0,1200.0000000000023,10800.0,0.0,True
Q3-[12]@2025-10-31,0.0,0.0,1200.0000000000002,10649.765262500001,0.0,True
Q3-[12]@2025-11-01,0.0,0.0,1199.9999999999989,10799.999999999998,0.0,True
Q3-[12]@2025-11-02,0.0,0.0,1200.0,10800.0,0.0,True
Q3-[12]@2025-11-03,0.0,0.0,1199.9999999999986,10800.0,0.0,True
Q3-[12]@2025-11-04,0.0,0.0,1200.0000000000005,10800.0,0.0,True
Q3-[12]@2025-11-05,0.0,0.0,1199.999999999999,10800.0,0.0,True
Q3-[12]@2025-11-06,0.0,0.0,1200.0000000000005,10800.0,0.0,True
Q3-[12]@2025-11-07,0.0,0.0,1200.0000000000005,10800.0,0.0,True
Q3-[12]@2025-11-08,0.0,0.0,1200.0000000000014,10800.0,0.0,True
Q3-[12]@2025-11-09,0.0,0.0,1199.9999999999984,10800.0,0.0,True
Q3-[12]@2025-11-10,0.0,0.0,1199.9999999999995,10800.0,0.0,True
Q3-[12]@2025-11-11,0.0,0.0,1200.000000000001,10800.000000000002,0.0,True
Q3-[12]@2025-11-12,0.0,0.0,1199.9999999999989,10800.0,0.0,True
Q3-[12]@2025-11-13,0.0,0.0,1199.9999999999998,10800.0,0.0,True
Q3-[12]@2025-11-14,0.0,0.0,1199.9999999999998,10800.0,0.0,True
Q3-[12]@2025-11-15,0.0,0.0,1200.0,10800.0,0.0,True
Q3-[12]@2025-11-16,0.0,0.0,1200.0000000000023,10800.0,0.0,True
Q3-[12]@2025-11-17,0.0,0.0,1199.9999999999993,10800.0,0.0,True
Q3-[12]@2025-11-18,0.0,0.0,1199.9999999999993,10800.0,0.0,True
Q3-[12]@2025-11-19,0.0,0.0,1199.999999999999,10800.0,0.0,True
Q3-[12]@2025-11-20,0.0,0.0,1200.000000000001,10800.0,0.0,True
Q3-[12]@2025-11-21,7.707560833333503,0.0,1200.000000000001,10800.0,0.0,True
Q3-[12]@2025-11-22,0.0,0.0,1200.0000000000005,10800.0,0.0,True
Q3-[12]@2025-11-23,0.0,0.0,1200.0,10800.0,0.0,True
Q3-[12]@2025-11-24,0.0,0.0,1200.0000000000005,10800.0,0.0,True
Q3-[12]@2025-11-25,0.0,0.0,1200.0000000000005,10800.0,0.0,True
Q3-[12]@2025-11-26,0.0,0.0,1199.9999999999986,10800.0,0.0,True
Q3-[12]@2025-11-27,0.0,0.0,1200.0000000000002,10800.0,0.0,True
Q3-[12]@2025-11-28,0.0,0.0,1199.9999999999993,10800.0,0.0,True
Q3-[12]@2025-11-29,0.0,0.0,1199.9999999999993,10800.0,0.0,True
Q3-[12]@2025-11-30,0.0,0.0,1200.0000000000005,10800.000000000002,0.0,True
Q3-[12]@2025-12-01,0.0,0.0,1200.0000000000002,10800.0,0.0,True
Q3-[12]@2025-12-02,0.0,0.0,1200.0000000000002,10800.0,0.0,True
Q3-[12]@2025-12-03,0.0,0.0,1200.000000000001,10800.0,0.0,True
Q3-[12]@2025-12-04,0.0,0.0,1200.0000000000014,10800.0,0.0,True
Q3-[12]@2025-12-05,0.0,0.0,1200.0,10800.0,0.0,True
Q3-[12]@2025-12-06,0.0,0.0,1200.0000000000011,10800.0,0.0,True
Q3-[12]@2025-12-07,0.0,0.0,1200.0,10800.0,0.0,True
Q3-[12]@2025-12-08,0.0,0.0,1200.0,10800.0,0.0,True
Q3-[12]@2025-12-09,0.0,0.0,1199.9999999999995,10800.0,0.0,True
Q3-[12]@2025-12-10,0.0,0.0,1199.9999999999995,10800.0,0.0,True
Q3-[12]@2025-12-11,0.0,0.0,1200.0000000000005,10800.000000000002,0.0,True
Q3-[12]@2025-12-12,9.552779833333375,0.0,1199.9999999999993,10800.0,0.0,True
Q3-[12]@2025-12-13,0.0,0.0,1200.0,10800.0,0.0,True
Q3-[12]@2025-12-14,0.0,0.0,1200.0,10800.0,0.0,True
Q3-[12]@2025-12-15,0.0,0.0,1199.9999999999986,10800.0,0.0,True
Q3-[12]@2025-12-16,0.0,0.0,1200.000000000001,10800.000000000002,0.0,True
Q3-[12]@2025-12-17,0.0,0.0,1200.0000000000002,10800.0,0.0,True
Q3-[12]@2025-12-18,0.0,0.0,1199.9999999999995,10800.0,0.0,True
Q3-[12]@2025-12-19,0.0,0.0,1199.9999999999995,10800.0,0.0,True
Q3-[12]@2025-12-20,0.0,0.0,1796.9154787500004,10800.0,0.0,True
Q3-[12]@2025-12-21,0.0,0.0,1199.9999999999993,10800.0,0.0,True
Q3-[12]@2025-12-22,0.0,0.0,1199.9999999999998,10800.0,0.0,True
Q3-[12]@2025-12-23,0.0,0.0,1199.9999999999998,10800.0,0.0,True
Q3-[12]@2025-12-24,0.0,0.0,1200.0000000000002,10800.0,0.0,True
Q3-[12]@2025-12-25,0.0,0.0,1200.0,10800.0,0.0,True
Q3-[12]@2025-12-26,0.0,0.0,1200.0000000000014,10800.0,0.0,True
Q3-[12]@2025-12-27,0.0,0.0,1199.9999999999998,10800.0,0.0,True
Q3-[12]@2025-12-28,0.0,0.0,1199.9999999999989,10800.0,0.0,True
Q3-[12]@2025-12-29,0.0,0.0,1200.0000000000005,10800.0,0.0,True
Q3-[12]@2025-12-30,0.0,0.0,1199.9999999999998,10800.0,0.0,True
Q3-[12]@2025-12-31,0.0,0.0,1199.9999999999998,10800.0,0.0,True
Q3-[18]@2025-01-01,0.0,0.0,1200.0000000000002,6000.0,0.0,True
Q3-[18]@2025-01-02,0.0,0.0,1200.0,10800.0,0.0,True
Q3-[18]@2025-01-03,0.0,0.0,1200.0000000000005,10800.0,0.0,True
Q3-[18]@2025-01-04,0.0,0.0,1199.9999999999998,10800.0,0.0,True
Q3-[18]@2025-01-05,-2.842170943040401e-14,0.0,1200.0,10800.000000000004,0.0,True
Q3-[18]@2025-01-06,0.0,0.0,1200.000000000001,10800.0,0.0,True
Q3-[18]@2025-01-07,0.0,0.0,1199.9999999999993,10800.0,0.0,True
Q3-[18]@2025-01-08,0.0,0.0,1200.0000000000005,10800.000000000002,0.0,True
Q3-[18]@2025-01-09,0.0,0.0,1200.0000000000005,10800.0,0.0,True
Q3-[18]@2025-01-10,0.0,0.0,1800.0000000000011,10800.0,0.0,True
Q3-[18]@2025-01-11,0.0,0.0,1200.0000000000005,10800.0,0.0,True
Q3-[18]@2025-01-12,0.0,0.0,1200.0,10800.0,0.0,True
Q3-[18]@2025-01-13,0.0,0.0,1199.9999999999968,10800.0,0.0,True
Q3-[18]@2025-01-14,0.0,0.0,1199.999999999999,10800.0,0.0,True
Q3-[18]@2025-01-15,0.0,0.0,1200.0000000000002,10800.0,0.0,True
Q3-[18]@2025-01-16,0.0,0.0,1200.0,10800.0,0.0,True
Q3-[18]@2025-01-17,0.0,0.0,1200.0000000000014,10800.0,0.0,True
Q3-[18]@2025-01-18,0.0,0.0,1799.9999999999998,10800.0,0.0,True
Q3-[18]@2025-01-19,0.0,0.0,1200.0,10800.000000000002,0.0,True
Q3-[18]@2025-01-20,-7.105427357601002e-15,0.0,1199.9999999999986,10800.0,0.0,True
Q3-[18]@2025-01-21,0.0,0.0,1200.0,10800.0,0.0,True
Q3-[18]@2025-01-22,0.0,0.0,1200.0,10800.0,0.0,True
Q3-[18]@2025-01-23,0.0,0.0,1200.0000000000005,10800.0,0.0,True
Q3-[18]@2025-01-24,0.0,0.0,1200.0,10800.0,0.0,True
Q3-[18]@2025-01-25,0.0,0.0,1199.9999999999993,10800.0,0.0,True
Q3-[18]@2025-01-26,0.0,0.0,1199.9999999999998,10800.0,0.0,True
Q3-[18]@2025-01-27,0.0,0.0,1200.0,10800.0,0.0,True
Q3-[18]@2025-01-28,0.0,0.0,1200.0,10800.0,0.0,True
Q3-[18]@2025-01-29,0.0,0.0,1200.0000000000014,10800.000000000002,0.0,True
Q3-[18]@2025-01-30,0.0,0.0,1200.0000000000002,10800.0,0.0,True
Q3-[18]@2025-01-31,0.0,0.0,1200.0000000000016,10800.000000000002,0.0,True
Q3-[18]@2025-02-01,0.0,0.0,1200.0000000000007,10800.0,0.0,True
Q3-[18]@2025-02-02,0.0,0.0,1200.000000000001,10800.0,0.0,True
Q3-[18]@2025-02-03,0.0,0.0,1199.9999999999995,10800.0,0.0,True
Q3-[18]@2025-02-04,0.0,0.0,1200.0000000000007,10800.0,0.0,True
Q3-[18]@2025-02-05,-3.552713678800501e-15,0.0,1200.0000000000016,10800.000000000002,0.0,True
Q3-[18]@2025-02-06,0.0,0.0,1332.684513179012,10800.0,0.0,True
Q3-[18]@2025-02-07,0.0,0.0,1200.0,10800.0,0.0,True
Q3-[18]@2025-02-08,0.0,0.0,1200.0,10800.0,0.0,True
Q3-[18]@2025-02-09,0.0,0.0,1200.0,10800.0,0.0,True
Q3-[18]@2025-02-10,0.0,0.0,1473.1800638888917,10800.0,0.0,True
Q3-[18]@2025-02-11,0.0,0.0,1433.9175916666682,10800.0,0.0,True
Q3-[18]@2025-02-12,0.0,0.0,1377.7070808642009,10800.000000000002,0.0,True
Q3-[18]@2025-02-13,0.0,0.0,1200.0000000000002,10800.0,0.0,True
Q3-[18]@2025-02-14,0.0,0.0,1200.0000000000007,10800.0,0.0,True
Q3-[18]@2025-02-15,0.0,0.0,2766.9809999074073,10800.0,0.0,True
Q3-[18]@2025-02-16,0.0,0.0,1323.0526611111138,10800.0,0.0,True
Q3-[18]@2025-02-17,0.0,0.0,1393.3372638888882,10800.000000000002,0.0,True
Q3-[18]@2025-02-18,-7.105427357601002e-15,0.0,1200.0000000000014,10800.000000000002,0.0,True
Q3-[18]@2025-02-19,-1.0658141036401503e-14,0.0,1200.0000000000011,10800.0,0.0,True
Q3-[18]@2025-02-20,0.0,0.0,1200.0000000000014,10800.000000000002,0.0,True
Q3-[18]@2025-02-21,0.0,0.0,1700.5617497222222,10800.000000000002,0.0,True
Q3-[18]@2025-02-22,0.0,0.0,2741.300244224998,10799.999999999998,0.0,True
Q3-[18]@2025-02-23,-1.4210854715202004e-14,0.0,1281.5121694444438,10800.000000000002,0.0,True
Q3-[18]@2025-02-24,0.0,0.0,1199.9999999999998,10800.0,0.0,True
Q3-[18]@2025-02-25,0.0,0.0,1200.0000000000002,10800.0,0.0,True
Q3-[18]@2025-02-26,-2.1316282072803006e-14,0.0,1200.0000000000007,10800.000000000002,0.0,True
Q3-[18]@2025-02-27,-1.4210854715202004e-14,0.0,1200.0,10800.0,0.0,True
Q3-[18]@2025-02-28,0.0,0.0,1200.0000000000007,10800.0,0.0,True
Q3-[18]@2025-03-01,0.0,0.0,3067.494663950619,10800.0,0.0,True
Q3-[18]@2025-03-02,-7.105427357601002e-15,0.0,1567.884397222223,10800.0,0.0,True
Q3-[18]@2025-03-03,0.0,0.0,1569.5083333333337,10800.000000000002,0.0,True
Q3-[18]@2025-03-04,-1.4210854715202004e-14,0.0,1200.0,10800.0,0.0,True
Q3-[18]@2025-03-05,0.0,0.0,1486.4876638888913,10800.0,0.0,True
Q3-[18]@2025-03-06,0.0,0.0,1200.0000000000018,10800.000000000002,0.0,True
Q3-[18]@2025-03-07,0.0,0.0,2203.1641320287035,10799.999999999998,0.0,True
Q3-[18]@2025-03-08,0.0,0.0,1200.0000000000005,10800.000000000002,0.0,True
Q3-[18]@2025-03-09,0.0,0.0,1400.3396527777809,10800.0,0.0,True
Q3-[18]@2025-03-10,-7.105427357601002e-15,0.0,1200.0000000000002,10800.0,0.0,True
Q3-[18]@2025-03-11,0.0,0.0,1200.0000000000005,10800.0,0.0,True
Q3-[18]@2025-03-12,0.0,0.0,1200.0000000000014,10800.0,0.0,True
Q3-[18]@2025-03-13,-8.881784197001252e-15,0.0,1199.9999999999998,10800.0,0.0,True
Q3-[18]@2025-03-14,0.0,0.0,1200.0000000000002,10800.000000000002,0.0,True
Q3-[18]@2025-03-15,0.0,0.0,1728.9003825749987,10799.999999999996,0.0,True
Q3-[18]@2025-03-16,0.0,0.0,1200.000000000001,10800.000000000002,0.0,True
Q3-[18]@2025-03-17,0.0,0.0,1259.7888138888895,10800.000000000002,0.0,True
Q3-[18]@2025-03-18,0.0,0.0,1200.000000000001,10800.0,0.0,True
Q3-[18]@2025-03-19,-7.105427357601002e-15,0.0,1199.9999999999993,10800.0,0.0,True
Q3-[18]@2025-03-20,-7.105427357601002e-15,0.0,1296.482625000001,10800.0,0.0,True
Q3-[18]@2025-03-21,0.0,0.0,1200.0000000000007,10800.0,0.0,True
Q3-[18]@2025-03-22,0.0,0.0,1200.0,10800.0,0.0,True
Q3-[18]@2025-03-23,0.0,0.0,1200.0000000000002,10800.0,0.0,True
Q3-[18]@2025-03-24,0.0,0.0,1200.0000000000002,10800.0,0.0,True
Q3-[18]@2025-03-25,0.0,0.0,1200.0000000000016,10800.0,0.0,True
Q3-[18]@2025-03-26,-2.220446049250313e-15,0.0,1200.000000000001,10800.0,0.0,True
Q3-[18]@2025-03-27,0.0,0.0,1200.0000000000005,10800.0,0.0,True
Q3-[18]@2025-03-28,0.0,0.0,1199.9999999999998,10800.0,0.0,True
Q3-[18]@2025-03-29,0.0,0.0,1200.0000000000007,10800.0,0.0,True
Q3-[18]@2025-03-30,-7.105427357601002e-15,0.0,1200.0000000000005,10800.0,0.0,True
Q3-[18]@2025-03-31,-7.105427357601002e-15,0.0,1230.689816666667,10800.0,0.0,True
Q3-[18]@2025-04-01,0.0,0.0,1200.000000000003,10800.000000000002,0.0,True
Q3-[18]@2025-04-02,-5.329070518200751e-15,0.0,1200.0000000000005,10800.0,0.0,True
Q3-[18]@2025-04-03,0.0,0.0,1199.9999999999998,10800.0,0.0,True
Q3-[18]@2025-04-04,0.0,0.0,1199.9999999999993,10800.0,0.0,True
Q3-[18]@2025-04-05,0.0,0.0,1200.0000000000007,10800.000000000002,0.0,True
Q3-[18]@2025-04-06,0.0,0.0,1257.8054714506154,10800.0,0.0,True
Q3-[18]@2025-04-07,-7.105427357601002e-15,0.0,1219.027573456791,10800.0,0.0,True
Q3-[18]@2025-04-08,0.0,0.0,1200.0000000000005,10800.0,0.0,True
Q3-[18]@2025-04-09,-1.4210854715202004e-14,0.0,1200.0000000000011,10800.000000000002,0.0,True
Q3-[18]@2025-04-10,-4.440892098500626e-15,0.0,1199.9999999999995,10800.000000000002,0.0,True
Q3-[18]@2025-04-11,0.0,0.0,1200.0000000000005,10800.0,0.0,True
Q3-[18]@2025-04-12,0.0,0.0,1199.9999999999993,10800.0,0.0,True
Q3-[18]@2025-04-13,0.0,0.0,1200.0000000000005,10800.0,0.0,True
Q3-[18]@2025-04-14,0.0,0.0,1200.0000000000005,10800.0,0.0,True
Q3-[18]@2025-04-15,0.0,0.0,1200.0,10799.999999999998,0.0,True
Q3-[18]@2025-04-16,0.0,0.0,1200.0000000000027,10800.0,0.0,True
Q3-[18]@2025-04-17,-4.884981308350689e-15,0.0,1200.0,10800.0,0.0,True
Q3-[18]@2025-04-18,0.0,0.0,1200.0,10800.0,0.0,True
Q3-[18]@2025-04-19,0.0,0.0,1200.0000000000002,10800.0,0.0,True
Q3-[18]@2025-04-20,-9.325873406851315e-15,0.0,1200.0,10800.000000000004,0.0,True
Q3-[18]@2025-04-21,0.0,0.0,1200.0000000000016,10800.000000000002,0.0,True
Q3-[18]@2025-04-22,-1.0658141036401503e-14,0.0,1200.0000000000018,10800.000000000002,0.0,True
Q3-[18]@2025-04-23,-1.0658141036401503e-14,0.0,1200.0000000000011,10800.000000000002,0.0,True
Q3-[18]@2025-04-24,0.0,0.0,1199.999999999999,10800.0,0.0,True
Q3-[18]@2025-04-25,0.0,0.0,1200.0000000000005,10800.0,0.0,True
Q3-[18]@2025-04-26,0.0,0.0,1200.0000000000005,10800.0,0.0,True
Q3-[18]@2025-04-27,-3.552713678800501e-15,0.0,1199.9999999999998,10800.0,0.0,True
Q3-[18]@2025-04-28,-7.105427357601002e-15,0.0,1200.0000000000014,10800.000000000002,0.0,True
Q3-[18]@2025-04-29,0.0,0.0,1200.0000000000007,10800.0,0.0,True
Q3-[18]@2025-04-30,0.0,0.0,1200.0000000000002,10800.0,0.0,True
Q3-[18]@2025-05-01,0.0,0.0,1200.0000000000002,10800.0,0.0,True
Q3-[18]@2025-05-02,0.0,0.0,1200.0000000000005,10800.0,0.0,True
Q3-[18]@2025-05-03,0.0,0.0,1200.000000000001,10800.0,0.0,True
Q3-[18]@2025-05-04,0.0,0.0,1200.0000000000027,10800.0,0.0,True
Q3-[18]@2025-05-05,0.0,0.0,1200.0,10800.0,0.0,True
Q3-[18]@2025-05-06,0.0,0.0,1199.9999999999993,10800.000000000002,0.0,True
Q3-[18]@2025-05-07,-5.329070518200751e-15,0.0,1199.9999999999986,10800.0,0.0,True
Q3-[18]@2025-05-08,0.0,0.0,1199.999999999999,10800.0,0.0,True
Q3-[18]@2025-05-09,0.0,0.0,1199.9999999999998,10800.0,0.0,True
Q3-[18]@2025-05-10,0.0,0.0,1200.0000000000014,10800.000000000002,0.0,True
Q3-[18]@2025-05-11,0.0,0.0,1200.0000000000011,10800.0,0.0,True
Q3-[18]@2025-05-12,-7.105427357601002e-15,0.0,1199.9999999999995,10800.0,0.0,True
Q3-[18]@2025-05-13,-4.440892098500626e-15,0.0,1200.0000000000002,10800.0,0.0,True
Q3-[18]@2025-05-14,0.0,0.0,1200.0000000000002,10800.0,0.0,True
Q3-[18]@2025-05-15,0.0,0.0,1200.0000000000005,10800.0,0.0,True
Q3-[18]@2025-05-16,0.0,0.0,1200.0,10800.0,0.0,True
Q3-[18]@2025-05-17,0.0,0.0,1200.0000000000007,10800.000000000002,0.0,True
Q3-[18]@2025-05-18,0.0,0.0,1200.0000000000005,10800.0,0.0,True
Q3-[18]@2025-05-19,0.0,0.0,1200.0,10800.000000000002,0.0,True
Q3-[18]@2025-05-20,-9.769962616701378e-15,0.0,1199.9999999999995,10800.000000000002,0.0,True
Q3-[18]@2025-05-21,-7.105427357601002e-15,0.0,1199.9999999999995,10800.000000000002,0.0,True
Q3-[18]@2025-05-22,-2.4424906541753444e-15,0.0,1200.0000000000014,10800.0,0.0,True
Q3-[18]@2025-05-23,0.0,0.0,1200.0000000000005,10800.0,0.0,True
Q3-[18]@2025-05-24,0.0,0.0,1200.0000000000007,10800.0,0.0,True
Q3-[18]@2025-05-25,0.0,0.0,1200.0000000000011,10800.0,0.0,True
Q3-[18]@2025-05-26,-7.105427357601002e-15,0.0,1200.0000000000011,10800.0,0.0,True
Q3-[18]@2025-05-27,-1.1102230246251565e-15,0.0,1200.000000000002,10800.0,0.0,True
Q3-[18]@2025-05-28,0.0,0.0,1200.0000000000002,10800.0,0.0,True
Q3-[18]@2025-05-29,-7.105427357601002e-15,0.0,1200.0000000000002,10800.0,0.0,True
Q3-[18]@2025-05-30,0.0,0.0,1200.0,10800.0,0.0,True
Q3-[18]@2025-05-31,0.0,0.0,1200.000000000001,10800.0,0.0,True
Q3-[18]@2025-06-01,0.0,0.0,1200.0000000000002,10800.0,0.0,True
Q3-[18]@2025-06-02,0.0,0.0,1200.0000000000002,10800.0,0.0,True
Q3-[18]@2025-06-03,0.0,0.0,1200.0000000000002,10800.000000000002,0.0,True
Q3-[18]@2025-06-04,0.0,0.0,1200.0000000000002,10800.0,0.0,True
Q3-[18]@2025-06-05,0.0,0.0,1200.0000000000002,10800.0,0.0,True
Q3-[18]@2025-06-06,0.0,0.0,1298.0887897916666,10800.0,0.0,True
Q3-[18]@2025-06-07,0.0,0.0,2494.33663888889,10800.0,0.0,True
Q3-[18]@2025-06-08,0.0,0.0,1200.0000000000002,10800.0,0.0,True
Q3-[18]@2025-06-09,0.0,0.0,1200.0000000000002,10800.0,0.0,True
Q3-[18]@2025-06-10,0.0,0.0,1200.0000000000002,10800.0,0.0,True
Q3-[18]@2025-06-11,0.0,0.0,1200.0000000000002,10800.0,0.0,True
Q3-[18]@2025-06-12,0.0,0.0,1200.0000000000002,10800.0,0.0,True
Q3-[18]@2025-06-13,0.0,0.0,1259.3063233333335,10800.0,0.0,True
Q3-[18]@2025-06-14,0.0,0.0,2615.923508641975,10800.000000000002,0.0,True
Q3-[18]@2025-06-15,-3.552713678800501e-15,0.0,1200.0000000000002,10800.0,0.0,True
Q3-[18]@2025-06-16,0.0,0.0,1200.0000000000002,10800.000000000004,0.0,True
Q3-[18]@2025-06-17,0.0,0.0,1200.0000000000002,10800.0,0.0,True
Q3-[18]@2025-06-18,0.0,0.0,1200.0000000000002,10800.0,0.0,True
Q3-[18]@2025-06-19,0.0,0.0,1200.0000000000002,10800.0,0.0,True
Q3-[18]@2025-06-20,0.0,0.0,1341.9405205092596,10800.0,0.0,True
Q3-[18]@2025-06-21,0.0,0.0,2680.183845679014,10800.0,0.0,True
Q3-[18]@2025-06-22,0.0,0.0,1200.000000000001,10800.0,0.0,True
Q3-[18]@2025-06-23,0.0,0.0,1200.0000000000002,10800.000000000002,0.0,True
Q3-[18]@2025-06-24,0.0,0.0,1200.0000000000002,10800.0,0.0,True
Q3-[18]@2025-06-25,0.0,0.0,1211.3981774691358,10800.0,0.0,True
Q3-[18]@2025-06-26,0.0,0.0,1211.3981774691358,10800.000000000002,0.0,True
Q3-[18]@2025-06-27,0.0,0.0,1213.1772611111107,10800.000000000002,0.0,True
Q3-[18]@2025-06-28,0.0,0.0,2940.425793827161,10800.000000000002,0.0,True
Q3-[18]@2025-06-29,-3.552713678800501e-15,0.0,1200.0000000000011,10800.000000000002,0.0,True
Q3-[18]@2025-06-30,0.0,0.0,1217.1833889351858,10800.0,0.0,True
Q3-[18]@2025-07-01,-1.4210854715202004e-14,0.0,1200.0000000000002,10800.0,0.0,True
Q3-[18]@2025-07-02,0.0,0.0,1200.0000000000002,10800.0,0.0,True
Q3-[18]@2025-07-03,0.0,0.0,1200.0000000000002,10800.000000000002,0.0,True
Q3-[18]@2025-07-04,0.0,0.0,1200.0000000000002,10800.0,0.0,True
Q3-[18]@2025-07-05,0.0,0.0,1199.9999999999995,10800.000000000002,0.0,True
Q3-[18]@2025-07-06,-2.842170943040401e-14,0.0,1200.0000000000002,10800.0,0.0,True
Q3-[18]@2025-07-07,0.0,0.0,1200.0000000000002,10800.0,0.0,True
Q3-[18]@2025-07-08,0.0,0.0,1200.0000000000002,10800.0,0.0,True
Q3-[18]@2025-07-09,0.0,0.0,1200.0000000000002,10800.0,0.0,True
Q3-[18]@2025-07-10,-3.552713678800501e-15,0.0,1200.0000000000002,10800.0,0.0,True
Q3-[18]@2025-07-11,0.0,0.0,1569.1097356481469,10800.0,0.0,True
Q3-[18]@2025-07-12,0.0,0.0,1200.0000000000005,10800.0,0.0,True
Q3-[18]@2025-07-13,0.0,0.0,1200.0000000000002,10800.000000000002,0.0,True
Q3-[18]@2025-07-14,-3.552713678800501e-15,0.0,1200.0000000000002,10800.0,0.0,True
Q3-[18]@2025-07-15,0.0,0.0,1200.0000000000002,10800.000000000002,0.0,True
Q3-[18]@2025-07-16,-4.440892098500626e-16,0.0,1200.0000000000002,10800.0,0.0,True
Q3-[18]@2025-07-17,-1.4210854715202004e-14,0.0,1200.0000000000002,10800.000000000004,0.0,True
Q3-[18]@2025-07-18,0.0,0.0,1458.5228084583343,10800.0,0.0,True
Q3-[18]@2025-07-19,0.0,0.0,1199.9999999999995,10800.0,0.0,True
Q3-[18]@2025-07-20,0.0,0.0,1200.0000000000002,10800.0,0.0,True
Q3-[18]@2025-07-21,-7.105427357601002e-15,0.0,1200.0000000000002,10800.0,0.0,True
Q3-[18]@2025-07-22,-1.4210854715202004e-14,0.0,1200.0000000000002,10800.0,0.0,True
Q3-[18]@2025-07-23,0.0,0.0,1200.0000000000002,10800.0,0.0,True
Q3-[18]@2025-07-24,0.0,0.0,1200.0000000000002,10800.0,0.0,True
Q3-[18]@2025-07-25,0.0,0.0,1200.0,10800.0,0.0,True
Q3-[18]@2025-07-26,10.752464791666512,0.0,2039.4295523249966,10800.0,0.0,True
Q3-[18]@2025-07-27,-1.4210854715202004e-14,0.0,1200.0000000000002,10800.000000000004,0.0,True
Q3-[18]@2025-07-28,-7.105427357601002e-15,0.0,1200.0000000000002,10800.000000000002,0.0,True
Q3-[18]@2025-07-29,-1.4210854715202004e-14,0.0,1204.9966736125004,10800.000000000005,0.0,True
Q3-[18]@2025-07-30,-1.4210854715202004e-14,0.0,1199.999999999999,10800.000000000002,0.0,True
Q3-[18]@2025-07-31,-1.4210854715202004e-14,0.0,1293.3936361050903,10800.0,0.0,True
Q3-[18]@2025-08-01,0.0,0.0,1200.0000000000002,10800.0,0.0,True
Q3-[18]@2025-08-02,0.0,0.0,2803.2000849537053,10800.0,0.0,True
Q3-[18]@2025-08-03,-2.6645352591003757e-15,0.0,1277.672986111109,10800.0,0.0,True
Q3-[18]@2025-08-04,0.0,0.0,1200.0000000000002,10800.000000000002,0.0,True
Q3-[18]@2025-08-05,0.0,0.0,1200.0000000000002,10800.0,0.0,True
Q3-[18]@2025-08-06,-1.4210854715202004e-14,0.0,1297.9400532407426,10800.0,0.0,True
Q3-[18]@2025-08-07,0.0,0.0,1275.240771296297,10800.000000000002,0.0,True
Q3-[18]@2025-08-08,0.0,0.0,1200.0,10800.0,0.0,True
Q3-[18]@2025-08-09,0.0,0.0,1200.0,10800.0,0.0,True
Q3-[18]@2025-08-10,-1.4210854715202004e-14,0.0,1254.6898611111124,10800.0,0.0,True
Q3-[18]@2025-08-11,0.0,0.0,1254.6898611111124,10800.000000000002,0.0,True
Q3-[18]@2025-08-12,0.0,0.0,1227.0704614197575,10800.0,0.0,True
Q3-[18]@2025-08-13,-1.7763568394002505e-14,0.0,1211.3219016203686,10800.0,0.0,True
Q3-[18]@2025-08-14,0.0,0.0,1211.3219016203686,10800.0,0.0,True
Q3-[18]@2025-08-15,0.0,0.0,1200.0,10800.0,0.0,True
Q3-[18]@2025-08-16,0.0,0.0,1200.0000000000005,10800.0,0.0,True
Q3-[18]@2025-08-17,0.0,0.0,1303.2658500000011,10800.000000000002,0.0,True
Q3-[18]@2025-08-18,-1.7763568394002505e-15,0.0,1200.0000000000032,10800.000000000004,0.0,True
Q3-[18]@2025-08-19,0.0,0.0,1276.4789488425915,10800.000000000002,0.0,True
Q3-[18]@2025-08-20,0.0,0.0,1200.000000000001,10800.0,0.0,True
Q3-[18]@2025-08-21,0.0,0.0,1285.8814585648142,10800.0,0.0,True
Q3-[18]@2025-08-22,0.0,0.0,1200.0,10800.0,0.0,True
Q3-[18]@2025-08-23,0.0,0.0,1200.0,10800.0,0.0,True
Q3-[18]@2025-08-24,0.0,0.0,1230.9744620370388,10800.0,0.0,True
Q3-[18]@2025-08-25,0.0,0.0,1230.9744620370388,10800.0,0.0,True
Q3-[18]@2025-08-26,0.0,0.0,1229.6421990740719,10800.000000000002,0.0,True
Q3-[18]@2025-08-27,-1.0658141036401503e-14,0.0,1200.0000000000005,10800.0,0.0,True
Q3-[18]@2025-08-28,-7.105427357601002e-15,0.0,1200.0000000000034,10800.0,0.0,True
Q3-[18]@2025-08-29,0.0,0.0,1200.000000000001,10800.000000000002,0.0,True
Q3-[18]@2025-08-30,0.0,0.0,1200.0000000000005,10800.0,0.0,True
Q3-[18]@2025-08-31,-1.7763568394002505e-15,0.0,1363.2371405092601,10800.000000000002,0.0,True
Q3-[18]@2025-09-01,5.944303874999832,0.0,1363.2371405092601,10800.000000000002,0.0,True
Q3-[18]@2025-09-02,0.0,0.0,1200.000000000001,10800.0,0.0,True
Q3-[18]@2025-09-03,0.0,0.0,1929.3224074074046,10800.0,0.0,True
Q3-[18]@2025-09-04,0.0,0.0,1873.9123849537061,10800.0,0.0,True
Q3-[18]@2025-09-05,0.0,0.0,1199.9999999999989,10800.0,0.0,True
Q3-[18]@2025-09-06,0.0,0.0,1200.0000000000007,10800.000000000002,0.0,True
Q3-[18]@2025-09-07,0.0,0.0,1721.2391204938294,10800.000000000002,0.0,True
Q3-[18]@2025-09-08,0.0,0.0,1200.0000000000005,10800.000000000002,0.0,True
Q3-[18]@2025-09-09,0.0,0.0,1199.9999999999993,10800.0,0.0,True
Q3-[18]@2025-09-10,0.0,0.0,1223.0654258024713,10800.0,0.0,True
Q3-[18]@2025-09-11,0.0,0.0,1671.8473451388884,10800.0,0.0,True
Q3-[18]@2025-09-12,0.0,0.0,1200.0000000000005,10800.0,0.0,True
Q3-[18]@2025-09-13,0.0,0.0,1200.0,10800.000000000002,0.0,True
Q3-[18]@2025-09-14,0.0,0.0,1199.999999999999,10800.0,0.0,True
Q3-[18]@2025-09-15,0.0,0.0,1200.0000000000011,10800.000000000002,0.0,True
Q3-[18]@2025-09-16,0.0,0.0,1244.3438266500013,10800.0,0.0,True
Q3-[18]@2025-09-17,0.0,0.0,1200.000000000001,10800.000000000004,0.0,True
Q3-[18]@2025-09-18,-2.3869795029440866e-15,0.0,1200.0000000000011,10800.000000000002,0.0,True
Q3-[18]@2025-09-19,0.0,0.0,1200.0000000000002,10800.0,0.0,True
Q3-[18]@2025-09-20,0.0,0.0,1200.0000000000011,10800.000000000002,0.0,True
Q3-[18]@2025-09-21,0.0,0.0,1200.000000000002,10800.000000000002,0.0,True
Q3-[18]@2025-09-22,0.0,0.0,1200.0000000000005,10800.0,0.0,True
Q3-[18]@2025-09-23,0.0,0.0,1200.0000000000014,10800.000000000002,0.0,True
Q3-[18]@2025-09-24,0.0,0.0,1200.000000000001,10800.0,0.0,True
Q3-[18]@2025-09-25,-5.329070518200751e-15,0.0,1200.0000000000005,10800.0,0.0,True
Q3-[18]@2025-09-26,0.0,0.0,1680.8236803777752,10800.0,0.0,True
Q3-[18]@2025-09-27,0.0,0.0,1199.9999999999998,10800.0,0.0,True
Q3-[18]@2025-09-28,0.0,0.0,1200.0000000000014,10800.000000000002,0.0,True
Q3-[18]@2025-09-29,0.0,0.0,1199.9999999999986,10800.0,0.0,True
Q3-[18]@2025-09-30,0.0,0.0,1199.9999999999993,10800.0,0.0,True
Q3-[18]@2025-10-01,0.0,0.0,1200.0,10800.0,0.0,True
Q3-[18]@2025-10-02,0.0,0.0,1200.000000000001,10800.0,0.0,True
Q3-[18]@2025-10-03,0.0,0.0,1199.9999999999995,10800.0,0.0,True
Q3-[18]@2025-10-04,0.0,0.0,2534.6745477777786,10800.000000000002,0.0,True
Q3-[18]@2025-10-05,0.0,0.0,1200.000000000002,10800.000000000002,0.0,True
Q3-[18]@2025-10-06,0.0,0.0,1199.9999999999998,10800.0,0.0,True
Q3-[18]@2025-10-07,0.0,0.0,1200.0,10800.0,0.0,True
Q3-[18]@2025-10-08,0.0,0.0,1200.0000000000002,10800.0,0.0,True
Q3-[18]@2025-10-09,0.0,0.0,1200.0000000000023,10800.000000000002,0.0,True
Q3-[18]@2025-10-10,0.0,0.0,1200.000000000001,10800.000000000002,0.0,True
Q3-[18]@2025-10-11,0.0,0.0,1199.9999999999998,10800.0,0.0,True
Q3-[18]@2025-10-12,-2.4424906541753444e-15,0.0,1200.0000000000002,10800.0,0.0,True
Q3-[18]@2025-10-13,0.0,0.0,1200.000000000001,10800.0,0.0,True
Q3-[18]@2025-10-14,0.0,0.0,1199.9999999999986,10800.000000000002,0.0,True
Q3-[18]@2025-10-15,0.0,0.0,1200.0000000000005,10800.0,0.0,True
Q3-[18]@2025-10-16,0.0,0.0,1200.000000000001,10800.000000000002,0.0,True
Q3-[18]@2025-10-17,0.0,0.0,1200.0000000000002,10800.000000000002,0.0,True
Q3-[18]@2025-10-18,0.0,0.0,1200.0000000000011,10800.000000000002,0.0,True
Q3-[18]@2025-10-19,0.0,0.0,1200.0000000000007,10800.000000000002,0.0,True
Q3-[18]@2025-10-20,0.0,0.0,1217.4299999999976,10800.0,0.0,True
Q3-[18]@2025-10-21,0.0,0.0,1200.0000000000005,10800.000000000002,0.0,True
Q3-[18]@2025-10-22,0.0,0.0,1200.0000000000007,10800.000000000002,0.0,True
Q3-[18]@2025-10-23,0.0,0.0,1200.0000000000007,10800.0,0.0,True
Q3-[18]@2025-10-24,0.0,0.0,1200.0,10800.0,0.0,True
Q3-[18]@2025-10-25,0.0,0.0,1776.613297314818,10800.000000000004,0.0,True
Q3-[18]@2025-10-26,0.0,0.0,1200.0,10800.000000000002,0.0,True
Q3-[18]@2025-10-27,0.0,0.0,1200.0000000000007,10800.0,0.0,True
Q3-[18]@2025-10-28,0.0,0.0,1200.0000000000005,10800.0,0.0,True
Q3-[18]@2025-10-29,-1.7763568394002505e-15,0.0,1200.0,10800.000000000002,0.0,True
Q3-[18]@2025-10-30,0.0,0.0,1200.0000000000016,10800.000000000002,0.0,True
Q3-[18]@2025-10-31,0.0,0.0,1951.9918339814806,10800.000000000002,0.0,True
Q3-[18]@2025-11-01,0.0,0.0,1453.6835199500008,10800.0,0.0,True
Q3-[18]@2025-11-02,0.0,0.0,1200.0000000000023,10800.0,0.0,True
Q3-[18]@2025-11-03,0.0,0.0,1200.0,10800.0,0.0,True
Q3-[18]@2025-11-04,0.0,0.0,1200.0000000000011,10800.0,0.0,True
Q3-[18]@2025-11-05,0.0,0.0,1200.0000000000016,10800.0,0.0,True
Q3-[18]@2025-11-06,0.0,0.0,1200.0000000000018,10800.000000000002,0.0,True
Q3-[18]@2025-11-07,0.0,0.0,1200.0000000000007,10800.0,0.0,True
Q3-[18]@2025-11-08,0.0,0.0,1200.0000000000025,10800.000000000004,0.0,True
Q3-[18]@2025-11-09,0.0,0.0,1200.0000000000018,10800.000000000002,0.0,True
Q3-[18]@2025-11-10,0.0,0.0,1200.0000000000016,10800.000000000002,0.0,True
Q3-[18]@2025-11-11,0.0,0.0,1199.999999999999,10800.0,0.0,True
Q3-[18]@2025-11-12,0.0,0.0,1205.4521555555584,10800.0,0.0,True
Q3-[18]@2025-11-13,0.0,0.0,1199.9999999999993,10800.0,0.0,True
Q3-[18]@2025-11-14,0.0,0.0,1200.0000000000002,10800.0,0.0,True
Q3-[18]@2025-11-15,0.0,0.0,1199.9999999999986,10800.0,0.0,True
Q3-[18]@2025-11-16,0.0,0.0,1200.0,10800.0,0.0,True
Q3-[18]@2025-11-17,-1.7763568394002505e-15,0.0,1200.0000000000011,10800.0,0.0,True
Q3-[18]@2025-11-18,0.0,0.0,1200.0000000000014,10800.000000000002,0.0,True
Q3-[18]@2025-11-19,0.0,0.0,1200.0000000000016,10800.0,0.0,True
Q3-[18]@2025-11-20,0.0,0.0,1200.0000000000005,10800.000000000004,0.0,True
Q3-[18]@2025-11-21,0.0,0.0,1200.0000000000011,10800.0,0.0,True
Q3-[18]@2025-11-22,0.0,0.0,1200.0000000000007,10800.0,0.0,True
Q3-[18]@2025-11-23,0.0,0.0,1199.9999999999984,10800.0,0.0,True
Q3-[18]@2025-11-24,0.0,0.0,1199.9999999999995,10800.0,0.0,True
Q3-[18]@2025-11-25,0.0,0.0,1200.0,10800.0,0.0,True
Q3-[18]@2025-11-26,0.0,0.0,1199.999999999999,10800.000000000002,0.0,True
Q3-[18]@2025-11-27,0.0,0.0,1200.0000000000014,10800.000000000004,0.0,True
Q3-[18]@2025-11-28,0.0,0.0,1200.0000000000007,10800.000000000002,0.0,True
Q3-[18]@2025-11-29,0.0,0.0,1800.0000000000018,10800.000000000002,0.0,True
Q3-[18]@2025-11-30,0.0,0.0,1200.0000000000005,10800.000000000004,0.0,True
Q3-[18]@2025-12-01,0.0,0.0,1200.0,10800.0,0.0,True
Q3-[18]@2025-12-02,0.0,0.0,1200.000000000001,10800.0,0.0,True
Q3-[18]@2025-12-03,0.0,0.0,1199.9999999999998,10800.0,0.0,True
Q3-[18]@2025-12-04,0.0,0.0,1200.0000000000002,10800.0,0.0,True
Q3-[18]@2025-12-05,0.0,0.0,1662.0857977500004,10800.0,0.0,True
Q3-[18]@2025-12-06,0.0,0.0,1707.2768738271623,10800.0,0.0,True
Q3-[18]@2025-12-07,0.0,0.0,1200.0,10800.0,0.0,True
Q3-[18]@2025-12-08,0.0,0.0,1200.0,10800.0,0.0,True
Q3-[18]@2025-12-09,0.0,0.0,1200.0000000000011,10800.0,0.0,True
Q3-[18]@2025-12-10,0.0,0.0,1200.0,10800.0,0.0,True
Q3-[18]@2025-12-11,0.0,0.0,1199.9999999999995,10800.0,0.0,True
Q3-[18]@2025-12-12,0.0,0.0,1518.0127413271596,10800.0,0.0,True
Q3-[18]@2025-12-13,0.0,0.0,1561.9283633024747,10800.000000000004,0.0,True
Q3-[18]@2025-12-14,0.0,0.0,1200.0,10800.0,0.0,True
Q3-[18]@2025-12-15,0.0,0.0,1200.0000000000005,10800.0,0.0,True
Q3-[18]@2025-12-16,0.0,0.0,1200.000000000001,10800.0,0.0,True
Q3-[18]@2025-12-17,0.0,0.0,1200.0,10800.0,0.0,True
Q3-[18]@2025-12-18,0.0,0.0,1200.0,10800.000000000002,0.0,True
Q3-[18]@2025-12-19,0.0,0.0,1663.9354703046304,10800.0,0.0,True
Q3-[18]@2025-12-20,0.0,0.0,1796.9154787500006,10800.000000000002,0.0,True
Q3-[18]@2025-12-21,0.0,0.0,1200.0000000000002,10800.0,0.0,True
Q3-[18]@2025-12-22,0.0,0.0,1200.0,10800.0,0.0,True
Q3-[18]@2025-12-23,0.0,0.0,1200.0,10800.0,0.0,True
Q3-[18]@2025-12-24,0.0,0.0,1199.9999999999993,10800.0,0.0,True
Q3-[18]@2025-12-25,0.0,0.0,1199.9999999999998,10800.0,0.0,True
Q3-[18]@2025-12-26,0.0,0.0,1790.4623657,10800.0,0.0,True
Q3-[18]@2025-12-27,0.0,0.0,1800.0000000000023,10800.000000000002,0.0,True
Q3-[18]@2025-12-28,0.0,0.0,1200.0000000000011,10800.0,0.0,True
Q3-[18]@2025-12-29,0.0,0.0,1200.0000000000002,10800.0,0.0,True
Q3-[18]@2025-12-30,0.0,0.0,1200.0000000000007,10800.0,0.0,True
Q3-[18]@2025-12-31,0.0,0.0,1200.0,10800.0,0.0,True
Q3-[18]@2025-01-01,0.0,0.0,6000.0,6000.0,0.0,True
Q3-[18]@2025-01-02,0.0,0.0,1200.0,10800.0,0.0,True
Q3-[18]@2025-01-03,0.0,0.0,1200.0,10800.0,0.0,True
Q3-[18]@2025-01-04,0.0,0.0,1200.0,10800.0,0.0,True
Q3-[18]@2025-01-05,-2.842170943040401e-14,0.0,1200.0,10800.0,0.0,True
Q3-[18]@2025-01-06,0.0,0.0,1200.000000000001,10800.0,0.0,True
Q3-[18]@2025-01-07,0.0,0.0,1200.0,10800.0,0.0,True
Q3-[18]@2025-01-08,0.0,0.0,1200.0,10800.0,0.0,True
Q3-[18]@2025-01-09,0.0,0.0,1200.0,10800.0,0.0,True
Q3-[18]@2025-01-10,0.0,0.0,1200.0000000000005,10800.000000000002,0.0,True
Q3-[18]@2025-01-11,0.0,0.0,1200.0000000000005,10800.0,0.0,True
Q3-[18]@2025-01-12,0.0,0.0,1200.000000000001,10800.0,0.0,True
Q3-[18]@2025-01-13,0.0,0.0,1200.0,10800.000000000002,0.0,True
Q3-[18]@2025-01-14,0.0,0.0,1199.999999999999,10800.0,0.0,True
Q3-[18]@2025-01-15,0.0,0.0,1199.9999999999998,10800.0,0.0,True
Q3-[18]@2025-01-16,0.0,0.0,1200.0,10800.0,0.0,True
Q3-[18]@2025-01-17,0.0,0.0,1200.0000000000005,10800.0,0.0,True
Q3-[18]@2025-01-18,0.0,0.0,1200.0000000000018,10800.000000000002,0.0,True
Q3-[18]@2025-01-19,0.0,0.0,1200.0,10800.0,0.0,True
Q3-[18]@2025-01-20,-7.105427357601002e-15,0.0,1200.0,10800.0,0.0,True
Q3-[18]@2025-01-21,0.0,0.0,1200.0,10800.0,0.0,True
Q3-[18]@2025-01-22,0.0,0.0,1200.0,10800.0,0.0,True
Q3-[18]@2025-01-23,0.0,0.0,1200.0,10800.0,0.0,True
Q3-[18]@2025-01-24,0.0,0.0,1200.0,10800.0,0.0,True
Q3-[18]@2025-01-25,0.0,0.0,1199.9999999999993,10800.0,0.0,True
Q3-[18]@2025-01-26,0.0,0.0,1200.0,10800.0,0.0,True
Q3-[18]@2025-01-27,0.0,0.0,1200.0,10800.0,0.0,True
Q3-[18]@2025-01-28,0.0,0.0,1200.0000000000002,10800.0,0.0,True
Q3-[18]@2025-01-29,0.0,0.0,1250.4399444444457,10800.000000000002,0.0,True
Q3-[18]@2025-01-30,0.0,0.0,1200.0000000000005,10800.0,0.0,True
Q3-[18]@2025-01-31,0.0,0.0,1199.9999999999998,10800.0,0.0,True
Q3-[18]@2025-02-01,0.0,0.0,1200.0000000000025,10800.000000000004,0.0,True
Q3-[18]@2025-02-02,0.0,0.0,1200.0000000000014,10800.000000000004,0.0,True
Q3-[18]@2025-02-03,0.0,0.0,1367.749333827161,10800.0,0.0,True
Q3-[18]@2025-02-04,0.0,0.0,1200.0000000000007,10800.0,0.0,True
Q3-[18]@2025-02-05,-3.552713678800501e-15,0.0,1444.409691234568,10800.000000000002,0.0,True
Q3-[18]@2025-02-06,0.0,0.0,1420.2185833333374,10800.0,0.0,True
Q3-[18]@2025-02-07,0.0,0.0,1199.999999999999,10800.0,0.0,True
Q3-[18]@2025-02-08,0.0,0.0,1200.0,10800.0,0.0,True
Q3-[18]@2025-02-09,0.0,0.0,1200.0,10800.0,0.0,True
Q3-[18]@2025-02-10,0.0,0.0,1473.1800638888917,10800.0,0.0,True
Q3-[18]@2025-02-11,0.0,0.0,1433.9175916666682,10800.0,0.0,True
Q3-[18]@2025-02-12,0.0,0.0,1456.9815694444437,10800.0,0.0,True
Q3-[18]@2025-02-13,0.0,0.0,1199.9999999999998,10800.0,0.0,True
Q3-[18]@2025-02-14,0.0,0.0,1200.0000000000007,10800.0,0.0,True
Q3-[18]@2025-02-15,0.0,0.0,2084.614336759259,10800.0,0.0,True
Q3-[18]@2025-02-16,0.0,0.0,1323.0526611111138,10800.0,0.0,True
Q3-[18]@2025-02-17,0.0,0.0,1381.7492356172856,10800.0,0.0,True
Q3-[18]@2025-02-18,-7.105427357601002e-15,0.0,1200.0000000000014,10800.000000000002,0.0,True
Q3-[18]@2025-02-19,-1.0658141036401503e-14,0.0,1200.0000000000002,10800.0,0.0,True
Q3-[18]@2025-02-20,0.0,0.0,1200.0000000000014,10800.000000000002,0.0,True
Q3-[18]@2025-02-21,0.0,0.0,1359.4048277777815,10800.000000000002,0.0,True
Q3-[18]@2025-02-22,0.0,0.0,2757.402458703704,10800.0,0.0,True
Q3-[18]@2025-02-23,-1.4210854715202004e-14,0.0,1200.0000000000025,10800.000000000004,0.0,True
Q3-[18]@2025-02-24,0.0,0.0,1200.0000000000007,10800.0,0.0,True
Q3-[18]@2025-02-25,0.0,0.0,1200.0000000000002,10800.0,0.0,True
Q3-[18]@2025-02-26,-2.1316282072803006e-14,0.0,1199.9999999999998,10800.0,0.0,True
Q3-[18]@2025-02-27,-1.4210854715202004e-14,0.0,1200.0,10800.0,0.0,True
Q3-[18]@2025-02-28,0.0,0.0,1200.0000000000007,10800.0,0.0,True
Q3-[18]@2025-03-01,0.0,0.0,2423.586590709877,10800.0,0.0,True
Q3-[18]@2025-03-02,-7.105427357601002e-15,0.0,1537.227364120371,10800.0,0.0,True
Q3-[18]@2025-03-03,0.0,0.0,1200.0000000000005,10800.000000000002,0.0,True
Q3-[18]@2025-03-04,-1.4210854715202004e-14,0.0,1200.0,10800.0,0.0,True
Q3-[18]@2025-03-05,0.0,0.0,1462.6136918981506,10800.0,0.0,True
Q3-[18]@2025-03-06,0.0,0.0,1200.0000000000018,10800.000000000002,0.0,True
Q3-[18]@2025-03-07,0.0,0.0,1441.3359259259275,10800.0,0.0,True
Q3-[18]@2025-03-08,0.0,0.0,1200.0000000000005,10800.000000000002,0.0,True
Q3-[18]@2025-03-09,0.0,0.0,1400.339652777779,10800.0,0.0,True
Q3-[18]@2025-03-10,-7.105427357601002e-15,0.0,1200.0000000000002,10800.0,0.0,True
Q3-[18]@2025-03-11,0.0,0.0,1200.0000000000005,10800.0,0.0,True
Q3-[18]@2025-03-12,0.0,0.0,1200.0000000000014,10800.0,0.0,True
Q3-[18]@2025-03-13,-8.881784197001252e-15,0.0,1199.9999999999998,10800.0,0.0,True
Q3-[18]@2025-03-14,0.0,0.0,1200.0000000000002,10800.000000000002,0.0,True
Q3-[18]@2025-03-15,0.0,0.0,1287.4307775749994,10800.0,0.0,True
Q3-[18]@2025-03-16,0.0,0.0,1200.000000000001,10800.000000000002,0.0,True
Q3-[18]@2025-03-17,0.0,0.0,1259.7888138888923,10800.000000000002,0.0,True
Q3-[18]@2025-03-18,0.0,0.0,1200.000000000001,10800.0,0.0,True
Q3-[18]@2025-03-19,-7.105427357601002e-15,0.0,1199.9999999999993,10800.0,0.0,True
Q3-[18]@2025-03-20,-7.105427357601002e-15,0.0,1296.482625000002,10800.0,0.0,True
Q3-[18]@2025-03-21,0.0,0.0,1200.0000000000007,10800.0,0.0,True
Q3-[18]@2025-03-22,0.0,0.0,1200.0,10800.0,0.0,True
Q3-[18]@2025-03-23,0.0,0.0,1200.0000000000002,10800.0,0.0,True
Q3-[18]@2025-03-24,0.0,0.0,1200.0000000000002,10800.0,0.0,True
Q3-[18]@2025-03-25,0.0,0.0,1200.0000000000002,10800.0,0.0,True
Q3-[18]@2025-03-26,-2.220446049250313e-15,0.0,1200.0000000000002,10800.0,0.0,True
Q3-[18]@2025-03-27,0.0,0.0,1200.0000000000005,10800.0,0.0,True
Q3-[18]@2025-03-28,0.0,0.0,1199.9999999999998,10800.0,0.0,True
Q3-[18]@2025-03-29,0.0,0.0,1200.0000000000007,10800.0,0.0,True
Q3-[18]@2025-03-30,-7.105427357601002e-15,0.0,1199.999999999999,10800.0,0.0,True
Q3-[18]@2025-03-31,-7.105427357601002e-15,0.0,1228.6650666666656,10800.0,0.0,True
Q3-[18]@2025-04-01,0.0,0.0,1200.0000000000005,10800.0,0.0,True
Q3-[18]@2025-04-02,-5.329070518200751e-15,0.0,1200.0000000000005,10800.0,0.0,True
Q3-[18]@2025-04-03,0.0,0.0,1199.9999999999998,10800.0,0.0,True
Q3-[18]@2025-04-04,0.0,0.0,1199.9999999999993,10800.0,0.0,True
Q3-[18]@2025-04-05,0.0,0.0,1200.0000000000007,10800.000000000002,0.0,True
Q3-[18]@2025-04-06,0.0,0.0,1246.234216435185,10800.0,0.0,True
Q3-[18]@2025-04-07,-7.105427357601002e-15,0.0,1219.8788856481472,10800.0,0.0,True
Q3-[18]@2025-04-08,0.0,0.0,1200.0,10800.0,0.0,True
Q3-[18]@2025-04-09,-1.4210854715202004e-14,0.0,1200.0,10800.000000000002,0.0,True
Q3-[18]@2025-04-10,-4.440892098500626e-15,0.0,1200.0000000000002,10800.000000000002,0.0,True
Q3-[18]@2025-04-11,0.0,0.0,1200.0000000000005,10800.0,0.0,True
Q3-[18]@2025-04-12,0.0,0.0,1199.9999999999993,10800.0,0.0,True
Q3-[18]@2025-04-13,0.0,0.0,1200.0000000000005,10800.0,0.0,True
Q3-[18]@2025-04-14,0.0,0.0,1199.9999999999986,10800.0,0.0,True
Q3-[18]@2025-04-15,0.0,0.0,1199.999999999999,10799.999999999998,0.0,True
Q3-[18]@2025-04-16,0.0,0.0,1199.9999999999995,10800.0,0.0,True
Q3-[18]@2025-04-17,-4.884981308350689e-15,0.0,1199.9999999999995,10800.0,0.0,True
Q3-[18]@2025-04-18,0.0,0.0,1200.0,10800.0,0.0,True
Q3-[18]@2025-04-19,0.0,0.0,1200.0000000000002,10800.0,0.0,True
Q3-[18]@2025-04-20,-9.325873406851315e-15,0.0,1200.0,10800.0,0.0,True
Q3-[18]@2025-04-21,0.0,0.0,1200.0,10800.0,0.0,True
Q3-[18]@2025-04-22,-1.0658141036401503e-14,0.0,1200.0000000000005,10800.000000000002,0.0,True
Q3-[18]@2025-04-23,-1.0658141036401503e-14,0.0,1200.0000000000002,10800.000000000002,0.0,True
Q3-[18]@2025-04-24,0.0,0.0,1199.999999999999,10799.999999999998,0.0,True
Q3-[18]@2025-04-25,0.0,0.0,1199.9999999999998,10800.0,0.0,True
Q3-[18]@2025-04-26,0.0,0.0,1200.0000000000005,10800.0,0.0,True
Q3-[18]@2025-04-27,-3.552713678800501e-15,0.0,1200.0000000000005,10800.0,0.0,True
Q3-[18]@2025-04-28,-7.105427357601002e-15,0.0,1200.0000000000005,10800.0,0.0,True
Q3-[18]@2025-04-29,0.0,0.0,1199.9999999999998,10800.000000000002,0.0,True
Q3-[18]@2025-04-30,0.0,0.0,1200.0000000000002,10800.0,0.0,True
Q3-[18]@2025-05-01,0.0,0.0,1200.0000000000011,10800.0,0.0,True
Q3-[18]@2025-05-02,0.0,0.0,1200.0000000000005,10800.0,0.0,True
Q3-[18]@2025-05-03,0.0,0.0,1200.000000000001,10800.0,0.0,True
Q3-[18]@2025-05-04,0.0,0.0,1200.0000000000005,10800.0,0.0,True
Q3-[18]@2025-05-05,0.0,0.0,1200.0,10800.0,0.0,True
Q3-[18]@2025-05-06,0.0,0.0,1200.000000000001,10800.000000000002,0.0,True
Q3-[18]@2025-05-07,-5.329070518200751e-15,0.0,1199.9999999999995,10800.0,0.0,True
Q3-[18]@2025-05-08,0.0,0.0,1200.000000000005,10800.0,0.0,True
Q3-[18]@2025-05-09,0.0,0.0,1199.9999999999998,10800.0,0.0,True
Q3-[18]@2025-05-10,0.0,0.0,1200.0000000000014,10800.000000000002,0.0,True
Q3-[18]@2025-05-11,0.0,0.0,1200.0000000000002,10800.0,0.0,True
Q3-[18]@2025-05-12,-7.105427357601002e-15,0.0,1200.0,10800.0,0.0,True
Q3-[18]@2025-05-13,-4.440892098500626e-15,0.0,1200.0000000000002,10800.0,0.0,True
Q3-[18]@2025-05-14,0.0,0.0,1200.0000000000002,10800.0,0.0,True
Q3-[18]@2025-05-15,0.0,0.0,1200.0000000000002,10800.0,0.0,True
Q3-[18]@2025-05-16,0.0,0.0,1200.0,10800.0,0.0,True
Q3-[18]@2025-05-17,0.0,0.0,1200.0000000000002,10800.0,0.0,True
Q3-[18]@2025-05-18,0.0,0.0,1200.0000000000005,10800.0,0.0,True
Q3-[18]@2025-05-19,0.0,0.0,1200.0,10800.000000000002,0.0,True
Q3-[18]@2025-05-20,-9.769962616701378e-15,0.0,1200.0,10800.0,0.0,True
Q3-[18]@2025-05-21,-7.105427357601002e-15,0.0,1200.0,10800.0,0.0,True
Q3-[18]@2025-05-22,-2.4424906541753444e-15,0.0,1199.9999999999989,10800.0,0.0,True
Q3-[18]@2025-05-23,0.0,0.0,1200.0000000000002,10800.0,0.0,True
Q3-[18]@2025-05-24,0.0,0.0,1200.0000000000007,10800.0,0.0,True
Q3-[18]@2025-05-25,0.0,0.0,1199.9999999999993,10800.0,0.0,True
Q3-[18]@2025-05-26,-7.105427357601002e-15,0.0,1199.9999999999993,10800.000000000002,0.0,True
Q3-[18]@2025-05-27,-1.1102230246251565e-15,0.0,1200.0000000000005,10800.0,0.0,True
Q3-[18]@2025-05-28,0.0,0.0,1200.0000000000011,10800.0,0.0,True
Q3-[18]@2025-05-29,-7.105427357601002e-15,0.0,1199.9999999999993,10800.0,0.0,True
Q3-[18]@2025-05-30,0.0,0.0,1199.9999999999993,10800.0,0.0,True
Q3-[18]@2025-05-31,0.0,0.0,1200.000000000001,10800.0,0.0,True
Q3-[18]@2025-06-01,0.0,0.0,1200.0000000000002,10800.0,0.0,True
Q3-[18]@2025-06-02,0.0,0.0,1200.0000000000002,10800.0,0.0,True
Q3-[18]@2025-06-03,0.0,0.0,1200.0000000000002,10800.000000000002,0.0,True
Q3-[18]@2025-06-04,0.0,0.0,1200.0000000000002,10800.0,0.0,True
Q3-[18]@2025-06-05,0.0,0.0,1200.0000000000002,10800.0,0.0,True
Q3-[18]@2025-06-06,0.0,0.0,1200.0000000000002,10800.0,0.0,True
Q3-[18]@2025-06-07,0.0,0.0,2485.1333888888903,10800.000000000002,0.0,True
Q3-[18]@2025-06-08,0.0,0.0,1200.0000000000002,10800.000000000004,0.0,True
Q3-[18]@2025-06-09,0.0,0.0,1200.0000000000002,10800.0,0.0,True
Q3-[18]@2025-06-10,0.0,0.0,1200.0000000000002,10800.0,0.0,True
Q3-[18]@2025-06-11,0.0,0.0,1200.0000000000002,10800.0,0.0,True
Q3-[18]@2025-06-12,0.0,0.0,1200.0000000000002,10800.0,0.0,True
Q3-[18]@2025-06-13,0.0,0.0,1200.0000000000002,10800.0,0.0,True
Q3-[18]@2025-06-14,0.0,0.0,2607.603698240746,10800.000000000002,0.0,True
Q3-[18]@2025-06-15,-3.552713678800501e-15,0.0,1200.0000000000002,10800.0,0.0,True
Q3-[18]@2025-06-16,0.0,0.0,1200.0000000000002,10800.000000000005,0.0,True
Q3-[18]@2025-06-17,0.0,0.0,1200.0000000000002,10800.0,0.0,True
Q3-[18]@2025-06-18,0.0,0.0,1200.0000000000002,10800.0,0.0,True
Q3-[18]@2025-06-19,0.0,0.0,1200.0000000000002,10800.0,0.0,True
Q3-[18]@2025-06-20,0.0,0.0,1200.0000000000002,10800.0,0.0,True
Q3-[18]@2025-06-21,0.0,0.0,1897.1768150749958,10800.0,0.0,True
Q3-[18]@2025-06-22,0.0,0.0,1200.0000000000005,10800.0,0.0,True
Q3-[18]@2025-06-23,0.0,0.0,1200.0000000000002,10800.0,0.0,True
Q3-[18]@2025-06-24,0.0,0.0,1200.0000000000002,10800.0,0.0,True
Q3-[18]@2025-06-25,0.0,0.0,1200.0000000000002,10800.000000000002,0.0,True
Q3-[18]@2025-06-26,0.0,0.0,1209.3755509259302,10800.000000000002,0.0,True
Q3-[18]@2025-06-27,0.0,0.0,1219.9374987654326,10800.000000000004,0.0,True
Q3-[18]@2025-06-28,0.0,0.0,2940.425793827161,10800.0,0.0,True
Q3-[18]@2025-06-29,-3.552713678800501e-15,0.0,1200.0000000000002,10800.0,0.0,True
Q3-[18]@2025-06-30,0.0,0.0,1217.183388935185,10800.0,0.0,True
Q3-[18]@2025-07-01,-1.4210854715202004e-14,0.0,1200.0000000000002,10800.0,0.0,True
Q3-[18]@2025-07-02,0.0,0.0,1200.0000000000002,10800.0,0.0,True
Q3-[18]@2025-07-03,0.0,0.0,1200.0000000000002,10800.0,0.0,True
Q3-[18]@2025-07-04,0.0,0.0,1200.0000000000002,10800.0,0.0,True
Q3-[18]@2025-07-05,0.0,0.0,1199.9999999999995,10800.000000000002,0.0,True
Q3-[18]@2025-07-06,-2.842170943040401e-14,0.0,1200.0000000000002,10800.0,0.0,True
Q3-[18]@2025-07-07,0.0,0.0,1200.0000000000002,10800.0,0.0,True
Q3-[18]@2025-07-08,0.0,0.0,1200.0000000000002,10800.000000000002,0.0,True
Q3-[18]@2025-07-09,0.0,0.0,1200.0000000000002,10800.0,0.0,True
Q3-[18]@2025-07-10,-3.552713678800501e-15,0.0,1200.0000000000002,10800.000000000002,0.0,True
Q3-[18]@2025-07-11,0.0,0.0,1199.9999999999995,10800.0,0.0,True
Q3-[18]@2025-07-12,0.0,0.0,1200.0000000000005,10800.0,0.0,True
Q3-[18]@2025-07-13,0.0,0.0,1200.0000000000002,10800.0,0.0,True
Q3-[18]@2025-07-14,-3.552713678800501e-15,0.0,1200.0000000000002,10800.0,0.0,True
Q3-[18]@2025-07-15,0.0,0.0,1200.0000000000002,10800.0,0.0,True
Q3-[18]@2025-07-16,-4.440892098500626e-16,0.0,1200.0,10800.0,0.0,True
Q3-[18]@2025-07-17,-1.4210854715202004e-14,0.0,1200.0000000000002,10800.000000000002,0.0,True
Q3-[18]@2025-07-18,0.0,0.0,1200.0000000000002,10800.000000000002,0.0,True
Q3-[18]@2025-07-19,0.0,0.0,1199.9999999999995,10800.0,0.0,True
Q3-[18]@2025-07-20,0.0,0.0,1200.0000000000002,10800.0,0.0,True
Q3-[18]@2025-07-21,-7.105427357601002e-15,0.0,1200.0000000000002,10800.000000000002,0.0,True
Q3-[18]@2025-07-22,-1.4210854715202004e-14,0.0,1200.0,10800.0,0.0,True
Q3-[18]@2025-07-23,0.0,0.0,1200.0000000000002,10800.0,0.0,True
Q3-[18]@2025-07-24,0.0,0.0,1200.0,10800.000000000002,0.0,True
Q3-[18]@2025-07-25,0.0,0.0,1200.0,10800.0,0.0,True
Q3-[18]@2025-07-26,10.752464791666512,0.0,1200.0000000000002,10800.0,0.0,True
Q3-[18]@2025-07-27,-1.4210854715202004e-14,0.0,1200.0000000000002,10800.000000000004,0.0,True
Q3-[18]@2025-07-28,-7.105427357601002e-15,0.0,1200.0000000000002,10800.000000000002,0.0,True
Q3-[18]@2025-07-29,-1.4210854715202004e-14,0.0,1204.9966736125004,10800.000000000004,0.0,True
Q3-[18]@2025-07-30,-1.4210854715202004e-14,0.0,1199.9999999999995,10800.000000000002,0.0,True
Q3-[18]@2025-07-31,-1.4210854715202004e-14,0.0,1293.3936361050908,10800.0,0.0,True
Q3-[18]@2025-08-01,0.0,0.0,1200.0000000000002,10800.0,0.0,True
Q3-[18]@2025-08-02,0.0,0.0,1200.0000000000007,10800.000000000002,0.0,True
Q3-[18]@2025-08-03,-2.6645352591003757e-15,0.0,1200.0000000000007,10800.000000000002,0.0,True
Q3-[18]@2025-08-04,0.0,0.0,1200.0000000000002,10800.0,0.0,True
Q3-[18]@2025-08-05,0.0,0.0,1200.0000000000002,10800.0,0.0,True
Q3-[18]@2025-08-06,-1.4210854715202004e-14,0.0,1297.9400532407435,10800.0,0.0,True
Q3-[18]@2025-08-07,0.0,0.0,1275.240771296296,10800.000000000002,0.0,True
Q3-[18]@2025-08-08,0.0,0.0,1200.0,10800.0,0.0,True
Q3-[18]@2025-08-09,0.0,0.0,1200.0,10800.0,0.0,True
Q3-[18]@2025-08-10,-1.4210854715202004e-14,0.0,1200.0000000000002,10800.0,0.0,True
Q3-[18]@2025-08-11,0.0,0.0,1254.689861111112,10800.0,0.0,True
Q3-[18]@2025-08-12,0.0,0.0,1227.070461419757,10800.0,0.0,True
Q3-[18]@2025-08-13,-1.7763568394002505e-14,0.0,1211.3219016203723,10800.000000000004,0.0,True
Q3-[18]@2025-08-14,0.0,0.0,1199.999999999999,10800.0,0.0,True
Q3-[18]@2025-08-15,0.0,0.0,1200.0,10800.0,0.0,True
Q3-[18]@2025-08-16,0.0,0.0,1200.000000000001,10800.0,0.0,True
Q3-[18]@2025-08-17,0.0,0.0,1303.2658500000011,10800.000000000002,0.0,True
Q3-[18]@2025-08-18,-1.7763568394002505e-15,0.0,1200.0000000000032,10800.000000000004,0.0,True
Q3-[18]@2025-08-19,0.0,0.0,1200.000000000001,10800.0,0.0,True
Q3-[18]@2025-08-20,0.0,0.0,1200.000000000001,10800.0,0.0,True
Q3-[18]@2025-08-21,0.0,0.0,1199.999999999999,10800.0,0.0,True
Q3-[18]@2025-08-22,0.0,0.0,1200.0,10800.0,0.0,True
Q3-[18]@2025-08-23,0.0,0.0,1200.0,10800.0,0.0,True
Q3-[18]@2025-08-24,0.0,0.0,1200.0000000000007,10800.000000000002,0.0,True
Q3-[18]@2025-08-25,0.0,0.0,1230.9744620370388,10800.0,0.0,True
Q3-[18]@2025-08-26,0.0,0.0,1200.0000000000011,10800.0,0.0,True
Q3-[18]@2025-08-27,-1.0658141036401503e-14,0.0,1200.0000000000005,10800.0,0.0,True
Q3-[18]@2025-08-28,-7.105427357601002e-15,0.0,1199.9999999999995,10800.0,0.0,True
Q3-[18]@2025-08-29,0.0,0.0,1200.000000000001,10800.000000000002,0.0,True
Q3-[18]@2025-08-30,0.0,0.0,1200.0000000000005,10800.0,0.0,True
Q3-[18]@2025-08-31,-1.7763568394002505e-15,0.0,1200.0,10800.0,0.0,True
Q3-[18]@2025-09-01,5.944303874999832,0.0,1363.2371405092601,10800.000000000002,0.0,True
Q3-[18]@2025-09-02,0.0,0.0,1200.000000000001,10800.0,0.0,True
Q3-[18]@2025-09-03,0.0,0.0,1929.3224074074055,10800.0,0.0,True
Q3-[18]@2025-09-04,0.0,0.0,1200.0000000000002,10800.0,0.0,True
Q3-[18]@2025-09-05,0.0,0.0,1199.9999999999989,10800.0,0.0,True
Q3-[18]@2025-09-06,0.0,0.0,1200.0000000000007,10800.000000000002,0.0,True
Q3-[18]@2025-09-07,0.0,0.0,1200.0000000000014,10800.000000000002,0.0,True
Q3-[18]@2025-09-08,0.0,0.0,1200.0000000000005,10800.000000000002,0.0,True
Q3-[18]@2025-09-09,0.0,0.0,1199.9999999999993,10800.0,0.0,True
Q3-[18]@2025-09-10,0.0,0.0,1641.6162116999994,10800.000000000002,0.0,True
Q3-[18]@2025-09-11,0.0,0.0,1671.847345138888,10800.0,0.0,True
Q3-[18]@2025-09-12,0.0,0.0,1200.0000000000005,10800.0,0.0,True
Q3-[18]@2025-09-13,0.0,0.0,1200.0,10800.000000000002,0.0,True
Q3-[18]@2025-09-14,0.0,0.0,1199.999999999999,10800.0,0.0,True
Q3-[18]@2025-09-15,0.0,0.0,1200.0000000000011,10800.000000000002,0.0,True
Q3-[18]@2025-09-16,0.0,0.0,1244.3438266500013,10800.0,0.0,True
Q3-[18]@2025-09-17,0.0,0.0,1200.000000000001,10800.000000000004,0.0,True
Q3-[18]@2025-09-18,-2.3869795029440866e-15,0.0,1200.0000000000011,10800.000000000002,0.0,True
Q3-[18]@2025-09-19,0.0,0.0,1200.0000000000002,10800.0,0.0,True
Q3-[18]@2025-09-20,0.0,0.0,1200.0000000000011,10800.000000000002,0.0,True
Q3-[18]@2025-09-21,0.0,0.0,1200.000000000002,10800.000000000002,0.0,True
Q3-[18]@2025-09-22,0.0,0.0,1200.0000000000005,10800.0,0.0,True
Q3-[18]@2025-09-23,0.0,0.0,1200.0000000000014,10800.000000000002,0.0,True
Q3-[18]@2025-09-24,0.0,0.0,1200.0,10800.0,0.0,True
Q3-[18]@2025-09-25,-5.329070518200751e-15,0.0,1200.0,10800.0,0.0,True
Q3-[18]@2025-09-26,0.0,0.0,1199.9999999999998,10800.0,0.0,True
Q3-[18]@2025-09-27,0.0,0.0,1199.9999999999998,10800.0,0.0,True
Q3-[18]@2025-09-28,0.0,0.0,1200.0000000000014,10800.000000000002,0.0,True
Q3-[18]@2025-09-29,0.0,0.0,1199.9999999999986,10800.0,0.0,True
Q3-[18]@2025-09-30,0.0,0.0,1199.9999999999993,10800.0,0.0,True
Q3-[18]@2025-10-01,0.0,0.0,1200.0,10800.0,0.0,True
Q3-[18]@2025-10-02,0.0,0.0,1200.0000000000005,10800.000000000004,0.0,True
Q3-[18]@2025-10-03,0.0,0.0,1199.9999999999995,10800.0,0.0,True
Q3-[18]@2025-10-04,0.0,0.0,1200.0000000000005,10800.000000000002,0.0,True
Q3-[18]@2025-10-05,0.0,0.0,1200.0000000000002,10800.0,0.0,True
Q3-[18]@2025-10-06,0.0,0.0,1199.9999999999998,10800.0,0.0,True
Q3-[18]@2025-10-07,0.0,0.0,1200.0,10800.0,0.0,True
Q3-[18]@2025-10-08,0.0,0.0,1200.0000000000002,10800.0,0.0,True
Q3-[18]@2025-10-09,0.0,0.0,1200.000000000002,10800.000000000002,0.0,True
Q3-[18]@2025-10-10,0.0,0.0,1200.000000000001,10800.000000000002,0.0,True
Q3-[18]@2025-10-11,0.0,0.0,1199.9999999999998,10800.0,0.0,True
Q3-[18]@2025-10-12,-2.4424906541753444e-15,0.0,1200.0000000000002,10800.0,0.0,True
Q3-[18]@2025-10-13,0.0,0.0,1200.000000000001,10800.0,0.0,True
Q3-[18]@2025-10-14,0.0,0.0,1200.0000000000005,10800.000000000002,0.0,True
Q3-[18]@2025-10-15,0.0,0.0,1200.0000000000005,10800.0,0.0,True
Q3-[18]@2025-10-16,0.0,0.0,1200.0000000000014,10800.000000000002,0.0,True
Q3-[18]@2025-10-17,0.0,0.0,1200.0000000000002,10800.000000000002,0.0,True
Q3-[18]@2025-10-18,0.0,0.0,1200.0000000000011,10800.000000000002,0.0,True
Q3-[18]@2025-10-19,0.0,0.0,1200.0000000000007,10800.000000000002,0.0,True
Q3-[18]@2025-10-20,0.0,0.0,1200.000000000001,10800.0,0.0,True
Q3-[18]@2025-10-21,0.0,0.0,1200.0,10800.000000000002,0.0,True
Q3-[18]@2025-10-22,0.0,0.0,1200.0,10800.000000000002,0.0,True
Q3-[18]@2025-10-23,0.0,0.0,1199.9999999999998,10800.0,0.0,True
Q3-[18]@2025-10-24,0.0,0.0,1199.9999999999998,10800.0,0.0,True
Q3-[18]@2025-10-25,0.0,0.0,1200.0000000000052,10800.000000000005,0.0,True
Q3-[18]@2025-10-26,0.0,0.0,1200.0,10800.000000000002,0.0,True
Q3-[18]@2025-10-27,0.0,0.0,1200.0000000000007,10800.0,0.0,True
Q3-[18]@2025-10-28,0.0,0.0,1200.000000000001,10800.000000000002,0.0,True
Q3-[18]@2025-10-29,-1.7763568394002505e-15,0.0,1200.0,10800.0,0.0,True
Q3-[18]@2025-10-30,0.0,0.0,1200.0000000000023,10800.000000000002,0.0,True
Q3-[18]@2025-10-31,0.0,0.0,1200.0000000000032,10800.000000000002,0.0,True
Q3-[18]@2025-11-01,0.0,0.0,1199.9999999999989,10800.0,0.0,True
Q3-[18]@2025-11-02,0.0,0.0,1200.0,10800.0,0.0,True
Q3-[18]@2025-11-03,0.0,0.0,1200.0,10800.0,0.0,True
Q3-[18]@2025-11-04,0.0,0.0,1200.0000000000016,10800.000000000002,0.0,True
Q3-[18]@2025-11-05,0.0,0.0,1200.0000000000007,10800.000000000004,0.0,True
Q3-[18]@2025-11-06,0.0,0.0,1200.000000000001,10800.0,0.0,True
Q3-[18]@2025-11-07,0.0,0.0,1200.0000000000007,10800.0,0.0,True
Q3-[18]@2025-11-08,0.0,0.0,1200.0000000000023,10800.000000000004,0.0,True
Q3-[18]@2025-11-09,0.0,0.0,1199.9999999999984,10800.0,0.0,True
Q3-[18]@2025-11-10,0.0,0.0,1200.0000000000007,10800.000000000004,0.0,True
Q3-[18]@2025-11-11,0.0,0.0,1200.0,10800.0,0.0,True
Q3-[18]@2025-11-12,0.0,0.0,1199.9999999999989,10800.0,0.0,True
Q3-[18]@2025-11-13,0.0,0.0,1199.9999999999995,10800.0,0.0,True
Q3-[18]@2025-11-14,0.0,0.0,1199.9999999999995,10800.0,0.0,True
Q3-[18]@2025-11-15,0.0,0.0,1200.0,10800.0,0.0,True
Q3-[18]@2025-11-16,0.0,0.0,1200.0,10800.0,0.0,True
Q3-[18]@2025-11-17,-1.7763568394002505e-15,0.0,1200.0000000000016,10800.000000000002,0.0,True
Q3-[18]@2025-11-18,0.0,0.0,1200.0000000000005,10800.0,0.0,True
Q3-[18]@2025-11-19,0.0,0.0,1199.9999999999993,10800.0,0.0,True
Q3-[18]@2025-11-20,0.0,0.0,1200.000000000001,10800.000000000004,0.0,True
Q3-[18]@2025-11-21,0.0,0.0,1200.000000000001,10800.0,0.0,True
Q3-[18]@2025-11-22,0.0,0.0,1200.0000000000007,10800.0,0.0,True
Q3-[18]@2025-11-23,0.0,0.0,1199.9999999999995,10800.0,0.0,True
Q3-[18]@2025-11-24,0.0,0.0,1200.0,10800.0,0.0,True
Q3-[18]@2025-11-25,0.0,0.0,1200.0,10800.0,0.0,True
Q3-[18]@2025-11-26,0.0,0.0,1200.0,10800.000000000002,0.0,True
Q3-[18]@2025-11-27,0.0,0.0,1200.000000000001,10800.0,0.0,True
Q3-[18]@2025-11-28,0.0,0.0,1200.0000000000007,10800.000000000002,0.0,True
Q3-[18]@2025-11-29,0.0,0.0,1200.0000000000005,10800.0,0.0,True
Q3-[18]@2025-11-30,0.0,0.0,1200.0000000000005,10800.000000000002,0.0,True
Q3-[18]@2025-12-01,0.0,0.0,1200.0,10800.0,0.0,True
Q3-[18]@2025-12-02,0.0,0.0,1200.0,10800.0,0.0,True
Q3-[18]@2025-12-03,0.0,0.0,1200.0000000000011,10800.0,0.0,True
Q3-[18]@2025-12-04,0.0,0.0,1200.0000000000002,10800.000000000002,0.0,True
Q3-[18]@2025-12-05,0.0,0.0,1200.0,10800.0,0.0,True
Q3-[18]@2025-12-06,0.0,0.0,1200.0000000000011,10800.0,0.0,True
Q3-[18]@2025-12-07,0.0,0.0,1200.0,10800.0,0.0,True
Q3-[18]@2025-12-08,0.0,0.0,1200.0,10800.0,0.0,True
Q3-[18]@2025-12-09,0.0,0.0,1200.0000000000005,10800.0,0.0,True
Q3-[18]@2025-12-10,0.0,0.0,1200.0,10800.0,0.0,True
Q3-[18]@2025-12-11,0.0,0.0,1199.9999999999995,10800.0,0.0,True
Q3-[18]@2025-12-12,0.0,0.0,1199.9999999999993,10800.0,0.0,True
Q3-[18]@2025-12-13,0.0,0.0,1561.9283633024747,10800.000000000004,0.0,True
Q3-[18]@2025-12-14,0.0,0.0,1200.0,10800.0,0.0,True
Q3-[18]@2025-12-15,0.0,0.0,1200.0,10800.0,0.0,True
Q3-[18]@2025-12-16,0.0,0.0,1200.000000000001,10800.0,0.0,True
Q3-[18]@2025-12-17,0.0,0.0,1200.0000000000002,10800.0,0.0,True
Q3-[18]@2025-12-18,0.0,0.0,1200.0,10800.000000000002,0.0,True
Q3-[18]@2025-12-19,0.0,0.0,1200.0000000000018,10800.000000000002,0.0,True
Q3-[18]@2025-12-20,0.0,0.0,1796.9154787500004,10800.000000000002,0.0,True
Q3-[18]@2025-12-21,0.0,0.0,1199.9999999999993,10800.0,0.0,True
Q3-[18]@2025-12-22,0.0,0.0,1200.0,10800.0,0.0,True
Q3-[18]@2025-12-23,0.0,0.0,1199.9999999999998,10800.0,0.0,True
Q3-[18]@2025-12-24,0.0,0.0,1200.0000000000002,10800.0,0.0,True
Q3-[18]@2025-12-25,0.0,0.0,1200.0,10800.0,0.0,True
Q3-[18]@2025-12-26,0.0,0.0,1200.0000000000014,10800.0,0.0,True
Q3-[18]@2025-12-27,0.0,0.0,1800.0000000000036,10800.000000000004,0.0,True
Q3-[18]@2025-12-28,0.0,0.0,1200.0000000000014,10800.000000000002,0.0,True
Q3-[18]@2025-12-29,0.0,0.0,1200.0000000000005,10800.0,0.0,True
Q3-[18]@2025-12-30,0.0,0.0,1199.9999999999998,10800.0,0.0,True
Q3-[18]@2025-12-31,0.0,0.0,1199.9999999999998,10800.0,0.0,True
"Q3-[6, 12]@2025-01-01",-5.684341886080802e-14,0.0,1200.0000000000002,10800.0,0.0,True
"Q3-[6, 12]@2025-01-02",0.0,0.0,1200.0000000000002,10800.0,0.0,True
"Q3-[6, 12]@2025-01-03",0.0,0.0,1200.0000000000005,10800.0,0.0,True
"Q3-[6, 12]@2025-01-04",0.0,0.0,1199.9999999999989,10800.0,0.0,True
"Q3-[6, 12]@2025-01-05",0.0,0.0,1199.9999999999989,10800.0,0.0,True
"Q3-[6, 12]@2025-01-06",0.0,0.0,1199.9999999999995,10800.0,0.0,True
"Q3-[6, 12]@2025-01-07",0.0,0.0,1200.0000000000002,10800.0,0.0,True
"Q3-[6, 12]@2025-01-08",0.0,0.0,1199.9999999999993,10800.0,0.0,True
"Q3-[6, 12]@2025-01-09",0.0,0.0,1200.0000000000025,10800.0,0.0,True
"Q3-[6, 12]@2025-01-10",0.0,0.0,1199.999999999999,10800.0,0.0,True
"Q3-[6, 12]@2025-01-11",0.0,0.0,1199.999999999999,10800.0,0.0,True
"Q3-[6, 12]@2025-01-12",0.0,0.0,1200.000000000001,10800.000000000002,0.0,True
"Q3-[6, 12]@2025-01-13",0.0,0.0,1199.9999999999995,10800.0,0.0,True
"Q3-[6, 12]@2025-01-14",0.0,0.0,1199.9999999999995,10800.0,0.0,True
"Q3-[6, 12]@2025-01-15",0.0,0.0,1200.000000000001,10800.0,0.0,True
"Q3-[6, 12]@2025-01-16",0.0,0.0,1199.9999999999989,10800.0,0.0,True
"Q3-[6, 12]@2025-01-17",0.0,0.0,1200.0000000000011,10800.0,0.0,True
"Q3-[6, 12]@2025-01-18",0.0,0.0,1200.0000000000027,10800.0,0.0,True
"Q3-[6, 12]@2025-01-19",0.0,0.0,1200.000000000001,10800.0,0.0,True
"Q3-[6, 12]@2025-01-20",0.0,0.0,1200.0000000000002,10800.000000000002,0.0,True
"Q3-[6, 12]@2025-01-21",0.0,0.0,1200.0000000000014,10800.0,0.0,True
"Q3-[6, 12]@2025-01-22",0.0,0.0,1200.0000000000011,10800.0,0.0,True
"Q3-[6, 12]@2025-01-23",0.0,0.0,1200.0000000000023,10800.0,0.0,True
"Q3-[6, 12]@2025-01-24",0.0,0.0,1200.0000000000007,10800.0,0.0,True
"Q3-[6, 12]@2025-01-25",0.0,0.0,1200.000000000001,10800.0,0.0,True
"Q3-[6, 12]@2025-01-26",0.0,0.0,1200.0,10800.0,0.0,True
"Q3-[6, 12]@2025-01-27",0.0,0.0,1200.0000000000027,10800.0,0.0,True
"Q3-[6, 12]@2025-01-28",0.0,0.0,1199.9999999999982,10800.0,0.0,True
"Q3-[6, 12]@2025-01-29",0.0,0.0,1199.9999999999989,10800.0,0.0,True
"Q3-[6, 12]@2025-01-30",0.0,0.0,1200.0000000000018,10800.0,0.0,True
"Q3-[6, 12]@2025-01-31",0.0,0.0,1200.0,10800.0,0.0,True
"Q3-[6, 12]@2025-02-01",0.0,0.0,1200.0,10800.0,0.0,True
"Q3-[6, 12]@2025-02-02",0.0,0.0,1200.000000000002,10800.0,0.0,True
"Q3-[6, 12]@2025-02-03",0.0,0.0,1509.6668138888872,10800.0,0.0,True
"Q3-[6, 12]@2025-02-04",0.0,0.0,1200.0000000000011,10800.0,0.0,True
"Q3-[6, 12]@2025-02-05",0.0,0.0,1200.0000000000016,10800.000000000002,0.0,True
"Q3-[6, 12]@2025-02-06",0.0,0.0,1200.0000000000048,10800.0,0.0,True
"Q3-[6, 12]@2025-02-07",0.0,0.0,1200.0,10800.0,0.0,True
"Q3-[6, 12]@2025-02-08",0.0,0.0,1200.0,10800.0,0.0,True
"Q3-[6, 12]@2025-02-09",0.0,0.0,1199.999999999999,10800.0,0.0,True
"Q3-[6, 12]@2025-02-10",0.0,0.0,1199.999999999999,10800.0,0.0,True
"Q3-[6, 12]@2025-02-11",0.0,0.0,1200.0000000000023,10800.0,0.0,True
"Q3-[6, 12]@2025-02-12",0.0,0.0,1200.0000000000005,10800.0,0.0,True
"Q3-[6, 12]@2025-02-13",-7.105427357601002e-15,0.0,1199.9999999999995,10800.0,0.0,True
"Q3-[6, 12]@2025-02-14",0.0,0.0,1200.0000000000007,10800.0,0.0,True
"Q3-[6, 12]@2025-02-15",0.0,0.0,1200.0000000000007,10800.0,0.0,True
"Q3-[6, 12]@2025-02-16",0.0,0.0,1200.0000000000018,10800.0,0.0,True
"Q3-[6, 12]@2025-02-17",0.0,0.0,1199.9999999999995,10800.0,0.0,True
"Q3-[6, 12]@2025-02-18",-1.4210854715202004e-14,0.0,1200.0000000000005,10800.0,0.0,True
"Q3-[6, 12]@2025-02-19",-3.552713678800501e-15,0.0,1200.0000000000023,10800.0,0.0,True
"Q3-[6, 12]@2025-02-20",0.0,0.0,1200.000000000001,10800.0,0.0,True
"Q3-[6, 12]@2025-02-21",0.0,0.0,1199.9999999999995,10800.0,0.0,True
"Q3-[6, 12]@2025-02-22",0.0,0.0,1199.9999999999995,10783.897785521296,0.0,True
"Q3-[6, 12]@2025-02-23",-1.4210854715202004e-14,0.0,1200.0000000000027,10800.0,0.0,True
"Q3-[6, 12]@2025-02-24",0.0,0.0,1200.0,10800.0,0.0,True
"Q3-[6, 12]@2025-02-25",0.0,0.0,1200.000000000002,10800.0,0.0,True
"Q3-[6, 12]@2025-02-26",-3.552713678800501e-15,0.0,1200.0000000000018,10800.0,0.0,True
"Q3-[6, 12]@2025-02-27",-3.552713678800501e-15,0.0,1200.0000000000018,10800.0,0.0,True
"Q3-[6, 12]@2025-02-28",0.0,0.0,1199.9999999999986,9068.468759259258,0.0,True
"Q3-[6, 12]@2025-03-01",0.0,0.0,1199.9999999999986,10800.0,0.0,True
"Q3-[6, 12]@2025-03-02",-7.105427357601002e-15,0.0,1199.999999999999,10800.0,0.0,True
"Q3-[6, 12]@2025-03-03",0.0,0.0,1200.0000000000014,10800.0,0.0,True
"Q3-[6, 12]@2025-03-04",-7.105427357601002e-15,0.0,1200.0000000000007,10800.0,0.0,True
"Q3-[6, 12]@2025-03-05",0.0,0.0,1200.0000000000045,10800.0,0.0,True
"Q3-[6, 12]@2025-03-06",-7.105427357601002e-15,0.0,1200.000000000001,10800.0,0.0,True
"Q3-[6, 12]@2025-03-07",0.0,0.0,1200.0000000000016,8846.053361102777,0.0,True
"Q3-[6, 12]@2025-03-08",0.0,0.0,1199.9999999999986,8717.940355555553,0.0,True
"Q3-[6, 12]@2025-03-09",0.0,0.0,1199.9999999999986,10800.0,0.0,True
"Q3-[6, 12]@2025-03-10",-7.105427357601002e-15,0.0,1199.999999999999,10800.0,0.0,True
"Q3-[6, 12]@2025-03-11",-7.105427357601002e-15,0.0,1200.0000000000005,10800.0,0.0,True
"Q3-[6, 12]@2025-03-12",-3.552713678800501e-15,0.0,1200.0000000000043,10800.0,0.0,True
"Q3-[6, 12]@2025-03-13",0.0,0.0,1200.0000000000005,10800.0,0.0,True
"Q3-[6, 12]@2025-03-14",0.0,0.0,1200.0000000000005,8729.57175185185,0.0,True
"Q3-[6, 12]@2025-03-15",0.0,0.0,1199.9999999999995,8903.269362962963,0.0,True
"Q3-[6, 12]@2025-03-16",0.0,0.0,1199.9999999999995,10800.0,0.0,True
"Q3-[6, 12]@2025-03-17",-1.3322676295501878e-15,0.0,1200.0000000000014,10800.0,0.0,True
"Q3-[6, 12]@2025-03-18",0.0,0.0,1200.0000000000018,10800.0,0.0,True
"Q3-[6, 12]@2025-03-19",0.0,0.0,1200.0000000000002,10800.0,0.0,True
"Q3-[6, 12]@2025-03-20",-7.105427357601002e-15,0.0,1200.000000000001,10800.0,0.0,True
"Q3-[6, 12]@2025-03-21",0.0,0.0,1199.9999999999995,9071.471666666666,0.0,True
"Q3-[6, 12]@2025-03-22",0.0,0.0,1199.9999999999995,9174.360418518521,0.0,True
"Q3-[6, 12]@2025-03-23",0.0,0.0,1200.0,10800.0,0.0,True
"Q3-[6, 12]@2025-03-24",0.0,0.0,1200.0000000000027,10800.0,0.0,True
"Q3-[6, 12]@2025-03-25",0.0,0.0,1199.9999999999998,10800.0,0.0,True
"Q3-[6, 12]@2025-03-26",0.0,0.0,1199.9999999999995,10800.0,0.0,True
"Q3-[6, 12]@2025-03-27",0.0,0.0,1199.9999999999984,10800.0,0.0,True
"Q3-[6, 12]@2025-03-28",0.0,0.0,1200.0000000000014,9290.980018518521,0.0,True
"Q3-[6, 12]@2025-03-29",0.0,0.0,1200.0000000000014,9450.127342592596,0.0,True
"Q3-[6, 12]@2025-03-30",-7.105427357601002e-15,0.0,1199.9999999999995,10800.0,0.0,True
"Q3-[6, 12]@2025-03-31",0.0,0.0,1200.0000000000005,10778.543448719482,0.0,True
"Q3-[6, 12]@2025-04-01",0.0,0.0,1199.9999999999998,10800.0,0.0,True
"Q3-[6, 12]@2025-04-02",0.0,0.0,1200.0,10800.0,0.0,True
"Q3-[6, 12]@2025-04-03",0.0,0.0,1200.0000000000014,10800.0,0.0,True
"Q3-[6, 12]@2025-04-04",0.0,0.0,1199.999999999999,9109.739870370367,0.0,True
"Q3-[6, 12]@2025-04-05",0.0,0.0,1199.999999999999,9129.528407407408,0.0,True
"Q3-[6, 12]@2025-04-06",0.0,0.0,1200.0000000000002,10800.0,0.0,True
"Q3-[6, 12]@2025-04-07",0.0,0.0,1200.0000000000027,10800.000000000002,0.0,True
"Q3-[6, 12]@2025-04-08",-4.718447854656915e-15,0.0,1200.0000000000023,10800.0,0.0,True
"Q3-[6, 12]@2025-04-09",0.0,0.0,1200.000000000003,10800.0,0.0,True
"Q3-[6, 12]@2025-04-10",-4.440892098500626e-15,0.0,1199.9999999999984,10800.0,0.0,True
"Q3-[6, 12]@2025-04-11",0.0,0.0,1199.999999999999,9299.41209074074,0.0,True
"Q3-[6, 12]@2025-04-12",0.0,0.0,1199.999999999999,9202.28263703704,0.0,True
"Q3-[6, 12]@2025-04-13",-7.105427357601002e-15,0.0,1199.9999999999986,10800.0,0.0,True
"Q3-[6, 12]@2025-04-14",-2.220446049250313e-15,0.0,1199.9999999999998,10800.0,0.0,True
"Q3-[6, 12]@2025-04-15",-8.881784197001252e-16,0.0,1199.9999999999998,10800.0,0.0,True
"Q3-[6, 12]@2025-04-16",0.0,0.0,1200.0000000000011,10800.0,0.0,True
"Q3-[6, 12]@2025-04-17",0.0,0.0,1200.0,10800.0,0.0,True
"Q3-[6, 12]@2025-04-18",0.0,0.0,1200.000000000001,9289.990616666668,0.0,True
"Q3-[6, 12]@2025-04-19",0.0,0.0,1199.9999999999995,9380.153498796295,0.0,True
"Q3-[6, 12]@2025-04-20",0.0,0.0,1199.9999999999995,10800.0,0.0,True
"Q3-[6, 12]@2025-04-21",0.0,0.0,1200.000000000001,10800.0,0.0,True
"Q3-[6, 12]@2025-04-22",-3.552713678800501e-15,0.0,1199.9999999999995,10800.0,0.0,True
"Q3-[6, 12]@2025-04-23",-8.881784197001252e-16,0.0,1200.0000000000002,10800.0,0.0,True
"Q3-[6, 12]@2025-04-24",0.0,0.0,1200.0000000000036,10800.000000000002,0.0,True
"Q3-[6, 12]@2025-04-25",0.0,0.0,1200.0,9063.061135740742,0.0,True
"Q3-[6, 12]@2025-04-26",0.0,0.0,1199.9999999999989,9106.470861342594,0.0,True
"Q3-[6, 12]@2025-04-27",-3.552713678800501e-15,0.0,1199.9999999999989,10800.0,0.0,True
"Q3-[6, 12]@2025-04-28",0.0,0.0,1200.000000000003,10800.0,0.0,True
"Q3-[6, 12]@2025-04-29",0.0,0.0,1200.0000000000002,10800.0,0.0,True
"Q3-[6, 12]@2025-04-30",0.0,0.0,1200.0,10800.0,0.0,True
"Q3-[6, 12]@2025-05-01",0.0,0.0,1200.0,10800.0,0.0,True
"Q3-[6, 12]@2025-05-02",0.0,0.0,1199.9999999999995,9420.873251851852,0.0,True
"Q3-[6, 12]@2025-05-03",0.0,0.0,1199.9999999999995,9279.905159722222,0.0,True
"Q3-[6, 12]@2025-05-04",-5.329070518200751e-15,0.0,1200.0,10800.0,0.0,True
"Q3-[6, 12]@2025-05-05",-7.105427357601002e-15,0.0,1199.9999999999998,10800.0,0.0,True
"Q3-[6, 12]@2025-05-06",0.0,0.0,1200.000000000001,10800.0,0.0,True
"Q3-[6, 12]@2025-05-07",0.0,0.0,1199.9999999999998,10800.0,0.0,True
"Q3-[6, 12]@2025-05-08",0.0,0.0,1199.999999999999,10800.0,0.0,True
"Q3-[6, 12]@2025-05-09",0.0,0.0,1200.0000000000023,9268.262771559417,0.0,True
"Q3-[6, 12]@2025-05-10",0.0,0.0,1200.000000000002,9246.577991804015,0.0,True
"Q3-[6, 12]@2025-05-11",0.0,0.0,1199.9999999999998,10800.0,0.0,True
"Q3-[6, 12]@2025-05-12",0.0,0.0,1199.9999999999973,10799.999999999998,0.0,True
"Q3-[6, 12]@2025-05-13",0.0,0.0,1200.0000000000011,10800.0,0.0,True
"Q3-[6, 12]@2025-05-14",0.0,0.0,1200.0000000000011,10800.0,0.0,True
"Q3-[6, 12]@2025-05-15",-1.7763568394002505e-15,0.0,1200.0,10764.502083333335,0.0,True
"Q3-[6, 12]@2025-05-16",0.0,0.0,1200.0,9149.512639064813,0.0,True
"Q3-[6, 12]@2025-05-17",0.0,0.0,1199.999999999999,9310.501777467594,0.0,True
"Q3-[6, 12]@2025-05-18",0.0,0.0,1199.999999999999,10800.0,0.0,True
"Q3-[6, 12]@2025-05-19",-1.7763568394002505e-15,0.0,1199.999999999999,10800.0,0.0,True
"Q3-[6, 12]@2025-05-20",0.0,0.0,1199.9999999999995,10800.0,0.0,True
"Q3-[6, 12]@2025-05-21",0.0,0.0,1199.9999999999995,10800.0,0.0,True
"Q3-[6, 12]@2025-05-22",0.0,0.0,1200.0000000000011,10800.0,0.0,True
"Q3-[6, 12]@2025-05-23",0.0,0.0,1200.0,9871.12090191821,0.0,True
"Q3-[6, 12]@2025-05-24",0.0,0.0,1200.0,9054.245957152776,0.0,True
"Q3-[6, 12]@2025-05-25",0.0,0.0,1200.0000000000002,10800.0,0.0,True
"Q3-[6, 12]@2025-05-26",0.0,0.0,1200.0000000000002,10762.69640023148,0.0,True
"Q3-[6, 12]@2025-05-27",0.0,0.0,1200.0,10800.0,0.0,True
"Q3-[6, 12]@2025-05-28",0.0,0.0,1200.000000000002,10800.000000000002,0.0,True
"Q3-[6, 12]@2025-05-29",0.0,0.0,1200.0000000000002,10800.0,0.0,True
"Q3-[6, 12]@2025-05-30",0.0,0.0,1200.0000000000032,9221.904150796297,0.0,True
"Q3-[6, 12]@2025-05-31",0.0,0.0,1199.999999999999,9285.079995671298,0.0,True
"Q3-[6, 12]@2025-06-01",0.0,0.0,1199.999999999999,10800.0,0.0,True
"Q3-[6, 12]@2025-06-02",0.0,0.0,1200.000000000003,10800.000000000002,0.0,True
"Q3-[6, 12]@2025-06-03",0.0,0.0,1200.0000000000002,10800.0,0.0,True
"Q3-[6, 12]@2025-06-04",0.0,0.0,1200.0000000000002,10800.0,0.0,True
"Q3-[6, 12]@2025-06-05",0.0,0.0,1200.0000000000002,10800.0,0.0,True
"Q3-[6, 12]@2025-06-06",0.0,0.0,1199.9999999999998,10800.0,0.0,True
"Q3-[6, 12]@2025-06-07",0.0,0.0,1199.9999999999998,10800.0,0.0,True
"Q3-[6, 12]@2025-06-08",0.0,0.0,1200.0000000000002,10800.0,0.0,True
"Q3-[6, 12]@2025-06-09",0.0,0.0,1200.0000000000002,10800.000000000002,0.0,True
"Q3-[6, 12]@2025-06-10",0.0,0.0,1200.0000000000039,10800.000000000004,0.0,True
"Q3-[6, 12]@2025-06-11",0.0,0.0,1200.0000000000002,10800.0,0.0,True
"Q3-[6, 12]@2025-06-12",0.0,0.0,1200.0000000000002,10800.000000000002,0.0,True
"Q3-[6, 12]@2025-06-13",0.0,0.0,1200.000000000001,10800.0,0.0,True
"Q3-[6, 12]@2025-06-14",0.0,0.0,1199.9999999999993,10800.0,0.0,True
"Q3-[6, 12]@2025-06-15",0.0,0.0,1199.9999999999984,10800.000000000002,0.0,True
"Q3-[6, 12]@2025-06-16",0.0,0.0,1199.9999999999984,10800.0,0.0,True
"Q3-[6, 12]@2025-06-17",0.0,0.0,1200.0000000000002,10800.0,0.0,True
"Q3-[6, 12]@2025-06-18",0.0,0.0,1200.0000000000002,10800.0,0.0,True
"Q3-[6, 12]@2025-06-19",0.0,0.0,1200.0000000000002,10800.0,0.0,True
"Q3-[6, 12]@2025-06-20",0.0,0.0,1200.0000000000014,10800.0,0.0,True
"Q3-[6, 12]@2025-06-21",0.0,0.0,1199.9999999999986,9778.934785802467,0.0,True
"Q3-[6, 12]@2025-06-22",0.0,0.0,1199.9999999999986,10800.0,0.0,True
"Q3-[6, 12]@2025-06-23",0.0,0.0,1200.0000000000002,10800.0,0.0,True
"Q3-[6, 12]@2025-06-24",0.0,0.0,1200.0000000000002,10800.0,0.0,True
"Q3-[6, 12]@2025-06-25",0.0,0.0,1200.0000000000011,10800.0,0.0,True
"Q3-[6, 12]@2025-06-26",0.0,0.0,1200.0000000000011,10800.0,0.0,True
"Q3-[6, 12]@2025-06-27",15.293123319444476,0.0,1200.0000000000005,10049.47929915926,0.0,True
"Q3-[6, 12]@2025-06-28",12.308846416666597,0.0,1200.0000000000005,10432.503839519446,0.0,True
"Q3-[6, 12]@2025-06-29",0.0,0.0,1200.0000000000002,10800.0,0.0,True
"Q3-[6, 12]@2025-06-30",0.0,0.0,1200.0000000000005,10800.0,0.0,True
"Q3-[6, 12]@2025-07-01",0.0,0.0,1200.0000000000002,10800.0,0.0,True
"Q3-[6, 12]@2025-07-02",0.0,0.0,1200.0000000000002,10800.0,0.0,True
"Q3-[6, 12]@2025-07-03",0.0,0.0,1200.0000000000002,10800.0,0.0,True
"Q3-[6, 12]@2025-07-04",0.0,0.0,1200.0000000000002,10670.681730481483,0.0,True
"Q3-[6, 12]@2025-07-05",0.0,0.0,1200.0000000000002,10530.696514814816,0.0,True
"Q3-[6, 12]@2025-07-06",0.0,0.0,1200.0000000000002,10800.0,0.0,True
"Q3-[6, 12]@2025-07-07",0.0,0.0,1200.0000000000002,10800.0,0.0,True
"Q3-[6, 12]@2025-07-08",0.0,0.0,1199.9999999999998,10800.0,0.0,True
"Q3-[6, 12]@2025-07-09",0.0,0.0,1200.0000000000002,10800.0,0.0,True
"Q3-[6, 12]@2025-07-10",0.0,0.0,1199.9999999999986,10800.0,0.0,True
"Q3-[6, 12]@2025-07-11",0.0,0.0,1200.0000000000027,10337.910143750003,0.0,True
"Q3-[6, 12]@2025-07-12",0.6344190694442204,0.0,1200.0,10800.0,0.0,True
"Q3-[6, 12]@2025-07-13",0.0,0.0,1200.0,10800.0,0.0,True
"Q3-[6, 12]@2025-07-14",0.0,0.0,1200.0000000000002,10800.0,0.0,True
"Q3-[6, 12]@2025-07-15",0.0,0.0,1200.0000000000002,10800.0,0.0,True
"Q3-[6, 12]@2025-07-16",0.0,0.0,1200.0000000000002,10800.0,0.0,True
"Q3-[6, 12]@2025-07-17",0.0,0.0,1200.0000000000002,10800.0,0.0,True
"Q3-[6, 12]@2025-07-18",0.0,0.0,1200.0000000000016,9948.351534953705,0.0,True
"Q3-[6, 12]@2025-07-19",0.0,0.0,1199.9999999999995,9896.923446296296,0.0,True
"Q3-[6, 12]@2025-07-20",0.0,0.0,1199.9999999999995,10800.0,0.0,True
"Q3-[6, 12]@2025-07-21",0.0,0.0,1200.0000000000002,10800.0,0.0,True
"Q3-[6, 12]@2025-07-22",0.0,0.0,1200.0000000000002,10800.0,0.0,True
"Q3-[6, 12]@2025-07-23",0.0,0.0,1200.0000000000002,10800.000000000004,0.0,True
"Q3-[6, 12]@2025-07-24",0.0,0.0,1200.000000000002,10800.000000000002,0.0,True
"Q3-[6, 12]@2025-07-25",0.0,0.0,1200.0000000000005,9695.680913657407,0.0,True
"Q3-[6, 12]@2025-07-26",5.6943485416666135,0.0,1199.9999999999995,9663.400665046298,0.0,True
"Q3-[6, 12]@2025-07-27",0.0,0.0,1199.9999999999995,10800.0,0.0,True
"Q3-[6, 12]@2025-07-28",-4.746203430272544e-15,0.0,1200.0000000000002,10800.0,0.0,True
"Q3-[6, 12]@2025-07-29",-3.552713678800501e-15,0.0,1199.9999999999993,10800.0,0.0,True
"Q3-[6, 12]@2025-07-30",0.0,0.0,1199.999999999998,10800.0,0.0,True
"Q3-[6, 12]@2025-07-31",0.0,0.0,1200.0,10800.0,0.0,True
"Q3-[6, 12]@2025-08-01",0.0,0.0,1200.0,9610.49240162037,0.0,True
"Q3-[6, 12]@2025-08-02",0.0,0.0,1200.0,9517.059814814815,0.0,True
"Q3-[6, 12]@2025-08-03",-2.6645352591003757e-15,0.0,1200.0,10740.098109722225,0.0,True
"Q3-[6, 12]@2025-08-04",0.0,0.0,1200.0,10800.0,0.0,True
"Q3-[6, 12]@2025-08-05",0.0,0.0,1199.999999999999,10800.0,0.0,True
"Q3-[6, 12]@2025-08-06",0.0,0.0,1199.999999999999,10800.0,0.0,True
"Q3-[6, 12]@2025-08-07",0.0,0.0,1199.999999999999,10800.0,0.0,True
"Q3-[6, 12]@2025-08-08",0.0,0.0,1199.999999999999,9568.570148842593,0.0,True
"Q3-[6, 12]@2025-08-09",0.0,0.0,1199.999999999999,9444.278727314813,0.0,True
"Q3-[6, 12]@2025-08-10",0.0,0.0,1199.999999999999,10800.0,0.0,True
"Q3-[6, 12]@2025-08-11",0.0,0.0,1200.0000000000005,10800.0,0.0,True
"Q3-[6, 12]@2025-08-12",0.0,0.0,1200.0000000000005,10800.000000000002,0.0,True
"Q3-[6, 12]@2025-08-13",-3.552713678800501e-15,0.0,1200.0000000000014,10800.0,0.0,True
"Q3-[6, 12]@2025-08-14",0.0,0.0,1199.9999999999998,10800.0,0.0,True
"Q3-[6, 12]@2025-08-15",0.0,0.0,1200.0,9718.48173148148,0.0,True
"Q3-[6, 12]@2025-08-16",0.0,0.0,1200.0,9674.245486111111,0.0,True
"Q3-[6, 12]@2025-08-17",0.0,0.0,1200.0,10800.0,0.0,True
"Q3-[6, 12]@2025-08-18",0.0,0.0,1200.0000000000005,10800.0,0.0,True
"Q3-[6, 12]@2025-08-19",0.0,0.0,1200.0,10800.0,0.0,True
"Q3-[6, 12]@2025-08-20",0.0,0.0,1200.0,10800.0,0.0,True
"Q3-[6, 12]@2025-08-21",0.0,0.0,1200.0,10800.0,0.0,True
"Q3-[6, 12]@2025-08-22",0.0,0.0,1199.999999999999,9522.247846759257,0.0,True
"Q3-[6, 12]@2025-08-23",0.0,0.0,1199.999999999999,9717.059575,0.0,True
"Q3-[6, 12]@2025-08-24",0.0,0.0,1199.9999999999995,10800.0,0.0,True
"Q3-[6, 12]@2025-08-25",0.0,0.0,1200.0000000000005,10800.0,0.0,True
"Q3-[6, 12]@2025-08-26",0.0,0.0,1199.999999999999,10753.919964564198,0.0,True
"Q3-[6, 12]@2025-08-27",0.0,0.0,1200.0000000000023,10800.0,0.0,True
"Q3-[6, 12]@2025-08-28",-3.552713678800501e-15,0.0,1200.0000000000023,10800.0,0.0,True
"Q3-[6, 12]@2025-08-29",0.0,0.0,1200.000000000001,9458.909278086421,0.0,True
"Q3-[6, 12]@2025-08-30",0.0,0.0,1200.0,9479.816412962959,0.0,True
"Q3-[6, 12]@2025-08-31",0.0,0.0,1200.0,10800.0,0.0,True
"Q3-[6, 12]@2025-09-01",0.0,0.0,1200.0000000000002,10800.0,0.0,True
"Q3-[6, 12]@2025-09-02",0.0,0.0,1199.9999999999982,10800.0,0.0,True
"Q3-[6, 12]@2025-09-03",0.0,0.0,1199.9999999999982,10800.0,0.0,True
"Q3-[6, 12]@2025-09-04",-1.7763568394002505e-15,0.0,1199.9999999999993,10800.0,0.0,True
"Q3-[6, 12]@2025-09-05",0.0,0.0,1199.999999999999,8767.014274074072,0.0,True
"Q3-[6, 12]@2025-09-06",0.0,0.0,1199.999999999999,8983.154537962962,0.0,True
"Q3-[6, 12]@2025-09-07",0.0,0.0,1199.9999999999993,10800.0,0.0,True
"Q3-[6, 12]@2025-09-08",0.0,0.0,1199.9999999999993,10800.0,0.0,True
"Q3-[6, 12]@2025-09-09",0.0,0.0,1200.0000000000011,10800.000000000002,0.0,True
"Q3-[6, 12]@2025-09-10",0.0,0.0,1200.0000000000018,10800.0,0.0,True
"Q3-[6, 12]@2025-09-11",0.0,0.0,1200.0000000000018,10800.0,0.0,True
"Q3-[6, 12]@2025-09-12",0.0,0.0,1200.0000000000005,8666.772878734568,0.0,True
"Q3-[6, 12]@2025-09-13",7.01399487499998,0.0,1199.9999999999995,8731.540742777777,0.0,True
"Q3-[6, 12]@2025-09-14",0.0,0.0,1199.9999999999995,10800.0,0.0,True
"Q3-[6, 12]@2025-09-15",0.0,0.0,1199.9999999999989,10800.0,0.0,True
"Q3-[6, 12]@2025-09-16",0.0,0.0,1199.9999999999968,10800.0,0.0,True
"Q3-[6, 12]@2025-09-17",0.0,0.0,1199.9999999999968,10800.0,0.0,True
"Q3-[6, 12]@2025-09-18",0.0,0.0,1199.9999999999986,10800.0,0.0,True
"Q3-[6, 12]@2025-09-19",0.0,0.0,1199.9999999999986,8809.104672689817,0.0,True
"Q3-[6, 12]@2025-09-20",0.0,0.0,1199.999999999999,8922.4769185,0.0,True
"Q3-[6, 12]@2025-09-21",0.0,0.0,1200.0000000000007,10800.0,0.0,True
"Q3-[6, 12]@2025-09-22",0.0,0.0,1199.9999999999995,10800.0,0.0,True
"Q3-[6, 12]@2025-09-23",0.0,0.0,1199.9999999999995,10800.0,0.0,True
"Q3-[6, 12]@2025-09-24",0.0,0.0,1200.0,10800.0,0.0,True
"Q3-[6, 12]@2025-09-25",0.0,0.0,1200.0000000000014,10800.0,0.0,True
"Q3-[6, 12]@2025-09-26",0.0,0.0,1200.0000000000014,9073.879559854166,0.0,True
"Q3-[6, 12]@2025-09-27",0.0,0.0,1199.9999999999993,9362.606226416667,0.0,True
"Q3-[6, 12]@2025-09-28",0.0,0.0,1199.9999999999993,10800.0,0.0,True
"Q3-[6, 12]@2025-09-29",0.0,0.0,1200.0,10800.0,0.0,True
"Q3-[6, 12]@2025-09-30",0.0,0.0,1199.9999999999986,10800.0,0.0,True
"Q3-[6, 12]@2025-10-01",0.0,0.0,1200.0,10800.000000000002,0.0,True
"Q3-[6, 12]@2025-10-02",0.0,0.0,1199.999999999999,10800.0,0.0,True
"Q3-[6, 12]@2025-10-03",1.2012437500000033,0.0,1200.000000000001,9182.850010753706,0.0,True
"Q3-[6, 12]@2025-10-04",7.201483333333385,0.0,1200.0000000000005,10800.0,0.0,True
"Q3-[6, 12]@2025-10-05",0.0,0.0,1200.0000000000005,10800.0,0.0,True
"Q3-[6, 12]@2025-10-06",0.0,0.0,1200.000000000001,10800.0,0.0,True
"Q3-[6, 12]@2025-10-07",0.0,0.0,1200.0000000000002,10800.0,0.0,True
"Q3-[6, 12]@2025-10-08",0.0,0.0,1199.9999999999995,10800.0,0.0,True
"Q3-[6, 12]@2025-10-09",0.0,0.0,1199.9999999999995,10800.0,0.0,True
"Q3-[6, 12]@2025-10-10",3.3113250000000107,0.0,1199.999999999999,9238.381481481483,0.0,True
"Q3-[6, 12]@2025-10-11",0.0,0.0,1199.999999999999,9843.497854444444,0.0,True
"Q3-[6, 12]@2025-10-12",0.0,0.0,1200.0000000000014,10800.0,0.0,True
"Q3-[6, 12]@2025-10-13",0.0,0.0,1200.0,10800.0,0.0,True
"Q3-[6, 12]@2025-10-14",0.0,0.0,1200.0000000000005,10800.0,0.0,True
"Q3-[6, 12]@2025-10-15",-5.551115123125783e-17,0.0,1200.0000000000002,10800.0,0.0,True
"Q3-[6, 12]@2025-10-16",0.0,0.0,1199.999999999999,10800.0,0.0,True
"Q3-[6, 12]@2025-10-17",0.0,0.0,1200.0000000000014,9208.157059259262,0.0,True
"Q3-[6, 12]@2025-10-18",0.0,0.0,1199.9999999999977,8911.91018148148,0.0,True
"Q3-[6, 12]@2025-10-19",0.0,0.0,1199.9999999999977,10800.0,0.0,True
"Q3-[6, 12]@2025-10-20",0.0,0.0,1217.4299999999976,10800.0,0.0,True
"Q3-[6, 12]@2025-10-21",0.0,0.0,1200.000000000001,10800.0,0.0,True
"Q3-[6, 12]@2025-10-22",0.0,0.0,1199.999999999999,10800.0,0.0,True
"Q3-[6, 12]@2025-10-23",0.0,0.0,1200.000000000001,10800.0,0.0,True
"Q3-[6, 12]@2025-10-24",0.0,0.0,1199.9999999999986,10243.84840212963,0.0,True
"Q3-[6, 12]@2025-10-25",0.0,0.0,1199.9999999999986,10800.0,0.0,True
"Q3-[6, 12]@2025-10-26",0.0,0.0,1200.0,10800.0,0.0,True
"Q3-[6, 12]@2025-10-27",0.0,0.0,1200.0000000000018,10800.0,0.0,True
"Q3-[6, 12]@2025-10-28",0.0,0.0,1200.0000000000014,10800.0,0.0,True
"Q3-[6, 12]@2025-10-29",0.0,0.0,1200.000000000001,10800.0,0.0,True
"Q3-[6, 12]@2025-10-30",0.0,0.0,1200.0000000000025,10800.0,0.0,True
"Q3-[6, 12]@2025-10-31",0.0,0.0,1199.9999999999984,10800.0,0.0,True
"Q3-[6, 12]@2025-11-01",0.0,0.0,1199.9999999999984,10691.338189703089,0.0,True
"Q3-[6, 12]@2025-11-02",0.0,0.0,1200.0000000000005,10800.000000000002,0.0,True
"Q3-[6, 12]@2025-11-03",0.0,0.0,1200.0000000000005,10800.0,0.0,True
"Q3-[6, 12]@2025-11-04",0.0,0.0,1200.0000000000014,10800.0,0.0,True
"Q3-[6, 12]@2025-11-05",0.0,0.0,1200.0000000000027,10800.000000000002,0.0,True
"Q3-[6, 12]@2025-11-06",0.0,0.0,1200.000000000001,10800.0,0.0,True
"Q3-[6, 12]@2025-11-07",0.0,0.0,1200.0000000000014,10800.0,0.0,True
"Q3-[6, 12]@2025-11-08",0.0,0.0,1200.0000000000014,10800.0,0.0,True
"Q3-[6, 12]@2025-11-09",0.0,0.0,1199.9999999999995,10800.0,0.0,True
"Q3-[6, 12]@2025-11-10",0.0,0.0,1199.9999999999986,10800.0,0.0,True
"Q3-[6, 12]@2025-11-11",0.0,0.0,1200.0000000000018,10800.0,0.0,True
"Q3-[6, 12]@2025-11-12",0.0,0.0,1200.0000000000002,10800.000000000002,0.0,True
"Q3-[6, 12]@2025-11-13",0.0,0.0,1200.0000000000011,10800.0,0.0,True
"Q3-[6, 12]@2025-11-14",0.0,0.0,1200.000000000001,10800.0,0.0,True
"Q3-[6, 12]@2025-11-15",0.0,0.0,1200.0000000000007,10800.0,0.0,True
"Q3-[6, 12]@2025-11-16",0.0,0.0,1199.9999999999986,10800.0,0.0,True
"Q3-[6, 12]@2025-11-17",0.0,0.0,1200.0000000000025,10800.0,0.0,True
"Q3-[6, 12]@2025-11-18",0.0,0.0,1200.0,10800.0,0.0,True
"Q3-[6, 12]@2025-11-19",0.0,0.0,1200.0000000000014,10800.0,0.0,True
"Q3-[6, 12]@2025-11-20",0.0,0.0,1200.0000000000023,10800.0,0.0,True
"Q3-[6, 12]@2025-11-21",7.707560833333503,0.0,1200.0000000000048,10800.0,0.0,True
"Q3-[6, 12]@2025-11-22",0.0,0.0,1199.9999999999995,10800.0,0.0,True
"Q3-[6, 12]@2025-11-23",0.0,0.0,1200.0,10800.0,0.0,True
"Q3-[6, 12]@2025-11-24",0.0,0.0,1199.9999999999986,10800.0,0.0,True
"Q3-[6, 12]@2025-11-25",0.0,0.0,1200.0000000000005,10800.0,0.0,True
"Q3-[6, 12]@2025-11-26",0.0,0.0,1199.999999999999,10800.0,0.0,True
"Q3-[6, 12]@2025-11-27",0.0,0.0,1199.9999999999989,10800.0,0.0,True
"Q3-[6, 12]@2025-11-28",0.0,0.0,1200.0000000000011,10800.0,0.0,True
"Q3-[6, 12]@2025-11-29",0.0,0.0,1200.0,10800.0,0.0,True
"Q3-[6, 12]@2025-11-30",0.0,0.0,1200.0000000000005,10800.0,0.0,True
"Q3-[6, 12]@2025-12-01",0.0,0.0,1200.0000000000002,10800.0,0.0,True
"Q3-[6, 12]@2025-12-02",0.0,0.0,1200.0000000000002,10800.0,0.0,True
"Q3-[6, 12]@2025-12-03",0.0,0.0,1200.0,10800.0,0.0,True
"Q3-[6, 12]@2025-12-04",0.0,0.0,1200.0000000000014,10800.0,0.0,True
"Q3-[6, 12]@2025-12-05",0.0,0.0,1200.0000000000027,10800.0,0.0,True
"Q3-[6, 12]@2025-12-06",0.0,0.0,1258.9784483991061,10800.0,0.0,True
"Q3-[6, 12]@2025-12-07",0.0,0.0,1200.0000000000005,10800.0,0.0,True
"Q3-[6, 12]@2025-12-08",0.0,0.0,1200.000000000001,10800.0,0.0,True
"Q3-[6, 12]@2025-12-09",0.0,0.0,1199.9999999999995,10800.0,0.0,True
"Q3-[6, 12]@2025-12-10",0.0,0.0,1200.0000000000005,10800.0,0.0,True
"Q3-[6, 12]@2025-12-11",0.0,0.0,1200.0000000000007,10800.0,0.0,True
"Q3-[6, 12]@2025-12-12",0.0,0.0,1200.0000000000027,10800.0,0.0,True
"Q3-[6, 12]@2025-12-13",0.0,0.0,1589.4355133904346,10800.0,0.0,True
"Q3-[6, 12]@2025-12-14",0.0,0.0,1200.0,10800.0,0.0,True
"Q3-[6, 12]@2025-12-15",0.0,0.0,1199.9999999999986,10800.0,0.0,True
"Q3-[6, 12]@2025-12-16",0.0,0.0,1199.9999999999995,10800.0,0.0,True
"Q3-[6, 12]@2025-12-17",0.0,0.0,1199.9999999999993,10800.0,0.0,True
"Q3-[6, 12]@2025-12-18",0.0,0.0,1199.9999999999995,10800.0,0.0,True
"Q3-[6, 12]@2025-12-19",0.0,0.0,1200.0000000000005,10800.0,0.0,True
"Q3-[6, 12]@2025-12-20",0.0,0.0,2221.8759748364228,10800.0,0.0,True
"Q3-[6, 12]@2025-12-21",0.0,0.0,1200.0000000000005,10800.0,0.0,True
"Q3-[6, 12]@2025-12-22",0.0,0.0,1199.9999999999998,10800.0,0.0,True
"Q3-[6, 12]@2025-12-23",0.0,0.0,1200.0000000000005,10800.0,0.0,True
"Q3-[6, 12]@2025-12-24",0.0,0.0,1199.9999999999993,10800.0,0.0,True
"Q3-[6, 12]@2025-12-25",0.0,0.0,1200.000000000001,10800.0,0.0,True
"Q3-[6, 12]@2025-12-26",0.0,0.0,1200.000000000003,10800.0,0.0,True
"Q3-[6, 12]@2025-12-27",0.0,0.0,1200.000000000001,10800.0,0.0,True
"Q3-[6, 12]@2025-12-28",0.0,0.0,1199.9999999999998,10800.0,0.0,True
"Q3-[6, 12]@2025-12-29",0.0,0.0,1199.9999999999998,10800.0,0.0,True
"Q3-[6, 12]@2025-12-30",0.0,0.0,1199.9999999999998,10800.0,0.0,True
"Q3-[6, 12]@2025-12-31",0.0,0.0,1200.0000000000002,10800.0,0.0,True
"Q3-[6, 12]@2025-01-01",-5.684341886080802e-14,0.0,2072.5777275000014,6000.0,0.0,True
"Q3-[6, 12]@2025-01-02",0.0,0.0,1200.000000000001,10800.0,0.0,True
"Q3-[6, 12]@2025-01-03",0.0,0.0,1200.0000000000002,10800.0,0.0,True
"Q3-[6, 12]@2025-01-04",0.0,0.0,1200.0000000000002,10800.0,0.0,True
"Q3-[6, 12]@2025-01-05",0.0,0.0,1200.0000000000005,10800.000000000002,0.0,True
"Q3-[6, 12]@2025-01-06",0.0,0.0,1199.9999999999995,10800.0,0.0,True
"Q3-[6, 12]@2025-01-07",0.0,0.0,1200.0000000000011,10800.0,0.0,True
"Q3-[6, 12]@2025-01-08",0.0,0.0,1200.0000000000002,10800.0,0.0,True
"Q3-[6, 12]@2025-01-09",0.0,0.0,1200.0000000000002,10800.0,0.0,True
"Q3-[6, 12]@2025-01-10",0.0,0.0,1199.9999999999977,10800.0,0.0,True
"Q3-[6, 12]@2025-01-11",0.0,0.0,1199.9999999999977,10800.0,0.0,True
"Q3-[6, 12]@2025-01-12",0.0,0.0,1200.0000000000014,10800.0,0.0,True
"Q3-[6, 12]@2025-01-13",0.0,0.0,1200.0,10800.0,0.0,True
"Q3-[6, 12]@2025-01-14",0.0,0.0,1199.9999999999995,10800.0,0.0,True
"Q3-[6, 12]@2025-01-15",0.0,0.0,1200.000000000001,10800.0,0.0,True
"Q3-[6, 12]@2025-01-16",0.0,0.0,1199.9999999999989,10800.0,0.0,True
"Q3-[6, 12]@2025-01-17",0.0,0.0,1199.9999999999989,10800.0,0.0,True
"Q3-[6, 12]@2025-01-18",0.0,0.0,1200.000000000001,10800.000000000002,0.0,True
"Q3-[6, 12]@2025-01-19",0.0,0.0,1200.0000000000005,10800.000000000002,0.0,True
"Q3-[6, 12]@2025-01-20",0.0,0.0,1200.0,10800.0,0.0,True
"Q3-[6, 12]@2025-01-21",0.0,0.0,1200.0000000000002,10800.0,0.0,True
"Q3-[6, 12]@2025-01-22",0.0,0.0,1200.0000000000007,10800.0,0.0,True
"Q3-[6, 12]@2025-01-23",0.0,0.0,1200.000000000001,10800.0,0.0,True
"Q3-[6, 12]@2025-01-24",0.0,0.0,1199.999999999999,10800.0,0.0,True
"Q3-[6, 12]@2025-01-25",0.0,0.0,1199.999999999999,10800.0,0.0,True
"Q3-[6, 12]@2025-01-26",0.0,0.0,1199.9999999999998,10800.0,0.0,True
"Q3-[6, 12]@2025-01-27",0.0,0.0,1200.000000000001,10800.0,0.0,True
"Q3-[6, 12]@2025-01-28",0.0,0.0,1199.9999999999982,10800.0,0.0,True
"Q3-[6, 12]@2025-01-29",0.0,0.0,1200.0000000000016,10800.0,0.0,True
"Q3-[6, 12]@2025-01-30",0.0,0.0,1200.0000000000005,10800.0,0.0,True
"Q3-[6, 12]@2025-01-31",0.0,0.0,1200.0,10800.0,0.0,True
"Q3-[6, 12]@2025-02-01",0.0,0.0,1200.0,10800.0,0.0,True
"Q3-[6, 12]@2025-02-02",0.0,0.0,1200.0000000000034,10800.0,0.0,True
"Q3-[6, 12]@2025-02-03",0.0,0.0,1509.6668138888874,10800.0,0.0,True
"Q3-[6, 12]@2025-02-04",0.0,0.0,1200.0000000000011,10800.0,0.0,True
"Q3-[6, 12]@2025-02-05",0.0,0.0,1200.0000000000011,10800.000000000002,0.0,True
"Q3-[6, 12]@2025-02-06",0.0,0.0,1200.0000000000011,10800.0,0.0,True
"Q3-[6, 12]@2025-02-07",0.0,0.0,1200.0,10800.0,0.0,True
"Q3-[6, 12]@2025-02-08",0.0,0.0,1200.0,10800.0,0.0,True
"Q3-[6, 12]@2025-02-09",0.0,0.0,1199.999999999999,10800.0,0.0,True
"Q3-[6, 12]@2025-02-10",0.0,0.0,1199.999999999999,10800.0,0.0,True
"Q3-[6, 12]@2025-02-11",0.0,0.0,1200.0000000000023,10800.0,0.0,True
"Q3-[6, 12]@2025-02-12",0.0,0.0,1200.0000000000005,10800.0,0.0,True
"Q3-[6, 12]@2025-02-13",-7.105427357601002e-15,0.0,1199.9999999999995,10800.0,0.0,True
"Q3-[6, 12]@2025-02-14",0.0,0.0,1199.9999999999995,10800.0,0.0,True
"Q3-[6, 12]@2025-02-15",0.0,0.0,1200.0000000000014,10800.0,0.0,True
"Q3-[6, 12]@2025-02-16",0.0,0.0,1200.0000000000018,10800.0,0.0,True
"Q3-[6, 12]@2025-02-17",0.0,0.0,1199.9999999999995,10800.0,0.0,True
"Q3-[6, 12]@2025-02-18",-1.4210854715202004e-14,0.0,1200.0000000000023,10800.0,0.0,True
"Q3-[6, 12]@2025-02-19",-3.552713678800501e-15,0.0,1200.0000000000023,10800.0,0.0,True
"Q3-[6, 12]@2025-02-20",0.0,0.0,1200.000000000001,10800.0,0.0,True
"Q3-[6, 12]@2025-02-21",0.0,0.0,1199.9999999999995,10800.0,0.0,True
"Q3-[6, 12]@2025-02-22",0.0,0.0,1199.9999999999995,10800.0,0.0,True
"Q3-[6, 12]@2025-02-23",-1.4210854715202004e-14,0.0,1200.0000000000005,10800.0,0.0,True
"Q3-[6, 12]@2025-02-24",0.0,0.0,1200.0000000000039,10800.0,0.0,True
"Q3-[6, 12]@2025-02-25",0.0,0.0,1200.0000000000002,10800.0,0.0,True
"Q3-[6, 12]@2025-02-26",-3.552713678800501e-15,0.0,1200.0000000000002,10800.0,0.0,True
"Q3-[6, 12]@2025-02-27",-3.552713678800501e-15,0.0,1200.0000000000016,10800.0,0.0,True
"Q3-[6, 12]@2025-02-28",0.0,0.0,1200.0000000000018,8980.809990196762,0.0,True
"Q3-[6, 12]@2025-03-01",0.0,0.0,1200.0000000000005,10800.0,0.0,True
"Q3-[6, 12]@2025-03-02",-7.105427357601002e-15,0.0,1200.0000000000005,10800.0,0.0,True
"Q3-[6, 12]@2025-03-03",0.0,0.0,1200.0000000000032,10800.0,0.0,True
"Q3-[6, 12]@2025-03-04",-7.105427357601002e-15,0.0,1199.999999999998,10800.0,0.0,True
"Q3-[6, 12]@2025-03-05",0.0,0.0,1199.999999999998,10800.0,0.0,True
"Q3-[6, 12]@2025-03-06",-7.105427357601002e-15,0.0,1199.999999999999,10800.0,0.0,True
"Q3-[6, 12]@2025-03-07",-2.6645352591003757e-15,0.0,1199.999999999999,8430.327374852779,0.0,True
"Q3-[6, 12]@2025-03-08",0.0,0.0,1200.0000000000005,8612.536086055554,0.0,True
"Q3-[6, 12]@2025-03-09",0.0,0.0,1200.0000000000005,10800.0,0.0,True
"Q3-[6, 12]@2025-03-10",-7.105427357601002e-15,0.0,1200.0,10800.0,0.0,True
"Q3-[6, 12]@2025-03-11",-7.105427357601002e-15,0.0,1200.0000000000005,10800.0,0.0,True
"Q3-[6, 12]@2025-03-12",-3.552713678800501e-15,0.0,1199.9999999999998,10800.0,0.0,True
"Q3-[6, 12]@2025-03-13",0.0,0.0,1200.0000000000014,10800.0,0.0,True
"Q3-[6, 12]@2025-03-14",0.0,0.0,1200.000000000001,8624.756321789351,0.0,True
"Q3-[6, 12]@2025-03-15",0.0,0.0,1199.9999999999986,8807.24737446296,0.0,True
"Q3-[6, 12]@2025-03-16",0.0,0.0,1199.9999999999986,10800.0,0.0,True
"Q3-[6, 12]@2025-03-17",-1.3322676295501878e-15,0.0,1200.0000000000014,10800.0,0.0,True
"Q3-[6, 12]@2025-03-18",0.0,0.0,1200.0,10800.0,0.0,True
"Q3-[6, 12]@2025-03-19",0.0,0.0,1200.0,10800.0,0.0,True
"Q3-[6, 12]@2025-03-20",-7.105427357601002e-15,0.0,1200.0000000000018,10800.0,0.0,True
"Q3-[6, 12]@2025-03-21",0.0,0.0,1200.0,8983.964919791666,0.0,True
"Q3-[6, 12]@2025-03-22",0.0,0.0,1199.9999999999995,9092.062414706019,0.0,True
"Q3-[6, 12]@2025-03-23",0.0,0.0,1199.9999999999995,10800.0,0.0,True
"Q3-[6, 12]@2025-03-24",0.0,0.0,1200.0,10800.0,0.0,True
"Q3-[6, 12]@2025-03-25",0.0,0.0,1200.0000000000007,10800.0,0.0,True
"Q3-[6, 12]@2025-03-26",0.0,0.0,1200.0,10800.0,0.0,True
"Q3-[6, 12]@2025-03-27",0.0,0.0,1200.0,10800.0,0.0,True
"Q3-[6, 12]@2025-03-28",0.0,0.0,1200.0,9290.412932098767,0.0,True
"Q3-[6, 12]@2025-03-29",0.0,0.0,1200.0000000000005,9382.404049699078,0.0,True
"Q3-[6, 12]@2025-03-30",-7.105427357601002e-15,0.0,1199.9999999999982,10800.0,0.0,True
"Q3-[6, 12]@2025-03-31",0.0,0.0,1200.0000000000005,10779.045718997259,0.0,True
"Q3-[6, 12]@2025-04-01",0.0,0.0,1200.0000000000025,10800.0,0.0,True
"Q3-[6, 12]@2025-04-02",0.0,0.0,1200.0000000000027,10800.0,0.0,True
"Q3-[6, 12]@2025-04-03",0.0,0.0,1200.000000000001,10800.0,0.0,True
"Q3-[6, 12]@2025-04-04",0.0,0.0,1199.999999999999,9109.73987037037,0.0,True
"Q3-[6, 12]@2025-04-05",0.0,0.0,1199.999999999999,9129.52840740741,0.0,True
"Q3-[6, 12]@2025-04-06",0.0,0.0,1200.0000000000011,10800.0,0.0,True
"Q3-[6, 12]@2025-04-07",0.0,0.0,1200.0000000000023,10800.000000000002,0.0,True
"Q3-[6, 12]@2025-04-08",-4.718447854656915e-15,0.0,1200.0000000000023,10800.0,0.0,True
"Q3-[6, 12]@2025-04-09",0.0,0.0,1200.0,10800.0,0.0,True
"Q3-[6, 12]@2025-04-10",-4.440892098500626e-15,0.0,1199.9999999999998,10800.0,0.0,True
"Q3-[6, 12]@2025-04-11",0.0,0.0,1199.999999999999,9217.307457761111,0.0,True
"Q3-[6, 12]@2025-04-12",0.0,0.0,1199.999999999999,9121.791966169754,0.0,True
"Q3-[6, 12]@2025-04-13",-7.105427357601002e-15,0.0,1200.0,10800.0,0.0,True
"Q3-[6, 12]@2025-04-14",-2.220446049250313e-15,0.0,1200.0000000000011,10800.000000000002,0.0,True
"Q3-[6, 12]@2025-04-15",-8.881784197001252e-16,0.0,1200.0000000000002,10800.0,0.0,True
"Q3-[6, 12]@2025-04-16",0.0,0.0,1200.0000000000007,10800.0,0.0,True
"Q3-[6, 12]@2025-04-17",0.0,0.0,1200.0000000000002,10800.0,0.0,True
"Q3-[6, 12]@2025-04-18",0.0,0.0,1200.0,9289.990616666668,0.0,True
"Q3-[6, 12]@2025-04-19",0.0,0.0,1199.9999999999995,9380.153498796295,0.0,True
"Q3-[6, 12]@2025-04-20",0.0,0.0,1199.9999999999995,10800.0,0.0,True
"Q3-[6, 12]@2025-04-21",0.0,0.0,1200.0,10800.0,0.0,True
"Q3-[6, 12]@2025-04-22",-3.552713678800501e-15,0.0,1200.0,10800.0,0.0,True
"Q3-[6, 12]@2025-04-23",-8.881784197001252e-16,0.0,1200.0000000000002,10800.0,0.0,True
"Q3-[6, 12]@2025-04-24",0.0,0.0,1200.000000000001,10800.000000000002,0.0,True
"Q3-[6, 12]@2025-04-25",0.0,0.0,1200.0,9059.105853472221,0.0,True
"Q3-[6, 12]@2025-04-26",0.0,0.0,1199.9999999999989,9106.470861342594,0.0,True
"Q3-[6, 12]@2025-04-27",-3.552713678800501e-15,0.0,1199.9999999999989,10800.0,0.0,True
"Q3-[6, 12]@2025-04-28",0.0,0.0,1199.9999999999989,10800.0,0.0,True
"Q3-[6, 12]@2025-04-29",0.0,0.0,1200.0000000000011,10800.0,0.0,True
"Q3-[6, 12]@2025-04-30",0.0,0.0,1200.0000000000007,10786.161687499229,0.0,True
"Q3-[6, 12]@2025-05-01",0.0,0.0,1200.0,10800.0,0.0,True
"Q3-[6, 12]@2025-05-02",0.0,0.0,1199.9999999999995,9420.873251851852,0.0,True
"Q3-[6, 12]@2025-05-03",0.0,0.0,1199.9999999999995,9279.905159722222,0.0,True
"Q3-[6, 12]@2025-05-04",-5.329070518200751e-15,0.0,1200.0,10800.0,0.0,True
"Q3-[6, 12]@2025-05-05",-7.105427357601002e-15,0.0,1199.9999999999998,10800.0,0.0,True
"Q3-[6, 12]@2025-05-06",0.0,0.0,1200.0,10800.0,0.0,True
"Q3-[6, 12]@2025-05-07",0.0,0.0,1199.9999999999998,10800.0,0.0,True
"Q3-[6, 12]@2025-05-08",0.0,0.0,1200.0000000000032,10800.0,0.0,True
"Q3-[6, 12]@2025-05-09",0.0,0.0,1200.0000000000023,9268.262771559417,0.0,True
"Q3-[6, 12]@2025-05-10",0.0,0.0,1200.0000000000007,9228.415684100002,0.0,True
"Q3-[6, 12]@2025-05-11",0.0,0.0,1200.0000000000007,10800.0,0.0,True
"Q3-[6, 12]@2025-05-12",0.0,0.0,1199.9999999999982,10799.999999999998,0.0,True
"Q3-[6, 12]@2025-05-13",0.0,0.0,1200.0000000000002,10800.0,0.0,True
"Q3-[6, 12]@2025-05-14",0.0,0.0,1200.0000000000002,10800.0,0.0,True
"Q3-[6, 12]@2025-05-15",-1.7763568394002505e-15,0.0,1200.0,10717.245474537038,0.0,True
"Q3-[6, 12]@2025-05-16",0.0,0.0,1200.0,9389.723193148146,0.0,True
"Q3-[6, 12]@2025-05-17",0.0,0.0,1199.999999999999,9453.956031574075,0.0,True
"Q3-[6, 12]@2025-05-18",0.0,0.0,1199.999999999999,10800.0,0.0,True
"Q3-[6, 12]@2025-05-19",-1.7763568394002505e-15,0.0,1200.0,10800.0,0.0,True
"Q3-[6, 12]@2025-05-20",0.0,0.0,1199.9999999999995,10800.0,0.0,True
"Q3-[6, 12]@2025-05-21",0.0,0.0,1199.9999999999995,10800.0,0.0,True
"Q3-[6, 12]@2025-05-22",0.0,0.0,1200.0000000000002,10800.0,0.0,True
"Q3-[6, 12]@2025-05-23",0.0,0.0,1200.0000000000002,9870.426487103397,0.0,True
"Q3-[6, 12]@2025-05-24",0.0,0.0,1200.0000000000018,9281.629738425925,0.0,True
"Q3-[6, 12]@2025-05-25",0.0,0.0,1199.9999999999993,10800.0,0.0,True
"Q3-[6, 12]@2025-05-26",0.0,0.0,1199.999999999998,10760.02244323842,0.0,True
"Q3-[6, 12]@2025-05-27",0.0,0.0,1199.999999999998,10800.0,0.0,True
"Q3-[6, 12]@2025-05-28",0.0,0.0,1200.0000000000002,10800.000000000002,0.0,True
"Q3-[6, 12]@2025-05-29",0.0,0.0,1200.000000000002,10800.0,0.0,True
"Q3-[6, 12]@2025-05-30",0.0,0.0,1199.9999999999995,9383.623668518516,0.0,True
"Q3-[6, 12]@2025-05-31",0.0,0.0,1199.9999999999982,9461.735145833334,0.0,True
"Q3-[6, 12]@2025-06-01",0.0,0.0,1199.9999999999982,10800.0,0.0,True
"Q3-[6, 12]@2025-06-02",0.0,0.0,1200.0000000000002,10800.0,0.0,True
"Q3-[6, 12]@2025-06-03",0.0,0.0,1200.0000000000002,10800.0,0.0,True
"Q3-[6, 12]@2025-06-04",0.0,0.0,1200.0000000000002,10800.0,0.0,True
"Q3-[6, 12]@2025-06-05",0.0,0.0,1200.0000000000002,10800.000000000002,0.0,True
"Q3-[6, 12]@2025-06-06",0.0,0.0,1199.9999999999998,9690.057734259259,0.0,True
"Q3-[6, 12]@2025-06-07",0.0,0.0,1199.9999999999998,9913.01821972222,0.0,True
"Q3-[6, 12]@2025-06-08",0.0,0.0,1200.0000000000002,10800.0,0.0,True
"Q3-[6, 12]@2025-06-09",0.0,0.0,1200.0000000000002,10800.000000000002,0.0,True
"Q3-[6, 12]@2025-06-10",0.0,0.0,1200.0000000000002,10800.0,0.0,True
"Q3-[6, 12]@2025-06-11",0.0,0.0,1200.0000000000002,10800.0,0.0,True
"Q3-[6, 12]@2025-06-12",0.0,0.0,1200.0000000000002,10800.000000000004,0.0,True
"Q3-[6, 12]@2025-06-13",0.0,0.0,1199.999999999999,9509.474476851849,0.0,True
"Q3-[6, 12]@2025-06-14",0.0,0.0,1199.999999999999,9672.547565432096,0.0,True
"Q3-[6, 12]@2025-06-15",0.0,0.0,1199.9999999999993,10800.000000000002,0.0,True
"Q3-[6, 12]@2025-06-16",0.0,0.0,1200.0000000000002,10800.0,0.0,True
"Q3-[6, 12]@2025-06-17",0.0,0.0,1200.0000000000002,10800.0,0.0,True
"Q3-[6, 12]@2025-06-18",0.0,0.0,1200.0000000000002,10800.0,0.0,True
"Q3-[6, 12]@2025-06-19",0.0,0.0,1200.0000000000002,10800.0,0.0,True
"Q3-[6, 12]@2025-06-20",0.0,0.0,1200.0000000000002,9461.785356483799,0.0,True
"Q3-[6, 12]@2025-06-21",0.0,0.0,1199.9999999999986,9711.242307632714,0.0,True
"Q3-[6, 12]@2025-06-22",0.0,0.0,1199.9999999999986,10800.0,0.0,True
"Q3-[6, 12]@2025-06-23",0.0,0.0,1199.9999999999984,10800.0,0.0,True
"Q3-[6, 12]@2025-06-24",0.0,0.0,1200.0000000000018,10800.000000000002,0.0,True
"Q3-[6, 12]@2025-06-25",0.0,0.0,1200.0000000000002,10800.0,0.0,True
"Q3-[6, 12]@2025-06-26",0.0,0.0,1200.0000000000002,10800.0,0.0,True
"Q3-[6, 12]@2025-06-27",15.293123319444476,0.0,1200.0,9450.689476851852,0.0,True
"Q3-[6, 12]@2025-06-28",12.30884641666671,0.0,1200.0000000000005,9593.940833641976,0.0,True
"Q3-[6, 12]@2025-06-29",0.0,0.0,1200.0,10800.0,0.0,True
"Q3-[6, 12]@2025-06-30",0.0,0.0,1200.0,10800.0,0.0,True
"Q3-[6, 12]@2025-07-01",0.0,0.0,1200.0,10800.0,0.0,True
"Q3-[6, 12]@2025-07-02",0.0,0.0,1200.0000000000002,10800.0,0.0,True
"Q3-[6, 12]@2025-07-03",0.0,0.0,1200.0000000000002,10800.000000000002,0.0,True
"Q3-[6, 12]@2025-07-04",0.0,0.0,1200.0000000000002,10670.681730481483,0.0,True
"Q3-[6, 12]@2025-07-05",0.0,0.0,1200.0000000000002,10471.421271027779,0.0,True
"Q3-[6, 12]@2025-07-06",0.0,0.0,1200.0000000000002,10800.0,0.0,True
"Q3-[6, 12]@2025-07-07",0.0,0.0,1200.0000000000002,10800.0,0.0,True
"Q3-[6, 12]@2025-07-08",0.0,0.0,1200.0000000000002,10800.0,0.0,True
"Q3-[6, 12]@2025-07-09",0.0,0.0,1200.0000000000002,10800.0,0.0,True
"Q3-[6, 12]@2025-07-10",0.0,0.0,1200.0000000000002,10800.0,0.0,True
"Q3-[6, 12]@2025-07-11",0.0,0.0,1200.0000000000002,10337.910143750003,0.0,True
"Q3-[6, 12]@2025-07-12",0.0,0.0,1200.0,10800.0,0.0,True
"Q3-[6, 12]@2025-07-13",0.0,0.0,1200.0,10800.0,0.0,True
"Q3-[6, 12]@2025-07-14",0.0,0.0,1200.0000000000002,10800.0,0.0,True
"Q3-[6, 12]@2025-07-15",0.0,0.0,1200.0000000000002,10800.0,0.0,True
"Q3-[6, 12]@2025-07-16",0.0,0.0,1200.0,10800.0,0.0,True
"Q3-[6, 12]@2025-07-17",0.0,0.0,1200.0000000000002,10800.0,0.0,True
"Q3-[6, 12]@2025-07-18",0.0,0.0,1200.0000000000002,9948.351534953705,0.0,True
"Q3-[6, 12]@2025-07-19",0.0,0.0,1199.9999999999995,9896.923446296296,0.0,True
"Q3-[6, 12]@2025-07-20",0.0,0.0,1199.9999999999995,10800.0,0.0,True
"Q3-[6, 12]@2025-07-21",0.0,0.0,1200.0000000000002,10800.0,0.0,True
"Q3-[6, 12]@2025-07-22",0.0,0.0,1200.0,10800.0,0.0,True
"Q3-[6, 12]@2025-07-23",0.0,0.0,1200.0000000000002,10800.000000000004,0.0,True
"Q3-[6, 12]@2025-07-24",0.0,0.0,1200.0,10800.000000000002,0.0,True
"Q3-[6, 12]@2025-07-25",0.0,0.0,1200.000000000001,9695.680913657407,0.0,True
"Q3-[6, 12]@2025-07-26",5.6943485416666135,0.0,1199.9999999999986,9663.400665046296,0.0,True
"Q3-[6, 12]@2025-07-27",0.0,0.0,1199.9999999999986,10800.0,0.0,True
"Q3-[6, 12]@2025-07-28",-7.105427357601002e-15,0.0,1200.0000000000002,10800.0,0.0,True
"Q3-[6, 12]@2025-07-29",-3.552713678800501e-15,0.0,1200.0000000000002,10800.0,0.0,True
"Q3-[6, 12]@2025-07-30",0.0,0.0,1199.999999999997,10800.0,0.0,True
"Q3-[6, 12]@2025-07-31",0.0,0.0,1200.0,10800.0,0.0,True
"Q3-[6, 12]@2025-08-01",0.0,0.0,1200.0,9610.49240162037,0.0,True
"Q3-[6, 12]@2025-08-02",0.0,0.0,1200.0,9517.059814814815,0.0,True
"Q3-[6, 12]@2025-08-03",-2.6645352591003757e-15,0.0,1199.9999999999995,10740.098109722223,0.0,True
"Q3-[6, 12]@2025-08-04",0.0,0.0,1199.9999999999995,10768.765767361112,0.0,True
"Q3-[6, 12]@2025-08-05",0.0,0.0,1200.0,10655.975176851853,0.0,True
"Q3-[6, 12]@2025-08-06",0.0,0.0,1200.0,10700.902369907406,0.0,True
"Q3-[6, 12]@2025-08-07",0.0,0.0,1200.0,10800.0,0.0,True
"Q3-[6, 12]@2025-08-08",0.0,0.0,1200.0,9568.570148842593,0.0,True
"Q3-[6, 12]@2025-08-09",0.0,0.0,1199.9999999999986,9444.278727314813,0.0,True
"Q3-[6, 12]@2025-08-10",0.0,0.0,1199.9999999999986,10730.645870833334,0.0,True
"Q3-[6, 12]@2025-08-11",0.0,0.0,1200.0,10800.0,0.0,True
"Q3-[6, 12]@2025-08-12",0.0,0.0,1200.0,10800.0,0.0,True
"Q3-[6, 12]@2025-08-13",-3.552713678800501e-15,0.0,1199.999999999999,10800.0,0.0,True
"Q3-[6, 12]@2025-08-14",0.0,0.0,1199.999999999999,10736.324694675926,0.0,True
"Q3-[6, 12]@2025-08-15",0.0,0.0,1200.0,9718.48173148148,0.0,True
"Q3-[6, 12]@2025-08-16",0.0,0.0,1200.0,9674.245486111111,0.0,True
"Q3-[6, 12]@2025-08-17",0.0,0.0,1200.0,10800.0,0.0,True
"Q3-[6, 12]@2025-08-18",0.0,0.0,1199.999999999999,10800.0,0.0,True
"Q3-[6, 12]@2025-08-19",0.0,0.0,1199.999999999999,10755.725621296297,0.0,True
"Q3-[6, 12]@2025-08-20",0.0,0.0,1200.0,10800.0,0.0,True
"Q3-[6, 12]@2025-08-21",0.0,0.0,1200.0,10800.0,0.0,True
"Q3-[6, 12]@2025-08-22",0.0,0.0,1199.999999999999,9522.247846759257,0.0,True
"Q3-[6, 12]@2025-08-23",0.0,0.0,1199.999999999999,9717.059575,0.0,True
"Q3-[6, 12]@2025-08-24",0.0,0.0,1199.9999999999995,10800.0,0.0,True
"Q3-[6, 12]@2025-08-25",0.0,0.0,1200.0,10800.0,0.0,True
"Q3-[6, 12]@2025-08-26",0.0,0.0,1199.999999999999,10687.837583333334,0.0,True
"Q3-[6, 12]@2025-08-27",0.0,0.0,1200.0000000000018,10800.0,0.0,True
"Q3-[6, 12]@2025-08-28",-3.552713678800501e-15,0.0,1200.0000000000002,10800.0,0.0,True
"Q3-[6, 12]@2025-08-29",0.0,0.0,1200.000000000001,9458.909278086421,0.0,True
"Q3-[6, 12]@2025-08-30",0.0,0.0,1200.0,9479.816412962959,0.0,True
"Q3-[6, 12]@2025-08-31",0.0,0.0,1200.0,10629.46110277778,0.0,True
"Q3-[6, 12]@2025-09-01",0.0,0.0,1199.9999999999993,10800.0,0.0,True
"Q3-[6, 12]@2025-09-02",0.0,0.0,1199.9999999999973,10800.0,0.0,True
"Q3-[6, 12]@2025-09-03",0.0,0.0,1199.9999999999973,10800.0,0.0,True
"Q3-[6, 12]@2025-09-04",-1.7763568394002505e-15,0.0,1200.0000000000002,10361.648538425927,0.0,True
"Q3-[6, 12]@2025-09-05",0.0,0.0,1199.999999999999,8767.014274074072,0.0,True
"Q3-[6, 12]@2025-09-06",0.0,0.0,1199.999999999999,8983.154537962962,0.0,True
"Q3-[6, 12]@2025-09-07",0.0,0.0,1199.9999999999993,10405.350817824075,0.0,True
"Q3-[6, 12]@2025-09-08",0.0,0.0,1199.9999999999993,10800.0,0.0,True
"Q3-[6, 12]@2025-09-09",0.0,0.0,1200.0000000000011,10800.000000000002,0.0,True
"Q3-[6, 12]@2025-09-10",0.0,0.0,1200.0,10800.0,0.0,True
"Q3-[6, 12]@2025-09-11",0.0,0.0,1200.0,10800.0,0.0,True
"Q3-[6, 12]@2025-09-12",0.0,0.0,1200.0000000000005,8669.497167038584,0.0,True
"Q3-[6, 12]@2025-09-13",7.01399487499998,0.0,1199.9999999999995,8731.540742777777,0.0,True
"Q3-[6, 12]@2025-09-14",0.0,0.0,1199.9999999999995,10800.0,0.0,True
"Q3-[6, 12]@2025-09-15",0.0,0.0,1199.9999999999989,10800.0,0.0,True
"Q3-[6, 12]@2025-09-16",0.0,0.0,1199.9999999999968,10800.0,0.0,True
"Q3-[6, 12]@2025-09-17",0.0,0.0,1199.9999999999968,10800.0,0.0,True
"Q3-[6, 12]@2025-09-18",0.0,0.0,1199.9999999999986,10800.0,0.0,True
"Q3-[6, 12]@2025-09-19",0.0,0.0,1199.9999999999986,8809.104672689817,0.0,True
"Q3-[6, 12]@2025-09-20",0.0,0.0,1199.999999999999,8922.4769185,0.0,True
"Q3-[6, 12]@2025-09-21",0.0,0.0,1200.0000000000007,10800.0,0.0,True
"Q3-[6, 12]@2025-09-22",0.0,0.0,1199.9999999999986,10800.0,0.0,True
"Q3-[6, 12]@2025-09-23",0.0,0.0,1200.0000000000005,10800.0,0.0,True
"Q3-[6, 12]@2025-09-24",0.0,0.0,1200.0000000000005,10800.0,0.0,True
"Q3-[6, 12]@2025-09-25",0.0,0.0,1200.0000000000005,10800.0,0.0,True
"Q3-[6, 12]@2025-09-26",0.0,0.0,1200.0000000000005,8985.444546791667,0.0,True
"Q3-[6, 12]@2025-09-27",0.0,0.0,1200.0000000000002,9362.606226416667,0.0,True
"Q3-[6, 12]@2025-09-28",0.0,0.0,1200.0,10800.0,0.0,True
"Q3-[6, 12]@2025-09-29",0.0,0.0,1200.0,10800.0,0.0,True
"Q3-[6, 12]@2025-09-30",0.0,0.0,1199.9999999999986,10800.0,0.0,True
"Q3-[6, 12]@2025-10-01",0.0,0.0,1200.0,10800.000000000002,0.0,True
"Q3-[6, 12]@2025-10-02",0.0,0.0,1200.0,10800.0,0.0,True
"Q3-[6, 12]@2025-10-03",1.2012437500000033,0.0,1200.0,9105.792934840742,0.0,True
"Q3-[6, 12]@2025-10-04",0.0,0.0,1200.0,10800.0,0.0,True
"Q3-[6, 12]@2025-10-05",0.0,0.0,1200.0000000000014,10800.0,0.0,True
"Q3-[6, 12]@2025-10-06",0.0,0.0,1200.0,10800.0,0.0,True
"Q3-[6, 12]@2025-10-07",0.0,0.0,1200.0000000000002,10800.0,0.0,True
"Q3-[6, 12]@2025-10-08",0.0,0.0,1199.9999999999995,10800.0,0.0,True
"Q3-[6, 12]@2025-10-09",0.0,0.0,1199.9999999999968,10800.0,0.0,True
"Q3-[6, 12]@2025-10-10",3.3113250000000107,0.0,1199.9999999999968,9159.324543981484,0.0,True
"Q3-[6, 12]@2025-10-11",0.0,0.0,1200.000000000001,10800.0,0.0,True
"Q3-[6, 12]@2025-10-12",0.0,0.0,1200.0000000000032,10800.0,0.0,True
"Q3-[6, 12]@2025-10-13",0.0,0.0,1199.999999999998,10800.0,0.0,True
"Q3-[6, 12]@2025-10-14",0.0,0.0,1200.0000000000005,10800.0,0.0,True
"Q3-[6, 12]@2025-10-15",-5.551115123125783e-17,0.0,1200.0000000000005,10800.0,0.0,True
"Q3-[6, 12]@2025-10-16",0.0,0.0,1200.0000000000005,10800.0,0.0,True
"Q3-[6, 12]@2025-10-17",0.0,0.0,1200.000000000001,9208.157059259263,0.0,True
"Q3-[6, 12]@2025-10-18",0.0,0.0,1199.9999999999977,8816.325634418978,0.0,True
"Q3-[6, 12]@2025-10-19",0.0,0.0,1199.9999999999977,10800.0,0.0,True
"Q3-[6, 12]@2025-10-20",0.0,0.0,1200.0000000000005,10800.0,0.0,True
"Q3-[6, 12]@2025-10-21",0.0,0.0,1200.000000000001,10800.0,0.0,True
"Q3-[6, 12]@2025-10-22",0.0,0.0,1200.0000000000005,10800.0,0.0,True
"Q3-[6, 12]@2025-10-23",0.0,0.0,1200.0000000000018,10800.0,0.0,True
"Q3-[6, 12]@2025-10-24",0.0,0.0,1199.9999999999986,10243.84840212963,0.0,True
"Q3-[6, 12]@2025-10-25",0.0,0.0,1199.9999999999986,10800.0,0.0,True
"Q3-[6, 12]@2025-10-26",0.0,0.0,1200.0,10800.0,0.0,True
"Q3-[6, 12]@2025-10-27",0.0,0.0,1200.0000000000018,10800.0,0.0,True
"Q3-[6, 12]@2025-10-28",0.0,0.0,1200.0000000000014,10800.0,0.0,True
"Q3-[6, 12]@2025-10-29",0.0,0.0,1200.0000000000005,10800.0,0.0,True
"Q3-[6, 12]@2025-10-30",0.0,0.0,1200.000000000003,10800.0,0.0,True
"Q3-[6, 12]@2025-10-31",0.0,0.0,1200.0000000000002,10649.765262500001,0.0,True
"Q3-[6, 12]@2025-11-01",0.0,0.0,1200.0000000000002,10799.999999999998,0.0,True
"Q3-[6, 12]@2025-11-02",0.0,0.0,1200.0000000000011,10800.0,0.0,True
"Q3-[6, 12]@2025-11-03",0.0,0.0,1199.9999999999986,10800.0,0.0,True
"Q3-[6, 12]@2025-11-04",0.0,0.0,1200.0,10800.0,0.0,True
"Q3-[6, 12]@2025-11-05",0.0,0.0,1199.9999999999995,10800.000000000002,0.0,True
"Q3-[6, 12]@2025-11-06",0.0,0.0,1200.0000000000005,10800.0,0.0,True
"Q3-[6, 12]@2025-11-07",0.0,0.0,1200.0000000000005,10800.0,0.0,True
"Q3-[6, 12]@2025-11-08",0.0,0.0,1200.0000000000014,10800.0,0.0,True
"Q3-[6, 12]@2025-11-09",0.0,0.0,1200.0000000000005,10800.0,0.0,True
"Q3-[6, 12]@2025-11-10",0.0,0.0,1199.9999999999995,10800.0,0.0,True
"Q3-[6, 12]@2025-11-11",0.0,0.0,1200.000000000001,10800.000000000002,0.0,True
"Q3-[6, 12]@2025-11-12",0.0,0.0,1200.0000000000005,10800.0,0.0,True
"Q3-[6, 12]@2025-11-13",0.0,0.0,1199.9999999999998,10800.0,0.0,True
"Q3-[6, 12]@2025-11-14",0.0,0.0,1199.9999999999998,10800.0,0.0,True
"Q3-[6, 12]@2025-11-15",0.0,0.0,1200.000000000001,10800.0,0.0,True
"Q3-[6, 12]@2025-11-16",0.0,0.0,1200.0000000000023,10800.0,0.0,True
"Q3-[6, 12]@2025-11-17",0.0,0.0,1199.9999999999993,10800.0,0.0,True
"Q3-[6, 12]@2025-11-18",0.0,0.0,1199.9999999999989,10800.0,0.0,True
"Q3-[6, 12]@2025-11-19",0.0,0.0,1199.999999999999,10800.0,0.0,True
"Q3-[6, 12]@2025-11-20",0.0,0.0,1200.000000000001,10800.0,0.0,True
"Q3-[6, 12]@2025-11-21",7.707560833333503,0.0,1200.000000000001,10800.0,0.0,True
"Q3-[6, 12]@2025-11-22",0.0,0.0,1200.0000000000005,10800.0,0.0,True
"Q3-[6, 12]@2025-11-23",0.0,0.0,1200.0,10800.0,0.0,True
"Q3-[6, 12]@2025-11-24",0.0,0.0,1200.0000000000005,10800.0,0.0,True
"Q3-[6, 12]@2025-11-25",0.0,0.0,1200.0000000000005,10800.0,0.0,True
"Q3-[6, 12]@2025-11-26",0.0,0.0,1199.9999999999986,10800.0,0.0,True
"Q3-[6, 12]@2025-11-27",0.0,0.0,1200.0000000000002,10800.0,0.0,True
"Q3-[6, 12]@2025-11-28",0.0,0.0,1199.9999999999993,10800.0,0.0,True
"Q3-[6, 12]@2025-11-29",0.0,0.0,1199.9999999999993,10800.0,0.0,True
"Q3-[6, 12]@2025-11-30",0.0,0.0,1200.0000000000005,10800.0,0.0,True
"Q3-[6, 12]@2025-12-01",0.0,0.0,1200.0000000000002,10800.0,0.0,True
"Q3-[6, 12]@2025-12-02",0.0,0.0,1200.0000000000002,10800.0,0.0,True
"Q3-[6, 12]@2025-12-03",0.0,0.0,1200.000000000001,10800.0,0.0,True
"Q3-[6, 12]@2025-12-04",0.0,0.0,1200.0000000000014,10800.0,0.0,True
"Q3-[6, 12]@2025-12-05",0.0,0.0,1200.0,10800.0,0.0,True
"Q3-[6, 12]@2025-12-06",0.0,0.0,1528.776535589508,10800.0,0.0,True
"Q3-[6, 12]@2025-12-07",0.0,0.0,1200.0,10800.0,0.0,True
"Q3-[6, 12]@2025-12-08",0.0,0.0,1200.000000000001,10800.0,0.0,True
"Q3-[6, 12]@2025-12-09",0.0,0.0,1199.9999999999995,10800.0,0.0,True
"Q3-[6, 12]@2025-12-10",0.0,0.0,1199.9999999999995,10800.0,0.0,True
"Q3-[6, 12]@2025-12-11",0.0,0.0,1200.0000000000005,10800.0,0.0,True
"Q3-[6, 12]@2025-12-12",9.552779833333375,0.0,1200.0,10800.0,0.0,True
"Q3-[6, 12]@2025-12-13",0.0,0.0,1200.0,10800.0,0.0,True
"Q3-[6, 12]@2025-12-14",0.0,0.0,1200.0000000000002,10800.0,0.0,True
"Q3-[6, 12]@2025-12-15",0.0,0.0,1199.9999999999986,10800.0,0.0,True
"Q3-[6, 12]@2025-12-16",0.0,0.0,1200.0000000000005,10800.000000000002,0.0,True
"Q3-[6, 12]@2025-12-17",0.0,0.0,1200.000000000001,10800.0,0.0,True
"Q3-[6, 12]@2025-12-18",0.0,0.0,1199.9999999999995,10800.0,0.0,True
"Q3-[6, 12]@2025-12-19",0.0,0.0,1199.9999999999995,10800.0,0.0,True
"Q3-[6, 12]@2025-12-20",0.0,0.0,2522.38945923148,10800.0,0.0,True
"Q3-[6, 12]@2025-12-21",0.0,0.0,1200.0000000000005,10800.0,0.0,True
"Q3-[6, 12]@2025-12-22",0.0,0.0,1199.9999999999998,10800.0,0.0,True
"Q3-[6, 12]@2025-12-23",0.0,0.0,1199.9999999999998,10800.000000000002,0.0,True
"Q3-[6, 12]@2025-12-24",0.0,0.0,1200.0000000000005,10800.0,0.0,True
"Q3-[6, 12]@2025-12-25",0.0,0.0,1200.0000000000002,10800.0,0.0,True
"Q3-[6, 12]@2025-12-26",0.0,0.0,1200.0000000000014,10800.0,0.0,True
"Q3-[6, 12]@2025-12-27",0.0,0.0,1199.9999999999998,10800.0,0.0,True
"Q3-[6, 12]@2025-12-28",0.0,0.0,1199.9999999999989,10800.0,0.0,True
"Q3-[6, 12]@2025-12-29",0.0,0.0,1200.0,10800.0,0.0,True
"Q3-[6, 12]@2025-12-30",0.0,0.0,1200.0000000000002,10800.0,0.0,True
"Q3-[6, 12]@2025-12-31",0.0,0.0,1200.0000000000002,10800.0,0.0,True
"Q3-[6, 18]@2025-01-01",-2.842170943040401e-14,0.0,1200.0000000000002,10800.0,0.0,True
"Q3-[6, 18]@2025-01-02",0.0,0.0,1200.0000000000002,10800.0,0.0,True
"Q3-[6, 18]@2025-01-03",0.0,0.0,3405.271793209876,10800.0,0.0,True
"Q3-[6, 18]@2025-01-04",0.0,0.0,1742.6300709876546,10800.0,0.0,True
"Q3-[6, 18]@2025-01-05",0.0,0.0,1200.0,10800.0,0.0,True
"Q3-[6, 18]@2025-01-06",0.0,0.0,1200.0,10800.0,0.0,True
"Q3-[6, 18]@2025-01-07",0.0,0.0,1199.9999999999993,10800.000000000002,0.0,True
"Q3-[6, 18]@2025-01-08",0.0,0.0,1199.9999999999993,10800.0,0.0,True
"Q3-[6, 18]@2025-01-09",0.0,0.0,1200.0000000000018,10800.0,0.0,True
"Q3-[6, 18]@2025-01-10",0.0,0.0,2259.750406944448,10800.0,0.0,True
"Q3-[6, 18]@2025-01-11",0.0,0.0,2259.750406944448,10800.0,0.0,True
"Q3-[6, 18]@2025-01-12",0.0,0.0,1200.0000000000005,10800.0,0.0,True
"Q3-[6, 18]@2025-01-13",0.0,0.0,1199.9999999999968,10800.0,0.0,True
"Q3-[6, 18]@2025-01-14",0.0,0.0,1199.999999999999,10800.0,0.0,True
"Q3-[6, 18]@2025-01-15",0.0,0.0,1200.0000000000002,10800.0,0.0,True
"Q3-[6, 18]@2025-01-16",0.0,0.0,1200.0000000000005,10800.000000000004,0.0,True
"Q3-[6, 18]@2025-01-17",0.0,0.0,2116.227306558643,10800.0,0.0,True
"Q3-[6, 18]@2025-01-18",0.0,0.0,2622.059852041666,10800.0,0.0,True
"Q3-[6, 18]@2025-01-19",0.0,0.0,1200.000000000001,10800.0,0.0,True
"Q3-[6, 18]@2025-01-20",-7.105427357601002e-15,0.0,1199.9999999999986,10800.000000000002,0.0,True
"Q3-[6, 18]@2025-01-21",0.0,0.0,1200.0000000000027,10800.0,0.0,True
"Q3-[6, 18]@2025-01-22",0.0,0.0,1200.000000000001,10800.000000000002,0.0,True
"Q3-[6, 18]@2025-01-23",0.0,0.0,1200.0000000000005,10800.0,0.0,True
"Q3-[6, 18]@2025-01-24",0.0,0.0,2113.756090000001,10800.0,0.0,True
"Q3-[6, 18]@2025-01-25",0.0,0.0,2541.259293209877,10800.0,0.0,True
"Q3-[6, 18]@2025-01-26",0.0,0.0,1199.9999999999998,10800.000000000002,0.0,True
"Q3-[6, 18]@2025-01-27",0.0,0.0,1214.6106867777794,10800.000000000002,0.0,True
"Q3-[6, 18]@2025-01-28",0.0,0.0,1200.0000000000005,10800.0,0.0,True
"Q3-[6, 18]@2025-01-29",0.0,0.0,1199.9999999999989,10800.0,0.0,True
"Q3-[6, 18]@2025-01-30",0.0,0.0,1200.0000000000018,10800.0,0.0,True
"Q3-[6, 18]@2025-01-31",0.0,0.0,2507.681762006174,10800.0,0.0,True
"Q3-[6, 18]@2025-02-01",0.0,0.0,2558.4489099851908,10800.0,0.0,True
"Q3-[6, 18]@2025-02-02",0.0,0.0,1423.3450659938258,10800.0,0.0,True
"Q3-[6, 18]@2025-02-03",0.0,0.0,1486.1738498055522,10800.0,0.0,True
"Q3-[6, 18]@2025-02-04",0.0,0.0,1200.000000000004,10800.0,0.0,True
"Q3-[6, 18]@2025-02-05",0.0,0.0,1199.9999999999995,10800.0,0.0,True
"Q3-[6, 18]@2025-02-06",0.0,0.0,1341.7816880833366,10800.0,0.0,True
"Q3-[6, 18]@2025-02-07",0.0,0.0,2481.144985185189,10800.0,0.0,True
"Q3-[6, 18]@2025-02-08",0.0,0.0,2481.144985185189,10800.0,0.0,True
"Q3-[6, 18]@2025-02-09",0.0,0.0,1200.0000000000011,10800.0,0.0,True
"Q3-[6, 18]@2025-02-10",-2.220446049250313e-15,0.0,1418.1303818888964,10800.0,0.0,True
"Q3-[6, 18]@2025-02-11",-3.552713678800501e-15,0.0,1356.7702126666645,10800.0,0.0,True
"Q3-[6, 18]@2025-02-12",0.0,0.0,1456.9815694444437,10800.0,0.0,True
"Q3-[6, 18]@2025-02-13",-7.105427357601002e-15,0.0,1401.2325126666724,10800.0,0.0,True
"Q3-[6, 18]@2025-02-14",0.0,0.0,2864.943784608339,10800.0,0.0,True
"Q3-[6, 18]@2025-02-15",0.0,0.0,2864.943784608339,10800.000000000002,0.0,True
"Q3-[6, 18]@2025-02-16",0.0,0.0,1295.8898743611146,10800.0,0.0,True
"Q3-[6, 18]@2025-02-17",0.0,0.0,1296.295456964504,10800.0,0.0,True
"Q3-[6, 18]@2025-02-18",-1.4210854715202004e-14,0.0,1200.0000000000005,10800.0,0.0,True
"Q3-[6, 18]@2025-02-19",0.0,0.0,1279.0021450277789,10800.0,0.0,True
"Q3-[6, 18]@2025-02-20",0.0,0.0,1207.5259123055562,10800.000000000002,0.0,True
"Q3-[6, 18]@2025-02-21",0.0,0.0,3383.678434228393,10800.0,0.0,True
"Q3-[6, 18]@2025-02-22",0.0,0.0,3480.4353508666727,10800.0,0.0,True
"Q3-[6, 18]@2025-02-23",0.0,0.0,1199.9999999999977,10800.0,0.0,True
"Q3-[6, 18]@2025-02-24",-7.105427357601002e-15,0.0,1253.3923469166716,10800.0,0.0,True
"Q3-[6, 18]@2025-02-25",0.0,0.0,1231.0419750000015,10800.0,0.0,True
"Q3-[6, 18]@2025-02-26",-3.552713678800501e-15,0.0,1204.670616111112,10800.000000000002,0.0,True
"Q3-[6, 18]@2025-02-27",-5.329070518200751e-15,0.0,1200.0000000000016,10800.000000000002,0.0,True
"Q3-[6, 18]@2025-02-28",-4.440892098500626e-16,0.0,1827.2306805555545,10363.817828305555,0.0,True
"Q3-[6, 18]@2025-03-01",0.0,0.0,3111.2055060833322,10800.0,0.0,True
"Q3-[6, 18]@2025-03-02",-7.105427357601002e-15,0.0,1200.0000000000011,10800.0,0.0,True
"Q3-[6, 18]@2025-03-03",0.0,0.0,1200.0000000000011,10800.0,0.0,True
"Q3-[6, 18]@2025-03-04",-7.105427357601002e-15,0.0,1200.0000000000007,10800.0,0.0,True
"Q3-[6, 18]@2025-03-05",-1.4210854715202004e-14,0.0,1415.1640048888898,10800.0,0.0,True
"Q3-[6, 18]@2025-03-06",-1.4210854715202004e-14,0.0,1251.1041516821017,10800.0,0.0,True
"Q3-[6, 18]@2025-03-07",0.0,0.0,2349.062535145372,10800.0,0.0,True
"Q3-[6, 18]@2025-03-08",0.0,0.0,2087.3089416512353,10340.052231276237,0.0,True
"Q3-[6, 18]@2025-03-09",-1.4210854715202004e-14,0.0,1373.4751275277818,10800.0,0.0,True
"Q3-[6, 18]@2025-03-10",-7.105427357601002e-15,0.0,1200.000000000001,10800.0,0.0,True
"Q3-[6, 18]@2025-03-11",-7.105427357601002e-15,0.0,1200.000000000001,10800.0,0.0,True
"Q3-[6, 18]@2025-03-12",-1.4210854715202004e-14,0.0,1334.4681503888914,10800.0,0.0,True
"Q3-[6, 18]@2025-03-13",-7.105427357601002e-15,0.0,1245.1984842592617,10800.000000000002,0.0,True
"Q3-[6, 18]@2025-03-14",0.0,0.0,2562.9077002932117,10664.556796068215,0.0,True
"Q3-[6, 18]@2025-03-15",0.0,0.0,2553.9140037037037,9690.20287240741,0.0,True
"Q3-[6, 18]@2025-03-16",0.0,0.0,1200.000000000001,10800.0,0.0,True
"Q3-[6, 18]@2025-03-17",-4.884981308350689e-15,0.0,1228.0981631388868,10800.0,0.0,True
"Q3-[6, 18]@2025-03-18",0.0,0.0,1286.7625181558715,10800.0,0.0,True
"Q3-[6, 18]@2025-03-19",0.0,0.0,1200.0000000000002,10800.0,0.0,True
"Q3-[6, 18]@2025-03-20",-7.105427357601002e-15,0.0,1293.82721025,10800.0,0.0,True
"Q3-[6, 18]@2025-03-21",0.0,0.0,1325.5504805978373,9858.362489465737,0.0,True
"Q3-[6, 18]@2025-03-22",0.0,0.0,2280.314731141975,10273.394020651243,0.0,True
"Q3-[6, 18]@2025-03-23",0.0,0.0,1200.0000000000005,10800.0,0.0,True
"Q3-[6, 18]@2025-03-24",0.0,0.0,1200.0000000000018,10800.0,0.0,True
"Q3-[6, 18]@2025-03-25",0.0,0.0,1200.0000000000016,10800.0,0.0,True
"Q3-[6, 18]@2025-03-26",0.0,0.0,1199.9999999999995,10800.0,0.0,True
"Q3-[6, 18]@2025-03-27",0.0,0.0,1237.8321151234586,10800.000000000002,0.0,True
"Q3-[6, 18]@2025-03-28",0.0,0.0,1586.9141750947495,10128.208913252774,0.0,True
"Q3-[6, 18]@2025-03-29",0.0,0.0,2043.4216766049387,9881.852039130867,0.0,True
"Q3-[6, 18]@2025-03-30",-7.105427357601002e-15,0.0,1200.0000000000005,10800.000000000002,0.0,True
"Q3-[6, 18]@2025-03-31",0.0,0.0,1200.0000000000005,10800.000000000002,0.0,True
"Q3-[6, 18]@2025-04-01",0.0,0.0,1200.000000000003,10800.0,0.0,True
"Q3-[6, 18]@2025-04-02",0.0,0.0,1200.0000000000014,10800.0,0.0,True
"Q3-[6, 18]@2025-04-03",0.0,0.0,1200.0000000000027,10800.0,0.0,True
"Q3-[6, 18]@2025-04-04",0.0,0.0,1905.296215174071,10370.129519892747,0.0,True
"Q3-[6, 18]@2025-04-05",0.0,0.0,1552.6977370370375,9886.764859259263,0.0,True
"Q3-[6, 18]@2025-04-06",0.0,0.0,1242.63149552469,10800.0,0.0,True
"Q3-[6, 18]@2025-04-07",0.0,0.0,1219.027573456791,10800.0,0.0,True
"Q3-[6, 18]@2025-04-08",0.0,0.0,1200.0000000000014,10800.000000000002,0.0,True
"Q3-[6, 18]@2025-04-09",0.0,0.0,1200.0000000000011,10800.0,0.0,True
"Q3-[6, 18]@2025-04-10",0.0,0.0,1199.9999999999995,10800.0,0.0,True
"Q3-[6, 18]@2025-04-11",0.0,0.0,1400.2667550925933,9939.810511653706,0.0,True
"Q3-[6, 18]@2025-04-12",0.0,0.0,2037.3661096604937,10241.946488947995,0.0,True
"Q3-[6, 18]@2025-04-13",0.0,0.0,1200.0000000000005,10800.0,0.0,True
"Q3-[6, 18]@2025-04-14",-1.4210854715202004e-14,0.0,1200.0000000000005,10800.0,0.0,True
"Q3-[6, 18]@2025-04-15",0.0,0.0,1200.0,10800.000000000004,0.0,True
"Q3-[6, 18]@2025-04-16",0.0,0.0,1200.0000000000027,10800.000000000002,0.0,True
"Q3-[6, 18]@2025-04-17",0.0,0.0,1200.0,10800.0,0.0,True
"Q3-[6, 18]@2025-04-18",0.0,0.0,1549.3661541666656,9909.865816666668,0.0,True
"Q3-[6, 18]@2025-04-19",0.0,0.0,2202.4405237962974,10272.820307796297,0.0,True
"Q3-[6, 18]@2025-04-20",-7.105427357601002e-15,0.0,1200.0,10800.0,0.0,True
"Q3-[6, 18]@2025-04-21",-7.105427357601002e-15,0.0,1200.0000000000016,10800.0,0.0,True
"Q3-[6, 18]@2025-04-22",-1.7763568394002505e-15,0.0,1200.0000000000018,10800.0,0.0,True
"Q3-[6, 18]@2025-04-23",-7.105427357601002e-15,0.0,1200.0000000000002,10800.0,0.0,True
"Q3-[6, 18]@2025-04-24",0.0,0.0,1200.0000000000011,10800.0,0.0,True
"Q3-[6, 18]@2025-04-25",0.0,0.0,1644.0077167438274,9667.799853899083,0.0,True
"Q3-[6, 18]@2025-04-26",0.0,0.0,1585.3488956790127,9675.289665277778,0.0,True
"Q3-[6, 18]@2025-04-27",0.0,0.0,1199.9999999999998,10800.000000000002,0.0,True
"Q3-[6, 18]@2025-04-28",0.0,0.0,1200.0000000000014,10800.0,0.0,True
"Q3-[6, 18]@2025-04-29",-3.552713678800501e-15,0.0,1200.0000000000007,10800.0,0.0,True
"Q3-[6, 18]@2025-04-30",0.0,0.0,1200.0,10686.954333462963,0.0,True
"Q3-[6, 18]@2025-05-01",0.0,0.0,1200.0,10800.0,0.0,True
"Q3-[6, 18]@2025-05-02",0.0,0.0,1982.0787633950622,10194.578198527788,0.0,True
"Q3-[6, 18]@2025-05-03",0.0,0.0,1994.2892407407412,10102.357509528238,0.0,True
"Q3-[6, 18]@2025-05-04",0.0,0.0,1200.0000000000027,10800.0,0.0,True
"Q3-[6, 18]@2025-05-05",0.0,0.0,1200.0000000000007,10800.0,0.0,True
"Q3-[6, 18]@2025-05-06",0.0,0.0,1199.9999999999993,10800.000000000002,0.0,True
"Q3-[6, 18]@2025-05-07",0.0,0.0,1199.9999999999986,10800.0,0.0,True
"Q3-[6, 18]@2025-05-08",-7.105427357601002e-15,0.0,1199.999999999999,10800.0,0.0,True
"Q3-[6, 18]@2025-05-09",0.0,0.0,1378.0744914759239,10143.707645278706,0.0,True
"Q3-[6, 18]@2025-05-10",0.0,0.0,2372.3276174382722,10400.264026645063,0.0,True
"Q3-[6, 18]@2025-05-11",0.0,0.0,1200.0000000000011,10800.0,0.0,True
"Q3-[6, 18]@2025-05-12",0.0,0.0,1199.9999999999995,10800.0,0.0,True
"Q3-[6, 18]@2025-05-13",-8.881784197001252e-16,0.0,1200.0000000000002,10800.0,0.0,True
"Q3-[6, 18]@2025-05-14",0.0,0.0,1200.0000000000002,10800.0,0.0,True
"Q3-[6, 18]@2025-05-15",0.0,0.0,1200.0000000000005,10800.0,0.0,True
"Q3-[6, 18]@2025-05-16",0.0,0.0,1200.0000000000005,9759.891401931329,0.0,True
"Q3-[6, 18]@2025-05-17",0.0,0.0,1549.9630632407411,10039.399720953239,0.0,True
"Q3-[6, 18]@2025-05-18",0.0,0.0,1200.0000000000005,10800.0,0.0,True
"Q3-[6, 18]@2025-05-19",-1.7763568394002505e-15,0.0,1200.0,10800.0,0.0,True
"Q3-[6, 18]@2025-05-20",0.0,0.0,1199.9999999999995,10800.0,0.0,True
"Q3-[6, 18]@2025-05-21",0.0,0.0,1199.9999999999995,10799.999999999998,0.0,True
"Q3-[6, 18]@2025-05-22",0.0,0.0,1200.000000000001,10800.0,0.0,True
"Q3-[6, 18]@2025-05-23",0.0,0.0,1200.000000000002,9958.484663696914,0.0,True
"Q3-[6, 18]@2025-05-24",0.0,0.0,1485.676413935186,10002.555650847691,0.0,True
"Q3-[6, 18]@2025-05-25",0.0,0.0,1200.0000000000011,10800.0,0.0,True
"Q3-[6, 18]@2025-05-26",0.0,0.0,1200.0000000000011,10781.176757098767,0.0,True
"Q3-[6, 18]@2025-05-27",0.0,0.0,1200.0,10800.0,0.0,True
"Q3-[6, 18]@2025-05-28",0.0,0.0,1200.0000000000002,10800.0,0.0,True
"Q3-[6, 18]@2025-05-29",0.0,0.0,1200.0000000000002,10800.0,0.0,True
"Q3-[6, 18]@2025-05-30",0.0,0.0,1407.3161298851874,9841.943241313269,0.0,True
"Q3-[6, 18]@2025-05-31",0.0,0.0,2176.5238848317886,10217.289372250923,0.0,True
"Q3-[6, 18]@2025-06-01",0.0,0.0,1200.0000000000002,10800.0,0.0,True
"Q3-[6, 18]@2025-06-02",0.0,0.0,1200.0000000000002,10800.0,0.0,True
"Q3-[6, 18]@2025-06-03",0.0,0.0,1200.0000000000002,10800.0,0.0,True
"Q3-[6, 18]@2025-06-04",0.0,0.0,1200.0000000000002,10800.0,0.0,True
"Q3-[6, 18]@2025-06-05",0.0,0.0,1200.0000000000002,10800.0,0.0,True
"Q3-[6, 18]@2025-06-06",0.0,0.0,1298.0887897916666,10800.0,0.0,True
"Q3-[6, 18]@2025-06-07",0.0,0.0,1887.3807662638887,10800.0,0.0,True
"Q3-[6, 18]@2025-06-08",0.0,0.0,1200.0000000000002,10800.000000000002,0.0,True
"Q3-[6, 18]@2025-06-09",0.0,0.0,1200.0000000000002,10800.0,0.0,True
"Q3-[6, 18]@2025-06-10",0.0,0.0,1200.0000000000002,10800.0,0.0,True
"Q3-[6, 18]@2025-06-11",0.0,0.0,1200.0000000000002,10800.0,0.0,True
"Q3-[6, 18]@2025-06-12",0.0,0.0,1200.0000000000002,10800.000000000002,0.0,True
"Q3-[6, 18]@2025-06-13",0.0,0.0,1259.3063233333335,10800.0,0.0,True
"Q3-[6, 18]@2025-06-14",0.0,0.0,1957.177471418986,10800.0,0.0,True
"Q3-[6, 18]@2025-06-15",0.0,0.0,1200.0000000000002,10800.000000000002,0.0,True
"Q3-[6, 18]@2025-06-16",0.0,0.0,1200.0000000000002,10800.000000000002,0.0,True
"Q3-[6, 18]@2025-06-17",0.0,0.0,1200.0000000000002,10800.000000000004,0.0,True
"Q3-[6, 18]@2025-06-18",0.0,0.0,1200.0000000000002,10800.0,0.0,True
"Q3-[6, 18]@2025-06-19",0.0,0.0,1200.0000000000002,10800.0,0.0,True
"Q3-[6, 18]@2025-06-20",0.0,0.0,1341.9405205092596,10800.0,0.0,True
"Q3-[6, 18]@2025-06-21",0.0,0.0,1733.6710789074054,10065.694626728395,0.0,True
"Q3-[6, 18]@2025-06-22",0.0,0.0,1200.000000000001,10800.0,0.0,True
"Q3-[6, 18]@2025-06-23",0.0,0.0,1200.0000000000002,10800.0,0.0,True
"Q3-[6, 18]@2025-06-24",0.0,0.0,1200.0000000000002,10800.0,0.0,True
"Q3-[6, 18]@2025-06-25",0.0,0.0,1200.0000000000002,10800.000000000004,0.0,True
"Q3-[6, 18]@2025-06-26",0.0,0.0,1200.0000000000002,10800.0,0.0,True
"Q3-[6, 18]@2025-06-27",0.0,0.0,1200.0000000000007,10180.305978425926,0.0,True
"Q3-[6, 18]@2025-06-28",0.0,0.0,1808.576893018521,10432.503839519446,0.0,True
"Q3-[6, 18]@2025-06-29",0.0,0.0,1200.0000000000011,10800.0,0.0,True
"Q3-[6, 18]@2025-06-30",0.0,0.0,1200.0000000000025,10800.000000000002,0.0,True
"Q3-[6, 18]@2025-07-01",0.0,0.0,1200.0000000000002,10800.000000000002,0.0,True
"Q3-[6, 18]@2025-07-02",0.0,0.0,1200.0000000000002,10800.0,0.0,True
"Q3-[6, 18]@2025-07-03",0.0,0.0,1200.0000000000002,10800.000000000004,0.0,True
"Q3-[6, 18]@2025-07-04",0.0,0.0,1200.0000000000002,10800.0,0.0,True
"Q3-[6, 18]@2025-07-05",0.0,0.0,1200.0000000000005,10800.0,0.0,True
"Q3-[6, 18]@2025-07-06",0.0,0.0,1200.0000000000002,10800.0,0.0,True
"Q3-[6, 18]@2025-07-07",0.0,0.0,1200.0000000000002,10800.0,0.0,True
"Q3-[6, 18]@2025-07-08",0.0,0.0,1199.9999999999998,10800.0,0.0,True
"Q3-[6, 18]@2025-07-09",0.0,0.0,1200.0000000000002,10800.0,0.0,True
"Q3-[6, 18]@2025-07-10",0.0,0.0,1199.9999999999986,10800.0,0.0,True
"Q3-[6, 18]@2025-07-11",0.0,0.0,1569.1097356481469,10796.420718375,0.0,True
"Q3-[6, 18]@2025-07-12",3.414787458333649,0.0,1200.0,10800.0,0.0,True
"Q3-[6, 18]@2025-07-13",0.0,0.0,1200.0000000000002,10800.0,0.0,True
"Q3-[6, 18]@2025-07-14",0.0,0.0,1200.0000000000002,10800.0,0.0,True
"Q3-[6, 18]@2025-07-15",-8.881784197001252e-16,0.0,1200.0000000000002,10800.0,0.0,True
"Q3-[6, 18]@2025-07-16",-4.884981308350689e-15,0.0,1200.0000000000002,10800.0,0.0,True
"Q3-[6, 18]@2025-07-17",0.0,0.0,1200.0000000000002,10800.000000000002,0.0,True
"Q3-[6, 18]@2025-07-18",0.0,0.0,1458.5228084583343,10295.330594375004,0.0,True
"Q3-[6, 18]@2025-07-19",0.0,0.0,1384.9066168981478,10363.22112633102,0.0,True
"Q3-[6, 18]@2025-07-20",0.0,0.0,1200.0000000000002,10800.0,0.0,True
"Q3-[6, 18]@2025-07-21",0.0,0.0,1200.0000000000002,10800.000000000002,0.0,True
"Q3-[6, 18]@2025-07-22",0.0,0.0,1200.0000000000002,10800.0,0.0,True
"Q3-[6, 18]@2025-07-23",0.0,0.0,1200.0000000000002,10800.0,0.0,True
"Q3-[6, 18]@2025-07-24",0.0,0.0,1200.0000000000002,10800.000000000002,0.0,True
"Q3-[6, 18]@2025-07-25",0.0,0.0,1651.592890969908,9948.855329594902,0.0,True
"Q3-[6, 18]@2025-07-26",10.752464791666512,0.0,1902.7166999652766,9944.130241863424,0.0,True
"Q3-[6, 18]@2025-07-27",0.0,0.0,1200.0000000000002,10800.0,0.0,True
"Q3-[6, 18]@2025-07-28",-4.746203430272544e-15,0.0,1200.0000000000002,10800.0,0.0,True
"Q3-[6, 18]@2025-07-29",0.0,0.0,1200.0,10800.0,0.0,True
"Q3-[6, 18]@2025-07-30",0.0,0.0,1199.999999999999,10800.000000000002,0.0,True
"Q3-[6, 18]@2025-07-31",0.0,0.0,1200.000000000004,10800.0,0.0,True
"Q3-[6, 18]@2025-08-01",0.0,0.0,1296.6763091953721,10056.364175572675,0.0,True
"Q3-[6, 18]@2025-08-02",0.0,0.0,2059.56426052638,10464.586860000001,0.0,True
"Q3-[6, 18]@2025-08-03",0.0,0.0,1241.3992970601823,10800.000000000002,0.0,True
"Q3-[6, 18]@2025-08-04",0.0,0.0,1200.0000000000002,10800.0,0.0,True
"Q3-[6, 18]@2025-08-05",0.0,0.0,1200.0000000000002,10800.0,0.0,True
"Q3-[6, 18]@2025-08-06",0.0,0.0,1200.0000000000036,10800.0,0.0,True
"Q3-[6, 18]@2025-08-07",0.0,0.0,1200.0000000000036,10800.0,0.0,True
"Q3-[6, 18]@2025-08-08",0.0,0.0,1274.261745370369,9599.514389375003,0.0,True
"Q3-[6, 18]@2025-08-09",0.0,0.0,1668.0285097453725,9616.653381932869,0.0,True
"Q3-[6, 18]@2025-08-10",0.0,0.0,1200.0,10800.0,0.0,True
"Q3-[6, 18]@2025-08-11",0.0,0.0,1200.0000000000016,10800.000000000002,0.0,True
"Q3-[6, 18]@2025-08-12",0.0,0.0,1200.0000000000016,10800.0,0.0,True
"Q3-[6, 18]@2025-08-13",-7.105427357601002e-15,0.0,1200.0000000000011,10800.0,0.0,True
"Q3-[6, 18]@2025-08-14",0.0,0.0,1199.9999999999998,10800.0,0.0,True
"Q3-[6, 18]@2025-08-15",0.0,0.0,1200.0000000000005,9707.07382523148,0.0,True
"Q3-[6, 18]@2025-08-16",0.0,0.0,1464.4098351851862,9811.262143532404,0.0,True
"Q3-[6, 18]@2025-08-17",0.0,0.0,1200.0,10800.0,0.0,True
"Q3-[6, 18]@2025-08-18",0.0,0.0,1200.0,10800.000000000002,0.0,True
"Q3-[6, 18]@2025-08-19",0.0,0.0,1219.5466150462973,10800.0,0.0,True
"Q3-[6, 18]@2025-08-20",0.0,0.0,1200.0000000000005,10800.0,0.0,True
"Q3-[6, 18]@2025-08-21",-2.220446049250313e-15,0.0,1277.500743058641,10800.0,0.0,True
"Q3-[6, 18]@2025-08-22",0.0,0.0,1277.500743058641,9983.956388860028,0.0,True
"Q3-[6, 18]@2025-08-23",0.0,0.0,2002.0807120081763,10275.256216556485,0.0,True
"Q3-[6, 18]@2025-08-24",-1.4210854715202004e-14,0.0,1200.0,10759.456725416667,0.0,True
"Q3-[6, 18]@2025-08-25",0.0,0.0,1200.0,10800.0,0.0,True
"Q3-[6, 18]@2025-08-26",0.0,0.0,1200.0,10753.919964564198,0.0,True
"Q3-[6, 18]@2025-08-27",0.0,0.0,1231.4767387500056,10800.0,0.0,True
"Q3-[6, 18]@2025-08-28",-3.552713678800501e-15,0.0,1200.0000000000034,10800.0,0.0,True
"Q3-[6, 18]@2025-08-29",0.0,0.0,1200.0000000000034,9613.380053612347,0.0,True
"Q3-[6, 18]@2025-08-30",0.0,0.0,1834.9737900475325,10137.263613863894,0.0,True
"Q3-[6, 18]@2025-08-31",0.0,0.0,1200.0000000000002,10800.0,0.0,True
"Q3-[6, 18]@2025-09-01",0.0,0.0,1200.0,10800.0,0.0,True
"Q3-[6, 18]@2025-09-02",0.0,0.0,1200.0,10800.0,0.0,True
"Q3-[6, 18]@2025-09-03",0.0,0.0,1200.0,10800.0,0.0,True
"Q3-[6, 18]@2025-09-04",0.0,0.0,1200.0,10800.0,0.0,True
"Q3-[6, 18]@2025-09-05",0.0,0.0,1200.0000000000002,9133.916138422841,0.0,True
"Q3-[6, 18]@2025-09-06",0.0,0.0,2017.6528050895072,9384.909247419908,0.0,True
"Q3-[6, 18]@2025-09-07",0.0,0.0,1200.0000000000002,10800.0,0.0,True
"Q3-[6, 18]@2025-09-08",0.0,0.0,1200.0,10800.0,0.0,True
"Q3-[6, 18]@2025-09-09",0.0,0.0,1200.0,10800.0,0.0,True
"Q3-[6, 18]@2025-09-10",-1.4210854715202004e-14,0.0,1200.0000000000002,10800.0,0.0,True
"Q3-[6, 18]@2025-09-11",0.0,0.0,1200.0,10800.0,0.0,True
"Q3-[6, 18]@2025-09-12",0.0,0.0,1200.0,9280.17607485834,0.0,True
"Q3-[6, 18]@2025-09-13",0.0,0.0,1572.222994194442,8722.633189796295,0.0,True
"Q3-[6, 18]@2025-09-14",0.0,0.0,1200.0,10800.0,0.0,True
"Q3-[6, 18]@2025-09-15",0.0,0.0,1200.0,10800.0,0.0,True
"Q3-[6, 18]@2025-09-16",0.0,0.0,1200.0,10800.0,0.0,True
"Q3-[6, 18]@2025-09-17",0.0,0.0,1200.0,10800.0,0.0,True
"Q3-[6, 18]@2025-09-18",0.0,0.0,1200.0,10800.0,0.0,True
"Q3-[6, 18]@2025-09-19",0.0,0.0,1200.0,9482.080626217596,0.0,True
"Q3-[6, 18]@2025-09-20",0.0,0.0,2019.801109722223,9400.534151858334,0.0,True
"Q3-[6, 18]@2025-09-21",0.0,0.0,1200.0,10800.0,0.0,True
"Q3-[6, 18]@2025-09-22",0.0,0.0,1199.9999999999995,10800.0,0.0,True
"Q3-[6, 18]@2025-09-23",0.0,0.0,1200.0000000000005,10800.0,0.0,True
"Q3-[6, 18]@2025-09-24",0.0,0.0,1200.0000000000007,10800.0,0.0,True
"Q3-[6, 18]@2025-09-25",0.0,0.0,1200.0000000000032,10800.000000000004,0.0,True
"Q3-[6, 18]@2025-09-26",0.0,0.0,1680.8236803777752,10800.0,0.0,True
"Q3-[6, 18]@2025-09-27",0.0,0.0,1669.1876166666677,10800.0,0.0,True
"Q3-[6, 18]@2025-09-28",0.0,0.0,1214.187322027773,10800.0,0.0,True
"Q3-[6, 18]@2025-09-29",0.0,0.0,1199.999999999999,10800.0,0.0,True
"Q3-[6, 18]@2025-09-30",0.0,0.0,1199.9999999999986,10800.0,0.0,True
"Q3-[6, 18]@2025-10-01",0.0,0.0,1200.0,10800.0,0.0,True
"Q3-[6, 18]@2025-10-02",0.0,0.0,1200.0000000000025,10800.0,0.0,True
"Q3-[6, 18]@2025-10-03",0.0,0.0,1662.407203726852,9856.925383707408,0.0,True
"Q3-[6, 18]@2025-10-04",0.0,0.0,2395.7237642101827,10800.0,0.0,True
"Q3-[6, 18]@2025-10-05",0.0,0.0,1200.000000000002,10800.000000000002,0.0,True
"Q3-[6, 18]@2025-10-06",0.0,0.0,1200.0000000000016,10800.000000000002,0.0,True
"Q3-[6, 18]@2025-10-07",0.0,0.0,1199.9999999999995,10800.0,0.0,True
"Q3-[6, 18]@2025-10-08",0.0,0.0,1199.9999999999995,10800.0,0.0,True
"Q3-[6, 18]@2025-10-09",0.0,0.0,1211.2541194444418,10800.0,0.0,True
"Q3-[6, 18]@2025-10-10",0.0,0.0,2656.9825635458305,10800.0,0.0,True
"Q3-[6, 18]@2025-10-11",0.0,0.0,2960.829300185184,10800.0,0.0,True
"Q3-[6, 18]@2025-10-12",0.0,0.0,1200.000000000002,10800.000000000002,0.0,True
"Q3-[6, 18]@2025-10-13",0.0,0.0,1200.0,10800.0,0.0,True
"Q3-[6, 18]@2025-10-14",0.0,0.0,1199.9999999999986,10800.0,0.0,True
"Q3-[6, 18]@2025-10-15",0.0,0.0,1200.0000000000005,10800.0,0.0,True
"Q3-[6, 18]@2025-10-16",0.0,0.0,1200.0000000000005,10800.0,0.0,True
"Q3-[6, 18]@2025-10-17",0.0,0.0,1347.4434351851878,10337.089098734565,0.0,True
"Q3-[6, 18]@2025-10-18",0.0,0.0,1705.988627314817,9794.059399999998,0.0,True
"Q3-[6, 18]@2025-10-19",0.0,0.0,1201.1445527777792,10800.0,0.0,True
"Q3-[6, 18]@2025-10-20",0.0,0.0,1216.441947749995,10800.0,0.0,True
"Q3-[6, 18]@2025-10-21",0.0,0.0,1200.0000000000005,10800.0,0.0,True
"Q3-[6, 18]@2025-10-22",0.0,0.0,1200.0000000000005,10800.0,0.0,True
"Q3-[6, 18]@2025-10-23",0.0,0.0,1200.0000000000007,10800.000000000002,0.0,True
"Q3-[6, 18]@2025-10-24",0.0,0.0,2532.9447916666654,10684.100922636573,0.0,True
"Q3-[6, 18]@2025-10-25",0.0,0.0,3518.600361293981,10800.0,0.0,True
"Q3-[6, 18]@2025-10-26",0.0,0.0,1200.0,10800.000000000002,0.0,True
"Q3-[6, 18]@2025-10-27",0.0,0.0,1200.0000000000014,10800.000000000002,0.0,True
"Q3-[6, 18]@2025-10-28",0.0,0.0,1200.0000000000005,10800.000000000002,0.0,True
"Q3-[6, 18]@2025-10-29",0.0,0.0,1200.0,10800.000000000004,0.0,True
"Q3-[6, 18]@2025-10-30",0.0,0.0,1200.0000000000011,10800.000000000005,0.0,True
"Q3-[6, 18]@2025-10-31",0.0,0.0,2683.556547675005,10800.0,0.0,True
"Q3-[6, 18]@2025-11-01",0.0,0.0,2510.714377357409,10691.338189703089,0.0,True
"Q3-[6, 18]@2025-11-02",0.0,0.0,1200.0000000000023,10800.0,0.0,True
"Q3-[6, 18]@2025-11-03",0.0,0.0,1200.0,10800.000000000002,0.0,True
"Q3-[6, 18]@2025-11-04",0.0,0.0,1264.8872503796315,10800.0,0.0,True
"Q3-[6, 18]@2025-11-05",0.0,0.0,1200.0000000000016,10800.0,0.0,True
"Q3-[6, 18]@2025-11-06",0.0,0.0,1200.0000000000018,10800.000000000002,0.0,True
"Q3-[6, 18]@2025-11-07",0.0,0.0,2102.721333333334,10800.0,0.0,True
"Q3-[6, 18]@2025-11-08",0.0,0.0,2585.223857095373,10800.0,0.0,True
"Q3-[6, 18]@2025-11-09",0.0,0.0,1200.0000000000018,10800.0,0.0,True
"Q3-[6, 18]@2025-11-10",0.0,0.0,1199.9999999999989,10800.0,0.0,True
"Q3-[6, 18]@2025-11-11",0.0,0.0,1199.999999999999,10800.0,0.0,True
"Q3-[6, 18]@2025-11-12",0.0,0.0,1200.0,10800.0,0.0,True
"Q3-[6, 18]@2025-11-13",0.0,0.0,1200.0000000000005,10800.0,0.0,True
"Q3-[6, 18]@2025-11-14",0.0,0.0,2205.112416666666,10800.0,0.0,True
"Q3-[6, 18]@2025-11-15",0.0,0.0,2504.995703703705,10800.0,0.0,True
"Q3-[6, 18]@2025-11-16",0.0,0.0,1200.0000000000007,10800.0,0.0,True
"Q3-[6, 18]@2025-11-17",0.0,0.0,1200.0000000000007,10800.0,0.0,True
"Q3-[6, 18]@2025-11-18",0.0,0.0,1200.0,10800.0,0.0,True
"Q3-[6, 18]@2025-11-19",0.0,0.0,1200.0000000000014,10800.0,0.0,True
"Q3-[6, 18]@2025-11-20",0.0,0.0,1200.0000000000005,10800.0,0.0,True
"Q3-[6, 18]@2025-11-21",0.0,0.0,2068.0160154444466,10800.0,0.0,True
"Q3-[6, 18]@2025-11-22",0.0,0.0,2645.396322222224,10800.0,0.0,True
"Q3-[6, 18]@2025-11-23",0.0,0.0,1200.0000000000002,10800.0,0.0,True
"Q3-[6, 18]@2025-11-24",0.0,0.0,1199.9999999999993,10800.000000000004,0.0,True
"Q3-[6, 18]@2025-11-25",0.0,0.0,1200.0,10800.000000000002,0.0,True
"Q3-[6, 18]@2025-11-26",0.0,0.0,1199.999999999999,10800.0,0.0,True
"Q3-[6, 18]@2025-11-27",0.0,0.0,1200.0000000000002,10800.000000000002,0.0,True
"Q3-[6, 18]@2025-11-28",0.0,0.0,2253.852315740743,10800.0,0.0,True
"Q3-[6, 18]@2025-11-29",0.0,0.0,2525.9620333333396,10800.0,0.0,True
"Q3-[6, 18]@2025-11-30",0.0,0.0,1200.0000000000005,10800.0,0.0,True
"Q3-[6, 18]@2025-12-01",0.0,0.0,1200.0,10800.000000000002,0.0,True
"Q3-[6, 18]@2025-12-02",0.0,0.0,1200.0000000000002,10800.0,0.0,True
"Q3-[6, 18]@2025-12-03",0.0,0.0,1200.0000000000002,10800.0,0.0,True
"Q3-[6, 18]@2025-12-04",0.0,0.0,1200.0000000000002,10800.0,0.0,True
"Q3-[6, 18]@2025-12-05",0.0,0.0,1901.116230762498,10800.0,0.0,True
"Q3-[6, 18]@2025-12-06",0.0,0.0,1258.9784483991061,10800.0,0.0,True
"Q3-[6, 18]@2025-12-07",0.0,0.0,1200.0000000000005,10800.0,0.0,True
"Q3-[6, 18]@2025-12-08",0.0,0.0,1200.0000000000005,10800.0,0.0,True
"Q3-[6, 18]@2025-12-09",0.0,0.0,1200.0000000000014,10800.0,0.0,True
"Q3-[6, 18]@2025-12-10",0.0,0.0,1200.0000000000014,10800.0,0.0,True
"Q3-[6, 18]@2025-12-11",0.0,0.0,1199.9999999999995,10800.000000000002,0.0,True
"Q3-[6, 18]@2025-12-12",0.0,0.0,1727.749050887351,10800.0,0.0,True
"Q3-[6, 18]@2025-12-13",0.0,0.0,2230.293825925929,10800.000000000002,0.0,True
"Q3-[6, 18]@2025-12-14",0.0,0.0,1200.0,10800.0,0.0,True
"Q3-[6, 18]@2025-12-15",0.0,0.0,1200.0000000000005,10800.0,0.0,True
"Q3-[6, 18]@2025-12-16",0.0,0.0,1200.000000000001,10800.000000000004,0.0,True
"Q3-[6, 18]@2025-12-17",0.0,0.0,1199.9999999999993,10800.0,0.0,True
"Q3-[6, 18]@2025-12-18",0.0,0.0,1200.0000000000005,10800.0,0.0,True
"Q3-[6, 18]@2025-12-19",0.0,0.0,2550.3746128972252,10800.0,0.0,True
"Q3-[6, 18]@2025-12-20",0.0,0.0,2221.8759748364228,10800.0,0.0,True
"Q3-[6, 18]@2025-12-21",0.0,0.0,1200.000000000002,10800.0,0.0,True
"Q3-[6, 18]@2025-12-22",0.0,0.0,1200.0,10800.0,0.0,True
"Q3-[6, 18]@2025-12-23",0.0,0.0,1200.000000000001,10800.0,0.0,True
"Q3-[6, 18]@2025-12-24",0.0,0.0,1199.9999999999993,10800.0,0.0,True
"Q3-[6, 18]@2025-12-25",0.0,0.0,1200.000000000001,10800.0,0.0,True
"Q3-[6, 18]@2025-12-26",0.0,0.0,1215.773916656791,10800.0,0.0,True
"Q3-[6, 18]@2025-12-27",0.0,0.0,1712.0910276157424,10800.0,0.0,True
"Q3-[6, 18]@2025-12-28",0.0,0.0,1199.9999999999998,10800.0,0.0,True
"Q3-[6, 18]@2025-12-29",0.0,0.0,1199.9999999999998,10800.0,0.0,True
"Q3-[6, 18]@2025-12-30",0.0,0.0,1199.9999999999998,10800.0,0.0,True
"Q3-[6, 18]@2025-12-31",0.0,0.0,1199.9999999999998,10800.0,0.0,True
"Q3-[6, 18]@2025-01-01",0.0,0.0,2072.5777275000014,6000.0,0.0,True
"Q3-[6, 18]@2025-01-02",0.0,0.0,1200.0000000000023,10800.0,0.0,True
"Q3-[6, 18]@2025-01-03",0.0,0.0,1200.0000000000023,10800.0,0.0,True
"Q3-[6, 18]@2025-01-04",0.0,0.0,2326.679398148149,10800.0,0.0,True
"Q3-[6, 18]@2025-01-05",0.0,0.0,1200.0,10800.000000000002,0.0,True
"Q3-[6, 18]@2025-01-06",0.0,0.0,1200.0000000000005,10800.0,0.0,True
"Q3-[6, 18]@2025-01-07",0.0,0.0,1200.0000000000011,10800.000000000002,0.0,True
"Q3-[6, 18]@2025-01-08",0.0,0.0,1200.0,10800.000000000002,0.0,True
"Q3-[6, 18]@2025-01-09",0.0,0.0,1200.0,10800.0,0.0,True
"Q3-[6, 18]@2025-01-10",0.0,0.0,1200.0000000000005,10800.0,0.0,True
"Q3-[6, 18]@2025-01-11",0.0,0.0,2204.9244319444447,10800.0,0.0,True
"Q3-[6, 18]@2025-01-12",0.0,0.0,1200.0000000000005,10800.0,0.0,True
"Q3-[6, 18]@2025-01-13",0.0,0.0,1200.0000000000002,10800.0,0.0,True
"Q3-[6, 18]@2025-01-14",0.0,0.0,1199.999999999999,10800.0,0.0,True
"Q3-[6, 18]@2025-01-15",0.0,0.0,1200.0000000000005,10800.0,0.0,True
"Q3-[6, 18]@2025-01-16",0.0,0.0,1200.0000000000005,10800.000000000004,0.0,True
"Q3-[6, 18]@2025-01-17",0.0,0.0,1200.0000000000005,10800.0,0.0,True
"Q3-[6, 18]@2025-01-18",0.0,0.0,2270.129501312502,10800.0,0.0,True
"Q3-[6, 18]@2025-01-19",0.0,0.0,1200.0000000000005,10800.0,0.0,True
"Q3-[6, 18]@2025-01-20",-7.105427357601002e-15,0.0,1200.0,10800.000000000002,0.0,True
"Q3-[6, 18]@2025-01-21",0.0,0.0,1200.0,10800.0,0.0,True
"Q3-[6, 18]@2025-01-22",0.0,0.0,1200.0,10800.000000000002,0.0,True
"Q3-[6, 18]@2025-01-23",0.0,0.0,1200.0,10800.000000000002,0.0,True
"Q3-[6, 18]@2025-01-24",0.0,0.0,1200.0,10800.0,0.0,True
"Q3-[6, 18]@2025-01-25",0.0,0.0,2454.3160473055596,10800.000000000002,0.0,True
"Q3-[6, 18]@2025-01-26",0.0,0.0,1199.9999999999998,10800.0,0.0,True
"Q3-[6, 18]@2025-01-27",0.0,0.0,1215.3872390277782,10800.000000000002,0.0,True
"Q3-[6, 18]@2025-01-28",0.0,0.0,1199.9999999999998,10800.0,0.0,True
"Q3-[6, 18]@2025-01-29",0.0,0.0,1221.2948910763857,10800.0,0.0,True
"Q3-[6, 18]@2025-01-30",0.0,0.0,1200.0000000000005,10800.0,0.0,True
"Q3-[6, 18]@2025-01-31",0.0,0.0,1200.0000000000005,10800.0,0.0,True
"Q3-[6, 18]@2025-02-01",0.0,0.0,2314.4123402777814,10800.000000000002,0.0,True
"Q3-[6, 18]@2025-02-02",0.0,0.0,1510.5215595138939,10800.0,0.0,True
"Q3-[6, 18]@2025-02-03",0.0,0.0,1483.0406046180524,10800.0,0.0,True
"Q3-[6, 18]@2025-02-04",0.0,0.0,1199.9999999999995,10800.0,0.0,True
"Q3-[6, 18]@2025-02-05",0.0,0.0,1199.9999999999995,10800.0,0.0,True
"Q3-[6, 18]@2025-02-06",0.0,0.0,1200.0000000000005,10800.0,0.0,True
"Q3-[6, 18]@2025-02-07",0.0,0.0,1200.0000000000005,10800.0,0.0,True
"Q3-[6, 18]@2025-02-08",0.0,0.0,2253.426629611115,10800.0,0.0,True
"Q3-[6, 18]@2025-02-09",0.0,0.0,1200.0000000000011,10800.0,0.0,True
"Q3-[6, 18]@2025-02-10",-2.220446049250313e-15,0.0,1418.1303818888946,10800.0,0.0,True
"Q3-[6, 18]@2025-02-11",-3.552713678800501e-15,0.0,1356.7702126666663,10800.0,0.0,True
"Q3-[6, 18]@2025-02-12",0.0,0.0,1451.508997194443,10800.0,0.0,True
"Q3-[6, 18]@2025-02-13",-7.105427357601002e-15,0.0,1296.2337015555618,10800.0,0.0,True
"Q3-[6, 18]@2025-02-14",0.0,0.0,1296.2337015555618,10800.0,0.0,True
"Q3-[6, 18]@2025-02-15",0.0,0.0,2582.758474305558,10800.0,0.0,True
"Q3-[6, 18]@2025-02-16",0.0,0.0,1295.8898743611146,10800.0,0.0,True
"Q3-[6, 18]@2025-02-17",0.0,0.0,1305.1746549583327,10800.000000000002,0.0,True
"Q3-[6, 18]@2025-02-18",-1.4210854715202004e-14,0.0,1200.0000000000005,10800.0,0.0,True
"Q3-[6, 18]@2025-02-19",0.0,0.0,1200.0000000000005,10800.0,0.0,True
"Q3-[6, 18]@2025-02-20",0.0,0.0,1207.5259123055562,10800.000000000002,0.0,True
"Q3-[6, 18]@2025-02-21",0.0,0.0,1207.5259123055562,10800.0,0.0,True
"Q3-[6, 18]@2025-02-22",0.0,0.0,2401.7312133194473,10800.0,0.0,True
"Q3-[6, 18]@2025-02-23",0.0,0.0,1200.0000000000005,10800.0,0.0,True
"Q3-[6, 18]@2025-02-24",-7.105427357601002e-15,0.0,1324.1265666666686,10800.0,0.0,True
"Q3-[6, 18]@2025-02-25",0.0,0.0,1231.0419749999987,10800.0,0.0,True
"Q3-[6, 18]@2025-02-26",-3.552713678800501e-15,0.0,1201.7235081018548,10800.000000000004,0.0,True
"Q3-[6, 18]@2025-02-27",-5.329070518200751e-15,0.0,1200.0000000000016,10800.000000000002,0.0,True
"Q3-[6, 18]@2025-02-28",-4.440892098500626e-16,0.0,1200.0000000000016,9722.677684861112,0.0,True
"Q3-[6, 18]@2025-03-01",0.0,0.0,2387.4418133333334,10800.0,0.0,True
"Q3-[6, 18]@2025-03-02",-7.105427357601002e-15,0.0,1200.0000000000011,10800.000000000002,0.0,True
"Q3-[6, 18]@2025-03-03",0.0,0.0,1200.0000000000007,10800.000000000004,0.0,True
"Q3-[6, 18]@2025-03-04",-7.105427357601002e-15,0.0,1200.0000000000007,10800.0,0.0,True
"Q3-[6, 18]@2025-03-05",-1.4210854715202004e-14,0.0,1216.2043441087978,10800.0,0.0,True
"Q3-[6, 18]@2025-03-06",-1.4210854715202004e-14,0.0,1200.0000000000007,10800.0,0.0,True
"Q3-[6, 18]@2025-03-07",0.0,0.0,1200.0000000000007,9394.669369074076,0.0,True
"Q3-[6, 18]@2025-03-08",0.0,0.0,2087.3089416512353,10278.739836838737,0.0,True
"Q3-[6, 18]@2025-03-09",-1.0658141036401503e-14,0.0,1400.339652777779,10800.0,0.0,True
"Q3-[6, 18]@2025-03-10",-7.105427357601002e-15,0.0,1200.000000000001,10800.0,0.0,True
"Q3-[6, 18]@2025-03-11",-7.105427357601002e-15,0.0,1200.000000000001,10800.0,0.0,True
"Q3-[6, 18]@2025-03-12",-1.4210854715202004e-14,0.0,1200.0000000000014,10800.0,0.0,True
"Q3-[6, 18]@2025-03-13",-7.105427357601002e-15,0.0,1200.0000000000007,10800.0,0.0,True
"Q3-[6, 18]@2025-03-14",0.0,0.0,1200.0000000000007,9537.943890238426,0.0,True
"Q3-[6, 18]@2025-03-15",0.0,0.0,2322.3155608402753,9690.202872407406,0.0,True
"Q3-[6, 18]@2025-03-16",0.0,0.0,1200.0,10800.0,0.0,True
"Q3-[6, 18]@2025-03-17",-4.884981308350689e-15,0.0,1200.0,10800.0,0.0,True
"Q3-[6, 18]@2025-03-18",0.0,0.0,1200.000000000001,10800.0,0.0,True
"Q3-[6, 18]@2025-03-19",0.0,0.0,1200.0000000000002,10800.0,0.0,True
"Q3-[6, 18]@2025-03-20",-7.105427357601002e-15,0.0,1283.9923408055542,10800.0,0.0,True
"Q3-[6, 18]@2025-03-21",0.0,0.0,1283.9923408055542,9807.913071965737,0.0,True
"Q3-[6, 18]@2025-03-22",0.0,0.0,2280.314731141975,10219.698006151242,0.0,True
"Q3-[6, 18]@2025-03-23",0.0,0.0,1200.0000000000005,10800.0,0.0,True
"Q3-[6, 18]@2025-03-24",0.0,0.0,1200.0,10800.0,0.0,True
"Q3-[6, 18]@2025-03-25",0.0,0.0,1200.0000000000002,10800.0,0.0,True
"Q3-[6, 18]@2025-03-26",0.0,0.0,1200.0000000000002,10800.0,0.0,True
"Q3-[6, 18]@2025-03-27",0.0,0.0,1238.5840101851886,10800.000000000002,0.0,True
"Q3-[6, 18]@2025-03-28",0.0,0.0,1238.5840101851886,10075.921795120059,0.0,True
"Q3-[6, 18]@2025-03-29",0.0,0.0,2043.4216766049387,9886.645428019756,0.0,True
"Q3-[6, 18]@2025-03-30",-7.105427357601002e-15,0.0,1199.999999999999,10800.000000000002,0.0,True
"Q3-[6, 18]@2025-03-31",0.0,0.0,1221.0935334969154,10800.0,0.0,True
"Q3-[6, 18]@2025-04-01",0.0,0.0,1200.0000000000005,10800.0,0.0,True
"Q3-[6, 18]@2025-04-02",0.0,0.0,1200.0000000000014,10800.0,0.0,True
"Q3-[6, 18]@2025-04-03",0.0,0.0,1200.0000000000014,10800.0,0.0,True
"Q3-[6, 18]@2025-04-04",0.0,0.0,1200.0000000000014,10012.50951487221,0.0,True
"Q3-[6, 18]@2025-04-05",0.0,0.0,1552.6977370370375,9886.764859259263,0.0,True
"Q3-[6, 18]@2025-04-06",0.0,0.0,1232.5395239050906,10800.0,0.0,True
"Q3-[6, 18]@2025-04-07",0.0,0.0,1219.8788856481472,10800.0,0.0,True
"Q3-[6, 18]@2025-04-08",0.0,0.0,1200.0,10800.000000000002,0.0,True
"Q3-[6, 18]@2025-04-09",0.0,0.0,1200.0,10800.0,0.0,True
"Q3-[6, 18]@2025-04-10",0.0,0.0,1200.0000000000002,10800.0,0.0,True
"Q3-[6, 18]@2025-04-11",0.0,0.0,1200.000000000001,9881.456958154633,0.0,True
"Q3-[6, 18]@2025-04-12",0.0,0.0,2037.3661096604937,9654.08341927407,0.0,True
"Q3-[6, 18]@2025-04-13",0.0,0.0,1200.0000000000005,10800.0,0.0,True
"Q3-[6, 18]@2025-04-14",-9.325873406851315e-15,0.0,1199.9999999999986,10800.0,0.0,True
"Q3-[6, 18]@2025-04-15",0.0,0.0,1200.0,10800.000000000004,0.0,True
"Q3-[6, 18]@2025-04-16",0.0,0.0,1199.9999999999995,10800.000000000002,0.0,True
"Q3-[6, 18]@2025-04-17",0.0,0.0,1199.9999999999995,10800.0,0.0,True
"Q3-[6, 18]@2025-04-18",0.0,0.0,1200.0000000000014,9909.865816666668,0.0,True
"Q3-[6, 18]@2025-04-19",0.0,0.0,2202.4405237962974,10272.820307796297,0.0,True
"Q3-[6, 18]@2025-04-20",-7.105427357601002e-15,0.0,1200.0,10800.0,0.0,True
"Q3-[6, 18]@2025-04-21",-7.105427357601002e-15,0.0,1200.0,10800.0,0.0,True
"Q3-[6, 18]@2025-04-22",-1.7763568394002505e-15,0.0,1200.0000000000005,10800.0,0.0,True
"Q3-[6, 18]@2025-04-23",-7.105427357601002e-15,0.0,1200.0000000000002,10800.0,0.0,True
"Q3-[6, 18]@2025-04-24",0.0,0.0,1199.9999999999998,10800.0,0.0,True
"Q3-[6, 18]@2025-04-25",0.0,0.0,1199.9999999999998,9655.628705324074,0.0,True
"Q3-[6, 18]@2025-04-26",0.0,0.0,1585.3488956790127,9675.289665277778,0.0,True
"Q3-[6, 18]@2025-04-27",0.0,0.0,1200.000000000001,10800.000000000002,0.0,True
"Q3-[6, 18]@2025-04-28",0.0,0.0,1200.0000000000005,10800.0,0.0,True
"Q3-[6, 18]@2025-04-29",-3.552713678800501e-15,0.0,1199.9999999999998,10800.0,0.0,True
"Q3-[6, 18]@2025-04-30",0.0,0.0,1200.0,10668.092297351852,0.0,True
"Q3-[6, 18]@2025-05-01",0.0,0.0,1200.0,10800.0,0.0,True
"Q3-[6, 18]@2025-05-02",0.0,0.0,1200.0000000000011,10194.578198527788,0.0,True
"Q3-[6, 18]@2025-05-03",0.0,0.0,1994.2892407407412,10102.357509528238,0.0,True
"Q3-[6, 18]@2025-05-04",0.0,0.0,1200.0000000000005,10800.0,0.0,True
"Q3-[6, 18]@2025-05-05",0.0,0.0,1200.0000000000007,10800.0,0.0,True
"Q3-[6, 18]@2025-05-06",0.0,0.0,1200.0000000000011,10800.0,0.0,True
"Q3-[6, 18]@2025-05-07",0.0,0.0,1199.9999999999995,10800.0,0.0,True
"Q3-[6, 18]@2025-05-08",-7.105427357601002e-15,0.0,1200.000000000005,10800.000000000002,0.0,True
"Q3-[6, 18]@2025-05-09",0.0,0.0,1200.000000000005,10048.413243918212,0.0,True
"Q3-[6, 18]@2025-05-10",0.0,0.0,2372.3276174382722,10391.273837005401,0.0,True
"Q3-[6, 18]@2025-05-11",0.0,0.0,1200.0000000000002,10800.0,0.0,True
"Q3-[6, 18]@2025-05-12",0.0,0.0,1200.0,10800.0,0.0,True
"Q3-[6, 18]@2025-05-13",-8.881784197001252e-16,0.0,1200.0000000000002,10800.000000000002,0.0,True
"Q3-[6, 18]@2025-05-14",0.0,0.0,1200.0000000000002,10800.0,0.0,True
"Q3-[6, 18]@2025-05-15",0.0,0.0,1200.0000000000014,10800.0,0.0,True
"Q3-[6, 18]@2025-05-16",0.0,0.0,1200.0000000000014,9777.14478383241,0.0,True
"Q3-[6, 18]@2025-05-17",0.0,0.0,1549.9630632407411,10039.399720953239,0.0,True
"Q3-[6, 18]@2025-05-18",0.0,0.0,1200.0000000000005,10800.0,0.0,True
"Q3-[6, 18]@2025-05-19",-1.7763568394002505e-15,0.0,1200.0,10800.0,0.0,True
"Q3-[6, 18]@2025-05-20",0.0,0.0,1199.9999999999995,10800.0,0.0,True
"Q3-[6, 18]@2025-05-21",0.0,0.0,1199.9999999999995,10800.0,0.0,True
"Q3-[6, 18]@2025-05-22",0.0,0.0,1200.0000000000002,10800.0,0.0,True
"Q3-[6, 18]@2025-05-23",0.0,0.0,1200.0000000000002,9855.292232537038,0.0,True
"Q3-[6, 18]@2025-05-24",0.0,0.0,1485.676413935186,10002.555650847691,0.0,True
"Q3-[6, 18]@2025-05-25",0.0,0.0,1199.9999999999993,10800.0,0.0,True
"Q3-[6, 18]@2025-05-26",0.0,0.0,1199.9999999999993,10781.415283333334,0.0,True
"Q3-[6, 18]@2025-05-27",0.0,0.0,1200.0,10800.0,0.0,True
"Q3-[6, 18]@2025-05-28",0.0,0.0,1200.0000000000011,10800.0,0.0,True
"Q3-[6, 18]@2025-05-29",0.0,0.0,1199.9999999999993,10800.0,0.0,True
"Q3-[6, 18]@2025-05-30",0.0,0.0,1199.9999999999993,9798.912938523148,0.0,True
"Q3-[6, 18]@2025-05-31",0.0,0.0,2135.252933893519,10259.177944679166,0.0,True
"Q3-[6, 18]@2025-06-01",0.0,0.0,1200.0000000000002,10800.0,0.0,True
"Q3-[6, 18]@2025-06-02",0.0,0.0,1200.0000000000002,10800.0,0.0,True
"Q3-[6, 18]@2025-06-03",0.0,0.0,1200.0000000000002,10800.0,0.0,True
"Q3-[6, 18]@2025-06-04",0.0,0.0,1200.0000000000002,10800.0,0.0,True
"Q3-[6, 18]@2025-06-05",0.0,0.0,1200.0000000000002,10800.000000000002,0.0,True
"Q3-[6, 18]@2025-06-06",0.0,0.0,1200.0000000000002,10217.683459717597,0.0,True
"Q3-[6, 18]@2025-06-07",0.0,0.0,1893.9141164490743,10189.369536819442,0.0,True
"Q3-[6, 18]@2025-06-08",0.0,0.0,1200.0000000000002,10800.0,0.0,True
"Q3-[6, 18]@2025-06-09",0.0,0.0,1200.0000000000002,10800.0,0.0,True
"Q3-[6, 18]@2025-06-10",0.0,0.0,1200.0000000000002,10800.0,0.0,True
"Q3-[6, 18]@2025-06-11",0.0,0.0,1200.0000000000002,10800.0,0.0,True
"Q3-[6, 18]@2025-06-12",0.0,0.0,1200.0000000000002,10800.000000000004,0.0,True
"Q3-[6, 18]@2025-06-13",0.0,0.0,1200.0000000000002,10131.375045493056,0.0,True
"Q3-[6, 18]@2025-06-14",0.0,0.0,1992.6474491967615,10195.607816608022,0.0,True
"Q3-[6, 18]@2025-06-15",0.0,0.0,1200.0000000000002,10800.000000000002,0.0,True
"Q3-[6, 18]@2025-06-16",0.0,0.0,1200.0000000000002,10800.0,0.0,True
"Q3-[6, 18]@2025-06-17",0.0,0.0,1200.0000000000002,10800.000000000002,0.0,True
"Q3-[6, 18]@2025-06-18",0.0,0.0,1200.0000000000002,10800.0,0.0,True
"Q3-[6, 18]@2025-06-19",0.0,0.0,1200.0000000000002,10800.0,0.0,True
"Q3-[6, 18]@2025-06-20",0.0,0.0,1200.0000000000002,9851.294100759258,0.0,True
"Q3-[6, 18]@2025-06-21",0.0,0.0,1743.8797489074086,10066.2163045679,0.0,True
"Q3-[6, 18]@2025-06-22",0.0,0.0,1200.0000000000005,10800.0,0.0,True
"Q3-[6, 18]@2025-06-23",0.0,0.0,1200.0000000000002,10800.0,0.0,True
"Q3-[6, 18]@2025-06-24",0.0,0.0,1200.0000000000002,10800.0,0.0,True
"Q3-[6, 18]@2025-06-25",0.0,0.0,1200.0000000000002,10800.000000000004,0.0,True
"Q3-[6, 18]@2025-06-26",0.0,0.0,1199.9999999999998,10800.0,0.0,True
"Q3-[6, 18]@2025-06-27",0.0,0.0,1199.9999999999998,9766.462605851852,0.0,True
"Q3-[6, 18]@2025-06-28",0.0,0.0,1808.576893018521,9668.151099191362,0.0,True
"Q3-[6, 18]@2025-06-29",0.0,0.0,1200.0000000000002,10800.000000000002,0.0,True
"Q3-[6, 18]@2025-06-30",0.0,0.0,1217.183388935185,10800.000000000002,0.0,True
"Q3-[6, 18]@2025-07-01",0.0,0.0,1200.0000000000002,10800.000000000002,0.0,True
"Q3-[6, 18]@2025-07-02",0.0,0.0,1200.0000000000002,10800.000000000002,0.0,True
"Q3-[6, 18]@2025-07-03",0.0,0.0,1200.0000000000002,10800.000000000002,0.0,True
"Q3-[6, 18]@2025-07-04",0.0,0.0,1200.0000000000002,10800.0,0.0,True
"Q3-[6, 18]@2025-07-05",0.0,0.0,1200.0000000000005,10800.0,0.0,True
"Q3-[6, 18]@2025-07-06",0.0,0.0,1200.0000000000002,10800.0,0.0,True
"Q3-[6, 18]@2025-07-07",0.0,0.0,1200.0000000000002,10800.0,0.0,True
"Q3-[6, 18]@2025-07-08",0.0,0.0,1200.0000000000002,10800.0,0.0,True
"Q3-[6, 18]@2025-07-09",0.0,0.0,1200.0000000000002,10800.0,0.0,True
"Q3-[6, 18]@2025-07-10",0.0,0.0,1200.0000000000002,10800.0,0.0,True
"Q3-[6, 18]@2025-07-11",0.0,0.0,1200.0000000000002,10796.420718375,0.0,True
"Q3-[6, 18]@2025-07-12",0.0,0.0,1200.0,10800.0,0.0,True
"Q3-[6, 18]@2025-07-13",0.0,0.0,1200.0000000000002,10800.0,0.0,True
"Q3-[6, 18]@2025-07-14",0.0,0.0,1200.0000000000002,10800.0,0.0,True
"Q3-[6, 18]@2025-07-15",-8.881784197001252e-16,0.0,1200.0000000000002,10800.0,0.0,True
"Q3-[6, 18]@2025-07-16",-4.884981308350689e-15,0.0,1200.0,10800.0,0.0,True
"Q3-[6, 18]@2025-07-17",0.0,0.0,1200.0000000000002,10800.0,0.0,True
"Q3-[6, 18]@2025-07-18",0.0,0.0,1200.0000000000002,10295.330594375004,0.0,True
"Q3-[6, 18]@2025-07-19",0.0,0.0,1384.9066168981478,10363.22112633102,0.0,True
"Q3-[6, 18]@2025-07-20",0.0,0.0,1200.0000000000002,10800.0,0.0,True
"Q3-[6, 18]@2025-07-21",0.0,0.0,1200.0000000000002,10800.000000000002,0.0,True
"Q3-[6, 18]@2025-07-22",0.0,0.0,1200.0,10800.0,0.0,True
"Q3-[6, 18]@2025-07-23",0.0,0.0,1200.0000000000002,10800.0,0.0,True
"Q3-[6, 18]@2025-07-24",0.0,0.0,1200.0,10800.0,0.0,True
"Q3-[6, 18]@2025-07-25",0.0,0.0,1200.0000000000002,9948.855329594902,0.0,True
"Q3-[6, 18]@2025-07-26",10.752464791666512,0.0,1902.7166999652757,9944.130241863424,0.0,True
"Q3-[6, 18]@2025-07-27",0.0,0.0,1200.0000000000002,10800.0,0.0,True
"Q3-[6, 18]@2025-07-28",-7.105427357601002e-15,0.0,1200.0000000000002,10800.0,0.0,True
"Q3-[6, 18]@2025-07-29",0.0,0.0,1200.0000000000005,10800.0,0.0,True
"Q3-[6, 18]@2025-07-30",0.0,0.0,1199.9999999999995,10800.000000000002,0.0,True
"Q3-[6, 18]@2025-07-31",0.0,0.0,1200.0000000000045,10800.0,0.0,True
"Q3-[6, 18]@2025-08-01",0.0,0.0,1200.0000000000045,10039.284950497684,0.0,True
"Q3-[6, 18]@2025-08-02",0.0,0.0,2042.4850354513892,10236.461425425927,0.0,True
"Q3-[6, 18]@2025-08-03",0.0,0.0,1200.0000000000007,10800.0,0.0,True
"Q3-[6, 18]@2025-08-04",0.0,0.0,1200.0000000000002,10693.12454440973,0.0,True
"Q3-[6, 18]@2025-08-05",0.0,0.0,1200.0000000000002,10800.0,0.0,True
"Q3-[6, 18]@2025-08-06",0.0,0.0,1200.0000000000036,10680.180912789358,0.0,True
"Q3-[6, 18]@2025-08-07",0.0,0.0,1200.0000000000036,10800.0,0.0,True
"Q3-[6, 18]@2025-08-08",0.0,0.0,1274.261745370368,9599.514389375001,0.0,True
"Q3-[6, 18]@2025-08-09",0.0,0.0,1668.028509745373,9616.65338193287,0.0,True
"Q3-[6, 18]@2025-08-10",0.0,0.0,1200.0,10711.558738622687,0.0,True
"Q3-[6, 18]@2025-08-11",0.0,0.0,1200.0,10800.000000000002,0.0,True
"Q3-[6, 18]@2025-08-12",0.0,0.0,1200.0000000000007,10800.0,0.0,True
"Q3-[6, 18]@2025-08-13",-7.105427357601002e-15,0.0,1200.0000000000011,10800.000000000002,0.0,True
"Q3-[6, 18]@2025-08-14",0.0,0.0,1199.9999999999998,10735.648857986109,0.0,True
"Q3-[6, 18]@2025-08-15",0.0,0.0,1200.0000000000005,9707.07382523148,0.0,True
"Q3-[6, 18]@2025-08-16",0.0,0.0,1464.4098351851862,9811.262143532404,0.0,True
"Q3-[6, 18]@2025-08-17",0.0,0.0,1200.0,10800.0,0.0,True
"Q3-[6, 18]@2025-08-18",0.0,0.0,1200.0,10800.000000000002,0.0,True
"Q3-[6, 18]@2025-08-19",0.0,0.0,1219.5466150462992,10697.996923009254,0.0,True
"Q3-[6, 18]@2025-08-20",0.0,0.0,1200.0000000000005,10800.0,0.0,True
"Q3-[6, 18]@2025-08-21",-2.220446049250313e-15,0.0,1262.322771527779,10800.0,0.0,True
"Q3-[6, 18]@2025-08-22",0.0,0.0,1262.322771527779,9741.963533447526,0.0,True
"Q3-[6, 18]@2025-08-23",0.0,0.0,1760.0878565956746,10563.691719381477,0.0,True
"Q3-[6, 18]@2025-08-24",-1.4210854715202004e-14,0.0,1200.0,10759.456725416667,0.0,True
"Q3-[6, 18]@2025-08-25",0.0,0.0,1200.0,10800.0,0.0,True
"Q3-[6, 18]@2025-08-26",0.0,0.0,1200.0,10517.247818495372,0.0,True
"Q3-[6, 18]@2025-08-27",0.0,0.0,1231.4767387500046,10800.0,0.0,True
"Q3-[6, 18]@2025-08-28",-3.552713678800501e-15,0.0,1200.0000000000002,10800.0,0.0,True
"Q3-[6, 18]@2025-08-29",0.0,0.0,1200.0000000000034,9613.380053612345,0.0,True
"Q3-[6, 18]@2025-08-30",0.0,0.0,1834.9737900475307,10137.263613863894,0.0,True
"Q3-[6, 18]@2025-08-31",0.0,0.0,1200.0,10554.072940509262,0.0,True
"Q3-[6, 18]@2025-09-01",0.0,0.0,1199.9999999999995,10800.0,0.0,True
"Q3-[6, 18]@2025-09-02",0.0,0.0,1199.9999999999995,10800.0,0.0,True
"Q3-[6, 18]@2025-09-03",0.0,0.0,1200.0,10800.0,0.0,True
"Q3-[6, 18]@2025-09-04",0.0,0.0,1200.0,9967.936635092588,0.0,True
"Q3-[6, 18]@2025-09-05",0.0,0.0,1200.0000000000011,8679.84242267284,0.0,True
"Q3-[6, 18]@2025-09-06",0.0,0.0,1563.5790893395074,9384.909247419908,0.0,True
"Q3-[6, 18]@2025-09-07",0.0,0.0,1200.0000000000002,10278.760879506171,0.0,True
"Q3-[6, 18]@2025-09-08",0.0,0.0,1200.0,10800.0,0.0,True
"Q3-[6, 18]@2025-09-09",0.0,0.0,1200.0,10800.0,0.0,True
"Q3-[6, 18]@2025-09-10",-1.4210854715202004e-14,0.0,1199.9999999999998,10800.0,0.0,True
"Q3-[6, 18]@2025-09-11",0.0,0.0,1199.9999999999998,10800.0,0.0,True
"Q3-[6, 18]@2025-09-12",0.0,0.0,1200.0,9003.835849974545,0.0,True
"Q3-[6, 18]@2025-09-13",0.0,0.0,1572.222994194442,8722.633189796295,0.0,True
"Q3-[6, 18]@2025-09-14",0.0,0.0,1200.0000000000005,10800.0,0.0,True
"Q3-[6, 18]@2025-09-15",0.0,0.0,1200.0,10800.0,0.0,True
"Q3-[6, 18]@2025-09-16",0.0,0.0,1200.0,10800.0,0.0,True
"Q3-[6, 18]@2025-09-17",0.0,0.0,1200.0000000000002,10800.0,0.0,True
"Q3-[6, 18]@2025-09-18",0.0,0.0,1200.0000000000005,10800.0,0.0,True
"Q3-[6, 18]@2025-09-19",0.0,0.0,1200.0000000000005,9482.080626217596,0.0,True
"Q3-[6, 18]@2025-09-20",0.0,0.0,1982.1895380972185,9330.297325134256,0.0,True
"Q3-[6, 18]@2025-09-21",0.0,0.0,1200.0,10800.0,0.0,True
"Q3-[6, 18]@2025-09-22",0.0,0.0,1199.9999999999995,10800.0,0.0,True
"Q3-[6, 18]@2025-09-23",0.0,0.0,1200.000000000001,10800.0,0.0,True
"Q3-[6, 18]@2025-09-24",0.0,0.0,1200.0,10800.0,0.0,True
"Q3-[6, 18]@2025-09-25",0.0,0.0,1200.0,10800.000000000004,0.0,True
"Q3-[6, 18]@2025-09-26",0.0,0.0,1243.7303396944505,9641.370689923608,0.0,True
"Q3-[6, 18]@2025-09-27",0.0,0.0,1669.1876166666677,10673.093246246908,0.0,True
"Q3-[6, 18]@2025-09-28",0.0,0.0,1214.1873220277744,10800.0,0.0,True
"Q3-[6, 18]@2025-09-29",0.0,0.0,1200.0000000000014,10800.0,0.0,True
"Q3-[6, 18]@2025-09-30",0.0,0.0,1199.9999999999986,10800.0,0.0,True
"Q3-[6, 18]@2025-10-01",0.0,0.0,1200.0,10800.0,0.0,True
"Q3-[6, 18]@2025-10-02",0.0,0.0,1200.0000000000025,10800.000000000002,0.0,True
"Q3-[6, 18]@2025-10-03",0.0,0.0,1200.0000000000025,9802.923793332408,0.0,True
"Q3-[6, 18]@2025-10-04",0.0,0.0,2380.1839547212985,10800.0,0.0,True
"Q3-[6, 18]@2025-10-05",0.0,0.0,1200.0000000000002,10800.000000000002,0.0,True
"Q3-[6, 18]@2025-10-06",0.0,0.0,1200.0000000000002,10800.000000000002,0.0,True
"Q3-[6, 18]@2025-10-07",0.0,0.0,1200.0000000000002,10800.0,0.0,True
"Q3-[6, 18]@2025-10-08",0.0,0.0,1199.9999999999995,10800.0,0.0,True
"Q3-[6, 18]@2025-10-09",0.0,0.0,1211.2541194444482,10800.0,0.0,True
"Q3-[6, 18]@2025-10-10",0.0,0.0,1211.2541194444482,9879.968426828706,0.0,True
"Q3-[6, 18]@2025-10-11",0.0,0.0,2457.298063402777,10800.0,0.0,True
"Q3-[6, 18]@2025-10-12",0.0,0.0,1200.000000000002,10800.000000000004,0.0,True
"Q3-[6, 18]@2025-10-13",0.0,0.0,1200.0,10800.000000000002,0.0,True
"Q3-[6, 18]@2025-10-14",0.0,0.0,1200.0000000000005,10800.000000000002,0.0,True
"Q3-[6, 18]@2025-10-15",0.0,0.0,1200.0000000000005,10800.0,0.0,True
"Q3-[6, 18]@2025-10-16",0.0,0.0,1200.0000000000005,10800.0,0.0,True
"Q3-[6, 18]@2025-10-17",0.0,0.0,1200.0000000000018,10337.089098734565,0.0,True
"Q3-[6, 18]@2025-10-18",0.0,0.0,1705.988627314817,9743.133657124998,0.0,True
"Q3-[6, 18]@2025-10-19",0.0,0.0,1201.1445527777787,10800.0,0.0,True
"Q3-[6, 18]@2025-10-20",0.0,0.0,1200.0000000000005,10800.0,0.0,True
"Q3-[6, 18]@2025-10-21",0.0,0.0,1200.0,10800.0,0.0,True
"Q3-[6, 18]@2025-10-22",0.0,0.0,1200.0,10800.0,0.0,True
"Q3-[6, 18]@2025-10-23",0.0,0.0,1199.9999999999998,10800.0,0.0,True
"Q3-[6, 18]@2025-10-24",0.0,0.0,1199.9999999999998,10684.100922636573,0.0,True
"Q3-[6, 18]@2025-10-25",0.0,0.0,3348.025247962966,10800.0,0.0,True
"Q3-[6, 18]@2025-10-26",0.0,0.0,1200.0,10800.0,0.0,True
"Q3-[6, 18]@2025-10-27",0.0,0.0,1200.0000000000014,10800.0,0.0,True
"Q3-[6, 18]@2025-10-28",0.0,0.0,1200.0000000000007,10800.0,0.0,True
"Q3-[6, 18]@2025-10-29",0.0,0.0,1200.0,10800.000000000002,0.0,True
"Q3-[6, 18]@2025-10-30",0.0,0.0,1200.0000000000011,10800.000000000005,0.0,True
"Q3-[6, 18]@2025-10-31",0.0,0.0,1200.0000000000011,10649.765262500001,0.0,True
"Q3-[6, 18]@2025-11-01",0.0,0.0,2257.0308574074065,10800.000000000004,0.0,True
"Q3-[6, 18]@2025-11-02",0.0,0.0,1200.0000000000011,10800.0,0.0,True
"Q3-[6, 18]@2025-11-03",0.0,0.0,1200.0,10800.0,0.0,True
"Q3-[6, 18]@2025-11-04",0.0,0.0,1200.0,10800.0,0.0,True
"Q3-[6, 18]@2025-11-05",0.0,0.0,1199.9999999999995,10800.0,0.0,True
"Q3-[6, 18]@2025-11-06",0.0,0.0,1200.0000000000005,10800.000000000002,0.0,True
"Q3-[6, 18]@2025-11-07",0.0,0.0,1200.0000000000005,10800.0,0.0,True
"Q3-[6, 18]@2025-11-08",0.0,0.0,2515.0331979166644,10800.0,0.0,True
"Q3-[6, 18]@2025-11-09",0.0,0.0,1200.0000000000005,10800.000000000004,0.0,True
"Q3-[6, 18]@2025-11-10",0.0,0.0,1200.0000000000002,10800.0,0.0,True
"Q3-[6, 18]@2025-11-11",0.0,0.0,1200.0,10800.0,0.0,True
"Q3-[6, 18]@2025-11-12",0.0,0.0,1200.0,10800.0,0.0,True
"Q3-[6, 18]@2025-11-13",0.0,0.0,1199.9999999999995,10800.000000000002,0.0,True
"Q3-[6, 18]@2025-11-14",0.0,0.0,1199.9999999999995,10800.0,0.0,True
"Q3-[6, 18]@2025-11-15",0.0,0.0,3312.26557730787,10800.0,0.0,True
"Q3-[6, 18]@2025-11-16",0.0,0.0,1200.0,10800.0,0.0,True
"Q3-[6, 18]@2025-11-17",0.0,0.0,1200.0000000000002,10800.0,0.0,True
"Q3-[6, 18]@2025-11-18",0.0,0.0,1200.0000000000002,10800.000000000002,0.0,True
"Q3-[6, 18]@2025-11-19",0.0,0.0,1199.9999999999993,10800.0,0.0,True
"Q3-[6, 18]@2025-11-20",0.0,0.0,1200.000000000001,10800.0,0.0,True
"Q3-[6, 18]@2025-11-21",0.0,0.0,1200.000000000001,10800.0,0.0,True
"Q3-[6, 18]@2025-11-22",0.0,0.0,2512.2476278333356,10800.0,0.0,True
"Q3-[6, 18]@2025-11-23",0.0,0.0,1199.9999999999995,10800.0,0.0,True
"Q3-[6, 18]@2025-11-24",0.0,0.0,1200.0,10800.000000000002,0.0,True
"Q3-[6, 18]@2025-11-25",0.0,0.0,1200.0,10800.000000000002,0.0,True
"Q3-[6, 18]@2025-11-26",0.0,0.0,1200.0,10800.0,0.0,True
"Q3-[6, 18]@2025-11-27",0.0,0.0,1200.000000000001,10800.000000000004,0.0,True
"Q3-[6, 18]@2025-11-28",0.0,0.0,1200.000000000001,10800.0,0.0,True
"Q3-[6, 18]@2025-11-29",0.0,0.0,2390.307469437502,10800.0,0.0,True
"Q3-[6, 18]@2025-11-30",0.0,0.0,1200.0000000000005,10800.0,0.0,True
"Q3-[6, 18]@2025-12-01",0.0,0.0,1200.0,10800.000000000002,0.0,True
"Q3-[6, 18]@2025-12-02",0.0,0.0,1200.0,10800.0,0.0,True
"Q3-[6, 18]@2025-12-03",0.0,0.0,1200.000000000001,10800.0,0.0,True
"Q3-[6, 18]@2025-12-04",0.0,0.0,1200.0000000000002,10800.000000000002,0.0,True
"Q3-[6, 18]@2025-12-05",0.0,0.0,1200.0000000000002,10800.0,0.0,True
"Q3-[6, 18]@2025-12-06",0.0,0.0,1528.776535589508,10800.0,0.0,True
"Q3-[6, 18]@2025-12-07",0.0,0.0,1200.0,10800.0,0.0,True
"Q3-[6, 18]@2025-12-08",0.0,0.0,1200.0000000000005,10800.000000000002,0.0,True
"Q3-[6, 18]@2025-12-09",0.0,0.0,1200.0000000000005,10800.0,0.0,True
"Q3-[6, 18]@2025-12-10",0.0,0.0,1200.0000000000014,10800.0,0.0,True
"Q3-[6, 18]@2025-12-11",0.0,0.0,1199.9999999999995,10800.0,0.0,True
"Q3-[6, 18]@2025-12-12",0.0,0.0,1199.9999999999995,10800.0,0.0,True
"Q3-[6, 18]@2025-12-13",0.0,0.0,2143.4807577430556,10800.0,0.0,True
"Q3-[6, 18]@2025-12-14",0.0,0.0,1200.0,10800.0,0.0,True
"Q3-[6, 18]@2025-12-15",0.0,0.0,1200.0,10800.0,0.0,True
"Q3-[6, 18]@2025-12-16",0.0,0.0,1200.0000000000005,10800.000000000004,0.0,True
"Q3-[6, 18]@2025-12-17",0.0,0.0,1200.0000000000007,10800.0,0.0,True
"Q3-[6, 18]@2025-12-18",0.0,0.0,1200.0000000000005,10800.0,0.0,True
"Q3-[6, 18]@2025-12-19",0.0,0.0,1200.0000000000018,10800.0,0.0,True
"Q3-[6, 18]@2025-12-20",0.0,0.0,2598.0046109219156,10800.0,0.0,True
"Q3-[6, 18]@2025-12-21",0.0,0.0,1200.000000000002,10800.000000000002,0.0,True
"Q3-[6, 18]@2025-12-22",0.0,0.0,1200.0000000000002,10800.0,0.0,True
"Q3-[6, 18]@2025-12-23",0.0,0.0,1200.000000000001,10800.0,0.0,True
"Q3-[6, 18]@2025-12-24",0.0,0.0,1200.0000000000005,10800.0,0.0,True
"Q3-[6, 18]@2025-12-25",0.0,0.0,1200.0000000000002,10800.0,0.0,True
"Q3-[6, 18]@2025-12-26",0.0,0.0,1200.0000000000014,10800.0,0.0,True
"Q3-[6, 18]@2025-12-27",0.0,0.0,2376.3475218780895,10800.0,0.0,True
"Q3-[6, 18]@2025-12-28",0.0,0.0,1200.0,10800.0,0.0,True
"Q3-[6, 18]@2025-12-29",0.0,0.0,1200.0,10800.0,0.0,True
"Q3-[6, 18]@2025-12-30",0.0,0.0,1200.0000000000002,10800.0,0.0,True
"Q3-[6, 18]@2025-12-31",0.0,0.0,1199.9999999999998,10800.0,0.0,True
"Q3-[12, 18]@2025-01-01",-5.684341886080802e-14,0.0,1200.0000000000002,10800.0,0.0,True
"Q3-[12, 18]@2025-01-02",0.0,0.0,1200.0,10800.0,0.0,True
"Q3-[12, 18]@2025-01-03",0.0,0.0,1200.0000000000005,10800.0,0.0,True
"Q3-[12, 18]@2025-01-04",0.0,0.0,1199.9999999999998,10800.0,0.0,True
"Q3-[12, 18]@2025-01-05",0.0,0.0,1200.0,10800.0,0.0,True
"Q3-[12, 18]@2025-01-06",0.0,0.0,1200.000000000001,10800.0,0.0,True
"Q3-[12, 18]@2025-01-07",0.0,0.0,1199.9999999999993,10800.000000000004,0.0,True
"Q3-[12, 18]@2025-01-08",0.0,0.0,1200.0000000000005,10800.000000000002,0.0,True
"Q3-[12, 18]@2025-01-09",0.0,0.0,1200.0000000000005,10800.0,0.0,True
"Q3-[12, 18]@2025-01-10",0.0,0.0,1638.6889802916635,10800.0,0.0,True
"Q3-[12, 18]@2025-01-11",0.0,0.0,1200.0000000000005,10800.0,0.0,True
"Q3-[12, 18]@2025-01-12",0.0,0.0,1200.0,10800.0,0.0,True
"Q3-[12, 18]@2025-01-13",0.0,0.0,1199.9999999999968,10800.0,0.0,True
"Q3-[12, 18]@2025-01-14",0.0,0.0,1199.999999999999,10800.0,0.0,True
"Q3-[12, 18]@2025-01-15",0.0,0.0,1200.0000000000002,10800.0,0.0,True
"Q3-[12, 18]@2025-01-16",0.0,0.0,1200.0,10800.0,0.0,True
"Q3-[12, 18]@2025-01-17",0.0,0.0,1200.0000000000014,10800.0,0.0,True
"Q3-[12, 18]@2025-01-18",0.0,0.0,1799.9999999999998,10800.0,0.0,True
"Q3-[12, 18]@2025-01-19",0.0,0.0,1200.0,10800.0,0.0,True
"Q3-[12, 18]@2025-01-20",0.0,0.0,1199.9999999999986,10800.000000000002,0.0,True
"Q3-[12, 18]@2025-01-21",0.0,0.0,1200.0,10800.0,0.0,True
"Q3-[12, 18]@2025-01-22",0.0,0.0,1200.0,10800.0,0.0,True
"Q3-[12, 18]@2025-01-23",0.0,0.0,1200.0000000000005,10800.0,0.0,True
"Q3-[12, 18]@2025-01-24",0.0,0.0,1200.0,10800.0,0.0,True
"Q3-[12, 18]@2025-01-25",0.0,0.0,1199.9999999999993,10800.0,0.0,True
"Q3-[12, 18]@2025-01-26",0.0,0.0,1199.9999999999998,10800.0,0.0,True
"Q3-[12, 18]@2025-01-27",0.0,0.0,1200.0,10800.0,0.0,True
"Q3-[12, 18]@2025-01-28",0.0,0.0,1200.0,10800.0,0.0,True
"Q3-[12, 18]@2025-01-29",0.0,0.0,1200.0000000000014,10800.0,0.0,True
"Q3-[12, 18]@2025-01-30",0.0,0.0,1200.0000000000002,10800.0,0.0,True
"Q3-[12, 18]@2025-01-31",0.0,0.0,1200.0000000000016,10800.0,0.0,True
"Q3-[12, 18]@2025-02-01",0.0,0.0,1200.0000000000007,10800.0,0.0,True
"Q3-[12, 18]@2025-02-02",0.0,0.0,1200.0000000000007,10800.0,0.0,True
"Q3-[12, 18]@2025-02-03",0.0,0.0,1199.9999999999995,10800.0,0.0,True
"Q3-[12, 18]@2025-02-04",0.0,0.0,1199.9999999999995,10800.0,0.0,True
"Q3-[12, 18]@2025-02-05",-3.552713678800501e-15,0.0,1200.0000000000016,10800.0,0.0,True
"Q3-[12, 18]@2025-02-06",0.0,0.0,1200.0000000000005,10800.0,0.0,True
"Q3-[12, 18]@2025-02-07",0.0,0.0,1200.0,10800.0,0.0,True
"Q3-[12, 18]@2025-02-08",0.0,0.0,1200.0,10800.0,0.0,True
"Q3-[12, 18]@2025-02-09",0.0,0.0,1200.0,10800.0,0.0,True
"Q3-[12, 18]@2025-02-10",0.0,0.0,1200.000000000001,10800.0,0.0,True
"Q3-[12, 18]@2025-02-11",0.0,0.0,1200.0,10800.0,0.0,True
"Q3-[12, 18]@2025-02-12",0.0,0.0,1200.000000000001,10800.0,0.0,True
"Q3-[12, 18]@2025-02-13",0.0,0.0,1199.9999999999995,10800.0,0.0,True
"Q3-[12, 18]@2025-02-14",0.0,0.0,1200.0000000000007,10800.0,0.0,True
"Q3-[12, 18]@2025-02-15",0.0,0.0,1892.7347851851869,10800.0,0.0,True
"Q3-[12, 18]@2025-02-16",0.0,0.0,1200.0000000000014,10800.0,0.0,True
"Q3-[12, 18]@2025-02-17",0.0,0.0,1199.9999999999995,10800.0,0.0,True
"Q3-[12, 18]@2025-02-18",-1.4210854715202004e-14,0.0,1200.0000000000005,10800.0,0.0,True
"Q3-[12, 18]@2025-02-19",-7.105427357601002e-15,0.0,1200.0000000000007,10800.0,0.0,True
"Q3-[12, 18]@2025-02-20",0.0,0.0,1199.9999999999995,10800.0,0.0,True
"Q3-[12, 18]@2025-02-21",0.0,0.0,1700.5617497222222,10800.0,0.0,True
"Q3-[12, 18]@2025-02-22",0.0,0.0,2045.8534333333323,10783.897785521296,0.0,True
"Q3-[12, 18]@2025-02-23",-1.4210854715202004e-14,0.0,1199.9999999999977,10800.0,0.0,True
"Q3-[12, 18]@2025-02-24",0.0,0.0,1199.9999999999998,10800.0,0.0,True
"Q3-[12, 18]@2025-02-25",0.0,0.0,1200.0000000000002,10800.0,0.0,True
"Q3-[12, 18]@2025-02-26",-3.552713678800501e-15,0.0,1200.0000000000007,10800.0,0.0,True
"Q3-[12, 18]@2025-02-27",-3.552713678800501e-15,0.0,1200.0,10800.0,0.0,True
"Q3-[12, 18]@2025-02-28",0.0,0.0,1200.0000000000007,9068.468759259258,0.0,True
"Q3-[12, 18]@2025-03-01",0.0,0.0,1325.0686259259278,10800.0,0.0,True
"Q3-[12, 18]@2025-03-02",-7.105427357601002e-15,0.0,1199.999999999999,10800.0,0.0,True
"Q3-[12, 18]@2025-03-03",0.0,0.0,1200.0000000000011,10800.0,0.0,True
"Q3-[12, 18]@2025-03-04",-7.105427357601002e-15,0.0,1200.0,10800.0,0.0,True
"Q3-[12, 18]@2025-03-05",0.0,0.0,1199.9999999999986,10800.0,0.0,True
"Q3-[12, 18]@2025-03-06",-7.105427357601002e-15,0.0,1200.0000000000007,10800.0,0.0,True
"Q3-[12, 18]@2025-03-07",0.0,0.0,1511.9901740740759,8846.053361102777,0.0,True
"Q3-[12, 18]@2025-03-08",0.0,0.0,1200.0000000000005,8717.940355555553,0.0,True
"Q3-[12, 18]@2025-03-09",0.0,0.0,1200.0000000000005,10800.0,0.0,True
"Q3-[12, 18]@2025-03-10",-7.105427357601002e-15,0.0,1200.0000000000002,10800.0,0.0,True
"Q3-[12, 18]@2025-03-11",0.0,0.0,1200.0000000000005,10800.0,0.0,True
"Q3-[12, 18]@2025-03-12",-3.552713678800501e-15,0.0,1200.0000000000014,10800.0,0.0,True
"Q3-[12, 18]@2025-03-13",0.0,0.0,1199.9999999999998,10800.0,0.0,True
"Q3-[12, 18]@2025-03-14",0.0,0.0,1200.0000000000002,8729.57175185185,0.0,True
"Q3-[12, 18]@2025-03-15",0.0,0.0,1592.8186555555535,8903.269362962963,0.0,True
"Q3-[12, 18]@2025-03-16",0.0,0.0,1200.000000000001,10800.0,0.0,True
"Q3-[12, 18]@2025-03-17",-1.3322676295501878e-15,0.0,1199.999999999999,10800.0,0.0,True
"Q3-[12, 18]@2025-03-18",0.0,0.0,1200.000000000001,10800.0,0.0,True
"Q3-[12, 18]@2025-03-19",-4.739264536368637e-15,0.0,1199.9999999999993,10800.0,0.0,True
"Q3-[12, 18]@2025-03-20",-7.105427357601002e-15,0.0,1200.0000000000005,10800.0,0.0,True
"Q3-[12, 18]@2025-03-21",0.0,0.0,1200.0000000000007,9071.471666666666,0.0,True
"Q3-[12, 18]@2025-03-22",0.0,0.0,1200.0,9174.360418518521,0.0,True
"Q3-[12, 18]@2025-03-23",0.0,0.0,1200.0000000000002,10800.0,0.0,True
"Q3-[12, 18]@2025-03-24",0.0,0.0,1200.0000000000002,10800.0,0.0,True
"Q3-[12, 18]@2025-03-25",0.0,0.0,1200.0000000000016,10800.0,0.0,True
"Q3-[12, 18]@2025-03-26",-2.220446049250313e-15,0.0,1200.000000000001,10800.0,0.0,True
"Q3-[12, 18]@2025-03-27",0.0,0.0,1200.0000000000005,10800.0,0.0,True
"Q3-[12, 18]@2025-03-28",0.0,0.0,1199.9999999999998,9290.980018518521,0.0,True
"Q3-[12, 18]@2025-03-29",0.0,0.0,1200.0000000000007,9450.127342592596,0.0,True
"Q3-[12, 18]@2025-03-30",-7.105427357601002e-15,0.0,1200.0000000000005,10800.0,0.0,True
"Q3-[12, 18]@2025-03-31",-7.105427357601002e-15,0.0,1200.0000000000018,10766.842668753088,0.0,True
"Q3-[12, 18]@2025-04-01",0.0,0.0,1200.000000000003,10800.0,0.0,True
"Q3-[12, 18]@2025-04-02",0.0,0.0,1200.0000000000005,10800.0,0.0,True
"Q3-[12, 18]@2025-04-03",0.0,0.0,1199.9999999999998,10800.0,0.0,True
"Q3-[12, 18]@2025-04-04",0.0,0.0,1199.9999999999993,9109.739870370367,0.0,True
"Q3-[12, 18]@2025-04-05",0.0,0.0,1200.0000000000007,9129.528407407408,0.0,True
"Q3-[12, 18]@2025-04-06",0.0,0.0,1220.6192307623435,10800.0,0.0,True
"Q3-[12, 18]@2025-04-07",0.0,0.0,1219.027573456791,10800.0,0.0,True
"Q3-[12, 18]@2025-04-08",-4.718447854656915e-15,0.0,1200.0000000000005,10800.0,0.0,True
"Q3-[12, 18]@2025-04-09",-1.4210854715202004e-14,0.0,1200.0000000000011,10800.0,0.0,True
"Q3-[12, 18]@2025-04-10",-4.440892098500626e-15,0.0,1199.9999999999995,10800.0,0.0,True
"Q3-[12, 18]@2025-04-11",0.0,0.0,1200.0000000000005,9299.41209074074,0.0,True
"Q3-[12, 18]@2025-04-12",0.0,0.0,1199.9999999999993,9202.28263703704,0.0,True
"Q3-[12, 18]@2025-04-13",-7.105427357601002e-15,0.0,1200.0000000000005,10800.0,0.0,True
"Q3-[12, 18]@2025-04-14",-2.220446049250313e-15,0.0,1200.0000000000005,10800.0,0.0,True
"Q3-[12, 18]@2025-04-15",-8.881784197001252e-16,0.0,1200.0,10800.0,0.0,True
"Q3-[12, 18]@2025-04-16",0.0,0.0,1200.0000000000027,10800.0,0.0,True
"Q3-[12, 18]@2025-04-17",-4.884981308350689e-15,0.0,1200.0,10791.90400975,0.0,True
"Q3-[12, 18]@2025-04-18",0.0,0.0,1200.0,9289.990616666668,0.0,True
"Q3-[12, 18]@2025-04-19",0.0,0.0,1200.0000000000002,9380.153498796295,0.0,True
"Q3-[12, 18]@2025-04-20",0.0,0.0,1200.0,10800.0,0.0,True
"Q3-[12, 18]@2025-04-21",0.0,0.0,1200.0000000000016,10800.0,0.0,True
"Q3-[12, 18]@2025-04-22",-3.552713678800501e-15,0.0,1200.0000000000018,10800.0,0.0,True
"Q3-[12, 18]@2025-04-23",-8.881784197001252e-16,0.0,1200.0000000000011,10800.0,0.0,True
"Q3-[12, 18]@2025-04-24",0.0,0.0,1199.999999999999,10800.000000000002,0.0,True
"Q3-[12, 18]@2025-04-25",0.0,0.0,1200.0000000000005,9063.061135740742,0.0,True
"Q3-[12, 18]@2025-04-26",0.0,0.0,1200.0,9106.470861342594,0.0,True
"Q3-[12, 18]@2025-04-27",-3.552713678800501e-15,0.0,1199.9999999999998,10800.0,0.0,True
"Q3-[12, 18]@2025-04-28",-7.105427357601002e-15,0.0,1200.0000000000014,10800.0,0.0,True
"Q3-[12, 18]@2025-04-29",0.0,0.0,1200.0000000000007,10800.0,0.0,True
"Q3-[12, 18]@2025-04-30",0.0,0.0,1200.0,10780.83443975,0.0,True
"Q3-[12, 18]@2025-05-01",0.0,0.0,1200.0000000000002,10800.0,0.0,True
"Q3-[12, 18]@2025-05-02",0.0,0.0,1200.0000000000005,9420.873251851852,0.0,True
"Q3-[12, 18]@2025-05-03",0.0,0.0,1200.000000000001,9279.905159722222,0.0,True
"Q3-[12, 18]@2025-05-04",-5.329070518200751e-15,0.0,1200.0000000000027,10800.0,0.0,True
"Q3-[12, 18]@2025-05-05",-7.105427357601002e-15,0.0,1200.0,10800.0,0.0,True
"Q3-[12, 18]@2025-05-06",0.0,0.0,1199.9999999999993,10800.0,0.0,True
"Q3-[12, 18]@2025-05-07",0.0,0.0,1199.9999999999986,10800.0,0.0,True
"Q3-[12, 18]@2025-05-08",0.0,0.0,1199.999999999999,10800.0,0.0,True
"Q3-[12, 18]@2025-05-09",0.0,0.0,1199.9999999999998,9268.262771559417,0.0,True
"Q3-[12, 18]@2025-05-10",0.0,0.0,1200.0000000000014,9246.577991804015,0.0,True
"Q3-[12, 18]@2025-05-11",0.0,0.0,1200.0000000000011,10800.0,0.0,True
"Q3-[12, 18]@2025-05-12",-7.105427357601002e-15,0.0,1199.9999999999995,10800.0,0.0,True
"Q3-[12, 18]@2025-05-13",0.0,0.0,1200.0000000000002,10800.0,0.0,True
"Q3-[12, 18]@2025-05-14",0.0,0.0,1200.0000000000002,10800.0,0.0,True
"Q3-[12, 18]@2025-05-15",-1.7763568394002505e-15,0.0,1200.0000000000005,10736.454718645837,0.0,True
"Q3-[12, 18]@2025-05-16",0.0,0.0,1200.0,9149.512639064813,0.0,True
"Q3-[12, 18]@2025-05-17",0.0,0.0,1200.0000000000007,9310.501777467594,0.0,True
"Q3-[12, 18]@2025-05-18",0.0,0.0,1200.0000000000005,10800.0,0.0,True
"Q3-[12, 18]@2025-05-19",0.0,0.0,1200.0,10800.0,0.0,True
"Q3-[12, 18]@2025-05-20",0.0,0.0,1199.9999999999995,10800.0,0.0,True
"Q3-[12, 18]@2025-05-21",0.0,0.0,1199.9999999999995,10800.0,0.0,True
"Q3-[12, 18]@2025-05-22",0.0,0.0,1200.0000000000002,10779.642945875,0.0,True
"Q3-[12, 18]@2025-05-23",0.0,0.0,1200.0000000000002,9871.12090191821,0.0,True
"Q3-[12, 18]@2025-05-24",0.0,0.0,1200.0000000000007,9054.245957152776,0.0,True
"Q3-[12, 18]@2025-05-25",0.0,0.0,1200.0000000000011,10800.0,0.0,True
"Q3-[12, 18]@2025-05-26",-7.105427357601002e-15,0.0,1200.0000000000002,10800.0,0.0,True
"Q3-[12, 18]@2025-05-27",0.0,0.0,1200.0000000000002,10800.0,0.0,True
"Q3-[12, 18]@2025-05-28",0.0,0.0,1200.0000000000002,10800.0,0.0,True
"Q3-[12, 18]@2025-05-29",0.0,0.0,1200.0000000000002,10800.0,0.0,True
"Q3-[12, 18]@2025-05-30",0.0,0.0,1200.0,9221.904150796297,0.0,True
"Q3-[12, 18]@2025-05-31",0.0,0.0,1200.000000000001,9285.079995671298,0.0,True
"Q3-[12, 18]@2025-06-01",0.0,0.0,1200.0000000000002,10800.0,0.0,True
"Q3-[12, 18]@2025-06-02",0.0,0.0,1200.0000000000002,10800.000000000002,0.0,True
"Q3-[12, 18]@2025-06-03",0.0,0.0,1200.0000000000002,10800.0,0.0,True
"Q3-[12, 18]@2025-06-04",0.0,0.0,1200.0000000000002,10800.000000000002,0.0,True
"Q3-[12, 18]@2025-06-05",0.0,0.0,1200.0000000000002,10800.0,0.0,True
"Q3-[12, 18]@2025-06-06",0.0,0.0,1200.0000000000002,10800.0,0.0,True
"Q3-[12, 18]@2025-06-07",0.0,0.0,1200.0000000000002,10800.0,0.0,True
"Q3-[12, 18]@2025-06-08",0.0,0.0,1200.0000000000002,10800.0,0.0,True
"Q3-[12, 18]@2025-06-09",0.0,0.0,1200.0000000000002,10800.0,0.0,True
"Q3-[12, 18]@2025-06-10",0.0,0.0,1200.0000000000002,10800.000000000004,0.0,True
"Q3-[12, 18]@2025-06-11",0.0,0.0,1200.0000000000002,10800.0,0.0,True
"Q3-[12, 18]@2025-06-12",0.0,0.0,1200.0000000000002,10800.0,0.0,True
"Q3-[12, 18]@2025-06-13",0.0,0.0,1199.9999999999995,10800.0,0.0,True
"Q3-[12, 18]@2025-06-14",0.0,0.0,1199.999999999999,10800.0,0.0,True
"Q3-[12, 18]@2025-06-15",-3.552713678800501e-15,0.0,1199.999999999999,10800.0,0.0,True
"Q3-[12, 18]@2025-06-16",0.0,0.0,1200.0000000000002,10800.0,0.0,True
"Q3-[12, 18]@2025-06-17",0.0,0.0,1200.0000000000002,10800.0,0.0,True
"Q3-[12, 18]@2025-06-18",0.0,0.0,1200.0000000000002,10800.0,0.0,True
"Q3-[12, 18]@2025-06-19",0.0,0.0,1200.0000000000002,10800.0,0.0,True
"Q3-[12, 18]@2025-06-20",0.0,0.0,1200.0000000000014,10800.0,0.0,True
"Q3-[12, 18]@2025-06-21",0.0,0.0,1200.0000000000014,9511.021193802468,0.0,True
"Q3-[12, 18]@2025-06-22",0.0,0.0,1200.000000000001,10800.0,0.0,True
"Q3-[12, 18]@2025-06-23",0.0,0.0,1200.0000000000002,10800.0,0.0,True
"Q3-[12, 18]@2025-06-24",0.0,0.0,1200.0000000000002,10800.0,0.0,True
"Q3-[12, 18]@2025-06-25",0.0,0.0,1211.3981774691358,10800.0,0.0,True
"Q3-[12, 18]@2025-06-26",0.0,0.0,1200.0000000000007,10800.0,0.0,True
"Q3-[12, 18]@2025-06-27",0.0,0.0,1200.0000000000007,10049.47929915926,0.0,True
"Q3-[12, 18]@2025-06-28",0.0,0.0,1362.2879117191358,10432.503839519446,0.0,True
"Q3-[12, 18]@2025-06-29",0.0,0.0,1200.0000000000011,10800.0,0.0,True
"Q3-[12, 18]@2025-06-30",0.0,0.0,1217.1833889351858,10800.000000000002,0.0,True
"Q3-[12, 18]@2025-07-01",0.0,0.0,1200.0000000000002,10800.0,0.0,True
"Q3-[12, 18]@2025-07-02",0.0,0.0,1200.0000000000002,10800.0,0.0,True
"Q3-[12, 18]@2025-07-03",0.0,0.0,1200.0000000000002,10800.0,0.0,True
"Q3-[12, 18]@2025-07-04",0.0,0.0,1200.0000000000002,10413.453435083335,0.0,True
"Q3-[12, 18]@2025-07-05",0.0,0.0,1199.9999999999995,10435.647172370363,0.0,True
"Q3-[12, 18]@2025-07-06",-2.842170943040401e-14,0.0,1200.0000000000002,10800.0,0.0,True
"Q3-[12, 18]@2025-07-07",0.0,0.0,1200.0000000000002,10800.0,0.0,True
"Q3-[12, 18]@2025-07-08",0.0,0.0,1200.0000000000002,10800.0,0.0,True
"Q3-[12, 18]@2025-07-09",0.0,0.0,1200.0000000000002,10800.0,0.0,True
"Q3-[12, 18]@2025-07-10",-3.552713678800501e-15,0.0,1200.0000000000002,10800.0,0.0,True
"Q3-[12, 18]@2025-07-11",0.0,0.0,1480.4530665625011,10084.1116353125,0.0,True
"Q3-[12, 18]@2025-07-12",0.0,0.0,1200.0000000000005,10319.244342942127,0.0,True
"Q3-[12, 18]@2025-07-13",0.0,0.0,1200.0000000000002,10800.0,0.0,True
"Q3-[12, 18]@2025-07-14",0.0,0.0,1200.0000000000002,10800.0,0.0,True
"Q3-[12, 18]@2025-07-15",0.0,0.0,1200.0000000000002,10800.0,0.0,True
"Q3-[12, 18]@2025-07-16",0.0,0.0,1200.0000000000002,10800.0,0.0,True
"Q3-[12, 18]@2025-07-17",0.0,0.0,1200.0000000000002,10800.0,0.0,True
"Q3-[12, 18]@2025-07-18",0.0,0.0,1323.07775209491,9615.229042141205,0.0,True
"Q3-[12, 18]@2025-07-19",0.0,0.0,1199.9999999999995,9896.923446296296,0.0,True
"Q3-[12, 18]@2025-07-20",0.0,0.0,1200.0000000000002,10800.0,0.0,True
"Q3-[12, 18]@2025-07-21",0.0,0.0,1200.0000000000002,10800.0,0.0,True
"Q3-[12, 18]@2025-07-22",0.0,0.0,1200.0000000000002,10800.0,0.0,True
"Q3-[12, 18]@2025-07-23",0.0,0.0,1200.0000000000002,10800.000000000004,0.0,True
"Q3-[12, 18]@2025-07-24",0.0,0.0,1200.0000000000002,10800.0,0.0,True
"Q3-[12, 18]@2025-07-25",0.0,0.0,1200.0,9314.968629594907,0.0,True
"Q3-[12, 18]@2025-07-26",5.6943485416666135,0.0,1270.3701384606504,9311.783680358798,0.0,True
"Q3-[12, 18]@2025-07-27",0.0,0.0,1200.0000000000002,10800.0,0.0,True
"Q3-[12, 18]@2025-07-28",-7.105427357601002e-15,0.0,1200.0000000000002,10800.0,0.0,True
"Q3-[12, 18]@2025-07-29",-1.4210854715202004e-14,0.0,1204.9966736125004,10800.0,0.0,True
"Q3-[12, 18]@2025-07-30",-1.4210854715202004e-14,0.0,1200.0,10800.0,0.0,True
"Q3-[12, 18]@2025-07-31",0.0,0.0,1200.0000000000036,10800.0,0.0,True
"Q3-[12, 18]@2025-08-01",0.0,0.0,1200.0000000000002,9196.799915046297,0.0,True
"Q3-[12, 18]@2025-08-02",0.0,0.0,1200.0000000000014,9517.059814814815,0.0,True
"Q3-[12, 18]@2025-08-03",-2.6645352591003757e-15,0.0,1200.0,10722.327013888891,0.0,True
"Q3-[12, 18]@2025-08-04",0.0,0.0,1200.0,10800.0,0.0,True
"Q3-[12, 18]@2025-08-05",0.0,0.0,1200.0000000000002,10800.0,0.0,True
"Q3-[12, 18]@2025-08-06",-1.4210854715202004e-14,0.0,1200.0000000000007,10800.0,0.0,True
"Q3-[12, 18]@2025-08-07",0.0,0.0,1200.0000000000036,10800.0,0.0,True
"Q3-[12, 18]@2025-08-08",0.0,0.0,1200.0,9131.485879629632,0.0,True
"Q3-[12, 18]@2025-08-09",0.0,0.0,1200.0,9040.143288814814,0.0,True
"Q3-[12, 18]@2025-08-10",-1.4210854715202004e-14,0.0,1200.0,10800.0,0.0,True
"Q3-[12, 18]@2025-08-11",0.0,0.0,1208.2539839814815,10800.0,0.0,True
"Q3-[12, 18]@2025-08-12",0.0,0.0,1227.0704614197593,10800.000000000002,0.0,True
"Q3-[12, 18]@2025-08-13",-1.4210854715202004e-14,0.0,1211.3219016203686,10800.0,0.0,True
"Q3-[12, 18]@2025-08-14",0.0,0.0,1200.0000000000005,10800.0,0.0,True
"Q3-[12, 18]@2025-08-15",0.0,0.0,1200.0,9718.48173148148,0.0,True
"Q3-[12, 18]@2025-08-16",0.0,0.0,1200.0000000000005,9204.487842361112,0.0,True
"Q3-[12, 18]@2025-08-17",0.0,0.0,1200.0,10800.0,0.0,True
"Q3-[12, 18]@2025-08-18",0.0,0.0,1199.9999999999993,10800.0,0.0,True
"Q3-[12, 18]@2025-08-19",0.0,0.0,1199.9999999999993,10800.0,0.0,True
"Q3-[12, 18]@2025-08-20",0.0,0.0,1200.0,10800.0,0.0,True
"Q3-[12, 18]@2025-08-21",0.0,0.0,1200.0,10800.0,0.0,True
"Q3-[12, 18]@2025-08-22",0.0,0.0,1200.0,9181.875676851854,0.0,True
"Q3-[12, 18]@2025-08-23",0.0,0.0,1200.0,9409.058928249999,0.0,True
"Q3-[12, 18]@2025-08-24",0.0,0.0,1230.9744620370388,10800.0,0.0,True
"Q3-[12, 18]@2025-08-25",0.0,0.0,1200.0000000000043,10800.0,0.0,True
"Q3-[12, 18]@2025-08-26",0.0,0.0,1200.0,10753.919964564198,0.0,True
"Q3-[12, 18]@2025-08-27",0.0,0.0,1200.0000000000005,10800.0,0.0,True
"Q3-[12, 18]@2025-08-28",-7.105427357601002e-15,0.0,1200.0000000000005,10800.0,0.0,True
"Q3-[12, 18]@2025-08-29",0.0,0.0,1200.000000000001,9198.398901525,0.0,True
"Q3-[12, 18]@2025-08-30",0.0,0.0,1200.0000000000005,9119.594024462962,0.0,True
"Q3-[12, 18]@2025-08-31",-1.7763568394002505e-15,0.0,1200.0000000000002,10800.0,0.0,True
"Q3-[12, 18]@2025-09-01",5.944303874999832,0.0,1200.0000000000002,10800.0,0.0,True
"Q3-[12, 18]@2025-09-02",0.0,0.0,1200.000000000001,10800.0,0.0,True
"Q3-[12, 18]@2025-09-03",0.0,0.0,1199.999999999999,10800.0,0.0,True
"Q3-[12, 18]@2025-09-04",-1.7763568394002505e-15,0.0,1199.999999999999,10800.0,0.0,True
"Q3-[12, 18]@2025-09-05",0.0,0.0,1199.9999999999989,8316.263333333334,0.0,True
"Q3-[12, 18]@2025-09-06",0.0,0.0,1200.0000000000007,8480.407020712963,0.0,True
"Q3-[12, 18]@2025-09-07",0.0,0.0,1222.6453757291667,10800.0,0.0,True
"Q3-[12, 18]@2025-09-08",0.0,0.0,1200.0000000000005,10800.0,0.0,True
"Q3-[12, 18]@2025-09-09",0.0,0.0,1199.9999999999993,10800.000000000002,0.0,True
"Q3-[12, 18]@2025-09-10",0.0,0.0,1200.0000000000016,10800.0,0.0,True
"Q3-[12, 18]@2025-09-11",0.0,0.0,1243.972791226851,10800.0,0.0,True
"Q3-[12, 18]@2025-09-12",0.0,0.0,1200.0000000000005,8421.062861856484,0.0,True
"Q3-[12, 18]@2025-09-13",0.0,0.0,1200.0,8430.797008534724,0.0,True
"Q3-[12, 18]@2025-09-14",0.0,0.0,1199.999999999999,10800.0,0.0,True
"Q3-[12, 18]@2025-09-15",0.0,0.0,1200.000000000001,10800.0,0.0,True
"Q3-[12, 18]@2025-09-16",0.0,0.0,1220.7885007523162,10800.0,0.0,True
"Q3-[12, 18]@2025-09-17",0.0,0.0,1200.000000000001,10800.0,0.0,True
"Q3-[12, 18]@2025-09-18",-2.3869795029440866e-15,0.0,1200.0000000000011,10800.0,0.0,True
"Q3-[12, 18]@2025-09-19",0.0,0.0,1200.0000000000002,8809.104672689817,0.0,True
"Q3-[12, 18]@2025-09-20",0.0,0.0,1200.0000000000011,8922.4769185,0.0,True
"Q3-[12, 18]@2025-09-21",0.0,0.0,1200.000000000002,10800.0,0.0,True
"Q3-[12, 18]@2025-09-22",0.0,0.0,1200.0,10800.0,0.0,True
"Q3-[12, 18]@2025-09-23",0.0,0.0,1200.0000000000014,10800.0,0.0,True
"Q3-[12, 18]@2025-09-24",0.0,0.0,1200.000000000001,10800.0,0.0,True
"Q3-[12, 18]@2025-09-25",0.0,0.0,1200.0000000000005,10800.0,0.0,True
"Q3-[12, 18]@2025-09-26",0.0,0.0,1680.8236803777756,9162.314572916664,0.0,True
"Q3-[12, 18]@2025-09-27",0.0,0.0,1199.9999999999998,9362.606226416667,0.0,True
"Q3-[12, 18]@2025-09-28",0.0,0.0,1200.0000000000014,10800.0,0.0,True
"Q3-[12, 18]@2025-09-29",0.0,0.0,1199.9999999999986,10800.0,0.0,True
"Q3-[12, 18]@2025-09-30",0.0,0.0,1199.9999999999993,10800.0,0.0,True
"Q3-[12, 18]@2025-10-01",0.0,0.0,1200.0,10800.000000000002,0.0,True
"Q3-[12, 18]@2025-10-02",0.0,0.0,1200.000000000001,10800.0,0.0,True
"Q3-[12, 18]@2025-10-03",0.0,0.0,1199.9999999999995,9182.850010753706,0.0,True
"Q3-[12, 18]@2025-10-04",0.0,0.0,1870.754082883336,10800.0,0.0,True
"Q3-[12, 18]@2025-10-05",0.0,0.0,1200.000000000002,10800.0,0.0,True
"Q3-[12, 18]@2025-10-06",0.0,0.0,1199.9999999999998,10800.0,0.0,True
"Q3-[12, 18]@2025-10-07",0.0,0.0,1200.0,10800.0,0.0,True
"Q3-[12, 18]@2025-10-08",0.0,0.0,1200.0000000000002,10800.0,0.0,True
"Q3-[12, 18]@2025-10-09",0.0,0.0,1200.0000000000023,10800.0,0.0,True
"Q3-[12, 18]@2025-10-10",0.0,0.0,1200.000000000001,9238.381481481483,0.0,True
"Q3-[12, 18]@2025-10-11",0.0,0.0,1199.9999999999998,9843.497854444444,0.0,True
"Q3-[12, 18]@2025-10-12",0.0,0.0,1200.0000000000002,10800.0,0.0,True
"Q3-[12, 18]@2025-10-13",0.0,0.0,1200.000000000001,10800.0,0.0,True
"Q3-[12, 18]@2025-10-14",0.0,0.0,1199.9999999999986,10800.0,0.0,True
"Q3-[12, 18]@2025-10-15",-5.551115123125783e-17,0.0,1200.0000000000005,10800.0,0.0,True
"Q3-[12, 18]@2025-10-16",0.0,0.0,1200.000000000001,10800.0,0.0,True
"Q3-[12, 18]@2025-10-17",0.0,0.0,1200.0000000000002,9208.157059259262,0.0,True
"Q3-[12, 18]@2025-10-18",0.0,0.0,1200.0000000000011,8911.910181481482,0.0,True
"Q3-[12, 18]@2025-10-19",0.0,0.0,1200.0000000000007,10800.0,0.0,True
"Q3-[12, 18]@2025-10-20",0.0,0.0,1212.7238999999945,10800.0,0.0,True
"Q3-[12, 18]@2025-10-21",0.0,0.0,1200.0000000000005,10800.0,0.0,True
"Q3-[12, 18]@2025-10-22",0.0,0.0,1200.0000000000007,10800.000000000002,0.0,True
"Q3-[12, 18]@2025-10-23",0.0,0.0,1200.0000000000007,10800.0,0.0,True
"Q3-[12, 18]@2025-10-24",0.0,0.0,1200.0,10243.84840212963,0.0,True
"Q3-[12, 18]@2025-10-25",0.0,0.0,1776.613297314818,10800.0,0.0,True
"Q3-[12, 18]@2025-10-26",0.0,0.0,1200.0,10800.0,0.0,True
"Q3-[12, 18]@2025-10-27",0.0,0.0,1200.0000000000007,10800.0,0.0,True
"Q3-[12, 18]@2025-10-28",0.0,0.0,1200.0000000000005,10800.0,0.0,True
"Q3-[12, 18]@2025-10-29",-1.7763568394002505e-15,0.0,1200.0,10800.0,0.0,True
"Q3-[12, 18]@2025-10-30",0.0,0.0,1200.0000000000011,10800.0,0.0,True
"Q3-[12, 18]@2025-10-31",0.0,0.0,1951.9918339814806,10800.0,0.0,True
"Q3-[12, 18]@2025-11-01",0.0,0.0,1453.6835199500008,10691.338189703089,0.0,True
"Q3-[12, 18]@2025-11-02",0.0,0.0,1200.0000000000023,10800.000000000002,0.0,True
"Q3-[12, 18]@2025-11-03",0.0,0.0,1200.0,10800.0,0.0,True
"Q3-[12, 18]@2025-11-04",0.0,0.0,1200.0000000000011,10800.0,0.0,True
"Q3-[12, 18]@2025-11-05",0.0,0.0,1200.0000000000016,10800.0,0.0,True
"Q3-[12, 18]@2025-11-06",0.0,0.0,1200.0000000000018,10800.0,0.0,True
"Q3-[12, 18]@2025-11-07",0.0,0.0,1200.0000000000007,10800.0,0.0,True
"Q3-[12, 18]@2025-11-08",0.0,0.0,1200.0000000000025,10800.0,0.0,True
"Q3-[12, 18]@2025-11-09",0.0,0.0,1200.0000000000018,10800.0,0.0,True
"Q3-[12, 18]@2025-11-10",0.0,0.0,1200.0000000000016,10800.0,0.0,True
"Q3-[12, 18]@2025-11-11",0.0,0.0,1199.999999999999,10800.0,0.0,True
"Q3-[12, 18]@2025-11-12",0.0,0.0,1200.0,10800.000000000002,0.0,True
"Q3-[12, 18]@2025-11-13",0.0,0.0,1199.9999999999993,10800.000000000002,0.0,True
"Q3-[12, 18]@2025-11-14",0.0,0.0,1200.0000000000002,10800.0,0.0,True
"Q3-[12, 18]@2025-11-15",0.0,0.0,1199.9999999999986,10800.0,0.0,True
"Q3-[12, 18]@2025-11-16",0.0,0.0,1200.0,10800.0,0.0,True
"Q3-[12, 18]@2025-11-17",0.0,0.0,1200.0000000000007,10800.0,0.0,True
"Q3-[12, 18]@2025-11-18",0.0,0.0,1200.0000000000014,10800.0,0.0,True
"Q3-[12, 18]@2025-11-19",0.0,0.0,1200.0000000000016,10800.0,0.0,True
"Q3-[12, 18]@2025-11-20",0.0,0.0,1200.0000000000005,10800.0,0.0,True
"Q3-[12, 18]@2025-11-21",0.0,0.0,1200.0000000000011,10800.0,0.0,True
"Q3-[12, 18]@2025-11-22",0.0,0.0,1200.0000000000007,10800.0,0.0,True
"Q3-[12, 18]@2025-11-23",0.0,0.0,1199.9999999999984,10800.0,0.0,True
"Q3-[12, 18]@2025-11-24",0.0,0.0,1199.9999999999995,10800.0,0.0,True
"Q3-[12, 18]@2025-11-25",0.0,0.0,1200.0,10800.0,0.0,True
"Q3-[12, 18]@2025-11-26",0.0,0.0,1199.999999999999,10800.0,0.0,True
"Q3-[12, 18]@2025-11-27",0.0,0.0,1200.0000000000014,10800.0,0.0,True
"Q3-[12, 18]@2025-11-28",0.0,0.0,1200.0000000000007,10800.0,0.0,True
"Q3-[12, 18]@2025-11-29",0.0,0.0,1800.0000000000018,10800.0,0.0,True
"Q3-[12, 18]@2025-11-30",0.0,0.0,1200.0000000000005,10800.0,0.0,True
"Q3-[12, 18]@2025-12-01",0.0,0.0,1200.0,10800.0,0.0,True
"Q3-[12, 18]@2025-12-02",0.0,0.0,1200.000000000001,10800.0,0.0,True
"Q3-[12, 18]@2025-12-03",0.0,0.0,1199.9999999999998,10800.0,0.0,True
"Q3-[12, 18]@2025-12-04",0.0,0.0,1200.0000000000002,10800.0,0.0,True
"Q3-[12, 18]@2025-12-05",0.0,0.0,1662.0857977500004,10800.0,0.0,True
"Q3-[12, 18]@2025-12-06",0.0,0.0,1707.2768738271623,10800.0,0.0,True
"Q3-[12, 18]@2025-12-07",0.0,0.0,1200.0,10800.0,0.0,True
"Q3-[12, 18]@2025-12-08",0.0,0.0,1200.0,10800.0,0.0,True
"Q3-[12, 18]@2025-12-09",0.0,0.0,1200.0000000000011,10800.0,0.0,True
"Q3-[12, 18]@2025-12-10",0.0,0.0,1200.0,10800.0,0.0,True
"Q3-[12, 18]@2025-12-11",0.0,0.0,1199.9999999999995,10800.0,0.0,True
"Q3-[12, 18]@2025-12-12",0.0,0.0,1518.0127413271596,10800.0,0.0,True
"Q3-[12, 18]@2025-12-13",0.0,0.0,1561.9283633024747,10800.0,0.0,True
"Q3-[12, 18]@2025-12-14",0.0,0.0,1200.0,10800.0,0.0,True
"Q3-[12, 18]@2025-12-15",0.0,0.0,1200.0000000000005,10800.0,0.0,True
"Q3-[12, 18]@2025-12-16",0.0,0.0,1200.000000000001,10800.0,0.0,True
"Q3-[12, 18]@2025-12-17",0.0,0.0,1200.0,10800.0,0.0,True
"Q3-[12, 18]@2025-12-18",0.0,0.0,1200.0,10800.0,0.0,True
"Q3-[12, 18]@2025-12-19",0.0,0.0,1663.9354703046304,10800.0,0.0,True
"Q3-[12, 18]@2025-12-20",0.0,0.0,1796.9154787500006,10800.0,0.0,True
"Q3-[12, 18]@2025-12-21",0.0,0.0,1200.0000000000002,10800.0,0.0,True
"Q3-[12, 18]@2025-12-22",0.0,0.0,1200.0,10800.0,0.0,True
"Q3-[12, 18]@2025-12-23",0.0,0.0,1200.0,10800.0,0.0,True
"Q3-[12, 18]@2025-12-24",0.0,0.0,1199.9999999999993,10800.0,0.0,True
"Q3-[12, 18]@2025-12-25",0.0,0.0,1199.9999999999998,10800.0,0.0,True
"Q3-[12, 18]@2025-12-26",0.0,0.0,1790.4623657,10800.0,0.0,True
"Q3-[12, 18]@2025-12-27",0.0,0.0,1709.5922000000019,10800.0,0.0,True
"Q3-[12, 18]@2025-12-28",0.0,0.0,1200.0000000000011,10800.0,0.0,True
"Q3-[12, 18]@2025-12-29",0.0,0.0,1200.0000000000002,10800.0,0.0,True
"Q3-[12, 18]@2025-12-30",0.0,0.0,1200.0000000000007,10800.0,0.0,True
"Q3-[12, 18]@2025-12-31",0.0,0.0,1200.0,10800.0,0.0,True
"Q3-[12, 18]@2025-01-01",-5.684341886080802e-14,0.0,4985.244644999999,6007.026307499999,0.0,True
"Q3-[12, 18]@2025-01-02",0.0,0.0,1200.0,10800.0,0.0,True
"Q3-[12, 18]@2025-01-03",0.0,0.0,1200.0,10800.0,0.0,True
"Q3-[12, 18]@2025-01-04",0.0,0.0,1200.0,10800.0,0.0,True
"Q3-[12, 18]@2025-01-05",0.0,0.0,1200.0,10800.0,0.0,True
"Q3-[12, 18]@2025-01-06",0.0,0.0,1200.000000000001,10800.0,0.0,True
"Q3-[12, 18]@2025-01-07",0.0,0.0,1200.0,10800.000000000004,0.0,True
"Q3-[12, 18]@2025-01-08",0.0,0.0,1200.0,10800.0,0.0,True
"Q3-[12, 18]@2025-01-09",0.0,0.0,1200.0,10800.0,0.0,True
"Q3-[12, 18]@2025-01-10",0.0,0.0,1200.0000000000005,10800.0,0.0,True
"Q3-[12, 18]@2025-01-11",0.0,0.0,1200.0000000000005,10800.0,0.0,True
"Q3-[12, 18]@2025-01-12",0.0,0.0,1200.000000000001,10800.0,0.0,True
"Q3-[12, 18]@2025-01-13",0.0,0.0,1200.0,10800.0,0.0,True
"Q3-[12, 18]@2025-01-14",0.0,0.0,1199.999999999999,10800.0,0.0,True
"Q3-[12, 18]@2025-01-15",0.0,0.0,1199.9999999999998,10800.0,0.0,True
"Q3-[12, 18]@2025-01-16",0.0,0.0,1200.0,10800.0,0.0,True
"Q3-[12, 18]@2025-01-17",0.0,0.0,1200.0000000000005,10800.0,0.0,True
"Q3-[12, 18]@2025-01-18",0.0,0.0,1200.0000000000018,10800.0,0.0,True
"Q3-[12, 18]@2025-01-19",0.0,0.0,1200.0,10800.0,0.0,True
"Q3-[12, 18]@2025-01-20",0.0,0.0,1200.0,10800.0,0.0,True
"Q3-[12, 18]@2025-01-21",0.0,0.0,1200.0,10800.0,0.0,True
"Q3-[12, 18]@2025-01-22",0.0,0.0,1200.0,10800.0,0.0,True
"Q3-[12, 18]@2025-01-23",0.0,0.0,1200.0,10800.0,0.0,True
"Q3-[12, 18]@2025-01-24",0.0,0.0,1200.0,10800.0,0.0,True
"Q3-[12, 18]@2025-01-25",0.0,0.0,1199.9999999999993,10800.0,0.0,True
"Q3-[12, 18]@2025-01-26",0.0,0.0,1200.0,10800.000000000002,0.0,True
"Q3-[12, 18]@2025-01-27",0.0,0.0,1200.0,10800.0,0.0,True
"Q3-[12, 18]@2025-01-28",0.0,0.0,1200.0000000000002,10800.0,0.0,True
"Q3-[12, 18]@2025-01-29",0.0,0.0,1250.4399444444457,10800.0,0.0,True
"Q3-[12, 18]@2025-01-30",0.0,0.0,1200.0000000000005,10800.0,0.0,True
"Q3-[12, 18]@2025-01-31",0.0,0.0,1199.9999999999998,10800.0,0.0,True
"Q3-[12, 18]@2025-02-01",0.0,0.0,1200.0000000000025,10800.0,0.0,True
"Q3-[12, 18]@2025-02-02",0.0,0.0,1200.0,10800.0,0.0,True
"Q3-[12, 18]@2025-02-03",0.0,0.0,1367.749333827161,10800.0,0.0,True
"Q3-[12, 18]@2025-02-04",0.0,0.0,1199.9999999999995,10800.0,0.0,True
"Q3-[12, 18]@2025-02-05",-3.552713678800501e-15,0.0,1199.9999999999995,10800.0,0.0,True
"Q3-[12, 18]@2025-02-06",0.0,0.0,1200.0000000000005,10800.0,0.0,True
"Q3-[12, 18]@2025-02-07",0.0,0.0,1199.999999999999,10800.0,0.0,True
"Q3-[12, 18]@2025-02-08",0.0,0.0,1200.0,10800.0,0.0,True
"Q3-[12, 18]@2025-02-09",0.0,0.0,1200.0,10800.0,0.0,True
"Q3-[12, 18]@2025-02-10",0.0,0.0,1200.000000000001,10800.0,0.0,True
"Q3-[12, 18]@2025-02-11",0.0,0.0,1200.0,10800.0,0.0,True
"Q3-[12, 18]@2025-02-12",0.0,0.0,1200.000000000001,10800.0,0.0,True
"Q3-[12, 18]@2025-02-13",0.0,0.0,1199.9999999999995,10800.0,0.0,True
"Q3-[12, 18]@2025-02-14",0.0,0.0,1199.9999999999995,10800.0,0.0,True
"Q3-[12, 18]@2025-02-15",0.0,0.0,1792.4308921851875,10800.0,0.0,True
"Q3-[12, 18]@2025-02-16",0.0,0.0,1200.0000000000014,10800.0,0.0,True
"Q3-[12, 18]@2025-02-17",0.0,0.0,1199.9999999999995,10800.0,0.0,True
"Q3-[12, 18]@2025-02-18",-1.4210854715202004e-14,0.0,1200.0000000000005,10800.0,0.0,True
"Q3-[12, 18]@2025-02-19",-7.105427357601002e-15,0.0,1200.0000000000002,10800.0,0.0,True
"Q3-[12, 18]@2025-02-20",0.0,0.0,1199.9999999999995,10800.0,0.0,True
"Q3-[12, 18]@2025-02-21",0.0,0.0,1199.9999999999995,10800.0,0.0,True
"Q3-[12, 18]@2025-02-22",0.0,0.0,1909.3292873750001,10800.0,0.0,True
"Q3-[12, 18]@2025-02-23",-1.4210854715202004e-14,0.0,1200.0000000000018,10800.0,0.0,True
"Q3-[12, 18]@2025-02-24",0.0,0.0,1200.0000000000005,10800.0,0.0,True
"Q3-[12, 18]@2025-02-25",0.0,0.0,1200.0000000000002,10800.0,0.0,True
"Q3-[12, 18]@2025-02-26",-3.552713678800501e-15,0.0,1199.9999999999998,10800.0,0.0,True
"Q3-[12, 18]@2025-02-27",-3.552713678800501e-15,0.0,1200.0,10800.0,0.0,True
"Q3-[12, 18]@2025-02-28",0.0,0.0,1200.0000000000007,8980.809990196762,0.0,True
"Q3-[12, 18]@2025-03-01",0.0,0.0,1200.0000000000005,10800.0,0.0,True
"Q3-[12, 18]@2025-03-02",-7.105427357601002e-15,0.0,1200.0000000000005,10800.0,0.0,True
"Q3-[12, 18]@2025-03-03",0.0,0.0,1200.0000000000005,10800.0,0.0,True
"Q3-[12, 18]@2025-03-04",-7.105427357601002e-15,0.0,1199.9999999999989,10800.0,0.0,True
"Q3-[12, 18]@2025-03-05",0.0,0.0,1199.9999999999989,10800.0,0.0,True
"Q3-[12, 18]@2025-03-06",-7.105427357601002e-15,0.0,1200.0000000000007,10800.0,0.0,True
"Q3-[12, 18]@2025-03-07",0.0,0.0,1200.0000000000007,8430.327374852779,0.0,True
"Q3-[12, 18]@2025-03-08",0.0,0.0,1200.0000000000005,8612.536086055554,0.0,True
"Q3-[12, 18]@2025-03-09",0.0,0.0,1200.0000000000002,10800.0,0.0,True
"Q3-[12, 18]@2025-03-10",-7.105427357601002e-15,0.0,1200.0000000000002,10800.0,0.0,True
"Q3-[12, 18]@2025-03-11",0.0,0.0,1200.0000000000005,10800.0,0.0,True
"Q3-[12, 18]@2025-03-12",-3.552713678800501e-15,0.0,1200.0000000000014,10800.0,0.0,True
"Q3-[12, 18]@2025-03-13",0.0,0.0,1199.9999999999998,10800.0,0.0,True
"Q3-[12, 18]@2025-03-14",0.0,0.0,1200.0000000000002,8624.756321789351,0.0,True
"Q3-[12, 18]@2025-03-15",0.0,0.0,1287.4307775749994,8807.24737446296,0.0,True
"Q3-[12, 18]@2025-03-16",0.0,0.0,1200.0,10800.0,0.0,True
"Q3-[12, 18]@2025-03-17",-1.3322676295501878e-15,0.0,1200.0,10800.0,0.0,True
"Q3-[12, 18]@2025-03-18",0.0,0.0,1200.000000000001,10800.0,0.0,True
"Q3-[12, 18]@2025-03-19",-4.739264536368637e-15,0.0,1199.9999999999993,10800.0,0.0,True
"Q3-[12, 18]@2025-03-20",-7.105427357601002e-15,0.0,1199.9999999999995,10800.0,0.0,True
"Q3-[12, 18]@2025-03-21",0.0,0.0,1199.9999999999995,8983.964919791666,0.0,True
"Q3-[12, 18]@2025-03-22",0.0,0.0,1200.0,9174.36041851852,0.0,True
"Q3-[12, 18]@2025-03-23",0.0,0.0,1200.0000000000002,10800.0,0.0,True
"Q3-[12, 18]@2025-03-24",0.0,0.0,1200.0000000000002,10800.0,0.0,True
"Q3-[12, 18]@2025-03-25",0.0,0.0,1200.0000000000002,10800.0,0.0,True
"Q3-[12, 18]@2025-03-26",-2.220446049250313e-15,0.0,1200.0,10800.0,0.0,True
"Q3-[12, 18]@2025-03-27",0.0,0.0,1200.0,10800.0,0.0,True
"Q3-[12, 18]@2025-03-28",0.0,0.0,1199.9999999999998,9213.315431161267,0.0,True
"Q3-[12, 18]@2025-03-29",0.0,0.0,1200.0000000000007,9382.404049699078,0.0,True
"Q3-[12, 18]@2025-03-30",-7.105427357601002e-15,0.0,1199.999999999999,10800.0,0.0,True
"Q3-[12, 18]@2025-03-31",-7.105427357601002e-15,0.0,1200.0,10779.045718997259,0.0,True
"Q3-[12, 18]@2025-04-01",0.0,0.0,1200.0000000000007,10800.0,0.0,True
"Q3-[12, 18]@2025-04-02",0.0,0.0,1200.0000000000005,10800.0,0.0,True
"Q3-[12, 18]@2025-04-03",0.0,0.0,1199.9999999999998,10800.0,0.0,True
"Q3-[12, 18]@2025-04-04",0.0,0.0,1199.9999999999993,9109.73987037037,0.0,True
"Q3-[12, 18]@2025-04-05",0.0,0.0,1200.0000000000007,9129.52840740741,0.0,True
"Q3-[12, 18]@2025-04-06",0.0,0.0,1211.375151222221,10800.0,0.0,True
"Q3-[12, 18]@2025-04-07",0.0,0.0,1219.8788856481472,10800.0,0.0,True
"Q3-[12, 18]@2025-04-08",-4.718447854656915e-15,0.0,1200.0,10800.0,0.0,True
"Q3-[12, 18]@2025-04-09",-1.4210854715202004e-14,0.0,1200.0,10800.0,0.0,True
"Q3-[12, 18]@2025-04-10",-4.440892098500626e-15,0.0,1200.0000000000002,10800.0,0.0,True
"Q3-[12, 18]@2025-04-11",0.0,0.0,1200.0000000000005,9217.307457761111,0.0,True
"Q3-[12, 18]@2025-04-12",0.0,0.0,1199.9999999999993,9121.791966169754,0.0,True
"Q3-[12, 18]@2025-04-13",-7.105427357601002e-15,0.0,1200.0000000000005,10800.0,0.0,True
"Q3-[12, 18]@2025-04-14",-2.220446049250313e-15,0.0,1199.9999999999986,10800.000000000002,0.0,True
"Q3-[12, 18]@2025-04-15",-8.881784197001252e-16,0.0,1200.0,10800.0,0.0,True
"Q3-[12, 18]@2025-04-16",0.0,0.0,1199.9999999999995,10800.0,0.0,True
"Q3-[12, 18]@2025-04-17",-4.884981308350689e-15,0.0,1199.9999999999995,10800.0,0.0,True
"Q3-[12, 18]@2025-04-18",0.0,0.0,1200.0,9289.990616666668,0.0,True
"Q3-[12, 18]@2025-04-19",0.0,0.0,1200.0000000000002,9380.153498796295,0.0,True
"Q3-[12, 18]@2025-04-20",0.0,0.0,1200.0,10800.0,0.0,True
"Q3-[12, 18]@2025-04-21",0.0,0.0,1200.0,10800.0,0.0,True
"Q3-[12, 18]@2025-04-22",-3.552713678800501e-15,0.0,1200.0000000000005,10800.0,0.0,True
"Q3-[12, 18]@2025-04-23",-8.881784197001252e-16,0.0,1200.0000000000002,10800.0,0.0,True
"Q3-[12, 18]@2025-04-24",0.0,0.0,1199.999999999999,10800.000000000002,0.0,True
"Q3-[12, 18]@2025-04-25",0.0,0.0,1199.9999999999998,9059.105853472221,0.0,True
"Q3-[12, 18]@2025-04-26",0.0,0.0,1200.0,9106.470861342594,0.0,True
"Q3-[12, 18]@2025-04-27",-3.552713678800501e-15,0.0,1200.0000000000005,10800.0,0.0,True
"Q3-[12, 18]@2025-04-28",-7.105427357601002e-15,0.0,1200.0000000000005,10800.0,0.0,True
"Q3-[12, 18]@2025-04-29",0.0,0.0,1199.9999999999998,10800.0,0.0,True
"Q3-[12, 18]@2025-04-30",0.0,0.0,1200.0,10773.38808237423,0.0,True
"Q3-[12, 18]@2025-05-01",0.0,0.0,1200.0000000000011,10800.0,0.0,True
"Q3-[12, 18]@2025-05-02",0.0,0.0,1200.0000000000005,9420.873251851852,0.0,True
"Q3-[12, 18]@2025-05-03",0.0,0.0,1200.000000000001,9279.905159722222,0.0,True
"Q3-[12, 18]@2025-05-04",-5.329070518200751e-15,0.0,1200.0000000000005,10800.0,0.0,True
"Q3-[12, 18]@2025-05-05",-7.105427357601002e-15,0.0,1200.0,10800.0,0.0,True
"Q3-[12, 18]@2025-05-06",0.0,0.0,1200.000000000001,10800.0,0.0,True
"Q3-[12, 18]@2025-05-07",0.0,0.0,1199.9999999999995,10800.0,0.0,True
"Q3-[12, 18]@2025-05-08",0.0,0.0,1200.000000000005,10800.0,0.0,True
"Q3-[12, 18]@2025-05-09",0.0,0.0,1199.9999999999998,9268.262771559417,0.0,True
"Q3-[12, 18]@2025-05-10",0.0,0.0,1200.0000000000014,9228.415684100002,0.0,True
"Q3-[12, 18]@2025-05-11",0.0,0.0,1200.0000000000002,10800.0,0.0,True
"Q3-[12, 18]@2025-05-12",-7.105427357601002e-15,0.0,1200.0,10800.0,0.0,True
"Q3-[12, 18]@2025-05-13",0.0,0.0,1200.0000000000002,10800.0,0.0,True
"Q3-[12, 18]@2025-05-14",0.0,0.0,1200.0000000000002,10800.0,0.0,True
"Q3-[12, 18]@2025-05-15",-1.7763568394002505e-15,0.0,1200.0000000000014,10704.273066162039,0.0,True
"Q3-[12, 18]@2025-05-16",0.0,0.0,1200.0,9174.458081698145,0.0,True
"Q3-[12, 18]@2025-05-17",0.0,0.0,1200.0000000000007,9323.551618999076,0.0,True
"Q3-[12, 18]@2025-05-18",0.0,0.0,1200.0000000000005,10800.0,0.0,True
"Q3-[12, 18]@2025-05-19",0.0,0.0,1200.0,10800.0,0.0,True
"Q3-[12, 18]@2025-05-20",0.0,0.0,1199.9999999999995,10764.544773616512,0.0,True
"Q3-[12, 18]@2025-05-21",0.0,0.0,1199.9999999999995,10800.0,0.0,True
"Q3-[12, 18]@2025-05-22",0.0,0.0,1199.9999999999989,10780.025981625,0.0,True
"Q3-[12, 18]@2025-05-23",0.0,0.0,1200.0000000000002,9870.426487103397,0.0,True
"Q3-[12, 18]@2025-05-24",0.0,0.0,1200.0000000000007,9058.357395300925,0.0,True
"Q3-[12, 18]@2025-05-25",0.0,0.0,1199.9999999999993,10800.0,0.0,True
"Q3-[12, 18]@2025-05-26",-7.105427357601002e-15,0.0,1199.9999999999993,10767.018072988423,0.0,True
"Q3-[12, 18]@2025-05-27",0.0,0.0,1200.0000000000005,10800.0,0.0,True
"Q3-[12, 18]@2025-05-28",0.0,0.0,1200.0000000000011,10800.0,0.0,True
"Q3-[12, 18]@2025-05-29",0.0,0.0,1199.9999999999993,10800.0,0.0,True
"Q3-[12, 18]@2025-05-30",0.0,0.0,1199.9999999999993,9221.731103018516,0.0,True
"Q3-[12, 18]@2025-05-31",0.0,0.0,1200.000000000001,9461.735145833334,0.0,True
"Q3-[12, 18]@2025-06-01",0.0,0.0,1200.0000000000002,10800.0,0.0,True
"Q3-[12, 18]@2025-06-02",0.0,0.0,1200.0000000000002,10800.0,0.0,True
"Q3-[12, 18]@2025-06-03",0.0,0.0,1200.0000000000002,10800.0,0.0,True
"Q3-[12, 18]@2025-06-04",0.0,0.0,1200.0000000000002,10800.0,0.0,True
"Q3-[12, 18]@2025-06-05",0.0,0.0,1200.0000000000002,10800.0,0.0,True
"Q3-[12, 18]@2025-06-06",0.0,0.0,1199.9999999999993,9514.866611111109,0.0,True
"Q3-[12, 18]@2025-06-07",0.0,0.0,1199.9999999999993,9913.01821972222,0.0,True
"Q3-[12, 18]@2025-06-08",0.0,0.0,1200.0000000000002,10800.0,0.0,True
"Q3-[12, 18]@2025-06-09",0.0,0.0,1200.0000000000002,10800.0,0.0,True
"Q3-[12, 18]@2025-06-10",0.0,0.0,1200.0000000000002,10800.0,0.0,True
"Q3-[12, 18]@2025-06-11",0.0,0.0,1200.0000000000002,10800.0,0.0,True
"Q3-[12, 18]@2025-06-12",0.0,0.0,1200.0000000000002,10800.0,0.0,True
"Q3-[12, 18]@2025-06-13",0.0,0.0,1199.9999999999995,9338.727596296296,0.0,True
"Q3-[12, 18]@2025-06-14",0.0,0.0,1199.999999999999,9384.076491358024,0.0,True
"Q3-[12, 18]@2025-06-15",-3.552713678800501e-15,0.0,1199.999999999999,10800.0,0.0,True
"Q3-[12, 18]@2025-06-16",0.0,0.0,1200.0000000000002,10800.0,0.0,True
"Q3-[12, 18]@2025-06-17",0.0,0.0,1200.0000000000002,10800.0,0.0,True
"Q3-[12, 18]@2025-06-18",0.0,0.0,1200.0000000000002,10800.0,0.0,True
"Q3-[12, 18]@2025-06-19",0.0,0.0,1200.0000000000002,10800.0,0.0,True
"Q3-[12, 18]@2025-06-20",0.0,0.0,1199.9999999999982,9207.96613310185,0.0,True
"Q3-[12, 18]@2025-06-21",0.0,0.0,1199.9999999999982,9511.153559882716,0.0,True
"Q3-[12, 18]@2025-06-22",0.0,0.0,1200.0000000000005,10800.0,0.0,True
"Q3-[12, 18]@2025-06-23",0.0,0.0,1200.0000000000002,10800.0,0.0,True
"Q3-[12, 18]@2025-06-24",0.0,0.0,1200.0000000000002,10800.0,0.0,True
"Q3-[12, 18]@2025-06-25",0.0,0.0,1200.0000000000002,10800.000000000002,0.0,True
"Q3-[12, 18]@2025-06-26",0.0,0.0,1199.9999999999998,10800.0,0.0,True
"Q3-[12, 18]@2025-06-27",0.0,0.0,1199.9999999999998,9450.689476851852,0.0,True
"Q3-[12, 18]@2025-06-28",0.0,0.0,1362.287911719134,9221.862117891975,0.0,True
"Q3-[12, 18]@2025-06-29",0.0,0.0,1200.0000000000002,10800.0,0.0,True
"Q3-[12, 18]@2025-06-30",0.0,0.0,1217.183388935185,10800.0,0.0,True
"Q3-[12, 18]@2025-07-01",0.0,0.0,1200.0000000000002,10800.0,0.0,True
"Q3-[12, 18]@2025-07-02",0.0,0.0,1200.0000000000002,10800.0,0.0,True
"Q3-[12, 18]@2025-07-03",0.0,0.0,1200.0000000000002,10800.0,0.0,True
"Q3-[12, 18]@2025-07-04",0.0,0.0,1200.0000000000002,10413.453435083335,0.0,True
"Q3-[12, 18]@2025-07-05",0.0,0.0,1199.9999999999995,10433.619390333328,0.0,True
"Q3-[12, 18]@2025-07-06",-2.842170943040401e-14,0.0,1200.0000000000002,10800.0,0.0,True
"Q3-[12, 18]@2025-07-07",0.0,0.0,1200.0000000000002,10800.0,0.0,True
"Q3-[12, 18]@2025-07-08",0.0,0.0,1200.0000000000002,10800.0,0.0,True
"Q3-[12, 18]@2025-07-09",0.0,0.0,1200.0000000000002,10800.0,0.0,True
"Q3-[12, 18]@2025-07-10",-3.552713678800501e-15,0.0,1200.0000000000002,10800.0,0.0,True
"Q3-[12, 18]@2025-07-11",0.0,0.0,1199.9999999999995,10084.1116353125,0.0,True
"Q3-[12, 18]@2025-07-12",0.0,0.0,1200.0,10259.190165704473,0.0,True
"Q3-[12, 18]@2025-07-13",0.0,0.0,1200.0000000000002,10800.0,0.0,True
"Q3-[12, 18]@2025-07-14",0.0,0.0,1200.0000000000002,10800.0,0.0,True
"Q3-[12, 18]@2025-07-15",0.0,0.0,1200.0000000000002,10800.0,0.0,True
"Q3-[12, 18]@2025-07-16",0.0,0.0,1200.0,10800.0,0.0,True
"Q3-[12, 18]@2025-07-17",0.0,0.0,1200.0000000000002,10800.0,0.0,True
"Q3-[12, 18]@2025-07-18",0.0,0.0,1200.0000000000002,9615.229042141205,0.0,True
"Q3-[12, 18]@2025-07-19",0.0,0.0,1199.9999999999995,9896.923446296296,0.0,True
"Q3-[12, 18]@2025-07-20",0.0,0.0,1200.0000000000002,10800.0,0.0,True
"Q3-[12, 18]@2025-07-21",0.0,0.0,1200.0000000000002,10800.0,0.0,True
"Q3-[12, 18]@2025-07-22",0.0,0.0,1200.0,10800.0,0.0,True
"Q3-[12, 18]@2025-07-23",0.0,0.0,1200.0000000000002,10800.000000000004,0.0,True
"Q3-[12, 18]@2025-07-24",0.0,0.0,1200.0,10800.0,0.0,True
"Q3-[12, 18]@2025-07-25",0.0,0.0,1200.0,9314.968629594907,0.0,True
"Q3-[12, 18]@2025-07-26",5.6943485416666135,0.0,1200.0000000000002,9311.783680358796,0.0,True
"Q3-[12, 18]@2025-07-27",0.0,0.0,1200.0000000000002,10800.0,0.0,True
"Q3-[12, 18]@2025-07-28",-7.105427357601002e-15,0.0,1200.0000000000002,10800.0,0.0,True
"Q3-[12, 18]@2025-07-29",-1.4210854715202004e-14,0.0,1204.9966736125004,10800.0,0.0,True
"Q3-[12, 18]@2025-07-30",-1.4210854715202004e-14,0.0,1200.0000000000005,10800.0,0.0,True
"Q3-[12, 18]@2025-07-31",0.0,0.0,1200.0000000000036,10800.0,0.0,True
"Q3-[12, 18]@2025-08-01",0.0,0.0,1200.0000000000002,9196.799915046297,0.0,True
"Q3-[12, 18]@2025-08-02",0.0,0.0,1200.0000000000007,9517.059814814815,0.0,True
"Q3-[12, 18]@2025-08-03",-2.6645352591003757e-15,0.0,1199.999999999999,10722.32701388889,0.0,True
"Q3-[12, 18]@2025-08-04",0.0,0.0,1199.999999999999,10725.023001736115,0.0,True
"Q3-[12, 18]@2025-08-05",0.0,0.0,1200.0000000000002,10623.617375694443,0.0,True
"Q3-[12, 18]@2025-08-06",-1.4210854715202004e-14,0.0,1200.0000000000002,10700.048146157405,0.0,True
"Q3-[12, 18]@2025-08-07",0.0,0.0,1200.0000000000036,10800.0,0.0,True
"Q3-[12, 18]@2025-08-08",0.0,0.0,1200.0,9131.48587962963,0.0,True
"Q3-[12, 18]@2025-08-09",0.0,0.0,1200.0,9040.143288814814,0.0,True
"Q3-[12, 18]@2025-08-10",-1.4210854715202004e-14,0.0,1200.0,10744.452003958335,0.0,True
"Q3-[12, 18]@2025-08-11",0.0,0.0,1200.0,10800.0,0.0,True
"Q3-[12, 18]@2025-08-12",0.0,0.0,1227.0704614197589,10800.000000000002,0.0,True
"Q3-[12, 18]@2025-08-13",-1.4210854715202004e-14,0.0,1211.3219016203686,10800.0,0.0,True
"Q3-[12, 18]@2025-08-14",0.0,0.0,1199.999999999999,10730.315351550926,0.0,True
"Q3-[12, 18]@2025-08-15",0.0,0.0,1200.0,9718.48173148148,0.0,True
"Q3-[12, 18]@2025-08-16",0.0,0.0,1200.0000000000005,9204.487842361112,0.0,True
"Q3-[12, 18]@2025-08-17",0.0,0.0,1200.0,10800.0,0.0,True
"Q3-[12, 18]@2025-08-18",0.0,0.0,1199.9999999999993,10800.0,0.0,True
"Q3-[12, 18]@2025-08-19",0.0,0.0,1199.9999999999993,10753.213783188268,0.0,True
"Q3-[12, 18]@2025-08-20",0.0,0.0,1200.0,10800.0,0.0,True
"Q3-[12, 18]@2025-08-21",0.0,0.0,1199.999999999999,10800.0,0.0,True
"Q3-[12, 18]@2025-08-22",0.0,0.0,1200.0,9181.875676851854,0.0,True
"Q3-[12, 18]@2025-08-23",0.0,0.0,1200.0,9409.058928249999,0.0,True
"Q3-[12, 18]@2025-08-24",0.0,0.0,1200.0000000000007,10800.0,0.0,True
"Q3-[12, 18]@2025-08-25",0.0,0.0,1200.0000000000025,10800.0,0.0,True
"Q3-[12, 18]@2025-08-26",0.0,0.0,1200.0,10662.656652083335,0.0,True
"Q3-[12, 18]@2025-08-27",0.0,0.0,1200.0000000000005,10800.0,0.0,True
"Q3-[12, 18]@2025-08-28",-7.105427357601002e-15,0.0,1199.9999999999995,10800.0,0.0,True
"Q3-[12, 18]@2025-08-29",0.0,0.0,1200.000000000001,9198.398901525,0.0,True
"Q3-[12, 18]@2025-08-30",0.0,0.0,1200.0000000000005,9119.594024462962,0.0,True
"Q3-[12, 18]@2025-08-31",-1.7763568394002505e-15,0.0,1200.0,10627.06406621528,0.0,True
"Q3-[12, 18]@2025-09-01",5.944303874999832,0.0,1200.0000000000002,10800.0,0.0,True
"Q3-[12, 18]@2025-09-02",0.0,0.0,1200.000000000001,10800.0,0.0,True
"Q3-[12, 18]@2025-09-03",0.0,0.0,1200.0,10800.0,0.0,True
"Q3-[12, 18]@2025-09-04",-1.7763568394002505e-15,0.0,1200.0,10190.213525300927,0.0,True
"Q3-[12, 18]@2025-09-05",0.0,0.0,1199.9999999999989,8316.263333333334,0.0,True
"Q3-[12, 18]@2025-09-06",0.0,0.0,1200.0000000000007,8480.407020712963,0.0,True
"Q3-[12, 18]@2025-09-07",0.0,0.0,1200.0000000000014,10278.760879506171,0.0,True
"Q3-[12, 18]@2025-09-08",0.0,0.0,1200.0000000000005,10800.0,0.0,True
"Q3-[12, 18]@2025-09-09",0.0,0.0,1199.9999999999993,10800.000000000002,0.0,True
"Q3-[12, 18]@2025-09-10",0.0,0.0,1200.0000000000002,10800.0,0.0,True
"Q3-[12, 18]@2025-09-11",0.0,0.0,1243.9727912268497,10800.0,0.0,True
"Q3-[12, 18]@2025-09-12",0.0,0.0,1200.0000000000005,8420.982257288584,0.0,True
"Q3-[12, 18]@2025-09-13",0.0,0.0,1200.0,8430.797008534724,0.0,True
"Q3-[12, 18]@2025-09-14",0.0,0.0,1199.999999999999,10800.0,0.0,True
"Q3-[12, 18]@2025-09-15",0.0,0.0,1200.0000000000011,10800.0,0.0,True
"Q3-[12, 18]@2025-09-16",0.0,0.0,1220.7885007523166,10800.0,0.0,True
"Q3-[12, 18]@2025-09-17",0.0,0.0,1200.000000000001,10800.0,0.0,True
"Q3-[12, 18]@2025-09-18",-2.3869795029440866e-15,0.0,1200.0000000000011,10800.0,0.0,True
"Q3-[12, 18]@2025-09-19",0.0,0.0,1200.0000000000002,8809.104672689817,0.0,True
"Q3-[12, 18]@2025-09-20",0.0,0.0,1200.0000000000011,8922.4769185,0.0,True
"Q3-[12, 18]@2025-09-21",0.0,0.0,1200.000000000002,10800.0,0.0,True
"Q3-[12, 18]@2025-09-22",0.0,0.0,1200.0000000000005,10800.0,0.0,True
"Q3-[12, 18]@2025-09-23",0.0,0.0,1200.0000000000014,10800.0,0.0,True
"Q3-[12, 18]@2025-09-24",0.0,0.0,1200.0,10800.0,0.0,True
"Q3-[12, 18]@2025-09-25",0.0,0.0,1200.0,10800.0,0.0,True
"Q3-[12, 18]@2025-09-26",0.0,0.0,1199.9999999999998,9162.314572916664,0.0,True
"Q3-[12, 18]@2025-09-27",0.0,0.0,1199.9999999999998,9362.606226416667,0.0,True
"Q3-[12, 18]@2025-09-28",0.0,0.0,1200.0000000000014,10800.0,0.0,True
"Q3-[12, 18]@2025-09-29",0.0,0.0,1199.9999999999986,10800.0,0.0,True
"Q3-[12, 18]@2025-09-30",0.0,0.0,1199.9999999999993,10800.0,0.0,True
"Q3-[12, 18]@2025-10-01",0.0,0.0,1200.0,10800.000000000002,0.0,True
"Q3-[12, 18]@2025-10-02",0.0,0.0,1200.0000000000005,10800.0,0.0,True
"Q3-[12, 18]@2025-10-03",0.0,0.0,1199.9999999999995,9105.792934840742,0.0,True
"Q3-[12, 18]@2025-10-04",0.0,0.0,1200.0000000000005,10800.0,0.0,True
"Q3-[12, 18]@2025-10-05",0.0,0.0,1200.0000000000002,10800.0,0.0,True
"Q3-[12, 18]@2025-10-06",0.0,0.0,1199.9999999999998,10800.0,0.0,True
"Q3-[12, 18]@2025-10-07",0.0,0.0,1200.0,10800.0,0.0,True
"Q3-[12, 18]@2025-10-08",0.0,0.0,1200.0000000000002,10800.0,0.0,True
"Q3-[12, 18]@2025-10-09",0.0,0.0,1200.000000000002,10800.0,0.0,True
"Q3-[12, 18]@2025-10-10",0.0,0.0,1200.000000000001,9159.324543981484,0.0,True
"Q3-[12, 18]@2025-10-11",0.0,0.0,1199.9999999999998,10800.0,0.0,True
"Q3-[12, 18]@2025-10-12",0.0,0.0,1200.0000000000002,10800.0,0.0,True
"Q3-[12, 18]@2025-10-13",0.0,0.0,1200.000000000001,10800.0,0.0,True
"Q3-[12, 18]@2025-10-14",0.0,0.0,1200.0000000000005,10800.0,0.0,True
"Q3-[12, 18]@2025-10-15",-5.551115123125783e-17,0.0,1200.0000000000005,10800.0,0.0,True
"Q3-[12, 18]@2025-10-16",0.0,0.0,1200.000000000001,10800.0,0.0,True
"Q3-[12, 18]@2025-10-17",0.0,0.0,1200.0000000000002,9208.157059259263,0.0,True
"Q3-[12, 18]@2025-10-18",0.0,0.0,1200.0000000000011,8816.32563441898,0.0,True
"Q3-[12, 18]@2025-10-19",0.0,0.0,1199.9999999999995,10800.0,0.0,True
"Q3-[12, 18]@2025-10-20",0.0,0.0,1200.000000000001,10800.0,0.0,True
"Q3-[12, 18]@2025-10-21",0.0,0.0,1200.0,10800.0,0.0,True
"Q3-[12, 18]@2025-10-22",0.0,0.0,1200.0,10800.0,0.0,True
"Q3-[12, 18]@2025-10-23",0.0,0.0,1199.9999999999998,10800.0,0.0,True
"Q3-[12, 18]@2025-10-24",0.0,0.0,1199.9999999999998,10243.84840212963,0.0,True
"Q3-[12, 18]@2025-10-25",0.0,0.0,1200.0000000000052,10800.0,0.0,True
"Q3-[12, 18]@2025-10-26",0.0,0.0,1200.0,10800.0,0.0,True
"Q3-[12, 18]@2025-10-27",0.0,0.0,1200.0000000000007,10800.0,0.0,True
"Q3-[12, 18]@2025-10-28",0.0,0.0,1200.000000000001,10800.0,0.0,True
"Q3-[12, 18]@2025-10-29",-1.7763568394002505e-15,0.0,1200.0,10800.0,0.0,True
"Q3-[12, 18]@2025-10-30",0.0,0.0,1200.0000000000011,10800.0,0.0,True
"Q3-[12, 18]@2025-10-31",0.0,0.0,1200.0000000000011,10649.765262500001,0.0,True
"Q3-[12, 18]@2025-11-01",0.0,0.0,1199.9999999999989,10800.0,0.0,True
"Q3-[12, 18]@2025-11-02",0.0,0.0,1200.0,10800.0,0.0,True
"Q3-[12, 18]@2025-11-03",0.0,0.0,1200.0,10800.0,0.0,True
"Q3-[12, 18]@2025-11-04",0.0,0.0,1200.0000000000005,10800.0,0.0,True
"Q3-[12, 18]@2025-11-05",0.0,0.0,1200.0000000000025,10800.0,0.0,True
"Q3-[12, 18]@2025-11-06",0.0,0.0,1200.0000000000005,10800.0,0.0,True
"Q3-[12, 18]@2025-11-07",0.0,0.0,1200.0000000000005,10800.0,0.0,True
"Q3-[12, 18]@2025-11-08",0.0,0.0,1200.0000000000023,10800.0,0.0,True
"Q3-[12, 18]@2025-11-09",0.0,0.0,1199.9999999999984,10800.0,0.0,True
"Q3-[12, 18]@2025-11-10",0.0,0.0,1200.0000000000007,10800.0,0.0,True
"Q3-[12, 18]@2025-11-11",0.0,0.0,1200.0,10800.000000000002,0.0,True
"Q3-[12, 18]@2025-11-12",0.0,0.0,1199.9999999999989,10800.0,0.0,True
"Q3-[12, 18]@2025-11-13",0.0,0.0,1199.9999999999995,10800.0,0.0,True
"Q3-[12, 18]@2025-11-14",0.0,0.0,1199.9999999999995,10800.0,0.0,True
"Q3-[12, 18]@2025-11-15",0.0,0.0,1200.0,10800.0,0.0,True
"Q3-[12, 18]@2025-11-16",0.0,0.0,1200.0,10800.0,0.0,True
"Q3-[12, 18]@2025-11-17",0.0,0.0,1200.0000000000002,10800.0,0.0,True
"Q3-[12, 18]@2025-11-18",0.0,0.0,1200.0000000000002,10800.0,0.0,True
"Q3-[12, 18]@2025-11-19",0.0,0.0,1199.9999999999993,10800.0,0.0,True
"Q3-[12, 18]@2025-11-20",0.0,0.0,1200.000000000001,10800.0,0.0,True
"Q3-[12, 18]@2025-11-21",0.0,0.0,1200.000000000001,10800.0,0.0,True
"Q3-[12, 18]@2025-11-22",0.0,0.0,1200.0000000000007,10800.0,0.0,True
"Q3-[12, 18]@2025-11-23",0.0,0.0,1199.9999999999995,10800.0,0.0,True
"Q3-[12, 18]@2025-11-24",0.0,0.0,1200.0,10800.0,0.0,True
"Q3-[12, 18]@2025-11-25",0.0,0.0,1200.0,10800.0,0.0,True
"Q3-[12, 18]@2025-11-26",0.0,0.0,1200.0,10800.0,0.0,True
"Q3-[12, 18]@2025-11-27",0.0,0.0,1200.000000000001,10800.0,0.0,True
"Q3-[12, 18]@2025-11-28",0.0,0.0,1200.0000000000007,10800.0,0.0,True
"Q3-[12, 18]@2025-11-29",0.0,0.0,1200.0000000000005,10800.0,0.0,True
"Q3-[12, 18]@2025-11-30",0.0,0.0,1200.0000000000005,10800.000000000002,0.0,True
"Q3-[12, 18]@2025-12-01",0.0,0.0,1200.0,10800.0,0.0,True
"Q3-[12, 18]@2025-12-02",0.0,0.0,1200.0,10800.0,0.0,True
"Q3-[12, 18]@2025-12-03",0.0,0.0,1200.0000000000011,10800.0,0.0,True
"Q3-[12, 18]@2025-12-04",0.0,0.0,1200.0000000000002,10800.0,0.0,True
"Q3-[12, 18]@2025-12-05",0.0,0.0,1200.0,10800.0,0.0,True
"Q3-[12, 18]@2025-12-06",0.0,0.0,1200.0000000000011,10800.0,0.0,True
"Q3-[12, 18]@2025-12-07",0.0,0.0,1200.0,10800.0,0.0,True
"Q3-[12, 18]@2025-12-08",0.0,0.0,1200.0,10800.0,0.0,True
"Q3-[12, 18]@2025-12-09",0.0,0.0,1200.0000000000005,10800.0,0.0,True
"Q3-[12, 18]@2025-12-10",0.0,0.0,1200.0,10800.0,0.0,True
"Q3-[12, 18]@2025-12-11",0.0,0.0,1199.9999999999995,10800.000000000002,0.0,True
"Q3-[12, 18]@2025-12-12",0.0,0.0,1199.9999999999993,10800.0,0.0,True
"Q3-[12, 18]@2025-12-13",0.0,0.0,1561.9283633024747,10800.0,0.0,True
"Q3-[12, 18]@2025-12-14",0.0,0.0,1200.0,10800.0,0.0,True
"Q3-[12, 18]@2025-12-15",0.0,0.0,1200.0,10800.0,0.0,True
"Q3-[12, 18]@2025-12-16",0.0,0.0,1200.000000000001,10800.000000000002,0.0,True
"Q3-[12, 18]@2025-12-17",0.0,0.0,1200.0000000000002,10800.0,0.0,True
"Q3-[12, 18]@2025-12-18",0.0,0.0,1200.0,10800.0,0.0,True
"Q3-[12, 18]@2025-12-19",0.0,0.0,1200.0000000000018,10800.0,0.0,True
"Q3-[12, 18]@2025-12-20",0.0,0.0,1796.9154787500004,10800.0,0.0,True
"Q3-[12, 18]@2025-12-21",0.0,0.0,1199.9999999999993,10800.0,0.0,True
"Q3-[12, 18]@2025-12-22",0.0,0.0,1200.0,10800.0,0.0,True
"Q3-[12, 18]@2025-12-23",0.0,0.0,1199.9999999999998,10800.0,0.0,True
"Q3-[12, 18]@2025-12-24",0.0,0.0,1200.0000000000002,10800.0,0.0,True
"Q3-[12, 18]@2025-12-25",0.0,0.0,1200.0,10800.0,0.0,True
"Q3-[12, 18]@2025-12-26",0.0,0.0,1200.0000000000014,10800.0,0.0,True
"Q3-[12, 18]@2025-12-27",0.0,0.0,1623.2412711874993,10800.0,0.0,True
"Q3-[12, 18]@2025-12-28",0.0,0.0,1200.0000000000014,10800.0,0.0,True
"Q3-[12, 18]@2025-12-29",0.0,0.0,1200.0000000000005,10800.0,0.0,True
"Q3-[12, 18]@2025-12-30",0.0,0.0,1199.9999999999998,10800.0,0.0,True
"Q3-[12, 18]@2025-12-31",0.0,0.0,1199.9999999999998,10800.0,0.0,True
"Q3-[6, 12, 18]@2025-01-01",-5.684341886080802e-14,0.0,1200.0000000000002,10800.0,0.0,True
"Q3-[6, 12, 18]@2025-01-02",0.0,0.0,1200.0000000000002,10800.0,0.0,True
"Q3-[6, 12, 18]@2025-01-03",0.0,0.0,2465.3298888888926,10800.0,0.0,True
"Q3-[6, 12, 18]@2025-01-04",0.0,0.0,1578.415462098766,10800.0,0.0,True
"Q3-[6, 12, 18]@2025-01-05",0.0,0.0,1200.0,10800.0,0.0,True
"Q3-[6, 12, 18]@2025-01-06",0.0,0.0,1200.0,10800.0,0.0,True
"Q3-[6, 12, 18]@2025-01-07",0.0,0.0,1199.9999999999993,10800.0,0.0,True
"Q3-[6, 12, 18]@2025-01-08",0.0,0.0,1199.9999999999993,10800.0,0.0,True
"Q3-[6, 12, 18]@2025-01-09",0.0,0.0,1200.0000000000018,10800.0,0.0,True
"Q3-[6, 12, 18]@2025-01-10",0.0,0.0,1638.6889802916635,10800.0,0.0,True
"Q3-[6, 12, 18]@2025-01-11",0.0,0.0,1638.6889802916635,10800.0,0.0,True
"Q3-[6, 12, 18]@2025-01-12",0.0,0.0,1200.000000000001,10800.0,0.0,True
"Q3-[6, 12, 18]@2025-01-13",0.0,0.0,1199.9999999999968,10800.0,0.0,True
"Q3-[6, 12, 18]@2025-01-14",0.0,0.0,1199.999999999999,10800.0,0.0,True
"Q3-[6, 12, 18]@2025-01-15",0.0,0.0,1200.0000000000002,10800.0,0.0,True
"Q3-[6, 12, 18]@2025-01-16",0.0,0.0,1200.0000000000005,10800.0,0.0,True
"Q3-[6, 12, 18]@2025-01-17",0.0,0.0,1809.7417526249997,10800.0,0.0,True
"Q3-[6, 12, 18]@2025-01-18",0.0,0.0,1809.7417526249997,10800.0,0.0,True
"Q3-[6, 12, 18]@2025-01-19",0.0,0.0,1200.000000000001,10800.0,0.0,True
"Q3-[6, 12, 18]@2025-01-20",0.0,0.0,1199.9999999999986,10800.000000000002,0.0,True
"Q3-[6, 12, 18]@2025-01-21",0.0,0.0,1200.0000000000027,10800.0,0.0,True
"Q3-[6, 12, 18]@2025-01-22",0.0,0.0,1200.000000000001,10800.0,0.0,True
"Q3-[6, 12, 18]@2025-01-23",0.0,0.0,1200.0000000000005,10800.0,0.0,True
"Q3-[6, 12, 18]@2025-01-24",0.0,0.0,1978.630848025002,10800.0,0.0,True
"Q3-[6, 12, 18]@2025-01-25",0.0,0.0,1978.630848025002,10800.0,0.0,True
"Q3-[6, 12, 18]@2025-01-26",0.0,0.0,1199.9999999999998,10800.0,0.0,True
"Q3-[6, 12, 18]@2025-01-27",0.0,0.0,1200.0000000000014,10800.0,0.0,True
"Q3-[6, 12, 18]@2025-01-28",0.0,0.0,1200.0000000000005,10800.0,0.0,True
"Q3-[6, 12, 18]@2025-01-29",0.0,0.0,1199.9999999999989,10800.0,0.0,True
"Q3-[6, 12, 18]@2025-01-30",0.0,0.0,1200.0000000000018,10800.0,0.0,True
"Q3-[6, 12, 18]@2025-01-31",0.0,0.0,1833.3933073148146,10800.0,0.0,True
"Q3-[6, 12, 18]@2025-02-01",0.0,0.0,1833.3933073148146,10800.0,0.0,True
"Q3-[6, 12, 18]@2025-02-02",0.0,0.0,1200.0000000000007,10800.0,0.0,True
"Q3-[6, 12, 18]@2025-02-03",0.0,0.0,1495.7476350555528,10800.0,0.0,True
"Q3-[6, 12, 18]@2025-02-04",0.0,0.0,1199.9999999999995,10800.0,0.0,True
"Q3-[6, 12, 18]@2025-02-05",0.0,0.0,1200.0000000000016,10800.0,0.0,True
"Q3-[6, 12, 18]@2025-02-06",0.0,0.0,1200.0000000000005,10800.0,0.0,True
"Q3-[6, 12, 18]@2025-02-07",0.0,0.0,1897.1279444444453,10800.0,0.0,True
"Q3-[6, 12, 18]@2025-02-08",0.0,0.0,1897.1279444444453,10800.0,0.0,True
"Q3-[6, 12, 18]@2025-02-09",0.0,0.0,1200.0000000000011,10800.0,0.0,True
"Q3-[6, 12, 18]@2025-02-10",0.0,0.0,1200.000000000001,10800.0,0.0,True
"Q3-[6, 12, 18]@2025-02-11",0.0,0.0,1200.0,10800.0,0.0,True
"Q3-[6, 12, 18]@2025-02-12",0.0,0.0,1200.000000000001,10800.0,0.0,True
"Q3-[6, 12, 18]@2025-02-13",-7.105427357601002e-15,0.0,1199.9999999999995,10800.0,0.0,True
"Q3-[6, 12, 18]@2025-02-14",0.0,0.0,1892.7347851851869,10800.0,0.0,True
"Q3-[6, 12, 18]@2025-02-15",0.0,0.0,1892.7347851851869,10800.0,0.0,True
"Q3-[6, 12, 18]@2025-02-16",0.0,0.0,1200.0000000000014,10800.0,0.0,True
"Q3-[6, 12, 18]@2025-02-17",0.0,0.0,1199.9999999999995,10800.0,0.0,True
"Q3-[6, 12, 18]@2025-02-18",-1.4210854715202004e-14,0.0,1200.0000000000005,10800.0,0.0,True
"Q3-[6, 12, 18]@2025-02-19",-3.552713678800501e-15,0.0,1200.0000000000007,10800.0,0.0,True
"Q3-[6, 12, 18]@2025-02-20",0.0,0.0,1199.9999999999995,10800.0,0.0,True
"Q3-[6, 12, 18]@2025-02-21",0.0,0.0,2088.4738518518534,10800.0,0.0,True
"Q3-[6, 12, 18]@2025-02-22",0.0,0.0,2045.8534333333323,10783.897785521296,0.0,True
"Q3-[6, 12, 18]@2025-02-23",-1.4210854715202004e-14,0.0,1199.9999999999977,10800.0,0.0,True
"Q3-[6, 12, 18]@2025-02-24",0.0,0.0,1200.0000000000005,10800.0,0.0,True
"Q3-[6, 12, 18]@2025-02-25",0.0,0.0,1231.0419750000015,10800.0,0.0,True
"Q3-[6, 12, 18]@2025-02-26",-3.552713678800501e-15,0.0,1212.3668161111086,10800.0,0.0,True
"Q3-[6, 12, 18]@2025-02-27",-3.552713678800501e-15,0.0,1200.0000000000016,10800.0,0.0,True
"Q3-[6, 12, 18]@2025-02-28",0.0,0.0,1815.856437037037,9068.468759259258,0.0,True
"Q3-[6, 12, 18]@2025-03-01",0.0,0.0,1325.0686259259278,10800.0,0.0,True
"Q3-[6, 12, 18]@2025-03-02",-7.105427357601002e-15,0.0,1199.999999999999,10800.0,0.0,True
"Q3-[6, 12, 18]@2025-03-03",0.0,0.0,1200.0000000000011,10800.0,0.0,True
"Q3-[6, 12, 18]@2025-03-04",-7.105427357601002e-15,0.0,1200.0000000000007,10800.0,0.0,True
"Q3-[6, 12, 18]@2025-03-05",0.0,0.0,1199.9999999999986,10800.0,0.0,True
"Q3-[6, 12, 18]@2025-03-06",-7.105427357601002e-15,0.0,1200.0000000000007,10800.0,0.0,True
"Q3-[6, 12, 18]@2025-03-07",0.0,0.0,1511.9901740740759,8846.053361102777,0.0,True
"Q3-[6, 12, 18]@2025-03-08",0.0,0.0,1511.9901740740759,8717.940355555553,0.0,True
"Q3-[6, 12, 18]@2025-03-09",0.0,0.0,1200.0000000000005,10800.0,0.0,True
"Q3-[6, 12, 18]@2025-03-10",-7.105427357601002e-15,0.0,1200.0000000000005,10800.0,0.0,True
"Q3-[6, 12, 18]@2025-03-11",-7.105427357601002e-15,0.0,1200.000000000001,10800.0,0.0,True
"Q3-[6, 12, 18]@2025-03-12",-3.552713678800501e-15,0.0,1200.0000000000018,10800.0,0.0,True
"Q3-[6, 12, 18]@2025-03-13",0.0,0.0,1200.0000000000007,10800.0,0.0,True
"Q3-[6, 12, 18]@2025-03-14",0.0,0.0,1592.8186555555535,8729.57175185185,0.0,True
"Q3-[6, 12, 18]@2025-03-15",0.0,0.0,1592.8186555555535,8903.269362962963,0.0,True
"Q3-[6, 12, 18]@2025-03-16",0.0,0.0,1200.000000000001,10800.0,0.0,True
"Q3-[6, 12, 18]@2025-03-17",-1.3322676295501878e-15,0.0,1199.999999999999,10800.0,0.0,True
"Q3-[6, 12, 18]@2025-03-18",0.0,0.0,1200.000000000001,10800.0,0.0,True
"Q3-[6, 12, 18]@2025-03-19",0.0,0.0,1200.0000000000002,10800.0,0.0,True
"Q3-[6, 12, 18]@2025-03-20",-7.105427357601002e-15,0.0,1200.0000000000005,10800.0,0.0,True
"Q3-[6, 12, 18]@2025-03-21",0.0,0.0,1325.5504805978378,9071.471666666666,0.0,True
"Q3-[6, 12, 18]@2025-03-22",0.0,0.0,1857.376074074075,9174.360418518521,0.0,True
"Q3-[6, 12, 18]@2025-03-23",0.0,0.0,1200.0000000000005,10800.0,0.0,True
"Q3-[6, 12, 18]@2025-03-24",0.0,0.0,1219.3364381450629,10800.0,0.0,True
"Q3-[6, 12, 18]@2025-03-25",0.0,0.0,1200.0000000000016,10800.0,0.0,True
"Q3-[6, 12, 18]@2025-03-26",0.0,0.0,1199.9999999999995,10800.0,0.0,True
"Q3-[6, 12, 18]@2025-03-27",0.0,0.0,1200.000000000001,10800.0,0.0,True
"Q3-[6, 12, 18]@2025-03-28",0.0,0.0,1586.9141750947501,9290.980018518521,0.0,True
"Q3-[6, 12, 18]@2025-03-29",0.0,0.0,2043.4216766049387,9450.127342592596,0.0,True
"Q3-[6, 12, 18]@2025-03-30",-7.105427357601002e-15,0.0,1200.0000000000005,10800.0,0.0,True
"Q3-[6, 12, 18]@2025-03-31",0.0,0.0,1200.0000000000005,10778.543448719482,0.0,True
"Q3-[6, 12, 18]@2025-04-01",0.0,0.0,1200.000000000003,10800.0,0.0,True
"Q3-[6, 12, 18]@2025-04-02",0.0,0.0,1200.0000000000014,10800.0,0.0,True
"Q3-[6, 12, 18]@2025-04-03",0.0,0.0,1200.0000000000027,10800.0,0.0,True
"Q3-[6, 12, 18]@2025-04-04",0.0,0.0,1905.296215174071,9109.739870370367,0.0,True
"Q3-[6, 12, 18]@2025-04-05",0.0,0.0,1552.6977370370375,9129.528407407408,0.0,True
"Q3-[6, 12, 18]@2025-04-06",0.0,0.0,1220.6192307623435,10800.0,0.0,True
"Q3-[6, 12, 18]@2025-04-07",0.0,0.0,1219.027573456791,10800.000000000002,0.0,True
"Q3-[6, 12, 18]@2025-04-08",-4.718447854656915e-15,0.0,1200.0000000000014,10800.0,0.0,True
"Q3-[6, 12, 18]@2025-04-09",0.0,0.0,1200.0000000000011,10800.0,0.0,True
"Q3-[6, 12, 18]@2025-04-10",-4.440892098500626e-15,0.0,1199.9999999999995,10800.0,0.0,True
"Q3-[6, 12, 18]@2025-04-11",0.0,0.0,1400.2667550925933,9299.41209074074,0.0,True
"Q3-[6, 12, 18]@2025-04-12",0.0,0.0,1822.9730833333347,9202.28263703704,0.0,True
"Q3-[6, 12, 18]@2025-04-13",-7.105427357601002e-15,0.0,1200.0000000000005,10800.0,0.0,True
"Q3-[6, 12, 18]@2025-04-14",-2.220446049250313e-15,0.0,1200.0000000000005,10800.0,0.0,True
"Q3-[6, 12, 18]@2025-04-15",-8.881784197001252e-16,0.0,1200.0,10800.0,0.0,True
"Q3-[6, 12, 18]@2025-04-16",0.0,0.0,1200.0000000000027,10800.0,0.0,True
"Q3-[6, 12, 18]@2025-04-17",0.0,0.0,1200.0,10791.90400975,0.0,True
"Q3-[6, 12, 18]@2025-04-18",0.0,0.0,1549.3661541666656,9289.990616666668,0.0,True
"Q3-[6, 12, 18]@2025-04-19",0.0,0.0,2192.058461111113,9380.153498796295,0.0,True
"Q3-[6, 12, 18]@2025-04-20",0.0,0.0,1200.0,10800.0,0.0,True
"Q3-[6, 12, 18]@2025-04-21",0.0,0.0,1200.0000000000016,10800.0,0.0,True
"Q3-[6, 12, 18]@2025-04-22",-3.552713678800501e-15,0.0,1200.0000000000018,10800.0,0.0,True
"Q3-[6, 12, 18]@2025-04-23",-8.881784197001252e-16,0.0,1200.0000000000002,10800.0,0.0,True
"Q3-[6, 12, 18]@2025-04-24",0.0,0.0,1200.0000000000011,10800.000000000002,0.0,True
"Q3-[6, 12, 18]@2025-04-25",0.0,0.0,1644.0077167438274,9063.061135740742,0.0,True
"Q3-[6, 12, 18]@2025-04-26",0.0,0.0,1585.3488956790127,9106.470861342594,0.0,True
"Q3-[6, 12, 18]@2025-04-27",-3.552713678800501e-15,0.0,1199.9999999999998,10800.0,0.0,True
"Q3-[6, 12, 18]@2025-04-28",0.0,0.0,1200.0000000000014,10800.0,0.0,True
"Q3-[6, 12, 18]@2025-04-29",0.0,0.0,1200.0000000000007,10800.0,0.0,True
"Q3-[6, 12, 18]@2025-04-30",0.0,0.0,1200.0,10780.83443975,0.0,True
"Q3-[6, 12, 18]@2025-05-01",0.0,0.0,1200.0,10800.0,0.0,True
"Q3-[6, 12, 18]@2025-05-02",0.0,0.0,1982.0787633950622,9420.873251851852,0.0,True
"Q3-[6, 12, 18]@2025-05-03",0.0,0.0,1969.8290925925949,9279.905159722222,0.0,True
"Q3-[6, 12, 18]@2025-05-04",-5.329070518200751e-15,0.0,1200.0000000000027,10800.0,0.0,True
"Q3-[6, 12, 18]@2025-05-05",-7.105427357601002e-15,0.0,1200.0000000000007,10800.0,0.0,True
"Q3-[6, 12, 18]@2025-05-06",0.0,0.0,1199.9999999999993,10800.0,0.0,True
"Q3-[6, 12, 18]@2025-05-07",0.0,0.0,1199.9999999999986,10800.0,0.0,True
"Q3-[6, 12, 18]@2025-05-08",0.0,0.0,1199.999999999999,10800.0,0.0,True
"Q3-[6, 12, 18]@2025-05-09",0.0,0.0,1378.0744914759239,9268.262771559417,0.0,True
"Q3-[6, 12, 18]@2025-05-10",0.0,0.0,1733.8477302785545,9246.577991804015,0.0,True
"Q3-[6, 12, 18]@2025-05-11",0.0,0.0,1200.0000000000011,10800.0,0.0,True
"Q3-[6, 12, 18]@2025-05-12",0.0,0.0,1199.9999999999995,10800.0,0.0,True
"Q3-[6, 12, 18]@2025-05-13",0.0,0.0,1200.0000000000002,10800.0,0.0,True
"Q3-[6, 12, 18]@2025-05-14",0.0,0.0,1200.0000000000002,10800.0,0.0,True
"Q3-[6, 12, 18]@2025-05-15",-1.7763568394002505e-15,0.0,1200.0000000000005,10736.454718645837,0.0,True
"Q3-[6, 12, 18]@2025-05-16",0.0,0.0,1200.0000000000005,9149.512639064813,0.0,True
"Q3-[6, 12, 18]@2025-05-17",0.0,0.0,1549.9630632407411,9310.501777467594,0.0,True
"Q3-[6, 12, 18]@2025-05-18",0.0,0.0,1200.0000000000005,10800.0,0.0,True
"Q3-[6, 12, 18]@2025-05-19",-1.7763568394002505e-15,0.0,1200.0,10800.0,0.0,True
"Q3-[6, 12, 18]@2025-05-20",0.0,0.0,1199.9999999999995,10800.0,0.0,True
"Q3-[6, 12, 18]@2025-05-21",0.0,0.0,1199.9999999999995,10800.0,0.0,True
"Q3-[6, 12, 18]@2025-05-22",0.0,0.0,1200.0000000000002,10779.642945875,0.0,True
"Q3-[6, 12, 18]@2025-05-23",0.0,0.0,1200.0000000000002,9871.12090191821,0.0,True
"Q3-[6, 12, 18]@2025-05-24",0.0,0.0,1485.676413935186,9054.245957152776,0.0,True
"Q3-[6, 12, 18]@2025-05-25",0.0,0.0,1200.0000000000011,10800.0,0.0,True
"Q3-[6, 12, 18]@2025-05-26",0.0,0.0,1200.0000000000002,10769.583568668984,0.0,True
"Q3-[6, 12, 18]@2025-05-27",0.0,0.0,1200.0,10800.0,0.0,True
"Q3-[6, 12, 18]@2025-05-28",0.0,0.0,1200.0000000000002,10800.000000000002,0.0,True
"Q3-[6, 12, 18]@2025-05-29",0.0,0.0,1200.0000000000002,10800.0,0.0,True
"Q3-[6, 12, 18]@2025-05-30",0.0,0.0,1407.3161298851874,9221.904150796297,0.0,True
"Q3-[6, 12, 18]@2025-05-31",0.0,0.0,1556.4847943148188,9285.079995671298,0.0,True
"Q3-[6, 12, 18]@2025-06-01",0.0,0.0,1200.0000000000002,10800.0,0.0,True
"Q3-[6, 12, 18]@2025-06-02",0.0,0.0,1200.0000000000002,10800.000000000002,0.0,True
"Q3-[6, 12, 18]@2025-06-03",0.0,0.0,1200.0000000000002,10800.0,0.0,True
"Q3-[6, 12, 18]@2025-06-04",0.0,0.0,1200.0000000000002,10800.0,0.0,True
"Q3-[6, 12, 18]@2025-06-05",0.0,0.0,1200.0000000000002,10800.0,0.0,True
"Q3-[6, 12, 18]@2025-06-06",0.0,0.0,1200.0000000000002,10800.0,0.0,True
"Q3-[6, 12, 18]@2025-06-07",0.0,0.0,1200.0000000000002,10800.0,0.0,True
"Q3-[6, 12, 18]@2025-06-08",0.0,0.0,1200.0000000000002,10800.0,0.0,True
"Q3-[6, 12, 18]@2025-06-09",0.0,0.0,1200.0000000000002,10800.0,0.0,True
"Q3-[6, 12, 18]@2025-06-10",0.0,0.0,1200.0000000000002,10800.000000000004,0.0,True
"Q3-[6, 12, 18]@2025-06-11",0.0,0.0,1200.0000000000002,10800.0,0.0,True
"Q3-[6, 12, 18]@2025-06-12",0.0,0.0,1200.0000000000002,10800.000000000002,0.0,True
"Q3-[6, 12, 18]@2025-06-13",0.0,0.0,1199.9999999999995,10800.0,0.0,True
"Q3-[6, 12, 18]@2025-06-14",0.0,0.0,1199.999999999999,10800.0,0.0,True
"Q3-[6, 12, 18]@2025-06-15",0.0,0.0,1199.999999999999,10800.000000000002,0.0,True
"Q3-[6, 12, 18]@2025-06-16",0.0,0.0,1200.0000000000002,10800.0,0.0,True
"Q3-[6, 12, 18]@2025-06-17",0.0,0.0,1200.0000000000002,10800.0,0.0,True
"Q3-[6, 12, 18]@2025-06-18",0.0,0.0,1200.0000000000002,10800.0,0.0,True
"Q3-[6, 12, 18]@2025-06-19",0.0,0.0,1200.0000000000002,10800.0,0.0,True
"Q3-[6, 12, 18]@2025-06-20",0.0,0.0,1200.0000000000014,10800.0,0.0,True
"Q3-[6, 12, 18]@2025-06-21",0.0,0.0,1200.0000000000014,9511.021193802466,0.0,True
"Q3-[6, 12, 18]@2025-06-22",0.0,0.0,1200.000000000001,10800.0,0.0,True
"Q3-[6, 12, 18]@2025-06-23",0.0,0.0,1200.0000000000002,10800.0,0.0,True
"Q3-[6, 12, 18]@2025-06-24",0.0,0.0,1200.0000000000002,10800.0,0.0,True
"Q3-[6, 12, 18]@2025-06-25",0.0,0.0,1211.3981774691358,10800.0,0.0,True
"Q3-[6, 12, 18]@2025-06-26",0.0,0.0,1200.0000000000007,10800.0,0.0,True
"Q3-[6, 12, 18]@2025-06-27",0.0,0.0,1200.0000000000007,10049.47929915926,0.0,True
"Q3-[6, 12, 18]@2025-06-28",0.0,0.0,1362.2879117191358,10432.503839519446,0.0,True
"Q3-[6, 12, 18]@2025-06-29",0.0,0.0,1200.0000000000011,10800.0,0.0,True
"Q3-[6, 12, 18]@2025-06-30",0.0,0.0,1200.0000000000025,10800.0,0.0,True
"Q3-[6, 12, 18]@2025-07-01",0.0,0.0,1200.0000000000002,10800.0,0.0,True
"Q3-[6, 12, 18]@2025-07-02",0.0,0.0,1200.0000000000002,10800.0,0.0,True
"Q3-[6, 12, 18]@2025-07-03",0.0,0.0,1200.0000000000002,10800.0,0.0,True
"Q3-[6, 12, 18]@2025-07-04",0.0,0.0,1200.0000000000002,10670.681730481483,0.0,True
"Q3-[6, 12, 18]@2025-07-05",0.0,0.0,1200.0000000000005,10435.647172370363,0.0,True
"Q3-[6, 12, 18]@2025-07-06",0.0,0.0,1200.0000000000002,10800.0,0.0,True
"Q3-[6, 12, 18]@2025-07-07",0.0,0.0,1200.0000000000002,10800.0,0.0,True
"Q3-[6, 12, 18]@2025-07-08",0.0,0.0,1199.9999999999998,10800.0,0.0,True
"Q3-[6, 12, 18]@2025-07-09",0.0,0.0,1200.0000000000002,10800.0,0.0,True
"Q3-[6, 12, 18]@2025-07-10",0.0,0.0,1199.9999999999986,10800.0,0.0,True
"Q3-[6, 12, 18]@2025-07-11",0.0,0.0,1480.4530665625011,10084.1116353125,0.0,True
"Q3-[6, 12, 18]@2025-07-12",3.414787458333649,0.0,1200.0,10800.0,0.0,True
"Q3-[6, 12, 18]@2025-07-13",0.0,0.0,1200.0000000000002,10800.0,0.0,True
"Q3-[6, 12, 18]@2025-07-14",0.0,0.0,1200.0000000000002,10800.0,0.0,True
"Q3-[6, 12, 18]@2025-07-15",0.0,0.0,1200.0000000000002,10800.0,0.0,True
"Q3-[6, 12, 18]@2025-07-16",0.0,0.0,1200.0000000000002,10800.0,0.0,True
"Q3-[6, 12, 18]@2025-07-17",0.0,0.0,1200.0000000000002,10800.0,0.0,True
"Q3-[6, 12, 18]@2025-07-18",0.0,0.0,1323.07775209491,9615.229042141205,0.0,True
"Q3-[6, 12, 18]@2025-07-19",0.0,0.0,1310.6028392129601,9609.460116296295,0.0,True
"Q3-[6, 12, 18]@2025-07-20",0.0,0.0,1200.0000000000002,10800.0,0.0,True
"Q3-[6, 12, 18]@2025-07-21",0.0,0.0,1200.0000000000002,10800.0,0.0,True
"Q3-[6, 12, 18]@2025-07-22",0.0,0.0,1200.0000000000002,10800.0,0.0,True
"Q3-[6, 12, 18]@2025-07-23",0.0,0.0,1200.0000000000002,10800.000000000004,0.0,True
"Q3-[6, 12, 18]@2025-07-24",0.0,0.0,1200.0000000000002,10800.0,0.0,True
"Q3-[6, 12, 18]@2025-07-25",0.0,0.0,1365.9566205671294,9314.968629594907,0.0,True
"Q3-[6, 12, 18]@2025-07-26",5.6943485416666135,0.0,1270.3701384606504,9311.783680358798,0.0,True
"Q3-[6, 12, 18]@2025-07-27",0.0,0.0,1200.0000000000002,10800.0,0.0,True
"Q3-[6, 12, 18]@2025-07-28",-4.746203430272544e-15,0.0,1200.0000000000002,10800.0,0.0,True
"Q3-[6, 12, 18]@2025-07-29",-3.552713678800501e-15,0.0,1200.0,10800.0,0.0,True
"Q3-[6, 12, 18]@2025-07-30",0.0,0.0,1200.0,10800.0,0.0,True
"Q3-[6, 12, 18]@2025-07-31",0.0,0.0,1200.0000000000036,10800.0,0.0,True
"Q3-[6, 12, 18]@2025-08-01",0.0,0.0,1200.0000000000014,9196.799915046297,0.0,True
"Q3-[6, 12, 18]@2025-08-02",0.0,0.0,1200.0000000000014,9081.765688657408,0.0,True
"Q3-[6, 12, 18]@2025-08-03",-2.6645352591003757e-15,0.0,1200.0,10722.327013888891,0.0,True
"Q3-[6, 12, 18]@2025-08-04",0.0,0.0,1200.0,10800.0,0.0,True
"Q3-[6, 12, 18]@2025-08-05",0.0,0.0,1200.0000000000002,10800.0,0.0,True
"Q3-[6, 12, 18]@2025-08-06",0.0,0.0,1200.0000000000007,10800.0,0.0,True
"Q3-[6, 12, 18]@2025-08-07",0.0,0.0,1200.0000000000036,10800.0,0.0,True
"Q3-[6, 12, 18]@2025-08-08",0.0,0.0,1200.0000000000014,9131.485879629632,0.0,True
"Q3-[6, 12, 18]@2025-08-09",0.0,0.0,1199.9999999999975,9003.968359259257,0.0,True
"Q3-[6, 12, 18]@2025-08-10",0.0,0.0,1199.9999999999975,10800.0,0.0,True
"Q3-[6, 12, 18]@2025-08-11",0.0,0.0,1208.2539839814815,10800.0,0.0,True
"Q3-[6, 12, 18]@2025-08-12",0.0,0.0,1227.0704614197593,10800.000000000002,0.0,True
"Q3-[6, 12, 18]@2025-08-13",-3.552713678800501e-15,0.0,1211.3219016203686,10800.0,0.0,True
"Q3-[6, 12, 18]@2025-08-14",0.0,0.0,1199.9999999999998,10800.0,0.0,True
"Q3-[6, 12, 18]@2025-08-15",0.0,0.0,1200.0000000000005,9229.58103148148,0.0,True
"Q3-[6, 12, 18]@2025-08-16",0.0,0.0,1292.7172601851871,9204.487842361112,0.0,True
"Q3-[6, 12, 18]@2025-08-17",0.0,0.0,1200.0,10800.0,0.0,True
"Q3-[6, 12, 18]@2025-08-18",0.0,0.0,1199.9999999999993,10800.0,0.0,True
"Q3-[6, 12, 18]@2025-08-19",0.0,0.0,1199.9999999999993,10800.0,0.0,True
"Q3-[6, 12, 18]@2025-08-20",0.0,0.0,1200.0,10800.0,0.0,True
"Q3-[6, 12, 18]@2025-08-21",0.0,0.0,1200.0,10800.0,0.0,True
"Q3-[6, 12, 18]@2025-08-22",0.0,0.0,1200.0000000000036,9181.875676851854,0.0,True
"Q3-[6, 12, 18]@2025-08-23",0.0,0.0,1200.0000000000036,9409.058928249999,0.0,True
"Q3-[6, 12, 18]@2025-08-24",0.0,0.0,1200.0000000000002,10800.0,0.0,True
"Q3-[6, 12, 18]@2025-08-25",0.0,0.0,1200.0000000000043,10800.0,0.0,True
"Q3-[6, 12, 18]@2025-08-26",0.0,0.0,1200.0,10753.919964564198,0.0,True
"Q3-[6, 12, 18]@2025-08-27",0.0,0.0,1200.0000000000005,10800.0,0.0,True
"Q3-[6, 12, 18]@2025-08-28",-3.552713678800501e-15,0.0,1200.0000000000005,10800.0,0.0,True
"Q3-[6, 12, 18]@2025-08-29",0.0,0.0,1200.0000000000034,9073.05398483642,0.0,True
"Q3-[6, 12, 18]@2025-08-30",0.0,0.0,1294.6477212716059,9119.59402446296,0.0,True
"Q3-[6, 12, 18]@2025-08-31",0.0,0.0,1200.0000000000002,10800.0,0.0,True
"Q3-[6, 12, 18]@2025-09-01",0.0,0.0,1200.0000000000002,10800.0,0.0,True
"Q3-[6, 12, 18]@2025-09-02",0.0,0.0,1289.0275214236137,10800.0,0.0,True
"Q3-[6, 12, 18]@2025-09-03",0.0,0.0,1199.999999999999,10800.0,0.0,True
"Q3-[6, 12, 18]@2025-09-04",-1.7763568394002505e-15,0.0,1199.999999999999,10800.0,0.0,True
"Q3-[6, 12, 18]@2025-09-05",0.0,0.0,1200.0000000000014,8316.263333333334,0.0,True
"Q3-[6, 12, 18]@2025-09-06",0.0,0.0,1200.0000000000014,8480.407020712963,0.0,True
"Q3-[6, 12, 18]@2025-09-07",0.0,0.0,1222.6453757291667,10800.0,0.0,True
"Q3-[6, 12, 18]@2025-09-08",0.0,0.0,1209.5436344907412,10800.0,0.0,True
"Q3-[6, 12, 18]@2025-09-09",0.0,0.0,1200.0000000000016,10800.000000000002,0.0,True
"Q3-[6, 12, 18]@2025-09-10",0.0,0.0,1200.0000000000016,10800.0,0.0,True
"Q3-[6, 12, 18]@2025-09-11",0.0,0.0,1243.972791226851,10800.0,0.0,True
"Q3-[6, 12, 18]@2025-09-12",0.0,0.0,1200.0000000000005,8421.062861856484,0.0,True
"Q3-[6, 12, 18]@2025-09-13",0.0,0.0,1200.0000000000005,8430.797008534724,0.0,True
"Q3-[6, 12, 18]@2025-09-14",0.0,0.0,1200.000000000001,10800.0,0.0,True
"Q3-[6, 12, 18]@2025-09-15",0.0,0.0,1200.000000000001,10800.0,0.0,True
"Q3-[6, 12, 18]@2025-09-16",0.0,0.0,1220.7885007523162,10800.0,0.0,True
"Q3-[6, 12, 18]@2025-09-17",0.0,0.0,1220.7885007523162,10800.0,0.0,True
"Q3-[6, 12, 18]@2025-09-18",0.0,0.0,1200.0000000000011,10800.0,0.0,True
"Q3-[6, 12, 18]@2025-09-19",0.0,0.0,1204.8422011111102,8809.104672689817,0.0,True
"Q3-[6, 12, 18]@2025-09-20",0.0,0.0,1455.1440569490753,8922.4769185,0.0,True
"Q3-[6, 12, 18]@2025-09-21",0.0,0.0,1215.1061259375024,10800.0,0.0,True
"Q3-[6, 12, 18]@2025-09-22",0.0,0.0,1199.9999999999995,10800.0,0.0,True
"Q3-[6, 12, 18]@2025-09-23",0.0,0.0,1204.6013045555537,10800.0,0.0,True
"Q3-[6, 12, 18]@2025-09-24",0.0,0.0,1200.0000000000007,10800.0,0.0,True
"Q3-[6, 12, 18]@2025-09-25",0.0,0.0,1200.0000000000007,10800.0,0.0,True
"Q3-[6, 12, 18]@2025-09-26",0.0,0.0,1680.8236803777756,9073.879559854166,0.0,True
"Q3-[6, 12, 18]@2025-09-27",0.0,0.0,1669.1876166666677,9362.606226416667,0.0,True
"Q3-[6, 12, 18]@2025-09-28",0.0,0.0,1219.4950083333324,10800.0,0.0,True
"Q3-[6, 12, 18]@2025-09-29",0.0,0.0,1199.999999999999,10800.0,0.0,True
"Q3-[6, 12, 18]@2025-09-30",0.0,0.0,1199.9999999999986,10800.0,0.0,True
"Q3-[6, 12, 18]@2025-10-01",0.0,0.0,1200.0,10800.000000000002,0.0,True
"Q3-[6, 12, 18]@2025-10-02",0.0,0.0,1200.0000000000025,10800.0,0.0,True
"Q3-[6, 12, 18]@2025-10-03",0.0,0.0,1662.407203726852,9182.850010753706,0.0,True
"Q3-[6, 12, 18]@2025-10-04",0.0,0.0,1870.754082883336,10800.0,0.0,True
"Q3-[6, 12, 18]@2025-10-05",0.0,0.0,1200.000000000002,10800.0,0.0,True
"Q3-[6, 12, 18]@2025-10-06",0.0,0.0,1200.0000000000016,10800.0,0.0,True
"Q3-[6, 12, 18]@2025-10-07",0.0,0.0,1200.0000000000002,10800.0,0.0,True
"Q3-[6, 12, 18]@2025-10-08",0.0,0.0,1199.9999999999995,10800.0,0.0,True
"Q3-[6, 12, 18]@2025-10-09",0.0,0.0,1211.2541194444418,10800.0,0.0,True
"Q3-[6, 12, 18]@2025-10-10",0.0,0.0,1902.4864740740732,9238.381481481483,0.0,True
"Q3-[6, 12, 18]@2025-10-11",0.0,0.0,1902.4864740740732,9843.497854444444,0.0,True
"Q3-[6, 12, 18]@2025-10-12",0.0,0.0,1205.4508423611119,10800.0,0.0,True
"Q3-[6, 12, 18]@2025-10-13",0.0,0.0,1200.0,10800.0,0.0,True
"Q3-[6, 12, 18]@2025-10-14",0.0,0.0,1199.9999999999986,10800.0,0.0,True
"Q3-[6, 12, 18]@2025-10-15",-5.551115123125783e-17,0.0,1200.0000000000005,10800.0,0.0,True
"Q3-[6, 12, 18]@2025-10-16",0.0,0.0,1200.0000000000005,10800.0,0.0,True
"Q3-[6, 12, 18]@2025-10-17",0.0,0.0,1347.4434351851878,9208.157059259262,0.0,True
"Q3-[6, 12, 18]@2025-10-18",0.0,0.0,1705.988627314817,8911.91018148148,0.0,True
"Q3-[6, 12, 18]@2025-10-19",0.0,0.0,1200.0000000000014,10800.0,0.0,True
"Q3-[6, 12, 18]@2025-10-20",0.0,0.0,1212.7238999999945,10800.0,0.0,True
"Q3-[6, 12, 18]@2025-10-21",0.0,0.0,1200.0000000000005,10800.0,0.0,True
"Q3-[6, 12, 18]@2025-10-22",0.0,0.0,1200.0000000000005,10800.0,0.0,True
"Q3-[6, 12, 18]@2025-10-23",0.0,0.0,1200.0000000000007,10800.0,0.0,True
"Q3-[6, 12, 18]@2025-10-24",0.0,0.0,2107.8342777777752,10243.84840212963,0.0,True
"Q3-[6, 12, 18]@2025-10-25",0.0,0.0,2102.9695629629646,10800.0,0.0,True
"Q3-[6, 12, 18]@2025-10-26",0.0,0.0,1200.0,10800.0,0.0,True
"Q3-[6, 12, 18]@2025-10-27",0.0,0.0,1200.0000000000014,10800.0,0.0,True
"Q3-[6, 12, 18]@2025-10-28",0.0,0.0,1200.0000000000005,10800.0,0.0,True
"Q3-[6, 12, 18]@2025-10-29",0.0,0.0,1200.0,10800.0,0.0,True
"Q3-[6, 12, 18]@2025-10-30",0.0,0.0,1200.0000000000011,10800.0,0.0,True
"Q3-[6, 12, 18]@2025-10-31",0.0,0.0,2226.4122407407417,10800.0,0.0,True
"Q3-[6, 12, 18]@2025-11-01",0.0,0.0,1976.6441851851855,10691.338189703089,0.0,True
"Q3-[6, 12, 18]@2025-11-02",0.0,0.0,1200.0000000000023,10800.000000000002,0.0,True
"Q3-[6, 12, 18]@2025-11-03",0.0,0.0,1200.0,10800.0,0.0,True
"Q3-[6, 12, 18]@2025-11-04",0.0,0.0,1200.0000000000014,10800.0,0.0,True
"Q3-[6, 12, 18]@2025-11-05",0.0,0.0,1200.0000000000016,10800.000000000002,0.0,True
"Q3-[6, 12, 18]@2025-11-06",0.0,0.0,1200.0000000000018,10800.0,0.0,True
"Q3-[6, 12, 18]@2025-11-07",0.0,0.0,2102.721333333334,10800.0,0.0,True
"Q3-[6, 12, 18]@2025-11-08",0.0,0.0,1837.8680185185206,10800.0,0.0,True
"Q3-[6, 12, 18]@2025-11-09",0.0,0.0,1200.0000000000018,10800.0,0.0,True
"Q3-[6, 12, 18]@2025-11-10",0.0,0.0,1199.9999999999989,10800.0,0.0,True
"Q3-[6, 12, 18]@2025-11-11",0.0,0.0,1199.999999999999,10800.0,0.0,True
"Q3-[6, 12, 18]@2025-11-12",0.0,0.0,1200.0,10800.000000000002,0.0,True
"Q3-[6, 12, 18]@2025-11-13",0.0,0.0,1200.0000000000005,10800.0,0.0,True
"Q3-[6, 12, 18]@2025-11-14",0.0,0.0,1982.1569740740742,10800.0,0.0,True
"Q3-[6, 12, 18]@2025-11-15",0.0,0.0,1969.2896555555565,10800.0,0.0,True
"Q3-[6, 12, 18]@2025-11-16",0.0,0.0,1200.0000000000007,10800.0,0.0,True
"Q3-[6, 12, 18]@2025-11-17",0.0,0.0,1200.0000000000007,10800.0,0.0,True
"Q3-[6, 12, 18]@2025-11-18",0.0,0.0,1200.0,10800.0,0.0,True
"Q3-[6, 12, 18]@2025-11-19",0.0,0.0,1200.0000000000014,10800.0,0.0,True
"Q3-[6, 12, 18]@2025-11-20",0.0,0.0,1200.0000000000005,10800.0,0.0,True
"Q3-[6, 12, 18]@2025-11-21",0.0,0.0,2068.0160154444466,10800.0,0.0,True
"Q3-[6, 12, 18]@2025-11-22",0.0,0.0,2178.391855555554,10800.0,0.0,True
"Q3-[6, 12, 18]@2025-11-23",0.0,0.0,1200.0000000000002,10800.0,0.0,True
"Q3-[6, 12, 18]@2025-11-24",0.0,0.0,1199.9999999999993,10800.0,0.0,True
"Q3-[6, 12, 18]@2025-11-25",0.0,0.0,1200.0,10800.0,0.0,True
"Q3-[6, 12, 18]@2025-11-26",0.0,0.0,1199.999999999999,10800.0,0.0,True
"Q3-[6, 12, 18]@2025-11-27",0.0,0.0,1200.0000000000002,10800.0,0.0,True
"Q3-[6, 12, 18]@2025-11-28",0.0,0.0,1819.2487925925911,10800.0,0.0,True
"Q3-[6, 12, 18]@2025-11-29",0.0,0.0,1819.2487925925911,10800.0,0.0,True
"Q3-[6, 12, 18]@2025-11-30",0.0,0.0,1200.0000000000005,10800.0,0.0,True
"Q3-[6, 12, 18]@2025-12-01",0.0,0.0,1200.0,10800.0,0.0,True
"Q3-[6, 12, 18]@2025-12-02",0.0,0.0,1200.0000000000002,10800.0,0.0,True
"Q3-[6, 12, 18]@2025-12-03",0.0,0.0,1200.0000000000002,10800.0,0.0,True
"Q3-[6, 12, 18]@2025-12-04",0.0,0.0,1200.0000000000002,10800.0,0.0,True
"Q3-[6, 12, 18]@2025-12-05",0.0,0.0,1825.8623148148115,10800.0,0.0,True
"Q3-[6, 12, 18]@2025-12-06",0.0,0.0,1258.9784483991061,10800.0,0.0,True
"Q3-[6, 12, 18]@2025-12-07",0.0,0.0,1200.0000000000005,10800.0,0.0,True
"Q3-[6, 12, 18]@2025-12-08",0.0,0.0,1200.0000000000005,10800.0,0.0,True
"Q3-[6, 12, 18]@2025-12-09",0.0,0.0,1200.0000000000014,10800.0,0.0,True
"Q3-[6, 12, 18]@2025-12-10",0.0,0.0,1200.0000000000014,10800.0,0.0,True
"Q3-[6, 12, 18]@2025-12-11",0.0,0.0,1199.9999999999995,10800.0,0.0,True
"Q3-[6, 12, 18]@2025-12-12",0.0,0.0,1727.749050887351,10800.0,0.0,True
"Q3-[6, 12, 18]@2025-12-13",0.0,0.0,1792.8850592354959,10800.0,0.0,True
"Q3-[6, 12, 18]@2025-12-14",0.0,0.0,1200.0,10800.0,0.0,True
"Q3-[6, 12, 18]@2025-12-15",0.0,0.0,1200.0000000000005,10800.0,0.0,True
"Q3-[6, 12, 18]@2025-12-16",0.0,0.0,1200.000000000001,10800.0,0.0,True
"Q3-[6, 12, 18]@2025-12-17",0.0,0.0,1199.9999999999993,10800.0,0.0,True
"Q3-[6, 12, 18]@2025-12-18",0.0,0.0,1200.0000000000005,10800.0,0.0,True
"Q3-[6, 12, 18]@2025-12-19",0.0,0.0,1998.6693074074085,10800.0,0.0,True
"Q3-[6, 12, 18]@2025-12-20",0.0,0.0,1998.6693074074085,10800.0,0.0,True
"Q3-[6, 12, 18]@2025-12-21",0.0,0.0,1200.000000000002,10800.0,0.0,True
"Q3-[6, 12, 18]@2025-12-22",0.0,0.0,1200.0,10800.0,0.0,True
"Q3-[6, 12, 18]@2025-12-23",0.0,0.0,1200.000000000001,10800.0,0.0,True
"Q3-[6, 12, 18]@2025-12-24",0.0,0.0,1199.9999999999993,10800.0,0.0,True
"Q3-[6, 12, 18]@2025-12-25",0.0,0.0,1200.000000000001,10800.0,0.0,True
"Q3-[6, 12, 18]@2025-12-26",0.0,0.0,1215.773916656791,10800.0,0.0,True
"Q3-[6, 12, 18]@2025-12-27",0.0,0.0,1709.5922,10800.0,0.0,True
"Q3-[6, 12, 18]@2025-12-28",0.0,0.0,1199.9999999999998,10800.0,0.0,True
"Q3-[6, 12, 18]@2025-12-29",0.0,0.0,1199.9999999999998,10800.0,0.0,True
"Q3-[6, 12, 18]@2025-12-30",0.0,0.0,1199.9999999999998,10800.0,0.0,True
"Q3-[6, 12, 18]@2025-12-31",0.0,0.0,1206.004877777779,10800.0,0.0,True
"Q3-[6, 12, 18]@2025-01-01",-5.684341886080802e-14,0.0,2072.5777275000014,6000.0,0.0,True
"Q3-[6, 12, 18]@2025-01-02",0.0,0.0,1200.0000000000023,10800.0,0.0,True
"Q3-[6, 12, 18]@2025-01-03",0.0,0.0,1200.0000000000023,10800.0,0.0,True
"Q3-[6, 12, 18]@2025-01-04",0.0,0.0,1832.4134194444441,10800.0,0.0,True
"Q3-[6, 12, 18]@2025-01-05",0.0,0.0,1200.0,10800.000000000002,0.0,True
"Q3-[6, 12, 18]@2025-01-06",0.0,0.0,1200.0000000000005,10800.0,0.0,True
"Q3-[6, 12, 18]@2025-01-07",0.0,0.0,1200.0000000000011,10800.0,0.0,True
"Q3-[6, 12, 18]@2025-01-08",0.0,0.0,1200.0,10800.0,0.0,True
"Q3-[6, 12, 18]@2025-01-09",0.0,0.0,1200.0,10800.0,0.0,True
"Q3-[6, 12, 18]@2025-01-10",0.0,0.0,1200.0000000000005,10800.0,0.0,True
"Q3-[6, 12, 18]@2025-01-11",0.0,0.0,1552.0439189166632,10800.0,0.0,True
"Q3-[6, 12, 18]@2025-01-12",0.0,0.0,1200.0000000000014,10800.0,0.0,True
"Q3-[6, 12, 18]@2025-01-13",0.0,0.0,1200.0000000000002,10800.0,0.0,True
"Q3-[6, 12, 18]@2025-01-14",0.0,0.0,1199.999999999999,10800.0,0.0,True
"Q3-[6, 12, 18]@2025-01-15",0.0,0.0,1200.0000000000005,10800.0,0.0,True
"Q3-[6, 12, 18]@2025-01-16",0.0,0.0,1200.0000000000005,10800.0,0.0,True
"Q3-[6, 12, 18]@2025-01-17",0.0,0.0,1200.0000000000005,10800.0,0.0,True
"Q3-[6, 12, 18]@2025-01-18",0.0,0.0,1582.5493017499994,10800.0,0.0,True
"Q3-[6, 12, 18]@2025-01-19",0.0,0.0,1200.0000000000005,10800.0,0.0,True
"Q3-[6, 12, 18]@2025-01-20",0.0,0.0,1200.0,10800.0,0.0,True
"Q3-[6, 12, 18]@2025-01-21",0.0,0.0,1200.0,10800.0,0.0,True
"Q3-[6, 12, 18]@2025-01-22",0.0,0.0,1200.0,10800.0,0.0,True
"Q3-[6, 12, 18]@2025-01-23",0.0,0.0,1200.0,10800.0,0.0,True
"Q3-[6, 12, 18]@2025-01-24",0.0,0.0,1200.0,10800.0,0.0,True
"Q3-[6, 12, 18]@2025-01-25",0.0,0.0,1872.4283875,10800.0,0.0,True
"Q3-[6, 12, 18]@2025-01-26",0.0,0.0,1199.9999999999998,10800.0,0.0,True
"Q3-[6, 12, 18]@2025-01-27",0.0,0.0,1200.0000000000002,10800.0,0.0,True
"Q3-[6, 12, 18]@2025-01-28",0.0,0.0,1199.9999999999998,10800.0,0.0,True
"Q3-[6, 12, 18]@2025-01-29",0.0,0.0,1250.4399444444457,10800.0,0.0,True
"Q3-[6, 12, 18]@2025-01-30",0.0,0.0,1200.0000000000005,10800.0,0.0,True
"Q3-[6, 12, 18]@2025-01-31",0.0,0.0,1200.0000000000005,10800.0,0.0,True
"Q3-[6, 12, 18]@2025-02-01",0.0,0.0,1570.5678238379617,10800.0,0.0,True
"Q3-[6, 12, 18]@2025-02-02",0.0,0.0,1200.0,10800.0,0.0,True
"Q3-[6, 12, 18]@2025-02-03",0.0,0.0,1495.0078361805536,10800.0,0.0,True
"Q3-[6, 12, 18]@2025-02-04",0.0,0.0,1199.9999999999995,10800.0,0.0,True
"Q3-[6, 12, 18]@2025-02-05",0.0,0.0,1199.9999999999995,10800.0,0.0,True
"Q3-[6, 12, 18]@2025-02-06",0.0,0.0,1200.0000000000005,10800.0,0.0,True
"Q3-[6, 12, 18]@2025-02-07",0.0,0.0,1200.0000000000005,10800.0,0.0,True
"Q3-[6, 12, 18]@2025-02-08",0.0,0.0,1646.7789285416675,10800.0,0.0,True
"Q3-[6, 12, 18]@2025-02-09",0.0,0.0,1200.0000000000011,10800.0,0.0,True
"Q3-[6, 12, 18]@2025-02-10",0.0,0.0,1200.000000000001,10800.0,0.0,True
"Q3-[6, 12, 18]@2025-02-11",0.0,0.0,1200.0,10800.0,0.0,True
"Q3-[6, 12, 18]@2025-02-12",0.0,0.0,1200.000000000001,10800.0,0.0,True
"Q3-[6, 12, 18]@2025-02-13",-7.105427357601002e-15,0.0,1199.9999999999995,10800.0,0.0,True
"Q3-[6, 12, 18]@2025-02-14",0.0,0.0,1199.9999999999995,10800.0,0.0,True
"Q3-[6, 12, 18]@2025-02-15",0.0,0.0,1792.4308921851875,10800.0,0.0,True
"Q3-[6, 12, 18]@2025-02-16",0.0,0.0,1200.0000000000014,10800.0,0.0,True
"Q3-[6, 12, 18]@2025-02-17",0.0,0.0,1199.9999999999995,10800.0,0.0,True
"Q3-[6, 12, 18]@2025-02-18",-1.4210854715202004e-14,0.0,1200.0000000000005,10800.0,0.0,True
"Q3-[6, 12, 18]@2025-02-19",-3.552713678800501e-15,0.0,1200.0000000000005,10800.0,0.0,True
"Q3-[6, 12, 18]@2025-02-20",0.0,0.0,1199.9999999999995,10800.0,0.0,True
"Q3-[6, 12, 18]@2025-02-21",0.0,0.0,1199.9999999999995,10800.0,0.0,True
"Q3-[6, 12, 18]@2025-02-22",0.0,0.0,1909.3292873750001,10800.0,0.0,True
"Q3-[6, 12, 18]@2025-02-23",-1.4210854715202004e-14,0.0,1200.0000000000005,10800.0,0.0,True
"Q3-[6, 12, 18]@2025-02-24",0.0,0.0,1200.0000000000005,10800.0,0.0,True
"Q3-[6, 12, 18]@2025-02-25",0.0,0.0,1231.0419749999987,10800.0,0.0,True
"Q3-[6, 12, 18]@2025-02-26",-3.552713678800501e-15,0.0,1209.3237581018507,10800.0,0.0,True
"Q3-[6, 12, 18]@2025-02-27",-3.552713678800501e-15,0.0,1200.0000000000016,10800.0,0.0,True
"Q3-[6, 12, 18]@2025-02-28",0.0,0.0,1200.0000000000016,8980.809990196762,0.0,True
"Q3-[6, 12, 18]@2025-03-01",0.0,0.0,1200.0000000000005,10800.0,0.0,True
"Q3-[6, 12, 18]@2025-03-02",-7.105427357601002e-15,0.0,1200.0000000000005,10800.0,0.0,True
"Q3-[6, 12, 18]@2025-03-03",0.0,0.0,1200.0000000000025,10800.0,0.0,True
"Q3-[6, 12, 18]@2025-03-04",-7.105427357601002e-15,0.0,1199.9999999999989,10800.0,0.0,True
"Q3-[6, 12, 18]@2025-03-05",0.0,0.0,1199.9999999999989,10800.0,0.0,True
"Q3-[6, 12, 18]@2025-03-06",-7.105427357601002e-15,0.0,1200.0000000000007,10800.0,0.0,True
"Q3-[6, 12, 18]@2025-03-07",-2.6645352591003757e-15,0.0,1200.0000000000007,8430.327374852779,0.0,True
"Q3-[6, 12, 18]@2025-03-08",0.0,0.0,1370.4924473194471,8612.536086055554,0.0,True
"Q3-[6, 12, 18]@2025-03-09",0.0,0.0,1200.0000000000002,10800.0,0.0,True
"Q3-[6, 12, 18]@2025-03-10",-7.105427357601002e-15,0.0,1200.000000000001,10800.0,0.0,True
"Q3-[6, 12, 18]@2025-03-11",-7.105427357601002e-15,0.0,1200.000000000001,10800.0,0.0,True
"Q3-[6, 12, 18]@2025-03-12",-3.552713678800501e-15,0.0,1200.0000000000014,10800.0,0.0,True
"Q3-[6, 12, 18]@2025-03-13",0.0,0.0,1200.0000000000007,10800.0,0.0,True
"Q3-[6, 12, 18]@2025-03-14",0.0,0.0,1200.0000000000007,8624.756321789351,0.0,True
"Q3-[6, 12, 18]@2025-03-15",0.0,0.0,1463.45205952083,8807.24737446296,0.0,True
"Q3-[6, 12, 18]@2025-03-16",0.0,0.0,1200.0,10800.0,0.0,True
"Q3-[6, 12, 18]@2025-03-17",-1.3322676295501878e-15,0.0,1200.0,10800.0,0.0,True
"Q3-[6, 12, 18]@2025-03-18",0.0,0.0,1200.000000000001,10800.0,0.0,True
"Q3-[6, 12, 18]@2025-03-19",0.0,0.0,1200.0000000000002,10800.0,0.0,True
"Q3-[6, 12, 18]@2025-03-20",-7.105427357601002e-15,0.0,1199.9999999999995,10800.0,0.0,True
"Q3-[6, 12, 18]@2025-03-21",0.0,0.0,1199.9999999999995,8983.964919791666,0.0,True
"Q3-[6, 12, 18]@2025-03-22",0.0,0.0,1728.783322569444,9092.062414706019,0.0,True
"Q3-[6, 12, 18]@2025-03-23",0.0,0.0,1200.0000000000005,10800.0,0.0,True
"Q3-[6, 12, 18]@2025-03-24",0.0,0.0,1200.0000000000005,10800.0,0.0,True
"Q3-[6, 12, 18]@2025-03-25",0.0,0.0,1200.0000000000002,10800.0,0.0,True
"Q3-[6, 12, 18]@2025-03-26",0.0,0.0,1200.0,10800.0,0.0,True
"Q3-[6, 12, 18]@2025-03-27",0.0,0.0,1200.0,10800.0,0.0,True
"Q3-[6, 12, 18]@2025-03-28",0.0,0.0,1200.0,9290.412932098767,0.0,True
"Q3-[6, 12, 18]@2025-03-29",0.0,0.0,2043.4216766049387,9382.404049699078,0.0,True
"Q3-[6, 12, 18]@2025-03-30",-7.105427357601002e-15,0.0,1199.999999999999,10800.0,0.0,True
"Q3-[6, 12, 18]@2025-03-31",0.0,0.0,1200.0,10779.045718997259,0.0,True
"Q3-[6, 12, 18]@2025-04-01",0.0,0.0,1200.0000000000007,10800.0,0.0,True
"Q3-[6, 12, 18]@2025-04-02",0.0,0.0,1200.0000000000014,10800.0,0.0,True
"Q3-[6, 12, 18]@2025-04-03",0.0,0.0,1200.0000000000014,10800.0,0.0,True
"Q3-[6, 12, 18]@2025-04-04",0.0,0.0,1200.0000000000014,9109.73987037037,0.0,True
"Q3-[6, 12, 18]@2025-04-05",0.0,0.0,1552.6977370370375,9129.52840740741,0.0,True
"Q3-[6, 12, 18]@2025-04-06",0.0,0.0,1211.375151222221,10800.0,0.0,True
"Q3-[6, 12, 18]@2025-04-07",0.0,0.0,1219.878885648149,10800.000000000002,0.0,True
"Q3-[6, 12, 18]@2025-04-08",-4.718447854656915e-15,0.0,1200.0,10800.0,0.0,True
"Q3-[6, 12, 18]@2025-04-09",0.0,0.0,1200.0,10800.0,0.0,True
"Q3-[6, 12, 18]@2025-04-10",-4.440892098500626e-15,0.0,1200.0000000000002,10800.0,0.0,True
"Q3-[6, 12, 18]@2025-04-11",0.0,0.0,1200.000000000001,9217.307457761111,0.0,True
"Q3-[6, 12, 18]@2025-04-12",0.0,0.0,1702.3622253518538,9121.791966169754,0.0,True
"Q3-[6, 12, 18]@2025-04-13",-7.105427357601002e-15,0.0,1200.0000000000005,10800.0,0.0,True
"Q3-[6, 12, 18]@2025-04-14",-2.220446049250313e-15,0.0,1199.9999999999986,10800.000000000002,0.0,True
"Q3-[6, 12, 18]@2025-04-15",-8.881784197001252e-16,0.0,1200.0,10800.0,0.0,True
"Q3-[6, 12, 18]@2025-04-16",0.0,0.0,1199.9999999999995,10800.0,0.0,True
"Q3-[6, 12, 18]@2025-04-17",0.0,0.0,1199.9999999999995,10800.0,0.0,True
"Q3-[6, 12, 18]@2025-04-18",0.0,0.0,1200.0000000000014,9289.990616666668,0.0,True
"Q3-[6, 12, 18]@2025-04-19",0.0,0.0,2192.058461111113,9380.153498796295,0.0,True
"Q3-[6, 12, 18]@2025-04-20",0.0,0.0,1200.0,10800.0,0.0,True
"Q3-[6, 12, 18]@2025-04-21",0.0,0.0,1200.0,10800.0,0.0,True
"Q3-[6, 12, 18]@2025-04-22",-3.552713678800501e-15,0.0,1200.0000000000005,10800.0,0.0,True
"Q3-[6, 12, 18]@2025-04-23",-8.881784197001252e-16,0.0,1200.0000000000002,10800.0,0.0,True
"Q3-[6, 12, 18]@2025-04-24",0.0,0.0,1199.9999999999998,10800.000000000002,0.0,True
"Q3-[6, 12, 18]@2025-04-25",0.0,0.0,1199.9999999999998,9059.105853472221,0.0,True
"Q3-[6, 12, 18]@2025-04-26",0.0,0.0,1585.3488956790127,9106.470861342594,0.0,True
"Q3-[6, 12, 18]@2025-04-27",-3.552713678800501e-15,0.0,1200.000000000001,10800.0,0.0,True
"Q3-[6, 12, 18]@2025-04-28",0.0,0.0,1200.0000000000005,10800.0,0.0,True
"Q3-[6, 12, 18]@2025-04-29",0.0,0.0,1199.9999999999998,10800.0,0.0,True
"Q3-[6, 12, 18]@2025-04-30",0.0,0.0,1200.0,10773.38808237423,0.0,True
"Q3-[6, 12, 18]@2025-05-01",0.0,0.0,1200.0,10800.0,0.0,True
"Q3-[6, 12, 18]@2025-05-02",0.0,0.0,1200.0000000000011,9420.873251851852,0.0,True
"Q3-[6, 12, 18]@2025-05-03",0.0,0.0,1969.8290925925949,9279.905159722222,0.0,True
"Q3-[6, 12, 18]@2025-05-04",-5.329070518200751e-15,0.0,1200.0000000000005,10800.0,0.0,True
"Q3-[6, 12, 18]@2025-05-05",-7.105427357601002e-15,0.0,1200.0000000000007,10800.0,0.0,True
"Q3-[6, 12, 18]@2025-05-06",0.0,0.0,1200.0000000000011,10800.0,0.0,True
"Q3-[6, 12, 18]@2025-05-07",0.0,0.0,1199.9999999999995,10800.0,0.0,True
"Q3-[6, 12, 18]@2025-05-08",0.0,0.0,1200.000000000005,10800.0,0.0,True
"Q3-[6, 12, 18]@2025-05-09",0.0,0.0,1200.000000000005,9268.262771559417,0.0,True
"Q3-[6, 12, 18]@2025-05-10",0.0,0.0,1733.8477302785527,9228.415684100002,0.0,True
"Q3-[6, 12, 18]@2025-05-11",0.0,0.0,1200.0000000000002,10800.0,0.0,True
"Q3-[6, 12, 18]@2025-05-12",0.0,0.0,1200.0,10800.0,0.0,True
"Q3-[6, 12, 18]@2025-05-13",0.0,0.0,1200.0000000000002,10800.0,0.0,True
"Q3-[6, 12, 18]@2025-05-14",0.0,0.0,1200.0000000000002,10800.0,0.0,True
"Q3-[6, 12, 18]@2025-05-15",-1.7763568394002505e-15,0.0,1200.0000000000014,10704.273066162039,0.0,True
"Q3-[6, 12, 18]@2025-05-16",0.0,0.0,1200.0000000000014,9174.458081698145,0.0,True
"Q3-[6, 12, 18]@2025-05-17",0.0,0.0,1549.9630632407411,9323.551618999076,0.0,True
"Q3-[6, 12, 18]@2025-05-18",0.0,0.0,1200.0000000000005,10800.0,0.0,True
"Q3-[6, 12, 18]@2025-05-19",-1.7763568394002505e-15,0.0,1200.0,10800.0,0.0,True
"Q3-[6, 12, 18]@2025-05-20",0.0,0.0,1199.9999999999995,10800.0,0.0,True
"Q3-[6, 12, 18]@2025-05-21",0.0,0.0,1199.9999999999995,10800.0,0.0,True
"Q3-[6, 12, 18]@2025-05-22",0.0,0.0,1200.0000000000002,10780.025981625,0.0,True
"Q3-[6, 12, 18]@2025-05-23",0.0,0.0,1200.0000000000002,9870.426487103397,0.0,True
"Q3-[6, 12, 18]@2025-05-24",0.0,0.0,1485.676413935186,9058.357395300925,0.0,True
"Q3-[6, 12, 18]@2025-05-25",0.0,0.0,1199.9999999999993,10800.0,0.0,True
"Q3-[6, 12, 18]@2025-05-26",0.0,0.0,1199.9999999999993,10767.018072988423,0.0,True
"Q3-[6, 12, 18]@2025-05-27",0.0,0.0,1200.0,10800.0,0.0,True
"Q3-[6, 12, 18]@2025-05-28",0.0,0.0,1200.0000000000011,10800.000000000002,0.0,True
"Q3-[6, 12, 18]@2025-05-29",0.0,0.0,1199.9999999999993,10800.0,0.0,True
"Q3-[6, 12, 18]@2025-05-30",0.0,0.0,1199.9999999999993,9221.731103018516,0.0,True
"Q3-[6, 12, 18]@2025-05-31",0.0,0.0,1558.0710983888885,9461.735145833334,0.0,True
"Q3-[6, 12, 18]@2025-06-01",0.0,0.0,1200.0000000000002,10800.0,0.0,True
"Q3-[6, 12, 18]@2025-06-02",0.0,0.0,1200.0000000000002,10800.0,0.0,True
"Q3-[6, 12, 18]@2025-06-03",0.0,0.0,1200.0000000000002,10800.0,0.0,True
"Q3-[6, 12, 18]@2025-06-04",0.0,0.0,1200.0000000000002,10800.0,0.0,True
"Q3-[6, 12, 18]@2025-06-05",0.0,0.0,1200.0000000000002,10800.000000000002,0.0,True
"Q3-[6, 12, 18]@2025-06-06",0.0,0.0,1199.9999999999993,9514.866611111109,0.0,True
"Q3-[6, 12, 18]@2025-06-07",0.0,0.0,1199.9999999999993,9913.01821972222,0.0,True
"Q3-[6, 12, 18]@2025-06-08",0.0,0.0,1200.0000000000002,10800.0,0.0,True
"Q3-[6, 12, 18]@2025-06-09",0.0,0.0,1200.0000000000002,10800.0,0.0,True
"Q3-[6, 12, 18]@2025-06-10",0.0,0.0,1200.0000000000002,10800.0,0.0,True
"Q3-[6, 12, 18]@2025-06-11",0.0,0.0,1200.0000000000002,10800.0,0.0,True
"Q3-[6, 12, 18]@2025-06-12",0.0,0.0,1200.0000000000002,10800.000000000004,0.0,True
"Q3-[6, 12, 18]@2025-06-13",0.0,0.0,1199.9999999999995,9338.727596296296,0.0,True
"Q3-[6, 12, 18]@2025-06-14",0.0,0.0,1199.999999999999,9384.076491358024,0.0,True
"Q3-[6, 12, 18]@2025-06-15",0.0,0.0,1199.999999999999,10800.000000000002,0.0,True
"Q3-[6, 12, 18]@2025-06-16",0.0,0.0,1200.0000000000002,10800.0,0.0,True
"Q3-[6, 12, 18]@2025-06-17",0.0,0.0,1200.0000000000002,10800.0,0.0,True
"Q3-[6, 12, 18]@2025-06-18",0.0,0.0,1200.0000000000002,10800.0,0.0,True
"Q3-[6, 12, 18]@2025-06-19",0.0,0.0,1200.0000000000002,10800.0,0.0,True
"Q3-[6, 12, 18]@2025-06-20",0.0,0.0,1199.9999999999982,9207.96613310185,0.0,True
"Q3-[6, 12, 18]@2025-06-21",0.0,0.0,1199.9999999999982,9511.153559882714,0.0,True
"Q3-[6, 12, 18]@2025-06-22",0.0,0.0,1200.0000000000005,10800.0,0.0,True
"Q3-[6, 12, 18]@2025-06-23",0.0,0.0,1200.0000000000002,10800.0,0.0,True
"Q3-[6, 12, 18]@2025-06-24",0.0,0.0,1200.0000000000002,10800.0,0.0,True
"Q3-[6, 12, 18]@2025-06-25",0.0,0.0,1200.0000000000002,10800.0,0.0,True
"Q3-[6, 12, 18]@2025-06-26",0.0,0.0,1199.9999999999998,10800.0,0.0,True
"Q3-[6, 12, 18]@2025-06-27",0.0,0.0,1199.9999999999998,9308.165690445372,0.0,True
"Q3-[6, 12, 18]@2025-06-28",0.0,0.0,1309.7059193981513,9221.862117891977,0.0,True
"Q3-[6, 12, 18]@2025-06-29",0.0,0.0,1200.0000000000002,10800.0,0.0,True
"Q3-[6, 12, 18]@2025-06-30",0.0,0.0,1217.183388935185,10800.0,0.0,True
"Q3-[6, 12, 18]@2025-07-01",0.0,0.0,1200.0000000000002,10800.0,0.0,True
"Q3-[6, 12, 18]@2025-07-02",0.0,0.0,1200.0000000000002,10800.0,0.0,True
"Q3-[6, 12, 18]@2025-07-03",0.0,0.0,1200.0000000000002,10800.000000000002,0.0,True
"Q3-[6, 12, 18]@2025-07-04",0.0,0.0,1200.0000000000002,10670.681730481483,0.0,True
"Q3-[6, 12, 18]@2025-07-05",0.0,0.0,1200.0000000000005,10433.619390333328,0.0,True
"Q3-[6, 12, 18]@2025-07-06",0.0,0.0,1200.0000000000002,10800.0,0.0,True
"Q3-[6, 12, 18]@2025-07-07",0.0,0.0,1200.0000000000002,10800.0,0.0,True
"Q3-[6, 12, 18]@2025-07-08",0.0,0.0,1200.0000000000002,10800.0,0.0,True
"Q3-[6, 12, 18]@2025-07-09",0.0,0.0,1200.0000000000002,10800.0,0.0,True
"Q3-[6, 12, 18]@2025-07-10",0.0,0.0,1200.0000000000002,10800.0,0.0,True
"Q3-[6, 12, 18]@2025-07-11",0.0,0.0,1200.0000000000002,10084.1116353125,0.0,True
"Q3-[6, 12, 18]@2025-07-12",0.0,0.0,1200.0,10800.0,0.0,True
"Q3-[6, 12, 18]@2025-07-13",0.0,0.0,1200.0000000000002,10800.0,0.0,True
"Q3-[6, 12, 18]@2025-07-14",0.0,0.0,1200.0000000000002,10800.0,0.0,True
"Q3-[6, 12, 18]@2025-07-15",0.0,0.0,1200.0000000000002,10800.0,0.0,True
"Q3-[6, 12, 18]@2025-07-16",0.0,0.0,1200.0,10800.0,0.0,True
"Q3-[6, 12, 18]@2025-07-17",0.0,0.0,1200.0000000000002,10800.0,0.0,True
"Q3-[6, 12, 18]@2025-07-18",0.0,0.0,1200.0000000000002,9615.229042141205,0.0,True
"Q3-[6, 12, 18]@2025-07-19",0.0,0.0,1310.6028392129601,9609.460116296295,0.0,True
"Q3-[6, 12, 18]@2025-07-20",0.0,0.0,1200.0000000000002,10800.0,0.0,True
"Q3-[6, 12, 18]@2025-07-21",0.0,0.0,1200.0000000000002,10800.0,0.0,True
"Q3-[6, 12, 18]@2025-07-22",0.0,0.0,1200.0,10800.0,0.0,True
"Q3-[6, 12, 18]@2025-07-23",0.0,0.0,1200.0000000000002,10800.000000000004,0.0,True
"Q3-[6, 12, 18]@2025-07-24",0.0,0.0,1200.0,10800.0,0.0,True
"Q3-[6, 12, 18]@2025-07-25",0.0,0.0,1200.0000000000002,9314.968629594907,0.0,True
"Q3-[6, 12, 18]@2025-07-26",5.6943485416666135,0.0,1270.3701384606477,9311.783680358796,0.0,True
"Q3-[6, 12, 18]@2025-07-27",0.0,0.0,1200.0000000000002,10800.0,0.0,True
"Q3-[6, 12, 18]@2025-07-28",-7.105427357601002e-15,0.0,1200.0000000000002,10800.0,0.0,True
"Q3-[6, 12, 18]@2025-07-29",-3.552713678800501e-15,0.0,1200.0000000000005,10800.0,0.0,True
"Q3-[6, 12, 18]@2025-07-30",0.0,0.0,1200.0000000000005,10800.0,0.0,True
"Q3-[6, 12, 18]@2025-07-31",0.0,0.0,1200.0000000000036,10800.0,0.0,True
"Q3-[6, 12, 18]@2025-08-01",0.0,0.0,1200.0000000000014,9196.799915046297,0.0,True
"Q3-[6, 12, 18]@2025-08-02",0.0,0.0,1200.0000000000014,9081.765688657408,0.0,True
"Q3-[6, 12, 18]@2025-08-03",-2.6645352591003757e-15,0.0,1199.999999999999,10722.32701388889,0.0,True
"Q3-[6, 12, 18]@2025-08-04",0.0,0.0,1199.999999999999,10725.023001736115,0.0,True
"Q3-[6, 12, 18]@2025-08-05",0.0,0.0,1200.0000000000002,10623.617375694443,0.0,True
"Q3-[6, 12, 18]@2025-08-06",0.0,0.0,1200.0000000000002,10700.048146157405,0.0,True
"Q3-[6, 12, 18]@2025-08-07",0.0,0.0,1200.0000000000036,10800.0,0.0,True
"Q3-[6, 12, 18]@2025-08-08",0.0,0.0,1200.0000000000023,9131.48587962963,0.0,True
"Q3-[6, 12, 18]@2025-08-09",0.0,0.0,1200.0000000000016,9003.968359259261,0.0,True
"Q3-[6, 12, 18]@2025-08-10",0.0,0.0,1200.0,10744.452003958335,0.0,True
"Q3-[6, 12, 18]@2025-08-11",0.0,0.0,1200.0,10800.0,0.0,True
"Q3-[6, 12, 18]@2025-08-12",0.0,0.0,1227.070461419757,10800.0,0.0,True
"Q3-[6, 12, 18]@2025-08-13",-3.552713678800501e-15,0.0,1211.3219016203686,10800.0,0.0,True
"Q3-[6, 12, 18]@2025-08-14",0.0,0.0,1199.9999999999998,10730.315351550926,0.0,True
"Q3-[6, 12, 18]@2025-08-15",0.0,0.0,1200.0000000000005,9229.58103148148,0.0,True
"Q3-[6, 12, 18]@2025-08-16",0.0,0.0,1292.7172601851871,9204.487842361112,0.0,True
"Q3-[6, 12, 18]@2025-08-17",0.0,0.0,1200.0,10800.0,0.0,True
"Q3-[6, 12, 18]@2025-08-18",0.0,0.0,1199.9999999999993,10800.0,0.0,True
"Q3-[6, 12, 18]@2025-08-19",0.0,0.0,1199.9999999999993,10720.184212546297,0.0,True
"Q3-[6, 12, 18]@2025-08-20",0.0,0.0,1200.0,10800.0,0.0,True
"Q3-[6, 12, 18]@2025-08-21",0.0,0.0,1200.0,10800.0,0.0,True
"Q3-[6, 12, 18]@2025-08-22",0.0,0.0,1200.0000000000036,9181.875676851854,0.0,True
"Q3-[6, 12, 18]@2025-08-23",0.0,0.0,1200.0000000000036,9409.058928249999,0.0,True
"Q3-[6, 12, 18]@2025-08-24",0.0,0.0,1200.0000000000002,10800.0,0.0,True
"Q3-[6, 12, 18]@2025-08-25",0.0,0.0,1200.0000000000025,10800.0,0.0,True
"Q3-[6, 12, 18]@2025-08-26",0.0,0.0,1200.0,10662.656652083335,0.0,True
"Q3-[6, 12, 18]@2025-08-27",0.0,0.0,1200.0000000000014,10800.0,0.0,True
"Q3-[6, 12, 18]@2025-08-28",-3.552713678800501e-15,0.0,1200.0000000000002,10800.0,0.0,True
"Q3-[6, 12, 18]@2025-08-29",0.0,0.0,1200.0000000000034,9073.05398483642,0.0,True
"Q3-[6, 12, 18]@2025-08-30",0.0,0.0,1294.6477212716059,9119.59402446296,0.0,True
"Q3-[6, 12, 18]@2025-08-31",0.0,0.0,1200.0,10627.06406621528,0.0,True
"Q3-[6, 12, 18]@2025-09-01",0.0,0.0,1200.0000000000002,10800.0,0.0,True
"Q3-[6, 12, 18]@2025-09-02",0.0,0.0,1289.0275214236128,10800.0,0.0,True
"Q3-[6, 12, 18]@2025-09-03",0.0,0.0,1200.0,10800.0,0.0,True
"Q3-[6, 12, 18]@2025-09-04",-1.7763568394002505e-15,0.0,1200.0,10190.213525300927,0.0,True
"Q3-[6, 12, 18]@2025-09-05",0.0,0.0,1200.0000000000014,8316.263333333334,0.0,True
"Q3-[6, 12, 18]@2025-09-06",0.0,0.0,1200.0000000000014,8480.407020712963,0.0,True
"Q3-[6, 12, 18]@2025-09-07",0.0,0.0,1200.0000000000005,10278.760879506171,0.0,True
"Q3-[6, 12, 18]@2025-09-08",0.0,0.0,1209.5436344907412,10800.0,0.0,True
"Q3-[6, 12, 18]@2025-09-09",0.0,0.0,1200.0000000000002,10800.000000000002,0.0,True
"Q3-[6, 12, 18]@2025-09-10",0.0,0.0,1200.0000000000002,10800.0,0.0,True
"Q3-[6, 12, 18]@2025-09-11",0.0,0.0,1243.9727912268497,10800.0,0.0,True
"Q3-[6, 12, 18]@2025-09-12",0.0,0.0,1200.0000000000005,8420.982257288584,0.0,True
"Q3-[6, 12, 18]@2025-09-13",0.0,0.0,1200.0000000000005,8430.797008534724,0.0,True
"Q3-[6, 12, 18]@2025-09-14",0.0,0.0,1200.0000000000014,10800.0,0.0,True
"Q3-[6, 12, 18]@2025-09-15",0.0,0.0,1200.0000000000014,10800.0,0.0,True
"Q3-[6, 12, 18]@2025-09-16",0.0,0.0,1220.7885007523166,10800.0,0.0,True
"Q3-[6, 12, 18]@2025-09-17",0.0,0.0,1200.0000000000007,10800.0,0.0,True
"Q3-[6, 12, 18]@2025-09-18",0.0,0.0,1200.0000000000011,10800.0,0.0,True
"Q3-[6, 12, 18]@2025-09-19",0.0,0.0,1204.8422011111102,8809.104672689817,0.0,True
"Q3-[6, 12, 18]@2025-09-20",0.0,0.0,1455.1440569490753,8922.4769185,0.0,True
"Q3-[6, 12, 18]@2025-09-21",0.0,0.0,1215.1061259375024,10800.0,0.0,True
"Q3-[6, 12, 18]@2025-09-22",0.0,0.0,1199.9999999999995,10800.0,0.0,True
"Q3-[6, 12, 18]@2025-09-23",0.0,0.0,1204.6013045555583,10800.0,0.0,True
"Q3-[6, 12, 18]@2025-09-24",0.0,0.0,1200.0,10800.0,0.0,True
"Q3-[6, 12, 18]@2025-09-25",0.0,0.0,1200.0,10800.0,0.0,True
"Q3-[6, 12, 18]@2025-09-26",0.0,0.0,1200.0000000000016,8985.444546791667,0.0,True
"Q3-[6, 12, 18]@2025-09-27",0.0,0.0,1669.1876166666677,9362.606226416667,0.0,True
"Q3-[6, 12, 18]@2025-09-28",0.0,0.0,1219.4950083333338,10800.0,0.0,True
"Q3-[6, 12, 18]@2025-09-29",0.0,0.0,1200.0000000000014,10800.0,0.0,True
"Q3-[6, 12, 18]@2025-09-30",0.0,0.0,1199.9999999999986,10800.0,0.0,True
"Q3-[6, 12, 18]@2025-10-01",0.0,0.0,1200.0,10800.000000000002,0.0,True
"Q3-[6, 12, 18]@2025-10-02",0.0,0.0,1200.0000000000007,10800.0,0.0,True
"Q3-[6, 12, 18]@2025-10-03",0.0,0.0,1200.0000000000007,9105.792934840742,0.0,True
"Q3-[6, 12, 18]@2025-10-04",0.0,0.0,1718.0885110444467,10800.0,0.0,True
"Q3-[6, 12, 18]@2025-10-05",0.0,0.0,1200.0000000000002,10800.0,0.0,True
"Q3-[6, 12, 18]@2025-10-06",0.0,0.0,1200.0000000000002,10800.0,0.0,True
"Q3-[6, 12, 18]@2025-10-07",0.0,0.0,1200.0000000000002,10800.0,0.0,True
"Q3-[6, 12, 18]@2025-10-08",0.0,0.0,1199.9999999999995,10800.0,0.0,True
"Q3-[6, 12, 18]@2025-10-09",0.0,0.0,1211.2541194444482,10800.0,0.0,True
"Q3-[6, 12, 18]@2025-10-10",0.0,0.0,1211.2541194444482,9159.324543981484,0.0,True
"Q3-[6, 12, 18]@2025-10-11",0.0,0.0,1779.524131944445,10800.0,0.0,True
"Q3-[6, 12, 18]@2025-10-12",0.0,0.0,1205.450842361111,10800.0,0.0,True
"Q3-[6, 12, 18]@2025-10-13",0.0,0.0,1200.0,10800.0,0.0,True
"Q3-[6, 12, 18]@2025-10-14",0.0,0.0,1200.0000000000005,10800.0,0.0,True
"Q3-[6, 12, 18]@2025-10-15",-5.551115123125783e-17,0.0,1200.0000000000005,10800.0,0.0,True
"Q3-[6, 12, 18]@2025-10-16",0.0,0.0,1200.0000000000005,10800.0,0.0,True
"Q3-[6, 12, 18]@2025-10-17",0.0,0.0,1200.000000000001,9208.157059259263,0.0,True
"Q3-[6, 12, 18]@2025-10-18",0.0,0.0,1666.6728522430542,8816.325634418978,0.0,True
"Q3-[6, 12, 18]@2025-10-19",0.0,0.0,1199.9999999999995,10800.0,0.0,True
"Q3-[6, 12, 18]@2025-10-20",0.0,0.0,1200.0000000000005,10800.0,0.0,True
"Q3-[6, 12, 18]@2025-10-21",0.0,0.0,1200.0,10800.0,0.0,True
"Q3-[6, 12, 18]@2025-10-22",0.0,0.0,1200.0,10800.0,0.0,True
"Q3-[6, 12, 18]@2025-10-23",0.0,0.0,1199.9999999999998,10800.0,0.0,True
"Q3-[6, 12, 18]@2025-10-24",0.0,0.0,1199.9999999999998,10243.84840212963,0.0,True
"Q3-[6, 12, 18]@2025-10-25",0.0,0.0,2034.2222601027813,10800.0,0.0,True
"Q3-[6, 12, 18]@2025-10-26",0.0,0.0,1200.0,10800.0,0.0,True
"Q3-[6, 12, 18]@2025-10-27",0.0,0.0,1200.0000000000014,10800.0,0.0,True
"Q3-[6, 12, 18]@2025-10-28",0.0,0.0,1200.0000000000014,10800.0,0.0,True
"Q3-[6, 12, 18]@2025-10-29",0.0,0.0,1200.0,10800.0,0.0,True
"Q3-[6, 12, 18]@2025-10-30",0.0,0.0,1200.0000000000011,10800.0,0.0,True
"Q3-[6, 12, 18]@2025-10-31",0.0,0.0,1200.0000000000011,10649.765262500001,0.0,True
"Q3-[6, 12, 18]@2025-11-01",0.0,0.0,2183.6867085648178,10800.0,0.0,True
"Q3-[6, 12, 18]@2025-11-02",0.0,0.0,1200.0000000000011,10800.0,0.0,True
"Q3-[6, 12, 18]@2025-11-03",0.0,0.0,1200.0,10800.0,0.0,True
"Q3-[6, 12, 18]@2025-11-04",0.0,0.0,1200.0,10800.0,0.0,True
"Q3-[6, 12, 18]@2025-11-05",0.0,0.0,1199.9999999999995,10800.000000000002,0.0,True
"Q3-[6, 12, 18]@2025-11-06",0.0,0.0,1200.0000000000005,10800.0,0.0,True
"Q3-[6, 12, 18]@2025-11-07",0.0,0.0,1200.0000000000005,10800.0,0.0,True
"Q3-[6, 12, 18]@2025-11-08",0.0,0.0,1837.8680185185206,10800.0,0.0,True
"Q3-[6, 12, 18]@2025-11-09",0.0,0.0,1200.0000000000005,10800.0,0.0,True
"Q3-[6, 12, 18]@2025-11-10",0.0,0.0,1200.0000000000002,10800.0,0.0,True
"Q3-[6, 12, 18]@2025-11-11",0.0,0.0,1200.0,10800.000000000002,0.0,True
"Q3-[6, 12, 18]@2025-11-12",0.0,0.0,1200.0,10800.0,0.0,True
"Q3-[6, 12, 18]@2025-11-13",0.0,0.0,1199.9999999999995,10800.0,0.0,True
"Q3-[6, 12, 18]@2025-11-14",0.0,0.0,1199.9999999999995,10800.0,0.0,True
"Q3-[6, 12, 18]@2025-11-15",0.0,0.0,1852.908286381944,10800.0,0.0,True
"Q3-[6, 12, 18]@2025-11-16",0.0,0.0,1200.0,10800.0,0.0,True
"Q3-[6, 12, 18]@2025-11-17",0.0,0.0,1200.0000000000002,10800.0,0.0,True
"Q3-[6, 12, 18]@2025-11-18",0.0,0.0,1200.0000000000002,10800.0,0.0,True
"Q3-[6, 12, 18]@2025-11-19",0.0,0.0,1199.9999999999993,10800.0,0.0,True
"Q3-[6, 12, 18]@2025-11-20",0.0,0.0,1200.000000000001,10800.0,0.0,True
"Q3-[6, 12, 18]@2025-11-21",0.0,0.0,1200.000000000001,10800.0,0.0,True
"Q3-[6, 12, 18]@2025-11-22",0.0,0.0,2044.8741168333302,10800.0,0.0,True
"Q3-[6, 12, 18]@2025-11-23",0.0,0.0,1199.9999999999995,10800.0,0.0,True
"Q3-[6, 12, 18]@2025-11-24",0.0,0.0,1200.0,10800.0,0.0,True
"Q3-[6, 12, 18]@2025-11-25",0.0,0.0,1200.0,10800.0,0.0,True
"Q3-[6, 12, 18]@2025-11-26",0.0,0.0,1200.0,10800.0,0.0,True
"Q3-[6, 12, 18]@2025-11-27",0.0,0.0,1200.000000000001,10800.0,0.0,True
"Q3-[6, 12, 18]@2025-11-28",0.0,0.0,1200.000000000001,10800.0,0.0,True
"Q3-[6, 12, 18]@2025-11-29",0.0,0.0,1700.5494791180558,10800.0,0.0,True
"Q3-[6, 12, 18]@2025-11-30",0.0,0.0,1200.0000000000005,10800.0,0.0,True
"Q3-[6, 12, 18]@2025-12-01",0.0,0.0,1200.0,10800.0,0.0,True
"Q3-[6, 12, 18]@2025-12-02",0.0,0.0,1200.0,10800.0,0.0,True
"Q3-[6, 12, 18]@2025-12-03",0.0,0.0,1200.000000000001,10800.0,0.0,True
"Q3-[6, 12, 18]@2025-12-04",0.0,0.0,1200.0000000000002,10800.0,0.0,True
"Q3-[6, 12, 18]@2025-12-05",0.0,0.0,1200.0000000000002,10800.0,0.0,True
"Q3-[6, 12, 18]@2025-12-06",0.0,0.0,1528.776535589508,10800.0,0.0,True
"Q3-[6, 12, 18]@2025-12-07",0.0,0.0,1200.0,10800.0,0.0,True
"Q3-[6, 12, 18]@2025-12-08",0.0,0.0,1200.0000000000005,10800.0,0.0,True
"Q3-[6, 12, 18]@2025-12-09",0.0,0.0,1200.0000000000005,10800.0,0.0,True
"Q3-[6, 12, 18]@2025-12-10",0.0,0.0,1200.0000000000014,10800.0,0.0,True
"Q3-[6, 12, 18]@2025-12-11",0.0,0.0,1199.9999999999995,10800.0,0.0,True
"Q3-[6, 12, 18]@2025-12-12",0.0,0.0,1199.9999999999995,10800.0,0.0,True
"Q3-[6, 12, 18]@2025-12-13",0.0,0.0,1682.8733485972214,10800.0,0.0,True
"Q3-[6, 12, 18]@2025-12-14",0.0,0.0,1200.0,10800.0,0.0,True
"Q3-[6, 12, 18]@2025-12-15",0.0,0.0,1200.0,10800.0,0.0,True
"Q3-[6, 12, 18]@2025-12-16",0.0,0.0,1200.0000000000005,10800.000000000002,0.0,True
"Q3-[6, 12, 18]@2025-12-17",0.0,0.0,1200.0000000000007,10800.0,0.0,True
"Q3-[6, 12, 18]@2025-12-18",0.0,0.0,1200.0000000000005,10800.0,0.0,True
"Q3-[6, 12, 18]@2025-12-19",0.0,0.0,1200.0000000000018,10800.0,0.0,True
"Q3-[6, 12, 18]@2025-12-20",0.0,0.0,1939.745647407409,10800.0,0.0,True
"Q3-[6, 12, 18]@2025-12-21",0.0,0.0,1200.000000000002,10800.0,0.0,True
"Q3-[6, 12, 18]@2025-12-22",0.0,0.0,1200.0000000000002,10800.0,0.0,True
"Q3-[6, 12, 18]@2025-12-23",0.0,0.0,1200.000000000001,10800.000000000002,0.0,True
"Q3-[6, 12, 18]@2025-12-24",0.0,0.0,1200.0000000000005,10800.0,0.0,True
"Q3-[6, 12, 18]@2025-12-25",0.0,0.0,1200.0000000000002,10800.0,0.0,True
"Q3-[6, 12, 18]@2025-12-26",0.0,0.0,1200.0000000000014,10800.0,0.0,True
"Q3-[6, 12, 18]@2025-12-27",0.0,0.0,1623.2412711874993,10800.0,0.0,True
"Q3-[6, 12, 18]@2025-12-28",0.0,0.0,1200.0,10800.0,0.0,True
"Q3-[6, 12, 18]@2025-12-29",0.0,0.0,1200.0,10800.0,0.0,True
"Q3-[6, 12, 18]@2025-12-30",0.0,0.0,1200.0000000000002,10800.0,0.0,True
"Q3-[6, 12, 18]@2025-12-31",0.0,0.0,1206.004877777779,10800.0,0.0,True
