date,combo,issue,iterations,runtime_s
2025-01-01,none,0,260,0.002948707995528821
2025-01-02,none,0,364,0.003144958995108027
2025-01-03,none,0,343,0.0031998750055208802
2025-01-04,none,0,348,0.002873042001738213
2025-01-05,none,0,377,0.002910374998464249
2025-01-06,none,0,354,0.0028573339950526133
2025-01-07,none,0,357,0.0028836659985245205
2025-01-08,none,0,344,0.0033304590033367276
2025-01-09,none,0,342,0.0029292500039446168
2025-01-10,none,0,385,0.002992583999002818
2025-01-11,none,0,369,0.0029567090023192577
2025-01-12,none,0,350,0.002987749998283107
2025-01-13,none,0,355,0.003296749993751291
2025-01-14,none,0,347,0.002910916999098845
2025-01-15,none,0,362,0.0028414170010364614
2025-01-16,none,0,357,0.0028881250036647543
2025-01-17,none,0,382,0.0032856250036275014
2025-01-18,none,0,385,0.0036273750010877848
2025-01-19,none,0,349,0.0030112500026007183
2025-01-20,none,0,354,0.0030362090037669986
2025-01-21,none,0,353,0.002933125004346948
2025-01-22,none,0,356,0.0028969169943593442
2025-01-23,none,0,351,0.003662915994937066
2025-01-24,none,0,377,0.0029755000068689696
2025-01-25,none,0,378,0.002915790995757561
2025-01-26,none,0,358,0.002984958002343774
2025-01-27,none,0,356,0.0031112910000956617
2025-01-28,none,0,365,0.0031787499974598177
2025-01-29,none,0,366,0.002964167004392948
2025-01-30,none,0,363,0.002961042002425529
2025-01-31,none,0,377,0.002900874998886138
2025-02-01,none,0,384,0.0032030410002334975
2025-02-02,none,0,358,0.0032259589934255928
2025-02-03,none,0,353,0.0029533330016420223
2025-02-04,none,0,351,0.0028930839980603196
2025-02-05,none,0,359,0.0029753339986200444
2025-02-06,none,0,362,0.003180332998454105
2025-02-07,none,0,378,0.003127374999166932
2025-02-08,none,0,366,0.002894666999054607
2025-02-09,none,0,368,0.0030453329964075238
2025-02-10,none,0,363,0.0033045000018319115
2025-02-11,none,0,361,0.0036565000045811757
2025-02-12,none,0,364,0.0032300829989253543
2025-02-13,none,0,364,0.003020083997398615
2025-02-14,none,0,364,0.002896917001635302
2025-02-15,none,0,373,0.003013249996001832
2025-02-16,none,0,370,0.0033849590035970323
2025-02-17,none,0,380,0.003196083998773247
2025-02-18,none,0,366,0.0028940839983988553
2025-02-19,none,0,361,0.003214417003619019
2025-02-20,none,0,370,0.0031527920000371523
2025-02-21,none,0,359,0.0030538330029230565
2025-02-22,none,0,363,0.002893707998737227
2025-02-23,none,0,360,0.0029079579981043935
2025-02-24,none,0,366,0.00288791699858848
2025-02-25,none,0,366,0.003037708993360866
2025-02-26,none,0,368,0.0032690000007278286
2025-02-27,none,0,372,0.0029140000042389147
2025-02-28,none,0,338,0.0027652089993353
2025-03-01,none,0,363,0.003103749993897509
2025-03-02,none,0,375,0.003346500001498498
2025-03-03,none,0,377,0.003204958004062064
2025-03-04,none,0,370,0.002949000001535751
2025-03-05,none,0,370,0.002991500005009584
2025-03-06,none,0,374,0.0031194590046652593
2025-03-07,none,0,367,0.003386999997019302
2025-03-08,none,0,340,0.002991374996781815
2025-03-09,none,0,374,0.003012458997545764
2025-03-10,none,0,366,0.0031082089990377426
2025-03-11,none,0,363,0.002930000002379529
2025-03-12,none,0,362,0.0032361250050598755
2025-03-13,none,0,377,0.00309137500153156
2025-03-14,none,0,338,0.002727791004872415
2025-03-15,none,0,352,0.0029940419990452938
2025-03-16,none,0,379,0.0031267499944078736
2025-03-17,none,0,357,0.003148665993649047
2025-03-18,none,0,367,0.0033219590040971525
2025-03-19,none,0,362,0.0029312080005183816
2025-03-20,none,0,375,0.002968625005451031
2025-03-21,none,0,347,0.002891582997108344
2025-03-22,none,0,344,0.0032655000031809323
2025-03-23,none,0,365,0.0032676660048309714
2025-03-24,none,0,368,0.002954417002911214
2025-03-25,none,0,367,0.0030477079999400303
2025-03-26,none,0,362,0.0030638749958598055
2025-03-27,none,0,372,0.0030207079980755225
2025-03-28,none,0,338,0.0027964170003542677
2025-03-29,none,0,329,0.002724750003835652
2025-03-30,none,0,364,0.0031316669992520474
2025-03-31,none,0,364,0.002884333996917121
2025-04-01,none,0,376,0.0032555420038988814
2025-04-02,none,0,374,0.0032835000019986182
2025-04-03,none,0,370,0.003036041001905687
2025-04-04,none,0,326,0.0028022920014336705
2025-04-05,none,0,319,0.003071708997595124
2025-04-06,none,0,369,0.0030062919977353886
2025-04-07,none,0,357,0.0028073330031475052
2025-04-08,none,0,375,0.002903166001487989
2025-04-09,none,0,371,0.0028696250010398217
2025-04-10,none,0,368,0.0030398340022657067
2025-04-11,none,0,311,0.0027451670030131936
2025-04-12,none,0,341,0.002762500000244472
2025-04-13,none,0,359,0.0028200830056448467
2025-04-14,none,0,373,0.0031392909950227477
2025-04-15,none,0,357,0.002880209001887124
2025-04-16,none,0,365,0.0032912079986999743
2025-04-17,none,0,361,0.0028634160044020973
2025-04-18,none,0,316,0.0026834169984795153
2025-04-19,none,0,322,0.00271408399567008
2025-04-20,none,0,355,0.003196917001332622
2025-04-21,none,0,369,0.003349625003465917
2025-04-22,none,0,347,0.0028508329996839166
2025-04-23,none,0,347,0.0029955420031910762
2025-04-24,none,0,349,0.0029090840034768917
2025-04-25,none,0,315,0.0027067080009146594
2025-04-26,none,0,312,0.0029559999966295436
2025-04-27,none,0,354,0.0029142499988665804
2025-04-28,none,0,369,0.0029532499975175597
2025-04-29,none,0,360,0.002935541000624653
2025-04-30,none,0,351,0.0027817919981316663
2025-05-01,none,0,351,0.002922292005678173
2025-05-02,none,0,333,0.0026989999969373457
2025-05-03,none,0,329,0.002656707998539787
2025-05-04,none,0,365,0.0027905000024475157
2025-05-05,none,0,361,0.0029227089980849996
2025-05-06,none,0,350,0.0032048749999376014
2025-05-07,none,0,352,0.0027906670002266765
2025-05-08,none,0,373,0.0030520000000251457
2025-05-09,none,0,334,0.0028462920017773286
2025-05-10,none,0,333,0.0027596669970080256
2025-05-11,none,0,367,0.0032839999985299073
2025-05-12,none,0,356,0.0029945409987703897
2025-05-13,none,0,362,0.002813374994730111
2025-05-14,none,0,364,0.0029371249984251335
2025-05-15,none,0,362,0.0028909579996252432
2025-05-16,none,0,319,0.0032467919954797253
2025-05-17,none,0,333,0.002856457998859696
2025-05-18,none,0,373,0.0029091670003253967
2025-05-19,none,0,357,0.0029924159971415065
2025-05-20,none,0,357,0.00323874999594409
2025-05-21,none,0,353,0.003191417003108654
2025-05-22,none,0,346,0.0028612079986487515
2025-05-23,none,0,324,0.0027169169989065267
2025-05-24,none,0,316,0.002710000000661239
2025-05-25,none,0,346,0.0030207090021576732
2025-05-26,none,0,350,0.0031573329979437403
2025-05-27,none,0,345,0.002895207995607052
2025-05-28,none,0,345,0.0028629579974221997
2025-05-29,none,0,349,0.0028568339985213242
2025-05-30,none,0,337,0.002863207999325823
2025-05-31,none,0,341,0.003168125003867317
2025-06-01,none,0,368,0.0030954159956309013
2025-06-02,none,0,369,0.0030364580015884712
2025-06-03,none,0,356,0.003054125001654029
2025-06-04,none,0,365,0.0030857090023346245
2025-06-05,none,0,366,0.0033688330004224554
2025-06-06,none,0,374,0.003127333002339583
2025-06-07,none,0,378,0.0030321670055855066
2025-06-08,none,0,351,0.0029540830000769347
2025-06-09,none,0,349,0.003196124998794403
2025-06-10,none,0,361,0.0030764999974053353
2025-06-11,none,0,355,0.0029397500038612634
2025-06-12,none,0,356,0.0029999580001458526
2025-06-13,none,0,370,0.003256333999161143
2025-06-14,none,0,372,0.0032553750061197206
2025-06-15,none,0,343,0.0031092089993762784
2025-06-16,none,0,360,0.0029659579959115945
2025-06-17,none,0,356,0.003037541995581705
2025-06-18,none,0,349,0.0030563750042347237
2025-06-19,none,0,353,0.0032916249983827583
2025-06-20,none,0,377,0.0032449579957756214
2025-06-21,none,0,360,0.0029396670070127584
2025-06-22,none,0,352,0.003020999996806495
2025-06-23,none,0,346,0.002950750000309199
2025-06-24,none,0,350,0.00323970899626147
2025-06-25,none,0,354,0.0032078750009532087
2025-06-26,none,0,340,0.002867084003810305
2025-06-27,none,0,370,0.0031503749996772967
2025-06-28,none,0,369,0.00305408300482668
2025-06-29,none,0,347,0.003311874999781139
2025-06-30,none,0,352,0.003387583994481247
2025-07-01,none,0,345,0.002954999996291008
2025-07-02,none,0,342,0.002857957995729521
2025-07-03,none,0,350,0.0029364580041146837
2025-07-04,none,0,350,0.002951750000647735
2025-07-05,none,0,341,0.0027677500038407743
2025-07-06,none,0,343,0.002835708000930026
2025-07-07,none,0,338,0.002855500002624467
2025-07-08,none,0,343,0.0028085829981137067
2025-07-09,none,0,346,0.0035956249994342215
2025-07-10,none,0,335,0.002954875002615154
2025-07-11,none,0,357,0.002901874999224674
2025-07-12,none,0,328,0.0028049999964423478
2025-07-13,none,0,337,0.0028449579986045137
2025-07-14,none,0,331,0.00303912500385195
2025-07-15,none,0,322,0.0028535000019473955
2025-07-16,none,0,323,0.0027179579992662184
2025-07-17,none,0,338,0.002756083005806431
2025-07-18,none,0,346,0.002869124997232575
2025-07-19,none,0,347,0.0031168339992291294
2025-07-20,none,0,333,0.003064582997467369
2025-07-21,none,0,326,0.002869916999770794
2025-07-22,none,0,300,0.002783917007036507
2025-07-23,none,0,309,0.00292970900045475
2025-07-24,none,0,312,0.0030947499981266446
2025-07-25,none,0,321,0.0028795830003218725
2025-07-26,none,0,342,0.0028309160043136217
2025-07-27,none,0,321,0.0028180000008433126
2025-07-28,none,0,316,0.002993875001266133
2025-07-29,none,0,290,0.003326332996948622
2025-07-30,none,0,302,0.0028500409971456975
2025-07-31,none,0,307,0.0027088330025435425
2025-08-01,none,0,324,0.0026738750020740554
2025-08-02,none,0,344,0.0028298329998506233
2025-08-03,none,0,319,0.0029856250039301813
2025-08-04,none,0,321,0.002921708997746464
2025-08-05,none,0,326,0.0026999589972547255
2025-08-06,none,0,320,0.0029451250011334196
2025-08-07,none,0,330,0.0029436250042635947
2025-08-08,none,0,329,0.0032645840037730522
2025-08-09,none,0,330,0.0028779579952242784
2025-08-10,none,0,324,0.0027816669971798547
2025-08-11,none,0,328,0.0028439580055419356
2025-08-12,none,0,330,0.0028988749982090667
2025-08-13,none,0,328,0.0031585830001858994
2025-08-14,none,0,328,0.0028144579991931096
2025-08-15,none,0,366,0.0027745000043069012
2025-08-16,none,0,351,0.002737499999057036
2025-08-17,none,0,338,0.002800291003950406
2025-08-18,none,0,328,0.002864166999643203
2025-08-19,none,0,333,0.003096291999099776
2025-08-20,none,0,343,0.0028693339991150424
2025-08-21,none,0,335,0.0028669579987763427
2025-08-22,none,0,347,0.0029490419983631
2025-08-23,none,0,337,0.003003290999913588
2025-08-24,none,0,322,0.0030341660021804273
2025-08-25,none,0,350,0.0031672080003772862
2025-08-26,none,0,323,0.0028053330024704337
2025-08-27,none,0,329,0.0027385830035200343
2025-08-28,none,0,329,0.0031159589998424053
2025-08-29,none,0,352,0.003026625003258232
2025-08-30,none,0,353,0.002725708000070881
2025-08-31,none,0,322,0.0026963749987771735
2025-09-01,none,0,339,0.0030415830042329617
2025-09-02,none,0,336,0.0030818329978501424
2025-09-03,none,0,329,0.0032020829967223108
2025-09-04,none,0,329,0.0028194580008857884
2025-09-05,none,0,323,0.0027637090024654754
2025-09-06,none,0,331,0.0027791249958681874
2025-09-07,none,0,321,0.003023666999069974
2025-09-08,none,0,332,0.002972415997646749
2025-09-09,none,0,316,0.0026814590019057505
2025-09-10,none,0,334,0.00310791700030677
2025-09-11,none,0,333,0.0029125419969204813
2025-09-12,none,0,329,0.0028053750065737404
2025-09-13,none,0,330,0.0030358750009327196
2025-09-14,none,0,340,0.003054624998185318
2025-09-15,none,0,332,0.0028836249985033646
2025-09-16,none,0,370,0.0032201249996433035
2025-09-17,none,0,350,0.0031321249989559874
2025-09-18,none,0,354,0.0029999170001246966
2025-09-19,none,0,340,0.0028042080011800863
2025-09-20,none,0,339,0.0027931249933317304
2025-09-21,none,0,365,0.002974167000502348
2025-09-22,none,0,358,0.0031573749947710894
2025-09-23,none,0,364,0.0032704159966669977
2025-09-24,none,0,345,0.0028450839963625185
2025-09-25,none,0,370,0.0029455420008162037
2025-09-26,none,0,367,0.003066167002543807
2025-09-27,none,0,337,0.0031935000006342307
2025-09-28,none,0,368,0.00303837499814108
2025-09-29,none,0,367,0.002921791994594969
2025-09-30,none,0,364,0.0028506670059869066
2025-10-01,none,0,369,0.002940207996289246
2025-10-02,none,0,360,0.0032123749988386407
2025-10-03,none,0,340,0.0029145829976187088
2025-10-04,none,0,368,0.002890165997087024
2025-10-05,none,0,370,0.0030359170050360262
2025-10-06,none,0,353,0.0029338340027607046
2025-10-07,none,0,371,0.0032155000008060597
2025-10-08,none,0,369,0.003243291997932829
2025-10-09,none,0,363,0.0029484579936251976
2025-10-10,none,0,349,0.0029641660003107972
2025-10-11,none,0,353,0.0030025410014786758
2025-10-12,none,0,370,0.003628791993833147
2025-10-13,none,0,365,0.003414208003960084
2025-10-14,none,0,370,0.002954832998511847
2025-10-15,none,0,373,0.0031369589996756986
2025-10-16,none,0,367,0.003167250004480593
2025-10-17,none,0,330,0.0031203329999698326
2025-10-18,none,0,364,0.0029514170018956065
2025-10-19,none,0,369,0.0029442919985740446
2025-10-20,none,0,361,0.0028934160000062548
2025-10-21,none,0,373,0.00340679100190755
2025-10-22,none,0,363,0.0031482499980484135
2025-10-23,none,0,374,0.0031936669984133914
2025-10-24,none,0,346,0.0030005000007804483
2025-10-25,none,0,365,0.0029330420002224855
2025-10-26,none,0,368,0.003280124998127576
2025-10-27,none,0,365,0.003124290997220669
2025-10-28,none,0,366,0.002951707996544428
2025-10-29,none,0,363,0.003073375002713874
2025-10-30,none,0,368,0.003071166996960528
2025-10-31,none,0,376,0.0035381670022616163
2025-11-01,none,0,366,0.0028962090000277385
2025-11-02,none,0,370,0.0028898340024170466
2025-11-03,none,0,369,0.0029425419998005964
2025-11-04,none,0,360,0.002917541001806967
2025-11-05,none,0,362,0.0036930409987689927
2025-11-06,none,0,363,0.003148124997096602
2025-11-07,none,0,368,0.0031397919956361875
2025-11-08,none,0,371,0.0030570419985451736
2025-11-09,none,0,366,0.003003375000844244
2025-11-10,none,0,355,0.0031105419984669425
2025-11-11,none,0,367,0.0028985000026295893
2025-11-12,none,0,371,0.0030349590015248396
2025-11-13,none,0,368,0.0031190000008791685
2025-11-14,none,0,374,0.0033079580025514588
2025-11-15,none,0,385,0.003194333999999799
2025-11-16,none,0,371,0.003239291996578686
2025-11-17,none,0,358,0.002996625000378117
2025-11-18,none,0,353,0.0032007089976104908
2025-11-19,none,0,364,0.0035663750022649765
2025-11-20,none,0,362,0.0032273329998133704
2025-11-21,none,0,380,0.003108500000962522
2025-11-22,none,0,374,0.003087416000198573
2025-11-23,none,0,366,0.0029514170018956065
2025-11-24,none,0,357,0.0033927079930435866
2025-11-25,none,0,360,0.0029997499950695783
2025-11-26,none,0,354,0.002858374995412305
2025-11-27,none,0,371,0.003111665995675139
2025-11-28,none,0,375,0.003120207999018021
2025-11-29,none,0,380,0.003339374998176936
2025-11-30,none,0,374,0.0029837080001016147
2025-12-01,none,0,352,0.002957000004244037
2025-12-02,none,0,359,0.0031053329948917963
2025-12-03,none,0,359,0.003370916994754225
2025-12-04,none,0,347,0.0032384579972131178
2025-12-05,none,0,383,0.003079333000641782
2025-12-06,none,0,374,0.0030862499988870695
2025-12-07,none,0,340,0.0032765420037321746
2025-12-08,none,0,352,0.0037012909961049445
2025-12-09,none,0,348,0.0029927089999546297
2025-12-10,none,0,341,0.0029752499976893887
2025-12-11,none,0,345,0.002988375003042165
2025-12-12,none,0,376,0.0031877080036792904
2025-12-13,none,0,372,0.0034138749979319982
2025-12-14,none,0,350,0.003082374998484738
2025-12-15,none,0,344,0.0029424579988699406
2025-12-16,none,0,347,0.0031168339992291294
2025-12-17,none,0,351,0.003103082999587059
2025-12-18,none,0,352,0.003099375004239846
2025-12-19,none,0,381,0.003152999997837469
2025-12-20,none,0,385,0.0029605000017909333
2025-12-21,none,0,350,0.002883375003875699
2025-12-22,none,0,338,0.003006791004736442
2025-12-23,none,0,348,0.0032210420031333342
2025-12-24,none,0,340,0.002915791003033519
2025-12-25,none,0,344,0.002878791005059611
2025-12-26,none,0,378,0.002998832998855505
2025-12-27,none,0,384,0.003431333003391046
2025-12-28,none,0,343,0.0032402500000898726
2025-12-29,none,0,343,0.002896459001931362
2025-12-30,none,0,340,0.0029326250005397014
2025-12-31,none,0,362,0.0030417500020121224
2025-01-01,none,0,138,0.002782250005111564
2025-01-02,none,0,353,0.003294000001915265
2025-01-03,none,0,344,0.0030287920017144643
2025-01-04,none,0,346,0.002882166998460889
2025-01-05,none,0,382,0.0030566249988623895
2025-01-06,none,0,350,0.0031818749994272366
2025-01-07,none,0,351,0.0032938329968601465
2025-01-08,none,0,348,0.0029551669940701686
2025-01-09,none,0,342,0.0029284580014063977
2025-01-10,none,0,376,0.0032105420032166876
2025-01-11,none,0,371,0.0031531249987892807
2025-01-12,none,0,340,0.0030402920019696467
2025-01-13,none,0,349,0.0028185409973957576
2025-01-14,none,0,345,0.002845290997356642
2025-01-15,none,0,352,0.003219292004359886
2025-01-16,none,0,347,0.0033499580022180453
2025-01-17,none,0,374,0.003298417002952192
2025-01-18,none,0,367,0.003038916998775676
2025-01-19,none,0,346,0.0029527500009862706
2025-01-20,none,0,344,0.002918874997703824
2025-01-21,none,0,344,0.0031098340041353367
2025-01-22,none,0,349,0.002891500000259839
2025-01-23,none,0,347,0.002889709001465235
2025-01-24,none,0,375,0.003120125002169516
2025-01-25,none,0,374,0.0030691670035594143
2025-01-26,none,0,354,0.0031891249964246526
2025-01-27,none,0,355,0.003002375000505708
2025-01-28,none,0,361,0.0029235000038170256
2025-01-29,none,0,360,0.0031662080000387505
2025-01-30,none,0,358,0.0033054170053219423
2025-01-31,none,0,381,0.0031072920028236695
2025-02-01,none,0,379,0.00317212500522146
2025-02-02,none,0,356,0.0030032089998712763
2025-02-03,none,0,349,0.002945041000202764
2025-02-04,none,0,349,0.0032152919957297854
2025-02-05,none,0,359,0.0030665829981444404
2025-02-06,none,0,359,0.003064624994294718
2025-02-07,none,0,373,0.003027875005500391
2025-02-08,none,0,363,0.002998083997226786
2025-02-09,none,0,367,0.003321333999338094
2025-02-10,none,0,357,0.003110125006060116
2025-02-11,none,0,361,0.0029825419987901114
2025-02-12,none,0,361,0.0030560000013792887
2025-02-13,none,0,362,0.003357292000146117
2025-02-14,none,0,368,0.0031169579960987903
2025-02-15,none,0,373,0.003132916994218249
2025-02-16,none,0,367,0.002969624998513609
2025-02-17,none,0,374,0.002993334004713688
2025-02-18,none,0,364,0.003296749993751291
2025-02-19,none,0,358,0.0032410420026280917
2025-02-20,none,0,367,0.003050624996831175
2025-02-21,none,0,356,0.0029047499992884696
2025-02-22,none,0,362,0.003014583002368454
2025-02-23,none,0,362,0.003252208996855188
2025-02-24,none,0,368,0.0031941249981173314
2025-02-25,none,0,368,0.003073416999541223
2025-02-26,none,0,365,0.0029725829954259098
2025-02-27,none,0,370,0.0031666670038248412
2025-02-28,none,0,340,0.0031617089989595115
2025-03-01,none,0,366,0.003093749997788109
2025-03-02,none,0,376,0.0030502919980790466
2025-03-03,none,0,374,0.002999125004862435
2025-03-04,none,0,369,0.0032053749964688905
2025-03-05,none,0,365,0.003548625005350914
2025-03-06,none,0,373,0.002969832996313926
2025-03-07,none,0,363,0.0031148750058491714
2025-03-08,none,0,340,0.002955374999146443
2025-03-09,none,0,362,0.003459749998000916
2025-03-10,none,0,366,0.003318500006571412
2025-03-11,none,0,365,0.0029421250001178123
2025-03-12,none,0,359,0.002997624993440695
2025-03-13,none,0,372,0.0032115840003825724
2025-03-14,none,0,338,0.0034119159972760826
2025-03-15,none,0,351,0.002944917003333103
2025-03-16,none,0,377,0.0029676249978365377
2025-03-17,none,0,356,0.0029550420003943145
2025-03-18,none,0,369,0.003124125003523659
2025-03-19,none,0,362,0.0035897919951821677
2025-03-20,none,0,370,0.003047874997719191
2025-03-21,none,0,345,0.002914917000452988
2025-03-22,none,0,344,0.0029196250034146942
2025-03-23,none,0,362,0.0030037499964237213
2025-03-24,none,0,364,0.003359166999871377
2025-03-25,none,0,367,0.003012417000718415
2025-03-26,none,0,360,0.002976957999635488
2025-03-27,none,0,368,0.0029892079983255826
2025-03-28,none,0,339,0.0031607080018147826
2025-03-29,none,0,330,0.002999250005814247
2025-03-30,none,0,362,0.0032439159986097366
2025-03-31,none,0,365,0.0029289160011103377
2025-04-01,none,0,366,0.003067917001317255
2025-04-02,none,0,368,0.0032367919993703254
2025-04-03,none,0,367,0.0033523749953019433
2025-04-04,none,0,324,0.002843041998858098
2025-04-05,none,0,320,0.0028515420053736307
2025-04-06,none,0,367,0.002920708997407928
2025-04-07,none,0,357,0.003399041001102887
2025-04-08,none,0,376,0.0032152079947991297
2025-04-09,none,0,372,0.003027832994121127
2025-04-10,none,0,366,0.0029893329992773943
2025-04-11,none,0,311,0.0028372919987305067
2025-04-12,none,0,343,0.003293916000984609
2025-04-13,none,0,356,0.002981833000376355
2025-04-14,none,0,372,0.0029069170050206594
2025-04-15,none,0,359,0.0028316249954514205
2025-04-16,none,0,365,0.0030116249981801957
2025-04-17,none,0,360,0.0034246669965796173
2025-04-18,none,0,318,0.0030342079990077764
2025-04-19,none,0,325,0.002994415997818578
2025-04-20,none,0,361,0.0029785409933538176
2025-04-21,none,0,369,0.0029160409976611845
2025-04-22,none,0,350,0.0033914589948835783
2025-04-23,none,0,349,0.0029354159996728413
2025-04-24,none,0,347,0.0028112910003983416
2025-04-25,none,0,315,0.002785124997899402
2025-04-26,none,0,317,0.002810083002259489
2025-04-27,none,0,354,0.0031985419991542585
2025-04-28,none,0,364,0.0029419999991660006
2025-04-29,none,0,362,0.002987125000800006
2025-04-30,none,0,356,0.003049167004064657
2025-05-01,none,0,351,0.002894749995903112
2025-05-02,none,0,338,0.0030084169993642718
2025-05-03,none,0,332,0.0029461250014719553
2025-05-04,none,0,366,0.0029313750055735
2025-05-05,none,0,365,0.0028598330027307384
2025-05-06,none,0,353,0.003334875000291504
2025-05-07,none,0,356,0.003084749994741287
2025-05-08,none,0,370,0.0030444999938481487
2025-05-09,none,0,337,0.0030120830051600933
2025-05-10,none,0,334,0.0028893339986098
2025-05-11,none,0,367,0.0032717089998186566
2025-05-12,none,0,362,0.003202625004632864
2025-05-13,none,0,363,0.002902708001784049
2025-05-14,none,0,365,0.0029515829955926165
2025-05-15,none,0,364,0.0029280419985298067
2025-05-16,none,0,321,0.0030779170047026128
2025-05-17,none,0,334,0.002863207999325823
2025-05-18,none,0,368,0.002971541995066218
2025-05-19,none,0,360,0.002929667003627401
2025-05-20,none,0,362,0.0030668330000480637
2025-05-21,none,0,361,0.0034065419968101196
2025-05-22,none,0,353,0.0030060000062803738
2025-05-23,none,0,328,0.0027799999952549115
2025-05-24,none,0,319,0.0027474160015117377
2025-05-25,none,0,345,0.003015000002051238
2025-05-26,none,0,354,0.0032273339966195635
2025-05-27,none,0,352,0.0029450840011122636
2025-05-28,none,0,346,0.0029232500019134022
2025-05-29,none,0,349,0.0028720420013996772
2025-05-30,none,0,339,0.0028497910025180317
2025-05-31,none,0,343,0.0031846669953665696
2025-06-01,none,0,362,0.0031639999942854047
2025-06-02,none,0,360,0.0031219580050674267
2025-06-03,none,0,354,0.0030392499975278042
2025-06-04,none,0,364,0.0031196249983622693
2025-06-05,none,0,358,0.0034311250055907294
2025-06-06,none,0,370,0.003156500002660323
2025-06-07,none,0,377,0.002987125000800006
2025-06-08,none,0,351,0.002979500000947155
2025-06-09,none,0,346,0.003351542000018526
2025-06-10,none,0,357,0.003435166996496264
2025-06-11,none,0,349,0.003210458999092225
2025-06-12,none,0,352,0.0032369159962399863
2025-06-13,none,0,376,0.003205082997737918
2025-06-14,none,0,382,0.0036210840044077486
2025-06-15,none,0,349,0.0030734159954590723
2025-06-16,none,0,351,0.0029533749984693713
2025-06-17,none,0,348,0.0030157080036588013
2025-06-18,none,0,345,0.0031320830021286383
2025-06-19,none,0,347,0.003399166998860892
2025-06-20,none,0,377,0.003090458005317487
2025-06-21,none,0,362,0.00307033299759496
2025-06-22,none,0,342,0.002922084000601899
2025-06-23,none,0,344,0.0030124999975669198
2025-06-24,none,0,343,0.0033135000048787333
2025-06-25,none,0,343,0.002929624999524094
2025-06-26,none,0,342,0.002983541999128647
2025-06-27,none,0,373,0.0029887909986427985
2025-06-28,none,0,373,0.003144458998576738
2025-06-29,none,0,346,0.003324708995933179
2025-06-30,none,0,357,0.002974167000502348
2025-07-01,none,0,339,0.0029421660001389682
2025-07-02,none,0,342,0.00286874999437714
2025-07-03,none,0,343,0.0035023749951506034
2025-07-04,none,0,354,0.0029775829971185885
2025-07-05,none,0,341,0.002771666993794497
2025-07-06,none,0,338,0.0029078330044285394
2025-07-07,none,0,337,0.0031124169981922023
2025-07-08,none,0,343,0.0033394170022802427
2025-07-09,none,0,341,0.003046582998649683
2025-07-10,none,0,332,0.00275491699721897
2025-07-11,none,0,362,0.0028981249997741543
2025-07-12,none,0,330,0.0027789169980678707
2025-07-13,none,0,341,0.003476125006272923
2025-07-14,none,0,336,0.0030247499962570146
2025-07-15,none,0,321,0.0028953340006410144
2025-07-16,none,0,325,0.0027524170000106096
2025-07-17,none,0,339,0.0028814589968533255
2025-07-18,none,0,351,0.0030908339977031574
2025-07-19,none,0,351,0.0029024579998804256
2025-07-20,none,0,329,0.0028337499970803037
2025-07-21,none,0,329,0.002886166999815032
2025-07-22,none,0,309,0.0030993339969427325
2025-07-23,none,0,305,0.003064458003791515
2025-07-24,none,0,310,0.002921084000263363
2025-07-25,none,0,323,0.0027029999982914887
2025-07-26,none,0,347,0.0028769580021617003
2025-07-27,none,0,318,0.003049625003768597
2025-07-28,none,0,310,0.0032163750001927838
2025-07-29,none,0,292,0.002944416002719663
2025-07-30,none,0,300,0.0027087920025223866
2025-07-31,none,0,315,0.0027570000020205043
2025-08-01,none,0,325,0.0028136249966337346
2025-08-02,none,0,355,0.003275082999607548
2025-08-03,none,0,321,0.0028589159992407076
2025-08-04,none,0,322,0.0026868330023717135
2025-08-05,none,0,330,0.0028530830022646114
2025-08-06,none,0,325,0.003007334002177231
2025-08-07,none,0,324,0.003217500001483131
2025-08-08,none,0,334,0.002952375005406793
2025-08-09,none,0,338,0.0028507500028354116
2025-08-10,none,0,333,0.002860958004021086
2025-08-11,none,0,334,0.002859166997950524
2025-08-12,none,0,327,0.003031125001143664
2025-08-13,none,0,330,0.0031219580050674267
2025-08-14,none,0,332,0.0028059169999323785
2025-08-15,none,0,365,0.003032207998330705
2025-08-16,none,0,351,0.002940958998806309
2025-08-17,none,0,339,0.003206375004083384
2025-08-18,none,0,336,0.003068166995944921
2025-08-19,none,0,335,0.002826040996296797
2025-08-20,none,0,341,0.0028910409964737482
2025-08-21,none,0,337,0.0032407910039182752
2025-08-22,none,0,342,0.0032235830003628507
2025-08-23,none,0,337,0.0028621669989661314
2025-08-24,none,0,332,0.002774209002382122
2025-08-25,none,0,344,0.0031154589960351586
2025-08-26,none,0,323,0.002838375003193505
2025-08-27,none,0,338,0.0031289589969674125
2025-08-28,none,0,332,0.003133749996777624
2025-08-29,none,0,352,0.002824167000653688
2025-08-30,none,0,351,0.002864958005375229
2025-08-31,none,0,335,0.002955416995973792
2025-09-01,none,0,344,0.003441916996962391
2025-09-02,none,0,339,0.003062707997742109
2025-09-03,none,0,332,0.002816915999574121
2025-09-04,none,0,331,0.002858250001736451
2025-09-05,none,0,325,0.002832083002431318
2025-09-06,none,0,335,0.0030004579966771416
2025-09-07,none,0,324,0.002901375002693385
2025-09-08,none,0,329,0.002887541995733045
2025-09-09,none,0,319,0.002955166004539933
2025-09-10,none,0,330,0.0029627080002683215
2025-09-11,none,0,330,0.0031986249960027635
2025-09-12,none,0,332,0.0028777499974239618
2025-09-13,none,0,329,0.0028379159994074143
2025-09-14,none,0,334,0.0028539589984575287
2025-09-15,none,0,335,0.0029832910004188307
2025-09-16,none,0,363,0.003377125001861714
2025-09-17,none,0,346,0.0031581660005031154
2025-09-18,none,0,353,0.0029242909949971363
2025-09-19,none,0,341,0.002833583996107336
2025-09-20,none,0,340,0.002965290994325187
2025-09-21,none,0,362,0.003570584005501587
2025-09-22,none,0,365,0.0030911669964552857
2025-09-23,none,0,364,0.00293829199654283
2025-09-24,none,0,346,0.003094959000009112
2025-09-25,none,0,368,0.0031275000001187436
2025-09-26,none,0,369,0.003220334001525771
2025-09-27,none,0,342,0.002943083003628999
2025-09-28,none,0,364,0.003031708998605609
2025-09-29,none,0,371,0.0030219999971450306
2025-09-30,none,0,367,0.0034102079953299835
2025-10-01,none,0,368,0.003038292001292575
2025-10-02,none,0,360,0.0030290420036180876
2025-10-03,none,0,341,0.002872208002372645
2025-10-04,none,0,370,0.0030425420045503415
2025-10-05,none,0,371,0.0033424169960198924
2025-10-06,none,0,354,0.0031562919975840487
2025-10-07,none,0,369,0.002939541998784989
2025-10-08,none,0,368,0.003044291996047832
2025-10-09,none,0,357,0.003288083004008513
2025-10-10,none,0,350,0.003394791994651314
2025-10-11,none,0,353,0.0029605829986394383
2025-10-12,none,0,371,0.0030724999960511923
2025-10-13,none,0,363,0.0029533749984693713
2025-10-14,none,0,368,0.002998500000103377
2025-10-15,none,0,371,0.0032695829941076227
2025-10-16,none,0,368,0.0029312919941730797
2025-10-17,none,0,332,0.00282800000422867
2025-10-18,none,0,364,0.0031468330053030513
2025-10-19,none,0,367,0.0030578330042771995
2025-10-20,none,0,370,0.0032110000029206276
2025-10-21,none,0,356,0.002940375001344364
2025-10-22,none,0,371,0.0029172499998821877
2025-10-23,none,0,380,0.0031087079987628385
2025-10-24,none,0,347,0.0032143749995157123
2025-10-25,none,0,365,0.0030502919980790466
2025-10-26,none,0,371,0.0030021250058780424
2025-10-27,none,0,361,0.003096458996878937
2025-10-28,none,0,370,0.00298724999447586
2025-10-29,none,0,367,0.0035640830028569326
2025-10-30,none,0,366,0.003177124999638181
2025-10-31,none,0,374,0.002956707998237107
2025-11-01,none,0,364,0.002941416998510249
2025-11-02,none,0,376,0.0033269580017076805
2025-11-03,none,0,374,0.003493124997476116
2025-11-04,none,0,355,0.003056541994737927
2025-11-05,none,0,367,0.0030844170032651164
2025-11-06,none,0,370,0.003048167003726121
2025-11-07,none,0,370,0.0030338329961523414
2025-11-08,none,0,369,0.003304874997411389
2025-11-09,none,0,377,0.003106709002167918
2025-11-10,none,0,364,0.0030269589988165535
2025-11-11,none,0,367,0.002997666997544002
2025-11-12,none,0,365,0.0033983750035986304
2025-11-13,none,0,370,0.0032224579990725033
2025-11-14,none,0,370,0.0029555829969467595
2025-11-15,none,0,388,0.0030502919980790466
2025-11-16,none,0,375,0.0031347499971161596
2025-11-17,none,0,363,0.00344316699920455
2025-11-18,none,0,354,0.0032991659973049536
2025-11-19,none,0,370,0.003092874998401385
2025-11-20,none,0,365,0.0029855000029783696
2025-11-21,none,0,373,0.0030507499977829866
2025-11-22,none,0,369,0.003589959000237286
2025-11-23,none,0,369,0.003056832996662706
2025-11-24,none,0,367,0.002907624999352265
2025-11-25,none,0,363,0.002988583997648675
2025-11-26,none,0,361,0.0030592920011258684
2025-11-27,none,0,370,0.003284042002633214
2025-11-28,none,0,381,0.0030441659982898273
2025-11-29,none,0,385,0.0030876250020810403
2025-11-30,none,0,372,0.00300708399299765
2025-12-01,none,0,359,0.0032493749968125485
2025-12-02,none,0,364,0.0032192919970839284
2025-12-03,none,0,358,0.002949834000901319
2025-12-04,none,0,349,0.0029612500002258457
2025-12-05,none,0,387,0.0030629159955424257
2025-12-06,none,0,377,0.003249833003792446
2025-12-07,none,0,347,0.0031793339949217625
2025-12-08,none,0,353,0.002955708005174529
2025-12-09,none,0,342,0.0030225000009522773
2025-12-10,none,0,344,0.003041417003259994
2025-12-11,none,0,350,0.0034293330027139746
2025-12-12,none,0,373,0.0031365830000140704
2025-12-13,none,0,371,0.002983500002301298
2025-12-14,none,0,351,0.0029532080006902106
2025-12-15,none,0,340,0.0029637499974342063
2025-12-16,none,0,339,0.003326666002976708
2025-12-17,none,0,349,0.0030225410009734333
2025-12-18,none,0,348,0.0029493330002878793
2025-12-19,none,0,380,0.0030643329955637455
2025-12-20,none,0,384,0.003220250000595115
2025-12-21,none,0,349,0.0029752910049865022
2025-12-22,none,0,338,0.0028996250039199367
2025-12-23,none,0,343,0.002851999997801613
2025-12-24,none,0,336,0.0030464999945252202
2025-12-25,none,0,337,0.002961291997053195
2025-12-26,none,0,380,0.0033630420002737083
2025-12-27,none,0,381,0.0032623750012135133
2025-12-28,none,0,343,0.002941291000752244
2025-12-29,none,0,342,0.0028939589974470437
2025-12-30,none,0,333,0.003115250001428649
2025-12-31,none,0,357,0.002943875006167218
2025-01-01,6,0,260,0.0027681249994202517
2025-01-01,6,6,388,0.0048942909998004325
2025-01-02,6,0,357,0.0030175840001902543
2025-01-02,6,6,499,0.005911416999879293
2025-01-03,6,0,343,0.0032220419961959124
2025-01-03,6,6,407,0.005009166998206638
2025-01-04,6,0,342,0.0033974999969359487
2025-01-04,6,6,409,0.005067833000794053
2025-01-05,6,0,379,0.0030854159995215014
2025-01-05,6,6,509,0.006022708999807946
2025-01-06,6,0,348,0.0031630839948775247
2025-01-06,6,6,486,0.005244291998678818
2025-01-07,6,0,355,0.0029685420013265684
2025-01-07,6,6,527,0.006107749999500811
2025-01-08,6,0,344,0.003191790994605981
2025-01-08,6,6,468,0.005354209002689458
2025-01-09,6,0,342,0.0030108339997241274
2025-01-09,6,6,496,0.005919625000387896
2025-01-10,6,0,385,0.003094040999712888
2025-01-10,6,6,410,0.005166625000128988
2025-01-11,6,0,382,0.0035462910018395633
2025-01-11,6,6,417,0.005131041994900443
2025-01-12,6,0,347,0.0029514159978134558
2025-01-12,6,6,468,0.005369082995457575
2025-01-13,6,0,355,0.003173332996084355
2025-01-13,6,6,461,0.005276542004139628
2025-01-14,6,0,347,0.0031975000019883737
2025-01-14,6,6,503,0.00593825000396464
2025-01-15,6,0,362,0.0031789169952389784
2025-01-15,6,6,522,0.005374874999688473
2025-01-16,6,0,357,0.0030548750000889413
2025-01-16,6,6,502,0.006132959002570715
2025-01-17,6,0,382,0.003016334005224053
2025-01-17,6,6,396,0.005151500001375098
2025-01-18,6,0,376,0.0035700410007848404
2025-01-18,6,6,427,0.005273791000945494
2025-01-19,6,0,348,0.0029830829953425564
2025-01-19,6,6,499,0.005866416999197099
2025-01-20,6,0,354,0.0030942500015953556
2025-01-20,6,6,512,0.005385875003412366
2025-01-21,6,0,353,0.0031205829945974983
2025-01-21,6,6,440,0.005560542005696334
2025-01-22,6,0,356,0.0031320409980253316
2025-01-22,6,6,511,0.005378459005441982
2025-01-23,6,0,351,0.003117874999588821
2025-01-23,6,6,481,0.00571170799958054
2025-01-24,6,0,377,0.0029663749955943786
2025-01-24,6,6,390,0.004933459000312723
2025-01-25,6,0,378,0.0032267499991576187
2025-01-25,6,6,433,0.005402875001891516
2025-01-26,6,0,357,0.002940207996289246
2025-01-26,6,6,489,0.005454790996736847
2025-01-27,6,0,356,0.003220957994926721
2025-01-27,6,6,481,0.005509041999175679
2025-01-28,6,0,365,0.003169584000715986
2025-01-28,6,6,501,0.006196750000526663
2025-01-29,6,0,366,0.0030134999979054555
2025-01-29,6,6,483,0.0055262090027099475
2025-01-30,6,0,363,0.0031103750006877817
2025-01-30,6,6,488,0.005907250000745989
2025-01-31,6,0,377,0.0030032499998924322
2025-01-31,6,6,405,0.005046958998718765
2025-02-01,6,0,384,0.0032542920016567223
2025-02-01,6,6,403,0.005077709000033792
2025-02-02,6,0,357,0.003019875002792105
2025-02-02,6,6,455,0.005765458001405932
2025-02-03,6,0,352,0.00314845799584873
2025-02-03,6,6,441,0.0052763750063604675
2025-02-04,6,0,351,0.0029892090024077334
2025-02-04,6,6,429,0.005609250001725741
2025-02-05,6,0,360,0.0031437500001629815
2025-02-05,6,6,477,0.005421791996923275
2025-02-06,6,0,362,0.003155791993776802
2025-02-06,6,6,423,0.00552524999511661
2025-02-07,6,0,380,0.003042083997570444
2025-02-07,6,6,381,0.005078082998807076
2025-02-08,6,0,366,0.0032619580015307292
2025-02-08,6,6,399,0.005159334003110416
2025-02-09,6,0,366,0.0031209169974317774
2025-02-09,6,6,467,0.00580554100451991
2025-02-10,6,0,364,0.0030810409953119233
2025-02-10,6,6,436,0.005219500002567656
2025-02-11,6,0,363,0.0030230840056901798
2025-02-11,6,6,451,0.005857833995833062
2025-02-12,6,0,366,0.0033603749980102293
2025-02-12,6,6,470,0.005371166000259109
2025-02-13,6,0,366,0.003103875002125278
2025-02-13,6,6,424,0.005765750000136904
2025-02-14,6,0,365,0.0029984580032760277
2025-02-14,6,6,359,0.00482449999981327
2025-02-15,6,0,371,0.003417207997699734
2025-02-15,6,6,371,0.004910707997623831
2025-02-16,6,0,370,0.0030261249994509853
2025-02-16,6,6,442,0.005401709000580013
2025-02-17,6,0,382,0.0035682500019902363
2025-02-17,6,6,444,0.005258750003122259
2025-02-18,6,0,366,0.0029704999979003333
2025-02-18,6,6,458,0.005562042002566159
2025-02-19,6,0,361,0.0031316250024246983
2025-02-19,6,6,430,0.005420666995632928
2025-02-20,6,0,370,0.003162291999615263
2025-02-20,6,6,432,0.005803291998745408
2025-02-21,6,0,359,0.002944875006505754
2025-02-21,6,6,354,0.004948666995915119
2025-02-22,6,0,365,0.0032151249979506247
2025-02-22,6,6,380,0.005260625002847519
2025-02-23,6,0,363,0.0030457920001936145
2025-02-23,6,6,445,0.00527637499908451
2025-02-24,6,0,366,0.003277958996477537
2025-02-24,6,6,441,0.005214833996433299
2025-02-25,6,0,365,0.0031552080035908148
2025-02-25,6,6,466,0.0060253330011619255
2025-02-26,6,0,368,0.003058041002077516
2025-02-26,6,6,457,0.005612458000541665
2025-02-27,6,0,372,0.00305941700207768
2025-02-27,6,6,420,0.005444583999633323
2025-02-28,6,0,338,0.0029145000007702038
2025-02-28,6,6,338,0.004735374997835606
2025-03-01,6,0,363,0.0032903749961405993
2025-03-01,6,6,369,0.005116957996506244
2025-03-02,6,0,372,0.003083666000748053
2025-03-02,6,6,434,0.005377708999731112
2025-03-03,6,0,377,0.003514165997330565
2025-03-03,6,6,438,0.005254750001768116
2025-03-04,6,0,370,0.0031670419994043186
2025-03-04,6,6,451,0.0054931249978835694
2025-03-05,6,0,370,0.003127333999145776
2025-03-05,6,6,418,0.0050280420036870055
2025-03-06,6,0,377,0.0031519170006504282
2025-03-06,6,6,406,0.005514500000572298
2025-03-07,6,0,366,0.00307920799968997
2025-03-07,6,6,353,0.004754292000143323
2025-03-08,6,0,342,0.0028852500036009587
2025-03-08,6,6,344,0.005176124999707099
2025-03-09,6,0,374,0.003053290995012503
2025-03-09,6,6,430,0.00540420800098218
2025-03-10,6,0,365,0.0033088329946622252
2025-03-10,6,6,426,0.005458208004711196
2025-03-11,6,0,363,0.002960291996714659
2025-03-11,6,6,436,0.005470750002132263
2025-03-12,6,0,362,0.0032927499996731058
2025-03-12,6,6,421,0.005263250001007691
2025-03-13,6,0,379,0.0031305419979617
2025-03-13,6,6,421,0.0053597079968312755
2025-03-14,6,0,338,0.0029110420000506565
2025-03-14,6,6,343,0.004649833004805259
2025-03-15,6,0,355,0.002875082995160483
2025-03-15,6,6,367,0.005217874997470062
2025-03-16,6,0,379,0.0032901660015340894
2025-03-16,6,6,458,0.005558500000915956
2025-03-17,6,0,357,0.003107666998403147
2025-03-17,6,6,407,0.0055779579997761175
2025-03-18,6,0,367,0.0032769170065876096
2025-03-18,6,6,426,0.005158667001524009
2025-03-19,6,0,362,0.003356000001076609
2025-03-19,6,6,413,0.005215124998358078
2025-03-20,6,0,375,0.0030213329955586232
2025-03-20,6,6,401,0.005385874996136408
2025-03-21,6,0,347,0.003143959002045449
2025-03-21,6,6,340,0.004855333994782995
2025-03-22,6,0,344,0.0028597499986062758
2025-03-22,6,6,365,0.005098542002087925
2025-03-23,6,0,369,0.0030508339987136424
2025-03-23,6,6,435,0.005045167003117967
2025-03-24,6,0,368,0.003047291000257246
2025-03-24,6,6,427,0.005665541997586843
2025-03-25,6,0,365,0.0030144999982439913
2025-03-25,6,6,458,0.005166959002963267
2025-03-26,6,0,362,0.003225749998819083
2025-03-26,6,6,411,0.0053260829954524525
2025-03-27,6,0,372,0.00303837499814108
2025-03-27,6,6,428,0.005520582999452017
2025-03-28,6,0,338,0.0033750000002328306
2025-03-28,6,6,340,0.00465766699926462
2025-03-29,6,0,328,0.00291920800373191
2025-03-29,6,6,350,0.004816749999008607
2025-03-30,6,0,369,0.0031612500024493784
2025-03-30,6,6,455,0.005353665997972712
2025-03-31,6,0,364,0.0028848750007455237
2025-03-31,6,6,449,0.005795166005555075
2025-04-01,6,0,377,0.0031207910069497302
2025-04-01,6,6,476,0.005439792003016919
2025-04-02,6,0,373,0.003095000000030268
2025-04-02,6,6,507,0.005966583004919812
2025-04-03,6,0,368,0.0030421249975916
2025-04-03,6,6,452,0.0052096669969614595
2025-04-04,6,0,325,0.0031046250005601905
2025-04-04,6,6,327,0.004740958000184037
2025-04-05,6,0,321,0.0027387079971958883
2025-04-05,6,6,351,0.004945874999975786
2025-04-06,6,0,368,0.0032897909986786544
2025-04-06,6,6,423,0.005490582996571902
2025-04-07,6,0,356,0.0028997920016990975
2025-04-07,6,6,479,0.00572404199920129
2025-04-08,6,0,375,0.0031095000013010576
2025-04-08,6,6,454,0.00517954099632334
2025-04-09,6,0,371,0.0032548329982091673
2025-04-09,6,6,476,0.005673790998116601
2025-04-10,6,0,368,0.003128584001387935
2025-04-10,6,6,452,0.005221375002292916
2025-04-11,6,0,312,0.0027542919997358695
2025-04-11,6,6,327,0.005030291998991743
2025-04-12,6,0,343,0.0027946250047534704
2025-04-12,6,6,353,0.005122209004184697
2025-04-13,6,0,358,0.003246750005928334
2025-04-13,6,6,412,0.005466834001708776
2025-04-14,6,0,373,0.003014084002643358
2025-04-14,6,6,456,0.00549124999815831
2025-04-15,6,0,357,0.0032403329969383776
2025-04-15,6,6,441,0.00537508400157094
2025-04-16,6,0,365,0.0029468749999068677
2025-04-16,6,6,471,0.005765624999185093
2025-04-17,6,0,361,0.00302837500203168
2025-04-17,6,6,447,0.005214749995502643
2025-04-18,6,0,316,0.0028732920036418363
2025-04-18,6,6,325,0.004855166997003835
2025-04-19,6,0,325,0.002808499993989244
2025-04-19,6,6,342,0.004647333000320941
2025-04-20,6,0,359,0.0029529579987865873
2025-04-20,6,6,474,0.005936458001087885
2025-04-21,6,0,369,0.0030272500007413328
2025-04-21,6,6,440,0.005324208999809343
2025-04-22,6,0,347,0.0031140829960349947
2025-04-22,6,6,479,0.005851666996022686
2025-04-23,6,0,346,0.0029002500014030375
2025-04-23,6,6,484,0.005525416003365535
2025-04-24,6,0,349,0.0031090830016182736
2025-04-24,6,6,423,0.00533891699888045
2025-04-25,6,0,315,0.002762625001196284
2025-04-25,6,6,339,0.005017375005991198
2025-04-26,6,0,320,0.00277966599969659
2025-04-26,6,6,342,0.004728209001768846
2025-04-27,6,0,354,0.0028310830020927824
2025-04-27,6,6,441,0.005512707997695543
2025-04-28,6,0,369,0.0030507920018862933
2025-04-28,6,6,485,0.005386791002820246
2025-04-29,6,0,360,0.0029854590029572137
2025-04-29,6,6,445,0.0055136660012067296
2025-04-30,6,0,351,0.002928833993792068
2025-04-30,6,6,421,0.005419499997515231
2025-05-01,6,0,351,0.0032485409974469803
2025-05-01,6,6,452,0.005593666995991953
2025-05-02,6,0,335,0.0028381250012898818
2025-05-02,6,6,344,0.005004457998438738
2025-05-03,6,0,333,0.0034408329956931993
2025-05-03,6,6,351,0.004753374996653292
2025-05-04,6,0,369,0.0030192499980330467
2025-05-04,6,6,471,0.005698875000234693
2025-05-05,6,0,362,0.0031252499975380488
2025-05-05,6,6,413,0.005002666002837941
2025-05-06,6,0,351,0.002891083000577055
2025-05-06,6,6,470,0.005854916998941917
2025-05-07,6,0,352,0.00301949999993667
2025-05-07,6,6,456,0.00518704199930653
2025-05-08,6,0,373,0.003119749999314081
2025-05-08,6,6,413,0.005789791997813154
2025-05-09,6,0,334,0.0029385410016402602
2025-05-09,6,6,349,0.00478016600391129
2025-05-10,6,0,340,0.002979459000925999
2025-05-10,6,6,363,0.005049082996265497
2025-05-11,6,0,372,0.002907083005993627
2025-05-11,6,6,459,0.005186458001844585
2025-05-12,6,0,357,0.003514500000164844
2025-05-12,6,6,443,0.0052688750001834705
2025-05-13,6,0,366,0.0029105840003467165
2025-05-13,6,6,410,0.005342249998648185
2025-05-14,6,0,364,0.0032021669976529665
2025-05-14,6,6,412,0.0049929169981624
2025-05-15,6,0,363,0.0031478329983656295
2025-05-15,6,6,415,0.005484249995788559
2025-05-16,6,0,320,0.002735790993028786
2025-05-16,6,6,348,0.004557542000839021
2025-05-17,6,0,339,0.002931458002422005
2025-05-17,6,6,357,0.005262166996544693
2025-05-18,6,0,376,0.0029538329981733114
2025-05-18,6,6,438,0.00513945900456747
2025-05-19,6,0,356,0.002912167001341004
2025-05-19,6,6,453,0.005873416994290892
2025-05-20,6,0,357,0.0029173340008128434
2025-05-20,6,6,422,0.0053195840009721
2025-05-21,6,0,355,0.0031574159947922453
2025-05-21,6,6,428,0.00542683299863711
2025-05-22,6,0,351,0.002835334002156742
2025-05-22,6,6,414,0.005579625001701061
2025-05-23,6,0,329,0.0028334579983493313
2025-05-23,6,6,352,0.004615584002749529
2025-05-24,6,0,323,0.0029968750022817403
2025-05-24,6,6,350,0.005094749998534098
2025-05-25,6,0,351,0.003124542003206443
2025-05-25,6,6,437,0.005067624995717779
2025-05-26,6,0,349,0.002974583003378939
2025-05-26,6,6,410,0.00540533299499657
2025-05-27,6,0,346,0.002995666000060737
2025-05-27,6,6,442,0.005171042001165915
2025-05-28,6,0,345,0.003270708999480121
2025-05-28,6,6,433,0.0055039169965311885
2025-05-29,6,0,353,0.002984459002618678
2025-05-29,6,6,473,0.0055891660013003275
2025-05-30,6,0,337,0.0030427079982473515
2025-05-30,6,6,357,0.005024000005505513
2025-05-31,6,0,349,0.0028620840021176264
2025-05-31,6,6,367,0.004996582996682264
2025-06-01,6,0,359,0.003284124999481719
2025-06-01,6,6,458,0.0053403749989229254
2025-06-02,6,0,371,0.003108958000666462
2025-06-02,6,6,467,0.005809041998872999
2025-06-03,6,0,355,0.003195625002263114
2025-06-03,6,6,496,0.005323957993823569
2025-06-04,6,0,369,0.003161458000249695
2025-06-04,6,6,434,0.005550000001676381
2025-06-05,6,0,368,0.003097374996286817
2025-06-05,6,6,464,0.005674667001585476
2025-06-06,6,0,375,0.00352625000232365
2025-06-06,6,6,418,0.005282333004288375
2025-06-07,6,0,388,0.0031390830044983886
2025-06-07,6,6,395,0.0048946250026347116
2025-06-08,6,0,359,0.0033387080038664863
2025-06-08,6,6,439,0.005338333998224698
2025-06-09,6,0,350,0.0029825419987901114
2025-06-09,6,6,420,0.005742250003095251
2025-06-10,6,0,361,0.0031836670023039915
2025-06-10,6,6,429,0.005015082999307197
2025-06-11,6,0,359,0.003102249997027684
2025-06-11,6,6,454,0.0055672909948043525
2025-06-12,6,0,357,0.003187666996382177
2025-06-12,6,6,472,0.005199457998969592
2025-06-13,6,0,369,0.0031109999981708825
2025-06-13,6,6,403,0.005386666998674627
2025-06-14,6,0,376,0.0030673340006615035
2025-06-14,6,6,417,0.00520358399808174
2025-06-15,6,0,348,0.0033872499989229254
2025-06-15,6,6,442,0.0052892499952577055
2025-06-16,6,0,362,0.0030695829991600476
2025-06-16,6,6,458,0.0055766669975128025
2025-06-17,6,0,360,0.003178208993631415
2025-06-17,6,6,457,0.00522929200087674
2025-06-18,6,0,358,0.003110416997515131
2025-06-18,6,6,467,0.0055766669975128025
2025-06-19,6,0,353,0.0030283329979283735
2025-06-19,6,6,440,0.005101499999000225
2025-06-20,6,0,371,0.003294958994956687
2025-06-20,6,6,421,0.0053511669975705445
2025-06-21,6,0,366,0.0028928750034538098
2025-06-21,6,6,398,0.005036333001044113
2025-06-22,6,0,345,0.0034186669945484027
2025-06-22,6,6,446,0.005465082998853177
2025-06-23,6,0,350,0.002916542005550582
2025-06-23,6,6,440,0.0054400410008383915
2025-06-24,6,0,357,0.0031338749977294356
2025-06-24,6,6,418,0.004839584005821962
2025-06-25,6,0,348,0.002928874993813224
2025-06-25,6,6,448,0.005580250006460119
2025-06-26,6,0,349,0.0030618750024586916
2025-06-26,6,6,452,0.00506412500544684
2025-06-27,6,0,376,0.0030011660055606626
2025-06-27,6,6,403,0.005219250000664033
2025-06-28,6,0,376,0.002988958003697917
2025-06-28,6,6,402,0.004940416001772974
2025-06-29,6,0,349,0.003265166000346653
2025-06-29,6,6,444,0.005734750004194211
2025-06-30,6,0,354,0.0030180829999153502
2025-06-30,6,6,426,0.005080165996332653
2025-07-01,6,0,344,0.003474124998319894
2025-07-01,6,6,447,0.0056237919998238795
2025-07-02,6,0,342,0.002988624997669831
2025-07-02,6,6,447,0.0056647499950486235
2025-07-03,6,0,351,0.0030098749994067475
2025-07-03,6,6,472,0.005302500001562294
2025-07-04,6,0,353,0.003178416001901496
2025-07-04,6,6,449,0.005618874994979706
2025-07-05,6,0,345,0.0029093749981257133
2025-07-05,6,6,439,0.004975334006303456
2025-07-06,6,0,344,0.003100999994785525
2025-07-06,6,6,435,0.005826542001159396
2025-07-07,6,0,337,0.0030335839983308688
2025-07-07,6,6,403,0.005091749997518491
2025-07-08,6,0,344,0.0031017499932204373
2025-07-08,6,6,404,0.0049481250025564805
2025-07-09,6,0,353,0.0029017080014455132
2025-07-09,6,6,425,0.005393999999796506
2025-07-10,6,0,337,0.003113709004537668
2025-07-10,6,6,419,0.00544270800310187
2025-07-11,6,0,357,0.002890208997996524
2025-07-11,6,6,408,0.0056027079990599304
2025-07-12,6,0,337,0.0029270830054883845
2025-07-12,6,6,438,0.005163166002603248
2025-07-13,6,0,340,0.00300904200412333
2025-07-13,6,6,424,0.005307334002282005
2025-07-14,6,0,333,0.002873124998586718
2025-07-14,6,6,386,0.005054875000496395
2025-07-15,6,0,324,0.002943999999843072
2025-07-15,6,6,371,0.0050581250034156255
2025-07-16,6,0,324,0.0030074170063016936
2025-07-16,6,6,387,0.005210290997638367
2025-07-17,6,0,340,0.0030065410028328188
2025-07-17,6,6,406,0.005300415999954566
2025-07-18,6,0,349,0.0028719580004690215
2025-07-18,6,6,391,0.0048493750000488944
2025-07-19,6,0,353,0.0031769999986863695
2025-07-19,6,6,373,0.004929542003083043
2025-07-20,6,0,336,0.0029102909975335933
2025-07-20,6,6,408,0.0052461249943007715
2025-07-21,6,0,329,0.003269209002610296
2025-07-21,6,6,343,0.004768708000483457
2025-07-22,6,0,301,0.002985666003951337
2025-07-22,6,6,392,0.005649459002597723
2025-07-23,6,0,311,0.003151041004457511
2025-07-23,6,6,369,0.004873500001849607
2025-07-24,6,0,314,0.002853792000678368
2025-07-24,6,6,374,0.005514415999641642
2025-07-25,6,0,324,0.002880209001887124
2025-07-25,6,6,396,0.004841332993237302
2025-07-26,6,0,351,0.0028228340015630238
2025-07-26,6,6,389,0.005126333002408501
2025-07-27,6,0,322,0.002793583000311628
2025-07-27,6,6,385,0.004993125003238674
2025-07-28,6,0,319,0.003072083003644366
2025-07-28,6,6,387,0.0055151249980553985
2025-07-29,6,0,294,0.002775207998638507
2025-07-29,6,6,402,0.004931915995257441
2025-07-30,6,0,303,0.0030404579956666566
2025-07-30,6,6,401,0.005534625001018867
2025-07-31,6,0,308,0.0028997080007684417
2025-07-31,6,6,399,0.005062874995928723
2025-08-01,6,0,326,0.003130500001134351
2025-08-01,6,6,383,0.004983582999557257
2025-08-02,6,0,349,0.002899166996940039
2025-08-02,6,6,386,0.005362625000998378
2025-08-03,6,0,325,0.00299970900232438
2025-08-03,6,6,411,0.0051332500006537884
2025-08-04,6,0,324,0.0027448749970062636
2025-08-04,6,6,382,0.005293833004543558
2025-08-05,6,0,330,0.0029565000004367903
2025-08-05,6,6,390,0.005039167001086753
2025-08-06,6,0,320,0.002827332995366305
2025-08-06,6,6,382,0.005461749999085441
2025-08-07,6,0,328,0.0028749580014846288
2025-08-07,6,6,388,0.004907959002593998
2025-08-08,6,0,332,0.0028459169989218935
2025-08-08,6,6,355,0.005108958997880109
2025-08-09,6,0,341,0.0027351249955245294
2025-08-09,6,6,349,0.0045256249941303395
2025-08-10,6,0,331,0.002998834002937656
2025-08-10,6,6,374,0.0056542080055805854
2025-08-11,6,0,333,0.00296166699990863
2025-08-11,6,6,405,0.005189625000639353
2025-08-12,6,0,333,0.003251250003813766
2025-08-12,6,6,395,0.005057582995505072
2025-08-13,6,0,331,0.002824625000357628
2025-08-13,6,6,389,0.005033707995607983
2025-08-14,6,0,335,0.0030735830005141906
2025-08-14,6,6,386,0.0053152499967836775
2025-08-15,6,0,375,0.0028920420008944348
2025-08-15,6,6,368,0.005352708998543676
2025-08-16,6,0,361,0.002983083002618514
2025-08-16,6,6,360,0.004672041002777405
2025-08-17,6,0,345,0.002864583002519794
2025-08-17,6,6,382,0.005167166003957391
2025-08-18,6,0,335,0.0029252910026116297
2025-08-18,6,6,396,0.005037374998209998
2025-08-19,6,0,336,0.00312070799554931
2025-08-19,6,6,392,0.0053084579994902015
2025-08-20,6,0,340,0.0029416249963105656
2025-08-20,6,6,389,0.004842082998948172
2025-08-21,6,0,341,0.003161917004035786
2025-08-21,6,6,385,0.005383791998610832
2025-08-22,6,0,353,0.0028352499939501286
2025-08-22,6,6,362,0.004786042001796886
2025-08-23,6,0,346,0.002975834002427291
2025-08-23,6,6,359,0.004998374999559019
2025-08-24,6,0,330,0.0027770420056185685
2025-08-24,6,6,369,0.004913500000839122
2025-08-25,6,0,353,0.00347233399952529
2025-08-25,6,6,383,0.004917915997793898
2025-08-26,6,0,325,0.0027419159960118122
2025-08-26,6,6,384,0.004975333002221305
2025-08-27,6,0,337,0.0030848330061417073
2025-08-27,6,6,403,0.005161416993360035
2025-08-28,6,0,332,0.002885249996325001
2025-08-28,6,6,406,0.005469666997669265
2025-08-29,6,0,358,0.002991625005961396
2025-08-29,6,6,370,0.004632625001249835
2025-08-30,6,0,357,0.00281649999669753
2025-08-30,6,6,370,0.00547562500287313
2025-08-31,6,0,329,0.002985375002026558
2025-08-31,6,6,381,0.004883249996055383
2025-09-01,6,0,341,0.0029637909974553622
2025-09-01,6,6,383,0.005221583000093233
2025-09-02,6,0,345,0.0029531670006690547
2025-09-02,6,6,409,0.0049638330019661225
2025-09-03,6,0,331,0.0028992500010645017
2025-09-03,6,6,377,0.00520712500292575
2025-09-04,6,0,332,0.002965125000628177
2025-09-04,6,6,376,0.0049047079955926165
2025-09-05,6,0,331,0.0027479580021463335
2025-09-05,6,6,356,0.0052100000029895455
2025-09-06,6,0,337,0.002779791997454595
2025-09-06,6,6,361,0.0047002499995869584
2025-09-07,6,0,330,0.0030039170014788397
2025-09-07,6,6,396,0.00536833300429862
2025-09-08,6,0,337,0.00293950000195764
2025-09-08,6,6,402,0.004941583996696863
2025-09-09,6,0,323,0.0032892079980229028
2025-09-09,6,6,401,0.005153875004907604
2025-09-10,6,0,334,0.0029106250003678724
2025-09-10,6,6,392,0.00529570799699286
2025-09-11,6,0,335,0.0032612920040264726
2025-09-11,6,6,393,0.004858041000261437
2025-09-12,6,0,335,0.002803082999889739
2025-09-12,6,6,361,0.005209333998209331
2025-09-13,6,0,339,0.0031465409992961213
2025-09-13,6,6,352,0.004776834000949748
2025-09-14,6,0,342,0.0029760000034002587
2025-09-14,6,6,405,0.0051737079993472435
2025-09-15,6,0,337,0.0030543329994543456
2025-09-15,6,6,395,0.005081999996036757
2025-09-16,6,0,363,0.003063666998059489
2025-09-16,6,6,401,0.005531916998734232
2025-09-17,6,0,351,0.0029397920006886125
2025-09-17,6,6,411,0.00494375000562286
2025-09-18,6,0,348,0.0031270420004148036
2025-09-18,6,6,408,0.005295125003613066
2025-09-19,6,0,342,0.002904124994529411
2025-09-19,6,6,367,0.004822875001991633
2025-09-20,6,0,344,0.0033947920019272715
2025-09-20,6,6,372,0.005135792001965456
2025-09-21,6,0,362,0.003205542001524009
2025-09-21,6,6,429,0.0056686669995542616
2025-09-22,6,0,361,0.0030445000011241063
2025-09-22,6,6,420,0.004917125006613787
2025-09-23,6,0,364,0.0029922920002718456
2025-09-23,6,6,401,0.005280040997604374
2025-09-24,6,0,345,0.0030583340048906393
2025-09-24,6,6,477,0.005269458000839222
2025-09-25,6,0,370,0.0030682910000905395
2025-09-25,6,6,443,0.005520624996279366
2025-09-26,6,0,367,0.0031017499932204373
2025-09-26,6,6,352,0.004833332997804973
2025-09-27,6,0,338,0.003427042000112124
2025-09-27,6,6,367,0.005192459000681993
2025-09-28,6,0,370,0.0030926659965189174
2025-09-28,6,6,456,0.00552833300025668
2025-09-29,6,0,367,0.0035054580002906732
2025-09-29,6,6,444,0.00529366700357059
2025-09-30,6,0,364,0.003014000001712702
2025-09-30,6,6,472,0.00599908299773233
2025-10-01,6,0,369,0.003130459001113195
2025-10-01,6,6,430,0.005147916999703739
2025-10-02,6,0,360,0.0030486249961541034
2025-10-02,6,6,430,0.005475291996845044
2025-10-03,6,0,340,0.0029352499986998737
2025-10-03,6,6,338,0.004834541003219783
2025-10-04,6,0,363,0.0030659999974886887
2025-10-04,6,6,383,0.005503542000951711
2025-10-05,6,0,370,0.0030697499969392084
2025-10-05,6,6,468,0.0054683749985997565
2025-10-06,6,0,353,0.003470582996669691
2025-10-06,6,6,484,0.0056022919961833395
2025-10-07,6,0,371,0.0030048749977140687
2025-10-07,6,6,441,0.00597304200346116
2025-10-08,6,0,369,0.0032080829987535253
2025-10-08,6,6,461,0.005463084002258256
2025-10-09,6,0,361,0.003093083003477659
2025-10-09,6,6,439,0.005647958998451941
2025-10-10,6,0,349,0.003051499996217899
2025-10-10,6,6,343,0.004693709001003299
2025-10-11,6,0,351,0.002912208998168353
2025-10-11,6,6,361,0.005375959000957664
2025-10-12,6,0,371,0.003104875002463814
2025-10-12,6,6,451,0.005587667001236696
2025-10-13,6,0,365,0.0035300829986226745
2025-10-13,6,6,421,0.005186250004044268
2025-10-14,6,0,370,0.002982167003210634
2025-10-14,6,6,452,0.005996833999233786
2025-10-15,6,0,372,0.0031047079974086955
2025-10-15,6,6,464,0.00535337500332389
2025-10-16,6,0,367,0.003163332999974955
2025-10-16,6,6,468,0.005860249999386724
2025-10-17,6,0,330,0.002851958000974264
2025-10-17,6,6,342,0.004711915993539151
2025-10-18,6,0,366,0.003065874996536877
2025-10-18,6,6,371,0.005089999998745043
2025-10-19,6,0,370,0.002973292001115624
2025-10-19,6,6,460,0.005697584005247336
2025-10-20,6,0,361,0.0035080000016023405
2025-10-20,6,6,443,0.005156291997991502
2025-10-21,6,0,373,0.0030012499992153607
2025-10-21,6,6,485,0.006024125003023073
2025-10-22,6,0,363,0.0030507920018862933
2025-10-22,6,6,475,0.005355207998945843
2025-10-23,6,0,374,0.0030785410053795204
2025-10-23,6,6,466,0.0057077090023085475
2025-10-24,6,0,346,0.002864125002815854
2025-10-24,6,6,353,0.004707624997536186
2025-10-25,6,0,364,0.003255958996305708
2025-10-25,6,6,379,0.0053891250063315965
2025-10-26,6,0,365,0.003063957999984268
2025-10-26,6,6,474,0.005709999997634441
2025-10-27,6,0,363,0.0035458329948596656
2025-10-27,6,6,492,0.005570917004661169
2025-10-28,6,0,366,0.003065375000005588
2025-10-28,6,6,498,0.0059481249991222285
2025-10-29,6,0,363,0.003135791004751809
2025-10-29,6,6,431,0.005052500004239846
2025-10-30,6,0,367,0.0029654160025529563
2025-10-30,6,6,439,0.005761958003859036
2025-10-31,6,0,376,0.003126250005152542
2025-10-31,6,6,363,0.004828916004044004
2025-11-01,6,0,368,0.0031136250036070123
2025-11-01,6,6,374,0.005244499996479135
2025-11-02,6,0,370,0.0030567079957108945
2025-11-02,6,6,502,0.00545929199870443
2025-11-03,6,0,369,0.003330332998302765
2025-11-03,6,6,489,0.005833584000356495
2025-11-04,6,0,360,0.0029964159984956495
2025-11-04,6,6,503,0.00595154199982062
2025-11-05,6,0,362,0.00361670799611602
2025-11-05,6,6,481,0.005325165999238379
2025-11-06,6,0,363,0.0031567920013912953
2025-11-06,6,6,523,0.006082790998334531
2025-11-07,6,0,368,0.003024708006705623
2025-11-07,6,6,396,0.005175124999368563
2025-11-08,6,0,375,0.0033170840033562854
2025-11-08,6,6,381,0.00507429099525325
2025-11-09,6,0,366,0.0029927089999546297
2025-11-09,6,6,480,0.0057337090038345195
2025-11-10,6,0,355,0.003055041001061909
2025-11-10,6,6,511,0.00550337500317255
2025-11-11,6,0,367,0.0032271250020130537
2025-11-11,6,6,450,0.005562124999414664
2025-11-12,6,0,371,0.003143916997942142
2025-11-12,6,6,485,0.005301459001202602
2025-11-13,6,0,368,0.003361791001225356
2025-11-13,6,6,491,0.00584395799523918
2025-11-14,6,0,374,0.0032897499986574985
2025-11-14,6,6,371,0.004833791004784871
2025-11-15,6,0,370,0.0032876669938559644
2025-11-15,6,6,397,0.004850165998504963
2025-11-16,6,0,374,0.0030616250005550683
2025-11-16,6,6,511,0.006216166999365669
2025-11-17,6,0,358,0.0034266669972566888
2025-11-17,6,6,474,0.005353291999199428
2025-11-18,6,0,353,0.0030856660014251247
2025-11-18,6,6,474,0.005855499999597669
2025-11-19,6,0,364,0.003025457997864578
2025-11-19,6,6,517,0.0054211669994401745
2025-11-20,6,0,362,0.003447208000579849
2025-11-20,6,6,513,0.005649999999150168
2025-11-21,6,0,380,0.003093583000008948
2025-11-21,6,6,400,0.005205833003856242
2025-11-22,6,0,369,0.003459749998000916
2025-11-22,6,6,388,0.004768250000779517
2025-11-23,6,0,366,0.003014083005837165
2025-11-23,6,6,512,0.005754665995482355
2025-11-24,6,0,357,0.003180874999088701
2025-11-24,6,6,511,0.005609790998278186
2025-11-25,6,0,360,0.003078999994613696
2025-11-25,6,6,477,0.005901874996197876
2025-11-26,6,0,354,0.0030737499982933514
2025-11-26,6,6,463,0.005327375001797918
2025-11-27,6,0,371,0.0033562919998075813
2025-11-27,6,6,504,0.005416874999355059
2025-11-28,6,0,375,0.003240124999138061
2025-11-28,6,6,402,0.005279375000100117
2025-11-29,6,0,377,0.0033435840014135465
2025-11-29,6,6,407,0.004967790999216959
2025-11-30,6,0,370,0.0030270829956862144
2025-11-30,6,6,517,0.005752292003307957
2025-12-01,6,0,352,0.003158083993184846
2025-12-01,6,6,520,0.005457167004351504
2025-12-02,6,0,361,0.003026167003554292
2025-12-02,6,6,499,0.006409082998288795
2025-12-03,6,0,359,0.0030572499963454902
2025-12-03,6,6,506,0.005479750005179085
2025-12-04,6,0,349,0.0032671670051058754
2025-12-04,6,6,477,0.005349917002604343
2025-12-05,6,0,372,0.0030402920019696467
2025-12-05,6,6,443,0.005785041998024099
2025-12-06,6,0,374,0.0031743750005261973
2025-12-06,6,6,456,0.005121499998494983
2025-12-07,6,0,347,0.0030090000000200234
2025-12-07,6,6,465,0.0061411670030793175
2025-12-08,6,0,356,0.0031597920024069026
2025-12-08,6,6,518,0.005802958003187086
2025-12-09,6,0,348,0.0033312909945379943
2025-12-09,6,6,478,0.005722292000427842
2025-12-10,6,0,341,0.0029487909996532835
2025-12-10,6,6,511,0.006077374993765261
2025-12-11,6,0,345,0.0030904589948477224
2025-12-11,6,6,466,0.005371416998968925
2025-12-12,6,0,378,0.003299374999187421
2025-12-12,6,6,461,0.005611000000499189
2025-12-13,6,0,373,0.003312375003588386
2025-12-13,6,6,467,0.0054692909980076365
2025-12-14,6,0,350,0.003204583998012822
2025-12-14,6,6,521,0.006011167002725415
2025-12-15,6,0,338,0.0029990830007591285
2025-12-15,6,6,522,0.0059660839979187585
2025-12-16,6,0,346,0.0031002909963717684
2025-12-16,6,6,506,0.005496416997630149
2025-12-17,6,0,351,0.0029584580042865127
2025-12-17,6,6,482,0.005716042003768962
2025-12-18,6,0,352,0.003200958999514114
2025-12-18,6,6,499,0.005650500002957415
2025-12-19,6,0,372,0.0030775000050198287
2025-12-19,6,6,442,0.00572404199920129
2025-12-20,6,0,387,0.003041417003259994
2025-12-20,6,6,438,0.005524583997612353
2025-12-21,6,0,353,0.003574250004021451
2025-12-21,6,6,500,0.005658041998685803
2025-12-22,6,0,341,0.0028956250025657937
2025-12-22,6,6,519,0.006374083000991959
2025-12-23,6,0,346,0.0031231249959091656
2025-12-23,6,6,482,0.0052937909931642935
2025-12-24,6,0,340,0.0029760830002487637
2025-12-24,6,6,469,0.005892042005143594
2025-12-25,6,0,344,0.002895541998441331
2025-12-25,6,6,519,0.005631500003801193
2025-12-26,6,0,378,0.003673666993563529
2025-12-26,6,6,417,0.005234834003204014
2025-12-27,6,0,383,0.00321033300133422
2025-12-27,6,6,420,0.005462624998472165
2025-12-28,6,0,336,0.00300295800116146
2025-12-28,6,6,491,0.005352749998564832
2025-12-29,6,0,343,0.0029484170008799993
2025-12-29,6,6,508,0.006098875004681759
2025-12-30,6,0,338,0.0029126660010661
2025-12-30,6,6,486,0.005455750004330184
2025-12-31,6,0,362,0.003315916001156438
2025-12-31,6,6,450,0.00582245899568079
2025-01-01,6,0,138,0.002408500004094094
2025-01-01,6,6,419,0.005240582999249455
2025-01-02,6,0,353,0.00360670800000662
2025-01-02,6,6,388,0.004779249997227453
2025-01-03,6,0,347,0.0029411249997792765
2025-01-03,6,6,376,0.005149084005097393
2025-01-04,6,0,356,0.0032198750050156377
2025-01-04,6,6,365,0.004636541998479515
2025-01-05,6,0,374,0.002998124997247942
2025-01-05,6,6,504,0.00585283299733419
2025-01-06,6,0,349,0.0030763749964535236
2025-01-06,6,6,486,0.005190790994674899
2025-01-07,6,0,350,0.0030327089989441447
2025-01-07,6,6,518,0.006004000002576504
2025-01-08,6,0,349,0.002953875002276618
2025-01-08,6,6,373,0.004740833996038418
2025-01-09,6,0,341,0.0029740419995505363
2025-01-09,6,6,405,0.005426457995781675
2025-01-10,6,0,385,0.0031019590023788624
2025-01-10,6,6,417,0.005006291001336649
2025-01-11,6,0,378,0.0035116250001010485
2025-01-11,6,6,436,0.0053555000049527735
2025-01-12,6,0,341,0.0029317079970496707
2025-01-12,6,6,472,0.005485041001520585
2025-01-13,6,0,349,0.0035026670011575334
2025-01-13,6,6,456,0.005450124997878447
2025-01-14,6,0,345,0.0029379580009845085
2025-01-14,6,6,508,0.005862332996912301
2025-01-15,6,0,352,0.003004209000209812
2025-01-15,6,6,521,0.005463541005156003
2025-01-16,6,0,347,0.0032811249984661117
2025-01-16,6,6,420,0.005360625000321306
2025-01-17,6,0,370,0.003003874997375533
2025-01-17,6,6,373,0.004679584002587944
2025-01-18,6,0,361,0.0032929579974734224
2025-01-18,6,6,430,0.005116041997098364
2025-01-19,6,0,350,0.0029442500017466955
2025-01-19,6,6,484,0.005547208005737048
2025-01-20,6,0,344,0.0031788749984116293
2025-01-20,6,6,431,0.005058583999925759
2025-01-21,6,0,344,0.0029201249999459833
2025-01-21,6,6,451,0.005850041001394857
2025-01-22,6,0,349,0.003144625006825663
2025-01-22,6,6,408,0.004672709001170006
2025-01-23,6,0,350,0.0028984579985262826
2025-01-23,6,6,401,0.005336415997589938
2025-01-24,6,0,370,0.0032021659935708158
2025-01-24,6,6,343,0.004495416003919672
2025-01-25,6,0,376,0.0030425830045714974
2025-01-25,6,6,401,0.005257832999632228
2025-01-26,6,0,361,0.002992917005030904
2025-01-26,6,6,484,0.005416458996478468
2025-01-27,6,0,355,0.003162375003739726
2025-01-27,6,6,483,0.005759542000305373
2025-01-28,6,0,361,0.0031310840058722533
2025-01-28,6,6,507,0.005793333002657164
2025-01-29,6,0,360,0.0036167919970466755
2025-01-29,6,6,493,0.005469707997690421
2025-01-30,6,0,358,0.0031333330043707974
2025-01-30,6,6,406,0.005513125004654285
2025-01-31,6,0,382,0.002992624999023974
2025-01-31,6,6,355,0.0045344579993980005
2025-02-01,6,0,373,0.0031090000047697686
2025-02-01,6,6,377,0.005199999999604188
2025-02-02,6,0,362,0.0030879580008331686
2025-02-02,6,6,453,0.0053047920009703375
2025-02-03,6,0,350,0.002920165999967139
2025-02-03,6,6,442,0.005642374999297317
2025-02-04,6,0,351,0.00301325000327779
2025-02-04,6,6,355,0.004706291998445522
2025-02-05,6,0,358,0.003548790999047924
2025-02-05,6,6,481,0.00541704199713422
2025-02-06,6,0,361,0.003013624998857267
2025-02-06,6,6,344,0.005111042002681643
2025-02-07,6,0,376,0.0030907079999451526
2025-02-07,6,6,336,0.0046942500048317015
2025-02-08,6,0,375,0.0028966669997316785
2025-02-08,6,6,398,0.005382458999520168
2025-02-09,6,0,368,0.0030273750016931444
2025-02-09,6,6,465,0.005403709001257084
2025-02-10,6,0,357,0.0032196669999393634
2025-02-10,6,6,441,0.005759833999036346
2025-02-11,6,0,359,0.0029937919971416704
2025-02-11,6,6,446,0.005254583993519191
2025-02-12,6,0,361,0.0032031250011641532
2025-02-12,6,6,443,0.005635084002278745
2025-02-13,6,0,366,0.0030216669983929023
2025-02-13,6,6,345,0.004813583000213839
2025-02-14,6,0,373,0.00341979199583875
2025-02-14,6,6,321,0.0045081249991199
2025-02-15,6,0,366,0.002894584002206102
2025-02-15,6,6,371,0.0051081249985145405
2025-02-16,6,0,368,0.0030849579998175614
2025-02-16,6,6,440,0.005200833002163563
2025-02-17,6,0,374,0.00323062499955995
2025-02-17,6,6,434,0.0056247079992317595
2025-02-18,6,0,364,0.003188792004948482
2025-02-18,6,6,399,0.004822417002287693
2025-02-19,6,0,361,0.0031746669992571697
2025-02-19,6,6,432,0.005682791997969616
2025-02-20,6,0,367,0.003015124995727092
2025-02-20,6,6,360,0.004619708997779526
2025-02-21,6,0,359,0.003097749999142252
2025-02-21,6,6,310,0.004704500002844725
2025-02-22,6,0,368,0.0029401250067166984
2025-02-22,6,6,380,0.004950041002302896
2025-02-23,6,0,365,0.00335383399942657
2025-02-23,6,6,437,0.005412124999566004
2025-02-24,6,0,368,0.0030449999976553954
2025-02-24,6,6,450,0.005832166003528982
2025-02-25,6,0,367,0.0031431660027010366
2025-02-25,6,6,381,0.004648875001294073
2025-02-26,6,0,365,0.002949083995190449
2025-02-26,6,6,455,0.005773208999016788
2025-02-27,6,0,367,0.0031980000057956204
2025-02-27,6,6,331,0.0046355419981409796
2025-02-28,6,0,344,0.0029578329995274544
2025-02-28,6,6,298,0.004651540999475401
2025-03-01,6,0,363,0.003040625000721775
2025-03-01,6,6,369,0.004831250000279397
2025-03-02,6,0,371,0.0030757920030737296
2025-03-02,6,6,435,0.005806875000416767
2025-03-03,6,0,373,0.00309016699611675
2025-03-03,6,6,438,0.005495292003615759
2025-03-04,6,0,368,0.003346917001181282
2025-03-04,6,6,361,0.0046095419966150075
2025-03-05,6,0,363,0.0031932499987306073
2025-03-05,6,6,416,0.005226334003964439
2025-03-06,6,0,374,0.00312958299764432
2025-03-06,6,6,331,0.0046894999977666885
2025-03-07,6,0,372,0.0029492089961422607
2025-03-07,6,6,296,0.005145499999343883
2025-03-08,6,0,349,0.0029645409958902746
2025-03-08,6,6,344,0.004631208001228515
2025-03-09,6,0,363,0.003029208004591055
2025-03-09,6,6,425,0.005693749997590203
2025-03-10,6,0,365,0.0029631249999511056
2025-03-10,6,6,426,0.005133917002240196
2025-03-11,6,0,364,0.003235124997445382
2025-03-11,6,6,357,0.005432666999695357
2025-03-12,6,0,362,0.0029459580036927946
2025-03-12,6,6,422,0.005221708997851238
2025-03-13,6,0,372,0.0033581249954295345
2025-03-13,6,6,339,0.004861207999056205
2025-03-14,6,0,346,0.002765291996183805
2025-03-14,6,6,288,0.004665959000703879
2025-03-15,6,0,362,0.0033840830001281574
2025-03-15,6,6,363,0.004907999995339196
2025-03-16,6,0,377,0.003038333001313731
2025-03-16,6,6,364,0.004829874997085426
2025-03-17,6,0,366,0.0033518339987494983
2025-03-17,6,6,405,0.005192249998799525
2025-03-18,6,0,370,0.0031741670027258806
2025-03-18,6,6,337,0.0048786249972181395
2025-03-19,6,0,365,0.002962915998068638
2025-03-19,6,6,413,0.005111834005219862
2025-03-20,6,0,370,0.003046500001801178
2025-03-20,6,6,320,0.004893166005786043
2025-03-21,6,0,354,0.002931582996097859
2025-03-21,6,6,340,0.004556416999548674
2025-03-22,6,0,345,0.0029715830023633316
2025-03-22,6,6,364,0.0054387919954024255
2025-03-23,6,0,366,0.003047416001209058
2025-03-23,6,6,358,0.0046758750031585805
2025-03-24,6,0,375,0.00304070799757028
2025-03-24,6,6,428,0.005443916998046916
2025-03-25,6,0,370,0.003077582994592376
2025-03-25,6,6,365,0.004744875004689675
2025-03-26,6,0,364,0.003350875005708076
2025-03-26,6,6,416,0.005600791999313515
2025-03-27,6,0,368,0.0031067080053617246
2025-03-27,6,6,345,0.00522695900144754
2025-03-28,6,0,346,0.002991791996464599
2025-03-28,6,6,341,0.004661667000618763
2025-03-29,6,0,327,0.002857708001101855
2025-03-29,6,6,347,0.005063207994680852
2025-03-30,6,0,367,0.0030408750026253983
2025-03-30,6,6,452,0.0051696250011445954
2025-03-31,6,0,364,0.0030003330030012876
2025-03-31,6,6,452,0.0056537920027039945
2025-04-01,6,0,366,0.0030777089996263385
2025-04-01,6,6,473,0.005476332997204736
2025-04-02,6,0,368,0.0032116669972310774
2025-04-02,6,6,496,0.005649457998515572
2025-04-03,6,0,367,0.002965791994938627
2025-04-03,6,6,361,0.0045586670021293685
2025-04-04,6,0,333,0.0030537500060745515
2025-04-04,6,6,329,0.004924500004563015
2025-04-05,6,0,323,0.0027756670024245977
2025-04-05,6,6,346,0.004855917002714705
2025-04-06,6,0,369,0.0032021250008256175
2025-04-06,6,6,426,0.005310125001415145
2025-04-07,6,0,356,0.002869041003577877
2025-04-07,6,6,474,0.005819250000058673
2025-04-08,6,0,376,0.0032601659986539744
2025-04-08,6,6,360,0.004609707997587975
2025-04-09,6,0,382,0.003028458006156143
2025-04-09,6,6,386,0.005140708002727479
2025-04-10,6,0,375,0.003011458000401035
2025-04-10,6,6,364,0.004623166998499073
2025-04-11,6,0,323,0.0029447080014506355
2025-04-11,6,6,291,0.0046099169994704425
2025-04-12,6,0,353,0.0028772500008926727
2025-04-12,6,6,349,0.004976042000635061
2025-04-13,6,0,359,0.0031210840024868958
2025-04-13,6,6,411,0.005611666994809639
2025-04-14,6,0,372,0.003126791001704987
2025-04-14,6,6,452,0.005528249996132217
2025-04-15,6,0,360,0.0032985420039040036
2025-04-15,6,6,442,0.005312125002092216
2025-04-16,6,0,365,0.0030093750028754584
2025-04-16,6,6,373,0.004789624996192288
2025-04-17,6,0,368,0.003268458000093233
2025-04-17,6,6,359,0.00490479200379923
2025-04-18,6,0,331,0.0027649170006043278
2025-04-18,6,6,326,0.004885125003056601
2025-04-19,6,0,326,0.0029804580044583417
2025-04-19,6,6,339,0.004586791998008266
2025-04-20,6,0,366,0.002872959004889708
2025-04-20,6,6,397,0.005203000000619795
2025-04-21,6,0,374,0.003129000004264526
2025-04-21,6,6,439,0.005182375003641937
2025-04-22,6,0,350,0.003145292001136113
2025-04-22,6,6,474,0.005812041003082413
2025-04-23,6,0,348,0.0029328339951462112
2025-04-23,6,6,375,0.0049261669992120005
2025-04-24,6,0,358,0.0028818749997299165
2025-04-24,6,6,328,0.005016125003749039
2025-04-25,6,0,330,0.002882082997530233
2025-04-25,6,6,286,0.004611917000147514
2025-04-26,6,0,325,0.0029829999984940514
2025-04-26,6,6,339,0.005092415995022748
2025-04-27,6,0,355,0.0029657910054083914
2025-04-27,6,6,445,0.005278625001665205
2025-04-28,6,0,364,0.0035207909968448803
2025-04-28,6,6,479,0.00557200000184821
2025-04-29,6,0,362,0.0030073749949224293
2025-04-29,6,6,441,0.005952084000455216
2025-04-30,6,0,356,0.0029967920054332353
2025-04-30,6,6,419,0.0049737919980543666
2025-05-01,6,0,351,0.0029812499997206032
2025-05-01,6,6,361,0.005090999999083579
2025-05-02,6,0,350,0.003040625000721775
2025-05-02,6,6,344,0.00467216700053541
2025-05-03,6,0,332,0.003035250003449619
2025-05-03,6,6,348,0.005185582995181903
2025-05-04,6,0,371,0.0030709999991813675
2025-05-04,6,6,463,0.005495375000464264
2025-05-05,6,0,365,0.003176874997734558
2025-05-05,6,6,413,0.005345333003788255
2025-05-06,6,0,354,0.0028530420022434555
2025-05-06,6,6,471,0.005530416005058214
2025-05-07,6,0,356,0.0030749590005143546
2025-05-07,6,6,456,0.005307749997882638
2025-05-08,6,0,370,0.003036041001905687
2025-05-08,6,6,362,0.005250209003861528
2025-05-09,6,0,349,0.003144875001453329
2025-05-09,6,6,273,0.0042697080061770976
2025-05-10,6,0,351,0.00303120900207432
2025-05-10,6,6,355,0.005096917004266288
2025-05-11,6,0,371,0.0031325419986387715
2025-05-11,6,6,461,0.005084082993562333
2025-05-12,6,0,365,0.002958124998258427
2025-05-12,6,6,449,0.005593084002612159
2025-05-13,6,0,367,0.003034333996765781
2025-05-13,6,6,339,0.0047582499973941594
2025-05-14,6,0,368,0.0030822080007055774
2025-05-14,6,6,408,0.005295875002047978
2025-05-15,6,0,364,0.0030934999958844855
2025-05-15,6,6,343,0.004757624999911059
2025-05-16,6,0,334,0.0030883340004947968
2025-05-16,6,6,271,0.004472125001484528
2025-05-17,6,0,347,0.0027822499978356063
2025-05-17,6,6,355,0.004881250002654269
2025-05-18,6,0,371,0.0034981249991687946
2025-05-18,6,6,440,0.005213750002440065
2025-05-19,6,0,358,0.0029703749969485216
2025-05-19,6,6,447,0.005598667004960589
2025-05-20,6,0,362,0.003314624998893123
2025-05-20,6,6,428,0.005149916003574617
2025-05-21,6,0,362,0.002973374997964129
2025-05-21,6,6,421,0.005805959001008887
2025-05-22,6,0,357,0.003075667002121918
2025-05-22,6,6,344,0.004898167004284915
2025-05-23,6,0,340,0.0028592080052476376
2025-05-23,6,6,277,0.005091375001939014
2025-05-24,6,0,335,0.002857540996046737
2025-05-24,6,6,349,0.004765624995343387
2025-05-25,6,0,351,0.0029637080006068572
2025-05-25,6,6,435,0.005474915997183416
2025-05-26,6,0,358,0.002913083000748884
2025-05-26,6,6,410,0.0053839589963899925
2025-05-27,6,0,353,0.0035237499978393316
2025-05-27,6,6,357,0.004877833998762071
2025-05-28,6,0,354,0.002989291002450045
2025-05-28,6,6,432,0.00551524999900721
2025-05-29,6,0,350,0.0031894999992800876
2025-05-29,6,6,381,0.004843750000873115
2025-05-30,6,0,355,0.002886790993215982
2025-05-30,6,6,279,0.00466470899846172
2025-05-31,6,0,356,0.002954834002593998
2025-05-31,6,6,363,0.004698582997662015
2025-06-01,6,0,354,0.0031303340001613833
2025-06-01,6,6,452,0.005660750000970438
2025-06-02,6,0,364,0.003117457999906037
2025-06-02,6,6,448,0.0052329579993966036
2025-06-03,6,0,351,0.0030049999986658804
2025-06-03,6,6,389,0.005244958003459033
2025-06-04,6,0,366,0.0030916659961803816
2025-06-04,6,6,427,0.005246708002232481
2025-06-05,6,0,359,0.003462124994257465
2025-06-05,6,6,373,0.004952542003593408
2025-06-06,6,0,383,0.0031534170047962107
2025-06-06,6,6,301,0.004512916006206069
2025-06-07,6,0,382,0.0036899170008837245
2025-06-07,6,6,392,0.0049552090058568865
2025-06-08,6,0,356,0.0030785830022068694
2025-06-08,6,6,361,0.005565042003581766
2025-06-09,6,0,352,0.0031134170058066957
2025-06-09,6,6,341,0.004459750001842622
2025-06-10,6,0,357,0.00302716699661687
2025-06-10,6,6,357,0.005431375000625849
2025-06-11,6,0,359,0.0030322910024551675
2025-06-11,6,6,400,0.004863750000367872
2025-06-12,6,0,362,0.0030610829999204725
2025-06-12,6,6,395,0.005314458001521416
2025-06-13,6,0,383,0.00317324999923585
2025-06-13,6,6,317,0.00443466599972453
2025-06-14,6,0,386,0.0032883750027394854
2025-06-14,6,6,375,0.005022917001042515
2025-06-15,6,0,359,0.0029802499993820675
2025-06-15,6,6,356,0.004792917003214825
2025-06-16,6,0,358,0.003386417003639508
2025-06-16,6,6,385,0.005059208000602666
2025-06-17,6,0,356,0.003053166001336649
2025-06-17,6,6,389,0.0050215829978697
2025-06-18,6,0,350,0.003240999998524785
2025-06-18,6,6,463,0.005385750002460554
2025-06-19,6,0,348,0.002935917000286281
2025-06-19,6,6,367,0.005171125005290378
2025-06-20,6,0,370,0.003139957996609155
2025-06-20,6,6,318,0.004508083999098744
2025-06-21,6,0,373,0.002921665996836964
2025-06-21,6,6,401,0.005143334004969802
2025-06-22,6,0,350,0.003248166998673696
2025-06-22,6,6,441,0.0052872500018565916
2025-06-23,6,0,347,0.003031332998943981
2025-06-23,6,6,440,0.00553579100233037
2025-06-24,6,0,349,0.0029668749994016252
2025-06-24,6,6,342,0.004560250003123656
2025-06-25,6,0,345,0.003052790998481214
2025-06-25,6,6,452,0.005477541999425739
2025-06-26,6,0,350,0.0029922090034233406
2025-06-26,6,6,375,0.005106292002892587
2025-06-27,6,0,384,0.003410208002605941
2025-06-27,6,6,324,0.0046390420029638335
2025-06-28,6,0,384,0.0029980830004205927
2025-06-28,6,6,395,0.0050349169978289865
2025-06-29,6,0,355,0.00310445800278103
2025-06-29,6,6,441,0.00545208300172817
2025-06-30,6,0,358,0.0030933750022086315
2025-06-30,6,6,342,0.004946875000314321
2025-07-01,6,0,348,0.0029744999992544763
2025-07-01,6,6,374,0.004905750000034459
2025-07-02,6,0,345,0.002874750003684312
2025-07-02,6,6,443,0.005655125001794659
2025-07-03,6,0,346,0.0031912080012261868
2025-07-03,6,6,373,0.005046792000939604
2025-07-04,6,0,366,0.002902291998907458
2025-07-04,6,6,368,0.005430332996184006
2025-07-05,6,0,354,0.0028182079986436293
2025-07-05,6,6,437,0.005057957998360507
2025-07-06,6,0,337,0.003056124995055143
2025-07-06,6,6,432,0.005555333002121188
2025-07-07,6,0,338,0.0028994169988436624
2025-07-07,6,6,413,0.005315833004715387
2025-07-08,6,0,342,0.003293000001576729
2025-07-08,6,6,409,0.0050285830002394505
2025-07-09,6,0,342,0.0028999159985687584
2025-07-09,6,6,421,0.005798000005597714
2025-07-10,6,0,332,0.0030346249986905605
2025-07-10,6,6,345,0.004764375000377186
2025-07-11,6,0,370,0.002897291000408586
2025-07-11,6,6,341,0.00515066700609168
2025-07-12,6,0,344,0.002822791997459717
2025-07-12,6,6,439,0.005066874997282866
2025-07-13,6,0,344,0.0029354169964790344
2025-07-13,6,6,345,0.005050499996286817
2025-07-14,6,0,341,0.002871167002012953
2025-07-14,6,6,387,0.0053403339989017695
2025-07-15,6,0,323,0.002985874998557847
2025-07-15,6,6,312,0.0049005420005414635
2025-07-16,6,0,333,0.002828582997608464
2025-07-16,6,6,319,0.004668999994464684
2025-07-17,6,0,346,0.0031899169989628717
2025-07-17,6,6,340,0.005147000003489666
2025-07-18,6,0,362,0.0028136670007370412
2025-07-18,6,6,389,0.004982749996997882
2025-07-19,6,0,358,0.0031958339968696237
2025-07-19,6,6,365,0.004674167001212481
2025-07-20,6,0,335,0.0028598330027307384
2025-07-20,6,6,337,0.0050042080038110726
2025-07-21,6,0,337,0.0032399159972555935
2025-07-21,6,6,306,0.004648709000321105
2025-07-22,6,0,314,0.0027968750000582077
2025-07-22,6,6,351,0.005222792002314236
2025-07-23,6,0,314,0.0029168330001994036
2025-07-23,6,6,291,0.004395916999783367
2025-07-24,6,0,311,0.003118291002465412
2025-07-24,6,6,301,0.0048031249971245416
2025-07-25,6,0,334,0.002940833001048304
2025-07-25,6,6,394,0.004811291997611988
2025-07-26,6,0,355,0.002866374998120591
2025-07-26,6,6,385,0.005255791998934001
2025-07-27,6,0,322,0.002967000000353437
2025-07-27,6,6,318,0.004753249995701481
2025-07-28,6,0,318,0.0028091249987483025
2025-07-28,6,6,398,0.005133957994985394
2025-07-29,6,0,297,0.0027412920026108623
2025-07-29,6,6,398,0.004998750002414454
2025-07-30,6,0,306,0.0028273330026422627
2025-07-30,6,6,393,0.005538000004889909
2025-07-31,6,0,315,0.0028464170027291402
2025-07-31,6,6,326,0.004639874998247251
2025-08-01,6,0,338,0.002740124997217208
2025-08-01,6,6,323,0.005041167001763824
2025-08-02,6,0,367,0.0028724160001729615
2025-08-02,6,6,386,0.004862292000325397
2025-08-03,6,0,327,0.0030148330042720772
2025-08-03,6,6,331,0.005017041999963112
2025-08-04,6,0,330,0.002707667001232039
2025-08-04,6,6,302,0.004947041998093482
2025-08-05,6,0,337,0.0029620830027852207
2025-08-05,6,6,317,0.004924291999486741
2025-08-06,6,0,335,0.002909916998760309
2025-08-06,6,6,379,0.0048022499977378175
2025-08-07,6,0,329,0.0031722920030006208
2025-08-07,6,6,312,0.004780082999786828
2025-08-08,6,0,344,0.00275958299607737
2025-08-08,6,6,289,0.004469709005206823
2025-08-09,6,0,349,0.003141209002933465
2025-08-09,6,6,348,0.004872165998676792
2025-08-10,6,0,341,0.0028346670005703345
2025-08-10,6,6,288,0.004947041998093482
2025-08-11,6,0,345,0.003028500002983492
2025-08-11,6,6,335,0.004758875002153218
2025-08-12,6,0,332,0.0027929170028073713
2025-08-12,6,6,322,0.005177457998797763
2025-08-13,6,0,340,0.002796790999127552
2025-08-13,6,6,382,0.005097208006191067
2025-08-14,6,0,339,0.0028925000005983748
2025-08-14,6,6,312,0.005082584000774659
2025-08-15,6,0,376,0.0028538750048028305
2025-08-15,6,6,297,0.004432708003150765
2025-08-16,6,0,361,0.0029632500009029172
2025-08-16,6,6,360,0.005010083994420711
2025-08-17,6,0,344,0.003069499995035585
2025-08-17,6,6,309,0.00453466699400451
2025-08-18,6,0,344,0.0030443750001722947
2025-08-18,6,6,316,0.004876416998740751
2025-08-19,6,0,344,0.002769625003566034
2025-08-19,6,6,333,0.004618791994289495
2025-08-20,6,0,344,0.00291079100134084
2025-08-20,6,6,381,0.005115458006912377
2025-08-21,6,0,341,0.002973542003019247
2025-08-21,6,6,308,0.004847583004448097
2025-08-22,6,0,355,0.0029020000001764856
2025-08-22,6,6,291,0.004999541000870522
2025-08-23,6,0,348,0.0027462090001790784
2025-08-23,6,6,356,0.0047050420034793206
2025-08-24,6,0,336,0.0030006249944563024
2025-08-24,6,6,372,0.005210790994169656
2025-08-25,6,0,346,0.0031313329964177683
2025-08-25,6,6,300,0.004690083995228633
2025-08-26,6,0,332,0.0031793329981155694
2025-08-26,6,6,385,0.004982041995390318
2025-08-27,6,0,341,0.0029488750005839393
2025-08-27,6,6,402,0.0051705829973798245
2025-08-28,6,0,338,0.0030440830014413223
2025-08-28,6,6,324,0.004884041998593602
2025-08-29,6,0,364,0.002882042004785035
2025-08-29,6,6,369,0.00518391599325696
2025-08-30,6,0,359,0.0031141250001383014
2025-08-30,6,6,366,0.004650333998142742
2025-08-31,6,0,337,0.0028378329952829517
2025-08-31,6,6,383,0.005258167002466507
2025-09-01,6,0,344,0.002983624995977152
2025-09-01,6,6,313,0.004577874999085907
2025-09-02,6,0,345,0.002966583000670653
2025-09-02,6,6,330,0.004870750002737623
2025-09-03,6,0,342,0.0030219589971238747
2025-09-03,6,6,376,0.004781250005180482
2025-09-04,6,0,334,0.002990374996443279
2025-09-04,6,6,300,0.004943250001815613
2025-09-05,6,0,340,0.002885791996959597
2025-09-05,6,6,283,0.004447874998732004
2025-09-06,6,0,343,0.0028419589943950996
2025-09-06,6,6,366,0.0049509169984958135
2025-09-07,6,0,333,0.002882000000681728
2025-09-07,6,6,398,0.005211208001128398
2025-09-08,6,0,332,0.003078625006310176
2025-09-08,6,6,324,0.005027416998927947
2025-09-09,6,0,325,0.002848999996786006
2025-09-09,6,6,397,0.004968667002685834
2025-09-10,6,0,327,0.0032732079998822883
2025-09-10,6,6,391,0.004991084002540447
2025-09-11,6,0,333,0.002938333993370179
2025-09-11,6,6,316,0.0047778750013094395
2025-09-12,6,0,341,0.0030547920032404363
2025-09-12,6,6,288,0.004574333994241897
2025-09-13,6,0,342,0.0028002079998259433
2025-09-13,6,6,352,0.004807333003554959
2025-09-14,6,0,343,0.0032075830022222362
2025-09-14,6,6,331,0.004715542003395967
2025-09-15,6,0,341,0.002855000006093178
2025-09-15,6,6,391,0.005149541997525375
2025-09-16,6,0,364,0.0032924589977483265
2025-09-16,6,6,325,0.004576249993988313
2025-09-17,6,0,353,0.0029341249974095263
2025-09-17,6,6,332,0.005156624996743631
2025-09-18,6,0,356,0.0029232079978100955
2025-09-18,6,6,348,0.004789667000295594
2025-09-19,6,0,348,0.003056250003282912
2025-09-19,6,6,296,0.00479487499978859
2025-09-20,6,0,344,0.002995791997818742
2025-09-20,6,6,363,0.004810667000128888
2025-09-21,6,0,366,0.003028582999831997
2025-09-21,6,6,364,0.0049841250001918525
2025-09-22,6,0,370,0.002991625005961396
2025-09-22,6,6,432,0.004939334001392126
2025-09-23,6,0,364,0.0032626250031171367
2025-09-23,6,6,335,0.004972041999280918
2025-09-24,6,0,354,0.002954791998490691
2025-09-24,6,6,400,0.0049189999990630895
2025-09-25,6,0,374,0.003493875003186986
2025-09-25,6,6,367,0.004933707998134196
2025-09-26,6,0,374,0.003038041999388952
2025-09-26,6,6,300,0.004483333003008738
2025-09-27,6,0,344,0.0034818749991245568
2025-09-27,6,6,360,0.00484645800315775
2025-09-28,6,0,365,0.0030759169967495836
2025-09-28,6,6,376,0.005291542001941707
2025-09-29,6,0,376,0.00323108299926389
2025-09-29,6,6,363,0.004545708005025517
2025-09-30,6,0,373,0.002973709000798408
2025-09-30,6,6,471,0.006104082996898796
2025-10-01,6,0,368,0.0031159579957602546
2025-10-01,6,6,340,0.004713957998319529
2025-10-02,6,0,366,0.003077082998061087
2025-10-02,6,6,356,0.005047207996540237
2025-10-03,6,0,341,0.0028899999961140566
2025-10-03,6,6,339,0.005004540995287243
2025-10-04,6,0,368,0.003063999996811617
2025-10-04,6,6,385,0.005339167000784073
2025-10-05,6,0,379,0.003044749995751772
2025-10-05,6,6,398,0.0048354579994338565
2025-10-06,6,0,356,0.0034873330005211756
2025-10-06,6,6,485,0.005551707996346522
2025-10-07,6,0,369,0.0030134580010781065
2025-10-07,6,6,349,0.004891541997494642
2025-10-08,6,0,368,0.0030654580041300505
2025-10-08,6,6,461,0.005245457999990322
2025-10-09,6,0,357,0.003158708001137711
2025-10-09,6,6,346,0.004891791999398265
2025-10-10,6,0,355,0.0029352920028031804
2025-10-10,6,6,320,0.004385000000183936
2025-10-11,6,0,356,0.002947333996417001
2025-10-11,6,6,353,0.005543416998989414
2025-10-12,6,0,381,0.0030588329973397776
2025-10-12,6,6,456,0.0053699999989476055
2025-10-13,6,0,363,0.00305987500178162
2025-10-13,6,6,421,0.0055998750030994415
2025-10-14,6,0,368,0.003015041998878587
2025-10-14,6,6,447,0.005270624998956919
2025-10-15,6,0,371,0.003253916001995094
2025-10-15,6,6,469,0.005678166002326179
2025-10-16,6,0,368,0.003009167005075142
2025-10-16,6,6,381,0.005298583004332613
2025-10-17,6,0,337,0.002949458001239691
2025-10-17,6,6,342,0.004824208001082297
2025-10-18,6,0,365,0.00292966599954525
2025-10-18,6,6,365,0.005176167003810406
2025-10-19,6,0,368,0.003055334003875032
2025-10-19,6,6,457,0.005265957996016368
2025-10-20,6,0,370,0.003274665999924764
2025-10-20,6,6,356,0.004717415999039076
2025-10-21,6,0,363,0.0030337089992826805
2025-10-21,6,6,395,0.004824458999792114
2025-10-22,6,0,372,0.0030920829958631657
2025-10-22,6,6,489,0.005864874998223968
2025-10-23,6,0,380,0.003090124999289401
2025-10-23,6,6,391,0.004778875001647975
2025-10-24,6,0,353,0.003210124996257946
2025-10-24,6,6,354,0.004922291002003476
2025-10-25,6,0,368,0.003014082998561207
2025-10-25,6,6,380,0.004799292000825517
2025-10-26,6,0,369,0.003221250000933651
2025-10-26,6,6,469,0.005602459001238458
2025-10-27,6,0,361,0.0031570830033160746
2025-10-27,6,6,499,0.0061196669994387776
2025-10-28,6,0,370,0.003046999998332467
2025-10-28,6,6,412,0.005015167000237852
2025-10-29,6,0,369,0.0031172919989330694
2025-10-29,6,6,445,0.005530624999664724
2025-10-30,6,0,366,0.003244542000174988
2025-10-30,6,6,356,0.004651916999137029
2025-10-31,6,0,373,0.0030036250027478673
2025-10-31,6,6,367,0.0052688750001834705
2025-11-01,6,0,367,0.002959457997349091
2025-11-01,6,6,358,0.004734750000352506
2025-11-02,6,0,391,0.003372209001099691
2025-11-02,6,6,523,0.00557404199935263
2025-11-03,6,0,374,0.003068166995944921
2025-11-03,6,6,475,0.005376957997214049
2025-11-04,6,0,355,0.003124208000372164
2025-11-04,6,6,516,0.005529750000278
2025-11-05,6,0,367,0.0032344999999622814
2025-11-05,6,6,475,0.005932915999437682
2025-11-06,6,0,370,0.003128625001409091
2025-11-06,6,6,446,0.004994292001356371
2025-11-07,6,0,380,0.003153375000692904
2025-11-07,6,6,395,0.005387542005337309
2025-11-08,6,0,371,0.0030350419983733445
2025-11-08,6,6,379,0.00506945900269784
2025-11-09,6,0,377,0.0031431669995072298
2025-11-09,6,6,482,0.005575167000642978
2025-11-10,6,0,364,0.003001708995725494
2025-11-10,6,6,527,0.006054709003365133
2025-11-11,6,0,367,0.003384791001735721
2025-11-11,6,6,356,0.004717249998066109
2025-11-12,6,0,362,0.002982707999763079
2025-11-12,6,6,492,0.00585516700084554
2025-11-13,6,0,370,0.0030543750035576522
2025-11-13,6,6,433,0.004990166999050416
2025-11-14,6,0,370,0.0033399579988326877
2025-11-14,6,6,371,0.0053880829946137965
2025-11-15,6,0,375,0.003026125006726943
2025-11-15,6,6,385,0.004699957993580028
2025-11-16,6,0,391,0.0031748330002301373
2025-11-16,6,6,529,0.005787750000308733
2025-11-17,6,0,363,0.003008625004440546
2025-11-17,6,6,392,0.005115999992995057
2025-11-18,6,0,358,0.003227707995392848
2025-11-18,6,6,483,0.005317834002198651
2025-11-19,6,0,370,0.0030109999934211373
2025-11-19,6,6,522,0.006253415995161049
2025-11-20,6,0,366,0.0031352500009234063
2025-11-20,6,6,430,0.005168458999833092
2025-11-21,6,0,373,0.003076583998335991
2025-11-21,6,6,399,0.005240415994194336
2025-11-22,6,0,368,0.0030507909978041425
2025-11-22,6,6,390,0.004804667005373631
2025-11-23,6,0,369,0.0030508749987347983
2025-11-23,6,6,534,0.006183040997711942
2025-11-24,6,0,367,0.0030885410014889203
2025-11-24,6,6,437,0.005014916001528036
2025-11-25,6,0,362,0.0032134590001078323
2025-11-25,6,6,479,0.005558249999012332
2025-11-26,6,0,361,0.003259750003053341
2025-11-26,6,6,482,0.006253250001464039
2025-11-27,6,0,370,0.003336583002237603
2025-11-27,6,6,420,0.004863292000663932
2025-11-28,6,0,378,0.003068124999117572
2025-11-28,6,6,404,0.005584083002759144
2025-11-29,6,0,382,0.0032724590055295266
2025-11-29,6,6,414,0.00504916700447211
2025-11-30,6,0,374,0.0032802919959067367
2025-11-30,6,6,529,0.005633374996250495
2025-12-01,6,0,359,0.0032685420010238886
2025-12-01,6,6,432,0.005074250002508052
2025-12-02,6,0,365,0.0032877500052563846
2025-12-02,6,6,511,0.005681208000169136
2025-12-03,6,0,360,0.0030231250057113357
2025-12-03,6,6,522,0.006243667005037423
2025-12-04,6,0,350,0.0031346670002676547
2025-12-04,6,6,402,0.004844666997087188
2025-12-05,6,0,373,0.0035062080060015433
2025-12-05,6,6,437,0.005389334000938106
2025-12-06,6,0,376,0.0030573750045732595
2025-12-06,6,6,440,0.005367707999539562
2025-12-07,6,0,353,0.003313749999506399
2025-12-07,6,6,466,0.005711042002076283
2025-12-08,6,0,353,0.0031698340026196092
2025-12-08,6,6,437,0.005556625001190696
2025-12-09,6,0,347,0.0030193330021575093
2025-12-09,6,6,392,0.00493270799779566
2025-12-10,6,0,341,0.0029627080002683215
2025-12-10,6,6,451,0.00555579099454917
2025-12-11,6,0,353,0.003098083005170338
2025-12-11,6,6,391,0.004908417002297938
2025-12-12,6,0,372,0.0031336660031229258
2025-12-12,6,6,386,0.0052481660022749566
2025-12-13,6,0,386,0.0032679580035619438
2025-12-13,6,6,449,0.005482249995111488
2025-12-14,6,0,355,0.0033844999998109415
2025-12-14,6,6,469,0.005476709004142322
2025-12-15,6,0,339,0.002945082997030113
2025-12-15,6,6,520,0.005982250004308298
2025-12-16,6,0,339,0.0030982920070528053
2025-12-16,6,6,409,0.004852375001064502
2025-12-17,6,0,351,0.0030319590005092323
2025-12-17,6,6,480,0.0060212090029381216
2025-12-18,6,0,348,0.003187417001754511
2025-12-18,6,6,425,0.004999124997993931
2025-12-19,6,0,375,0.003089999998337589
2025-12-19,6,6,444,0.0058865829996648245
2025-12-20,6,0,387,0.0030139170048641972
2025-12-20,6,6,434,0.005328708000888582
2025-12-21,6,0,349,0.003605208999942988
2025-12-21,6,6,506,0.005705541996576358
2025-12-22,6,0,339,0.0029535420035244897
2025-12-22,6,6,464,0.005740708002122119
2025-12-23,6,0,347,0.002983582999149803
2025-12-23,6,6,418,0.004773958004079759
2025-12-24,6,0,334,0.002922624997154344
2025-12-24,6,6,412,0.005486291003762744
2025-12-25,6,0,339,0.0029747500011580996
2025-12-25,6,6,435,0.005136584004503675
2025-12-26,6,0,376,0.0032577919992036186
2025-12-26,6,6,419,0.0057474169952911325
2025-12-27,6,0,383,0.0031765829990035854
2025-12-27,6,6,424,0.005253042007097974
2025-12-28,6,0,336,0.0036544999966281466
2025-12-28,6,6,507,0.0056398330052616075
2025-12-29,6,0,343,0.0030220830012694933
2025-12-29,6,6,518,0.006138917000498623
2025-12-30,6,0,333,0.0030988750004325993
2025-12-30,6,6,489,0.005756375001510605
2025-12-31,6,0,356,0.0031096250022528693
2025-12-31,6,6,452,0.005877249997865874
2025-01-01,12,0,260,0.002795250002236571
2025-01-01,12,12,303,0.004474375004065223
2025-01-02,12,0,357,0.003342459000123199
2025-01-02,12,12,534,0.005899333002162166
2025-01-03,12,0,343,0.0029430409995256923
2025-01-03,12,12,461,0.005263416001980659
2025-01-04,12,0,352,0.003357292000146117
2025-01-04,12,12,443,0.005221375002292916
2025-01-05,12,0,371,0.003038333001313731
2025-01-05,12,12,525,0.006095375007134862
2025-01-06,12,0,357,0.0030403339987969957
2025-01-06,12,12,526,0.005419417000666726
2025-01-07,12,0,355,0.0031950409975252114
2025-01-07,12,12,527,0.006123249993834179
2025-01-08,12,0,353,0.002946999993582722
2025-01-08,12,12,482,0.0053883750006207265
2025-01-09,12,0,342,0.003125041002931539
2025-01-09,12,12,475,0.005478541999764275
2025-01-10,12,0,384,0.003144750000501517
2025-01-10,12,12,406,0.004948750000039581
2025-01-11,12,0,375,0.0035215000025345944
2025-01-11,12,12,432,0.005222833999141585
2025-01-12,12,0,350,0.0029280000017024577
2025-01-12,12,12,463,0.005612124994513579
2025-01-13,12,0,354,0.003224208005121909
2025-01-13,12,12,498,0.005547000000660773
2025-01-14,12,0,345,0.003050458006327972
2025-01-14,12,12,522,0.005975000000034925
2025-01-15,12,0,362,0.003136832994641736
2025-01-15,12,12,540,0.0059565830015344545
2025-01-16,12,0,359,0.003400957997655496
2025-01-16,12,12,477,0.005345916004444007
2025-01-17,12,0,376,0.003357292000146117
2025-01-17,12,12,431,0.0051081249985145405
2025-01-18,12,0,369,0.0034218749933643267
2025-01-18,12,12,444,0.005064709002908785
2025-01-19,12,0,351,0.0032137919988599606
2025-01-19,12,12,475,0.00611341699550394
2025-01-20,12,0,354,0.003088208999542985
2025-01-20,12,12,526,0.0057706250008777715
2025-01-21,12,0,353,0.002958500001113862
2025-01-21,12,12,475,0.005890583997825161
2025-01-22,12,0,356,0.0029829170016455464
2025-01-22,12,12,441,0.005165624999790452
2025-01-23,12,0,351,0.003549207998730708
2025-01-23,12,12,478,0.00518466599896783
2025-01-24,12,0,380,0.0030312910021166317
2025-01-24,12,12,422,0.0056614999994053505
2025-01-25,12,0,375,0.003237791999708861
2025-01-25,12,12,429,0.004958041994541418
2025-01-26,12,0,354,0.003024083998752758
2025-01-26,12,12,488,0.006131750000349712
2025-01-27,12,0,356,0.003042209005798213
2025-01-27,12,12,479,0.005421875001047738
2025-01-28,12,0,365,0.0031926670053508133
2025-01-28,12,12,505,0.005866542000148911
2025-01-29,12,0,368,0.0029812919965479523
2025-01-29,12,12,466,0.005495666002389044
2025-01-30,12,0,363,0.003398832996026613
2025-01-30,12,12,444,0.005057084003055934
2025-01-31,12,0,377,0.0029442910017678514
2025-01-31,12,12,394,0.005741083004977554
2025-02-01,12,0,380,0.0032617500037304126
2025-02-01,12,12,477,0.005230041999311652
2025-02-02,12,0,367,0.003075332999287639
2025-02-02,12,12,460,0.0054615830013062805
2025-02-03,12,0,358,0.0029618330008815974
2025-02-03,12,12,451,0.0054149159986991435
2025-02-04,12,0,351,0.003199667000444606
2025-02-04,12,12,424,0.005261999998765532
2025-02-05,12,0,360,0.0030694590022903867
2025-02-05,12,12,470,0.0056793340045260265
2025-02-06,12,0,362,0.0035624169977381825
2025-02-06,12,12,442,0.005266707994451281
2025-02-07,12,0,381,0.003040666000742931
2025-02-07,12,12,377,0.005388666002545506
2025-02-08,12,0,375,0.0031224580015987158
2025-02-08,12,12,426,0.004808792000403628
2025-02-09,12,0,371,0.0031164589963736944
2025-02-09,12,12,452,0.005544791994907428
2025-02-10,12,0,362,0.0030875000011292286
2025-02-10,12,12,417,0.0050062909940606914
2025-02-11,12,0,360,0.0031351669967989437
2025-02-11,12,12,406,0.005279999997583218
2025-02-12,12,0,362,0.003026708000106737
2025-02-12,12,12,417,0.004982499995094258
2025-02-13,12,0,364,0.003388790995813906
2025-02-13,12,12,404,0.0049513749981997535
2025-02-14,12,0,368,0.0030044579980312847
2025-02-14,12,12,346,0.004736709001008421
2025-02-15,12,0,369,0.0034846249982365407
2025-02-15,12,12,421,0.005101166003441904
2025-02-16,12,0,373,0.0030373339977813885
2025-02-16,12,12,414,0.005210333998547867
2025-02-17,12,0,377,0.0034585410030558705
2025-02-17,12,12,404,0.004768332997628022
2025-02-18,12,0,369,0.0031217089999699965
2025-02-18,12,12,465,0.005751083001086954
2025-02-19,12,0,361,0.003012708999449387
2025-02-19,12,12,443,0.005041707998316269
2025-02-20,12,0,370,0.0030858329992042854
2025-02-20,12,12,391,0.0055114999995566905
2025-02-21,12,0,359,0.0029639170024893247
2025-02-21,12,12,362,0.004934625001624227
2025-02-22,12,0,368,0.0031577499976265244
2025-02-22,12,12,411,0.0051153329986846074
2025-02-23,12,0,362,0.0030102919990895316
2025-02-23,12,12,417,0.004995499999495223
2025-02-24,12,0,370,0.003357333000167273
2025-02-24,12,12,397,0.004897207996691577
2025-02-25,12,0,369,0.002987209001730662
2025-02-25,12,12,437,0.005595000002358574
2025-02-26,12,0,368,0.003059834001760464
2025-02-26,12,12,507,0.005560167002840899
2025-02-27,12,0,372,0.003046416000870522
2025-02-27,12,12,392,0.005199207997065969
2025-02-28,12,0,341,0.0031199579971143976
2025-02-28,12,12,348,0.004680832993471995
2025-03-01,12,0,364,0.0030949159990996122
2025-03-01,12,12,374,0.005320416996255517
2025-03-02,12,0,375,0.003053374995943159
2025-03-02,12,12,460,0.005200500003411435
2025-03-03,12,0,376,0.003402667003683746
2025-03-03,12,12,426,0.005216749996179715
2025-03-04,12,0,373,0.003048708000278566
2025-03-04,12,12,401,0.004859499997110106
2025-03-05,12,0,367,0.0034118749972549267
2025-03-05,12,12,415,0.005073708998679649
2025-03-06,12,0,373,0.003013749999809079
2025-03-06,12,12,403,0.005601416996796615
2025-03-07,12,0,371,0.0030266249959822744
2025-03-07,12,12,348,0.004458833995158784
2025-03-08,12,0,349,0.0028765829993062653
2025-03-08,12,12,355,0.005162583998753689
2025-03-09,12,0,372,0.0030476669999188744
2025-03-09,12,12,415,0.004798957997991238
2025-03-10,12,0,365,0.0029467089989339
2025-03-10,12,12,406,0.005102041002828628
2025-03-11,12,0,367,0.0029127500019967556
2025-03-11,12,12,421,0.005075375003798399
2025-03-12,12,0,358,0.003243208004278131
2025-03-12,12,12,410,0.0054198340003495105
2025-03-13,12,0,383,0.0031945419978001155
2025-03-13,12,12,417,0.004992416994355153
2025-03-14,12,0,343,0.0033231660054298118
2025-03-14,12,12,313,0.004703166996478103
2025-03-15,12,0,361,0.002953875002276618
2025-03-15,12,12,341,0.004609291994711384
2025-03-16,12,0,377,0.0034842910026782192
2025-03-16,12,12,415,0.004897832994174678
2025-03-17,12,0,358,0.0030059589989832602
2025-03-17,12,12,430,0.005380624999816064
2025-03-18,12,0,373,0.003234167001210153
2025-03-18,12,12,397,0.0048510410051676445
2025-03-19,12,0,368,0.0028894580027554184
2025-03-19,12,12,417,0.0053663750004488975
2025-03-20,12,0,373,0.0031230419990606606
2025-03-20,12,12,410,0.004869457996392157
2025-03-21,12,0,355,0.0029263749966048636
2025-03-21,12,12,327,0.005083874995762017
2025-03-22,12,0,351,0.0030627500018454157
2025-03-22,12,12,326,0.0044500000003608875
2025-03-23,12,0,366,0.002990250002767425
2025-03-23,12,12,456,0.005431790996226482
2025-03-24,12,0,375,0.003047041995159816
2025-03-24,12,12,448,0.005337916998541914
2025-03-25,12,0,373,0.003300791999208741
2025-03-25,12,12,431,0.005108458994072862
2025-03-26,12,0,367,0.0029931669996585697
2025-03-26,12,12,405,0.004932374999043532
2025-03-27,12,0,376,0.0036273750010877848
2025-03-27,12,12,402,0.004976000003807712
2025-03-28,12,0,344,0.002794082996842917
2025-03-28,12,12,304,0.0047555409983033314
2025-03-29,12,0,335,0.002896333004173357
2025-03-29,12,12,310,0.004431082998053171
2025-03-30,12,0,362,0.0030117499991320074
2025-03-30,12,12,494,0.005799250000563916
2025-03-31,12,0,370,0.0029577500026789494
2025-03-31,12,12,408,0.0048424589986098
2025-04-01,12,0,373,0.003283165999164339
2025-04-01,12,12,442,0.005404333001933992
2025-04-02,12,0,370,0.0031472080008825287
2025-04-02,12,12,453,0.005094041996926535
2025-04-03,12,0,380,0.002987583000503946
2025-04-03,12,12,427,0.005110291996970773
2025-04-04,12,0,334,0.002808457997161895
2025-04-04,12,12,308,0.0044652500000665896
2025-04-05,12,0,330,0.0029515409987652674
2025-04-05,12,12,395,0.005011916997318622
2025-04-06,12,0,368,0.002998416995978914
2025-04-06,12,12,423,0.005217292004090268
2025-04-07,12,0,365,0.003332249994855374
2025-04-07,12,12,475,0.005341999996744562
2025-04-08,12,0,382,0.003117540996754542
2025-04-08,12,12,402,0.005217334000917617
2025-04-09,12,0,378,0.003072084000450559
2025-04-09,12,12,452,0.005210333001741674
2025-04-10,12,0,369,0.0030578330042771995
2025-04-10,12,12,423,0.005151875004230533
2025-04-11,12,0,323,0.002764833996479865
2025-04-11,12,12,295,0.0042649160022847354
2025-04-12,12,0,352,0.0028437499931897037
2025-04-12,12,12,320,0.004979292003554292
2025-04-13,12,0,367,0.0031125830064411275
2025-04-13,12,12,427,0.004902082997432444
2025-04-14,12,0,379,0.003067666999413632
2025-04-14,12,12,421,0.005127042000822257
2025-04-15,12,0,364,0.0030350419983733445
2025-04-15,12,12,414,0.004855957995459903
2025-04-16,12,0,369,0.002944958003354259
2025-04-16,12,12,449,0.005486000001837965
2025-04-17,12,0,368,0.002903583001170773
2025-04-17,12,12,422,0.0049050000015995465
2025-04-18,12,0,326,0.0030120419978629798
2025-04-18,12,12,296,0.004639666003640741
2025-04-19,12,0,333,0.002722000004723668
2025-04-19,12,12,296,0.004398208002385218
2025-04-20,12,0,366,0.0031867500001681037
2025-04-20,12,12,444,0.005468957999255508
2025-04-21,12,0,373,0.0029811670028720982
2025-04-21,12,12,420,0.004770749997987878
2025-04-22,12,0,356,0.0034037500008707866
2025-04-22,12,12,448,0.004942625004332513
2025-04-23,12,0,353,0.0029087080038152635
2025-04-23,12,12,436,0.0057414580005570315
2025-04-24,12,0,357,0.0029612080033984967
2025-04-24,12,12,426,0.004734542002552189
2025-04-25,12,0,323,0.00271045900444733
2025-04-25,12,12,292,0.005039458999817725
2025-04-26,12,0,327,0.0028046250008628704
2025-04-26,12,12,304,0.004632625001249835
2025-04-27,12,0,360,0.0029623340014950372
2025-04-27,12,12,403,0.005157957995834295
2025-04-28,12,0,364,0.0032178749970626086
2025-04-28,12,12,405,0.004831374993955251
2025-04-29,12,0,368,0.003049042003112845
2025-04-29,12,12,452,0.00544087500020396
2025-04-30,12,0,361,0.0028260420003789477
2025-04-30,12,12,418,0.0047805840004002675
2025-05-01,12,0,362,0.0029564170035882853
2025-05-01,12,12,425,0.005056582995166536
2025-05-02,12,0,348,0.0028526250025606714
2025-05-02,12,12,308,0.004612374999851454
2025-05-03,12,0,340,0.0029385000016191043
2025-05-03,12,12,314,0.004706250001618173
2025-05-04,12,0,376,0.0029016250045970082
2025-05-04,12,12,414,0.005122667003888637
2025-05-05,12,0,370,0.003469958006462548
2025-05-05,12,12,386,0.004930874994897749
2025-05-06,12,0,359,0.0029170409979997203
2025-05-06,12,12,482,0.0050936670013470575
2025-05-07,12,0,361,0.003129624994471669
2025-05-07,12,12,444,0.004870083001151215
2025-05-08,12,0,373,0.002955791998829227
2025-05-08,12,12,440,0.005201583000598475
2025-05-09,12,0,347,0.0030488749980577268
2025-05-09,12,12,320,0.004406833999382798
2025-05-10,12,0,345,0.00277920799999265
2025-05-10,12,12,302,0.004688833003456239
2025-05-11,12,0,376,0.002973374997964129
2025-05-11,12,12,411,0.004795583998202346
2025-05-12,12,0,369,0.0029465420011547394
2025-05-12,12,12,425,0.005411459002061747
2025-05-13,12,0,373,0.0030898749973857775
2025-05-13,12,12,437,0.004734125002869405
2025-05-14,12,0,372,0.003155458005494438
2025-05-14,12,12,324,0.004864957998506725
2025-05-15,12,0,371,0.002948542001831811
2025-05-15,12,12,367,0.004683459002990276
2025-05-16,12,0,336,0.002860583001165651
2025-05-16,12,12,309,0.004890333999355789
2025-05-17,12,0,347,0.0028495419974206015
2025-05-17,12,12,312,0.004603749999660067
2025-05-18,12,0,371,0.0030208339958335273
2025-05-18,12,12,421,0.00550012500025332
2025-05-19,12,0,364,0.002940915997896809
2025-05-19,12,12,428,0.005000000004656613
2025-05-20,12,0,366,0.003371708000486251
2025-05-20,12,12,336,0.0047725839976919815
2025-05-21,12,0,365,0.0028993749947403558
2025-05-21,12,12,354,0.00470487500570016
2025-05-22,12,0,359,0.0032344999999622814
2025-05-22,12,12,332,0.00448833400150761
2025-05-23,12,0,341,0.0027822499978356063
2025-05-23,12,12,300,0.004726750004920177
2025-05-24,12,0,333,0.0030870410046190955
2025-05-24,12,12,304,0.004418749995238613
2025-05-25,12,0,354,0.0031139999991864897
2025-05-25,12,12,478,0.006127000000560656
2025-05-26,12,0,359,0.002970916000776924
2025-05-26,12,12,365,0.0045304160012165084
2025-05-27,12,0,358,0.003083291005168576
2025-05-27,12,12,428,0.00541841599624604
2025-05-28,12,0,352,0.0029030000005150214
2025-05-28,12,12,369,0.0045115829998394474
2025-05-29,12,0,359,0.0030961250013206154
2025-05-29,12,12,407,0.005594249996647704
2025-05-30,12,0,353,0.0029277499997988343
2025-05-30,12,12,308,0.004442083998583257
2025-05-31,12,0,354,0.0028800000000046566
2025-05-31,12,12,343,0.0051266249938635156
2025-06-01,12,0,366,0.003024500001629349
2025-06-01,12,12,395,0.004982958998880349
2025-06-02,12,0,370,0.00341333300457336
2025-06-02,12,12,412,0.0052024999968125485
2025-06-03,12,0,354,0.0029676659978576936
2025-06-03,12,12,407,0.004905040994344745
2025-06-04,12,0,366,0.0034394159956718795
2025-06-04,12,12,345,0.004726833998574875
2025-06-05,12,0,365,0.003067166995606385
2025-06-05,12,12,356,0.00470662499719765
2025-06-06,12,0,367,0.00326116599899251
2025-06-06,12,12,335,0.004470874999242369
2025-06-07,12,0,383,0.0031989170020096935
2025-06-07,12,12,311,0.004842333997657988
2025-06-08,12,0,352,0.003028541999810841
2025-06-08,12,12,343,0.004525040996668395
2025-06-09,12,0,352,0.002974208000523504
2025-06-09,12,12,374,0.0051099999982398
2025-06-10,12,0,363,0.00311883299582405
2025-06-10,12,12,420,0.0048359159991377965
2025-06-11,12,0,364,0.003017292001459282
2025-06-11,12,12,336,0.004782832998898812
2025-06-12,12,0,361,0.0030183750059222803
2025-06-12,12,12,382,0.004623624998203013
2025-06-13,12,0,371,0.0030807500006631017
2025-06-13,12,12,319,0.004800791997695342
2025-06-14,12,0,374,0.003327250000438653
2025-06-14,12,12,347,0.004494792003242765
2025-06-15,12,0,347,0.0029069579977658577
2025-06-15,12,12,342,0.005221583996899426
2025-06-16,12,0,362,0.0029794160000164993
2025-06-16,12,12,346,0.004730874999950174
2025-06-17,12,0,367,0.0032670420041540638
2025-06-17,12,12,358,0.004833332997804973
2025-06-18,12,0,358,0.0029917500069132075
2025-06-18,12,12,354,0.0046032079990254715
2025-06-19,12,0,346,0.0032939169977908023
2025-06-19,12,12,377,0.004841082998609636
2025-06-20,12,0,369,0.0030637919990113005
2025-06-20,12,12,367,0.004707708001660649
2025-06-21,12,0,369,0.0031715000004624017
2025-06-21,12,12,311,0.004590250006003771
2025-06-22,12,0,345,0.0031248749946826138
2025-06-22,12,12,359,0.004801625000254717
2025-06-23,12,0,351,0.002994417001900729
2025-06-23,12,12,330,0.00466466599755222
2025-06-24,12,0,357,0.0031153750023804605
2025-06-24,12,12,323,0.005377957997552585
2025-06-25,12,0,353,0.0031742499995743856
2025-06-25,12,12,357,0.004726375002064742
2025-06-26,12,0,346,0.0029268750004121102
2025-06-26,12,12,328,0.005172666998987552
2025-06-27,12,0,377,0.003265667000960093
2025-06-27,12,12,356,0.0045928330000606366
2025-06-28,12,0,376,0.0029619579945574515
2025-06-28,12,12,329,0.004872124998655636
2025-06-29,12,0,349,0.003202332998625934
2025-06-29,12,12,355,0.00460699999530334
2025-06-30,12,0,358,0.0030809579984634183
2025-06-30,12,12,329,0.004881708002358209
2025-07-01,12,0,348,0.0029361670021899045
2025-07-01,12,12,369,0.004975083000317682
2025-07-02,12,0,349,0.002999791999172885
2025-07-02,12,12,380,0.005053791996033397
2025-07-03,12,0,349,0.0030217499952414073
2025-07-03,12,12,364,0.0046149159970809706
2025-07-04,12,0,359,0.0035292499960632995
2025-07-04,12,12,329,0.00473720899753971
2025-07-05,12,0,350,0.0027854169966303743
2025-07-05,12,12,331,0.004520583999692462
2025-07-06,12,0,349,0.003190708994225133
2025-07-06,12,12,356,0.004732374996819999
2025-07-07,12,0,334,0.002834249993611593
2025-07-07,12,12,354,0.004719750002550427
2025-07-08,12,0,351,0.0035357500019017607
2025-07-08,12,12,366,0.004871207995165605
2025-07-09,12,0,350,0.0029145840017008595
2025-07-09,12,12,357,0.005140166998899076
2025-07-10,12,0,341,0.002936999997473322
2025-07-10,12,12,378,0.004562540998449549
2025-07-11,12,0,361,0.0028257500016479753
2025-07-11,12,12,316,0.004858000000240281
2025-07-12,12,0,344,0.003195541001332458
2025-07-12,12,12,329,0.004413999995449558
2025-07-13,12,0,345,0.0027767499996116385
2025-07-13,12,12,365,0.005191374999412801
2025-07-14,12,0,340,0.0029394579978543334
2025-07-14,12,12,337,0.004462999997485895
2025-07-15,12,0,327,0.0029200000062701292
2025-07-15,12,12,317,0.004943083004036453
2025-07-16,12,0,328,0.002901041996665299
2025-07-16,12,12,345,0.00460074999864446
2025-07-17,12,0,345,0.0028486250012065284
2025-07-17,12,12,354,0.005099834001157433
2025-07-18,12,0,357,0.0030255410019890405
2025-07-18,12,12,341,0.004630540999642108
2025-07-19,12,0,358,0.002904957997088786
2025-07-19,12,12,361,0.004813791005290113
2025-07-20,12,0,333,0.002833582999301143
2025-07-20,12,12,339,0.004435916001966689
2025-07-21,12,0,338,0.002853250000043772
2025-07-21,12,12,324,0.004872750003414694
2025-07-22,12,0,306,0.0029614999948535115
2025-07-22,12,12,316,0.004662874998757616
2025-07-23,12,0,313,0.0028046660008840263
2025-07-23,12,12,303,0.008157333002600353
2025-07-24,12,0,317,0.008030500001041219
2025-07-24,12,12,326,0.011093583001638763
2025-07-25,12,0,333,0.006571624995558523
2025-07-25,12,12,338,0.008537041998351924
2025-07-26,12,0,353,0.005410166995716281
2025-07-26,12,12,345,0.004739125004562084
2025-07-27,12,0,323,0.0028158339991932735
2025-07-27,12,12,339,0.004936707999149803
2025-07-28,12,0,320,0.002886500005843118
2025-07-28,12,12,304,0.004626665999239776
2025-07-29,12,0,297,0.0028046660008840263
2025-07-29,12,12,304,0.004588208998029586
2025-07-30,12,0,307,0.0027475419992697425
2025-07-30,12,12,328,0.00450766699941596
2025-07-31,12,0,312,0.003010958003869746
2025-07-31,12,12,331,0.004940708000503946
2025-08-01,12,0,334,0.0028310420020716265
2025-08-01,12,12,342,0.0046166669999365695
2025-08-02,12,0,353,0.002918958001828287
2025-08-02,12,12,360,0.004953625000780448
2025-08-03,12,0,328,0.0030617499942309223
2025-08-03,12,12,300,0.004432292000274174
2025-08-04,12,0,331,0.0027124170010210946
2025-08-04,12,12,295,0.004859375003434252
2025-08-05,12,0,335,0.0027273750019958243
2025-08-05,12,12,313,0.004511959006777033
2025-08-06,12,0,329,0.002891541000280995
2025-08-06,12,12,296,0.004737125003885012
2025-08-07,12,0,337,0.0029682499953196384
2025-08-07,12,12,315,0.004403375001857057
2025-08-08,12,0,339,0.0027317499989294447
2025-08-08,12,12,311,0.004881458000454586
2025-08-09,12,0,341,0.002799250003590714
2025-08-09,12,12,325,0.004698625001765322
2025-08-10,12,0,331,0.0030697499969392084
2025-08-10,12,12,296,0.004818583998712711
2025-08-11,12,0,337,0.0028709160033031367
2025-08-11,12,12,321,0.004806041994015686
2025-08-12,12,0,335,0.0033130420051747933
2025-08-12,12,12,326,0.004580249995342456
2025-08-13,12,0,335,0.002827125004841946
2025-08-13,12,12,333,0.0047479579952778295
2025-08-14,12,0,335,0.003249458000937011
2025-08-14,12,12,300,0.004451333996257745
2025-08-15,12,0,377,0.0028440419991966337
2025-08-15,12,12,351,0.004747083999973256
2025-08-16,12,0,362,0.003141374996630475
2025-08-16,12,12,342,0.0044500000003608875
2025-08-17,12,0,344,0.002828332995704841
2025-08-17,12,12,303,0.0047077920025913045
2025-08-18,12,0,336,0.003202291998604778
2025-08-18,12,12,298,0.004409749999467749
2025-08-19,12,0,340,0.002854708000086248
2025-08-19,12,12,328,0.0046030830053496175
2025-08-20,12,0,346,0.0030278749982244335
2025-08-20,12,12,294,0.004425082996021956
2025-08-21,12,0,341,0.0030331670059240423
2025-08-21,12,12,304,0.004767375001392793
2025-08-22,12,0,356,0.003077959001529962
2025-08-22,12,12,331,0.00451187499857042
2025-08-23,12,0,348,0.0027785420024883933
2025-08-23,12,12,330,0.0049638330019661225
2025-08-24,12,0,330,0.0028727919998345897
2025-08-24,12,12,339,0.004681332997279242
2025-08-25,12,0,354,0.0030061670040595345
2025-08-25,12,12,309,0.004682249993493315
2025-08-26,12,0,329,0.0029509160012821667
2025-08-26,12,12,322,0.004270208002708387
2025-08-27,12,0,342,0.002774291999230627
2025-08-27,12,12,313,0.0047434999942197464
2025-08-28,12,0,335,0.0029483329999493435
2025-08-28,12,12,329,0.0045699170004809275
2025-08-29,12,0,360,0.0031100410051294602
2025-08-29,12,12,342,0.004757333001180086
2025-08-30,12,0,360,0.0031622499955119565
2025-08-30,12,12,339,0.004485167002712842
2025-08-31,12,0,334,0.0027662909997161478
2025-08-31,12,12,299,0.004961500002536923
2025-09-01,12,0,336,0.003002082994498778
2025-09-01,12,12,297,0.004480125004192814
2025-09-02,12,0,345,0.0029899170040152967
2025-09-02,12,12,310,0.00453991700487677
2025-09-03,12,0,337,0.0029124159991624765
2025-09-03,12,12,319,0.0043273330011288635
2025-09-04,12,0,333,0.003045541998289991
2025-09-04,12,12,300,0.0047880840065772645
2025-09-05,12,0,333,0.0029869580030208454
2025-09-05,12,12,312,0.004318208004406188
2025-09-06,12,0,339,0.0028141669972683303
2025-09-06,12,12,312,0.004778624999744352
2025-09-07,12,0,333,0.002876291997381486
2025-09-07,12,12,307,0.004311791999498382
2025-09-08,12,0,342,0.0028195409977342933
2025-09-08,12,12,321,0.004812624996702652
2025-09-09,12,0,325,0.002795792002871167
2025-09-09,12,12,325,0.0044760410019080155
2025-09-10,12,0,341,0.0030092500019236468
2025-09-10,12,12,324,0.004808750003576279
2025-09-11,12,0,335,0.003098583001701627
2025-09-11,12,12,307,0.0044680829960270785
2025-09-12,12,0,338,0.002852457997505553
2025-09-12,12,12,327,0.004750874999444932
2025-09-13,12,0,339,0.0028648750012507662
2025-09-13,12,12,317,0.004459791998669971
2025-09-14,12,0,342,0.0029635829996550456
2025-09-14,12,12,328,0.004871040997386444
2025-09-15,12,0,337,0.002817874999891501
2025-09-15,12,12,344,0.00454850000096485
2025-09-16,12,0,361,0.002958500001113862
2025-09-16,12,12,381,0.005213541997363791
2025-09-17,12,0,353,0.002966750005725771
2025-09-17,12,12,378,0.004966000000422355
2025-09-18,12,0,356,0.0031494590002694167
2025-09-18,12,12,344,0.004681625003286172
2025-09-19,12,0,347,0.002826040996296797
2025-09-19,12,12,331,0.004504582997469697
2025-09-20,12,0,345,0.002976957999635488
2025-09-20,12,12,335,0.004868250005529262
2025-09-21,12,0,361,0.00317279199953191
2025-09-21,12,12,383,0.004843416994845029
2025-09-22,12,0,361,0.003432750003412366
2025-09-22,12,12,409,0.004878458996245172
2025-09-23,12,0,365,0.0029869999998481944
2025-09-23,12,12,401,0.005154250000487082
2025-09-24,12,0,352,0.0031734590011183172
2025-09-24,12,12,467,0.0049639159988146275
2025-09-25,12,0,371,0.0030299589998321608
2025-09-25,12,12,460,0.006024292000802234
2025-09-26,12,0,369,0.002947249995486345
2025-09-26,12,12,347,0.004332500000600703
2025-09-27,12,0,340,0.0028450839963625185
2025-09-27,12,12,365,0.005101083996123634
2025-09-28,12,0,372,0.0030340830053319223
2025-09-28,12,12,449,0.004890791999059729
2025-09-29,12,0,368,0.0030571249953936785
2025-09-29,12,12,426,0.005301042001519818
2025-09-30,12,0,368,0.002949041001556907
2025-09-30,12,12,436,0.005010041000787169
2025-10-01,12,0,368,0.0032312090042978525
2025-10-01,12,12,406,0.005085542004962917
2025-10-02,12,0,353,0.0030244169975048862
2025-10-02,12,12,425,0.004985749998013489
2025-10-03,12,0,339,0.0034393329988233745
2025-10-03,12,12,319,0.00459141699684551
2025-10-04,12,0,373,0.003047833000891842
2025-10-04,12,12,398,0.004732667002826929
2025-10-05,12,0,372,0.0034917919983854517
2025-10-05,12,12,457,0.005031250002502929
2025-10-06,12,0,357,0.0029645829999935813
2025-10-06,12,12,451,0.005553582996071782
2025-10-07,12,0,372,0.003355249995365739
2025-10-07,12,12,437,0.005027457998949103
2025-10-08,12,0,369,0.003018249997694511
2025-10-08,12,12,451,0.005489666997164022
2025-10-09,12,0,358,0.0030409999963012524
2025-10-09,12,12,431,0.005055957997683436
2025-10-10,12,0,352,0.002984083999763243
2025-10-10,12,12,360,0.005003708000003826
2025-10-11,12,0,357,0.0028680839968728833
2025-10-11,12,12,374,0.004624874993169215
2025-10-12,12,0,373,0.003501166997011751
2025-10-12,12,12,416,0.005175624995899852
2025-10-13,12,0,367,0.0029779169999528676
2025-10-13,12,12,404,0.004771750005602371
2025-10-14,12,0,370,0.0035601669951574877
2025-10-14,12,12,439,0.00502879199484596
2025-10-15,12,0,375,0.0030382919940166175
2025-10-15,12,12,444,0.005499082995811477
2025-10-16,12,0,373,0.0031528330000583082
2025-10-16,12,12,439,0.005084332995465957
2025-10-17,12,0,332,0.0027961669984506443
2025-10-17,12,12,333,0.004878332998487167
2025-10-18,12,0,370,0.0029892500024288893
2025-10-18,12,12,420,0.004894666999462061
2025-10-19,12,0,371,0.0029910000012023374
2025-10-19,12,12,412,0.00525299999571871
2025-10-20,12,0,364,0.0029502079996746033
2025-10-20,12,12,470,0.005213042000832502
2025-10-21,12,0,373,0.0030919580021873116
2025-10-21,12,12,464,0.0055784159994800575
2025-10-22,12,0,367,0.0030701659998157993
2025-10-22,12,12,454,0.00525674999516923
2025-10-23,12,0,371,0.003317791997687891
2025-10-23,12,12,416,0.005095125001389533
2025-10-24,12,0,352,0.0028813329990953207
2025-10-24,12,12,346,0.004532332997769117
2025-10-25,12,0,372,0.003218665995518677
2025-10-25,12,12,381,0.004601917004038114
2025-10-26,12,0,366,0.003054500004509464
2025-10-26,12,12,456,0.005395291998866014
2025-10-27,12,0,364,0.0033246250022784807
2025-10-27,12,12,470,0.00502016599784838
2025-10-28,12,0,367,0.002900166997278575
2025-10-28,12,12,461,0.005503708998730872
2025-10-29,12,0,369,0.003111083999101538
2025-10-29,12,12,466,0.0051305829983903095
2025-10-30,12,0,366,0.0030494169986923225
2025-10-30,12,12,418,0.0053200830006971955
2025-10-31,12,0,386,0.0030629579996457323
2025-10-31,12,12,371,0.004676709002524149
2025-11-01,12,0,373,0.0030424580036196858
2025-11-01,12,12,387,0.005401874994277023
2025-11-02,12,0,371,0.002997375006088987
2025-11-02,12,12,446,0.004940124999848194
2025-11-03,12,0,368,0.0034034579948638566
2025-11-03,12,12,462,0.0052783339997404255
2025-11-04,12,0,363,0.0029110830000718124
2025-11-04,12,12,437,0.005261457998130936
2025-11-05,12,0,358,0.0034418750001350418
2025-11-05,12,12,526,0.005577458003244828
2025-11-06,12,0,366,0.002985416998853907
2025-11-06,12,12,456,0.0056031249987427145
2025-11-07,12,0,376,0.003105125004367437
2025-11-07,12,12,374,0.004654582997318357
2025-11-08,12,0,370,0.002975041003082879
2025-11-08,12,12,413,0.005347791004169267
2025-11-09,12,0,366,0.003037875001609791
2025-11-09,12,12,523,0.005792834002932068
2025-11-10,12,0,355,0.0030200410037650727
2025-11-10,12,12,439,0.005464707995997742
2025-11-11,12,0,369,0.0029488329964806326
2025-11-11,12,12,513,0.005600500000582542
2025-11-12,12,0,369,0.0033490420028101653
2025-11-12,12,12,435,0.004941332997987047
2025-11-13,12,0,370,0.002951624999695923
2025-11-13,12,12,476,0.005592042005446274
2025-11-14,12,0,369,0.0031979169943952
2025-11-14,12,12,348,0.0044683330052066594
2025-11-15,12,0,372,0.0029524170022341423
2025-11-15,12,12,428,0.005116832995554432
2025-11-16,12,0,367,0.003058207999856677
2025-11-16,12,12,543,0.005663541996909771
2025-11-17,12,0,360,0.00304070799757028
2025-11-17,12,12,500,0.005914041998039465
2025-11-18,12,0,359,0.0029798339965054765
2025-11-18,12,12,537,0.0059414579955046065
2025-11-19,12,0,368,0.0033022089992300607
2025-11-19,12,12,547,0.006009332995745353
2025-11-20,12,0,375,0.0032474170002387837
2025-11-20,12,12,465,0.005552291004278231
2025-11-21,12,0,379,0.0030761249945499003
2025-11-21,12,12,367,0.004481709001993295
2025-11-22,12,0,368,0.0031135419994825497
2025-11-22,12,12,427,0.0051737079993472435
2025-11-23,12,0,363,0.0034326659952057526
2025-11-23,12,12,523,0.005432124999060761
2025-11-24,12,0,357,0.003276124996773433
2025-11-24,12,12,535,0.0060595410031965
2025-11-25,12,0,360,0.0030282090010587126
2025-11-25,12,12,436,0.005182750006497372
2025-11-26,12,0,362,0.0033437089950894006
2025-11-26,12,12,541,0.006022542002028786
2025-11-27,12,0,379,0.003002583995112218
2025-11-27,12,12,493,0.005774749995907769
2025-11-28,12,0,373,0.0031035830033943057
2025-11-28,12,12,352,0.0046467499996651895
2025-11-29,12,0,381,0.0032778330059954897
2025-11-29,12,12,456,0.005312083005264867
2025-11-30,12,0,374,0.0031786250037839636
2025-11-30,12,12,543,0.00557170799584128
2025-12-01,12,0,352,0.0029852500010747463
2025-12-01,12,12,523,0.005874582995602395
2025-12-02,12,0,373,0.0030025420055608265
2025-12-02,12,12,481,0.005716499996196944
2025-12-03,12,0,366,0.003385208001418505
2025-12-03,12,12,516,0.005488499999046326
2025-12-04,12,0,347,0.002921999999671243
2025-12-04,12,12,465,0.0059520420036278665
2025-12-05,12,0,372,0.00313145799736958
2025-12-05,12,12,418,0.005053000000771135
2025-12-06,12,0,391,0.0032525829956284724
2025-12-06,12,12,486,0.005845958003192209
2025-12-07,12,0,351,0.0029887919954489917
2025-12-07,12,12,494,0.00564733400096884
2025-12-08,12,0,358,0.0033109159994637594
2025-12-08,12,12,495,0.006056834004994016
2025-12-09,12,0,354,0.002984292004839517
2025-12-09,12,12,515,0.005970541002170648
2025-12-10,12,0,343,0.003191582996805664
2025-12-10,12,12,524,0.006098625002778135
2025-12-11,12,0,353,0.0031001250026747584
2025-12-11,12,12,474,0.005491832998814061
2025-12-12,12,0,378,0.0032311250033671968
2025-12-12,12,12,457,0.005016000002797227
2025-12-13,12,0,384,0.0033054579980671406
2025-12-13,12,12,467,0.005537707998882979
2025-12-14,12,0,353,0.0029195000024628825
2025-12-14,12,12,526,0.005518707999726757
2025-12-15,12,0,350,0.0032330419999198057
2025-12-15,12,12,536,0.0057293339996249415
2025-12-16,12,0,351,0.003118415996141266
2025-12-16,12,12,513,0.006240208000235725
2025-12-17,12,0,354,0.003072000006795861
2025-12-17,12,12,526,0.00547608300257707
2025-12-18,12,0,352,0.0030162089969962835
2025-12-18,12,12,543,0.0063524579963996075
2025-12-19,12,0,383,0.003053500004170928
2025-12-19,12,12,457,0.00522833300055936
2025-12-20,12,0,381,0.0033427499947720207
2025-12-20,12,12,480,0.005699917004676536
2025-12-21,12,0,357,0.002959040997666307
2025-12-21,12,12,528,0.006193291999807116
2025-12-22,12,0,349,0.0030031669957679696
2025-12-22,12,12,534,0.005353374996047933
2025-12-23,12,0,362,0.002994791997480206
2025-12-23,12,12,516,0.006278458000451792
2025-12-24,12,0,349,0.0029842500007362105
2025-12-24,12,12,508,0.005550750000111293
2025-12-25,12,0,352,0.00330062500142958
2025-12-25,12,12,528,0.0057453750050626695
2025-12-26,12,0,378,0.0031383749956148677
2025-12-26,12,12,431,0.005508916001417674
2025-12-27,12,0,379,0.0034584580062073655
2025-12-27,12,12,446,0.005062124997493811
2025-12-28,12,0,341,0.0028983750016777776
2025-12-28,12,12,507,0.005986999996821396
2025-12-29,12,0,343,0.0030076670009293593
2025-12-29,12,12,493,0.005394041996623855
2025-12-30,12,0,345,0.0030261249994509853
2025-12-30,12,12,472,0.0060644999975920655
2025-12-31,12,0,363,0.002972374997625593
2025-12-31,12,12,523,0.005964708005194552
2025-01-01,12,0,138,0.0025989589994424023
2025-01-01,12,12,264,0.004611915996065363
2025-01-02,12,0,347,0.003158250001433771
2025-01-02,12,12,356,0.004701374993601348
2025-01-03,12,0,347,0.0031037910011946224
2025-01-03,12,12,356,0.004733542002213653
2025-01-04,12,0,356,0.0029572920029750094
2025-01-04,12,12,350,0.004753374996653292
2025-01-05,12,0,374,0.00358408300235169
2025-01-05,12,12,526,0.005591082997852936
2025-01-06,12,0,355,0.002985040999192279
2025-01-06,12,12,525,0.005865125000127591
2025-01-07,12,0,350,0.003074916996411048
2025-01-07,12,12,530,0.005792792006104719
2025-01-08,12,0,353,0.003123416994640138
2025-01-08,12,12,331,0.005088999998406507
2025-01-09,12,0,341,0.0029212080044089817
2025-01-09,12,12,374,0.004868832998909056
2025-01-10,12,0,385,0.003301707998616621
2025-01-10,12,12,408,0.005073000000265893
2025-01-11,12,0,370,0.003070334001677111
2025-01-11,12,12,433,0.005044541998358909
2025-01-12,12,0,337,0.003647124998678919
2025-01-12,12,12,448,0.005193791999772657
2025-01-13,12,0,349,0.0029051669989712536
2025-01-13,12,12,488,0.00564012500399258
2025-01-14,12,0,345,0.003233750001527369
2025-01-14,12,12,519,0.005401791997428518
2025-01-15,12,0,352,0.0029497080031433143
2025-01-15,12,12,544,0.006107124994741753
2025-01-16,12,0,350,0.003118250002444256
2025-01-16,12,12,380,0.004688209002779331
2025-01-17,12,0,370,0.003093584004091099
2025-01-17,12,12,321,0.004921500003547408
2025-01-18,12,0,361,0.0029653750025318004
2025-01-18,12,12,470,0.005310874999850057
2025-01-19,12,0,350,0.003136874998745043
2025-01-19,12,12,479,0.005791457995655946
2025-01-20,12,0,344,0.0030322919992613606
2025-01-20,12,12,362,0.004592290999426041
2025-01-21,12,0,344,0.003241040998545941
2025-01-21,12,12,481,0.005422791000455618
2025-01-22,12,0,349,0.0031990839997888543
2025-01-22,12,12,305,0.004922333995637018
2025-01-23,12,0,350,0.003119250002782792
2025-01-23,12,12,372,0.004754665998916607
2025-01-24,12,0,370,0.002864207999664359
2025-01-24,12,12,322,0.0050645829978748225
2025-01-25,12,0,376,0.0030768330034334213
2025-01-25,12,12,392,0.00486300000193296
2025-01-26,12,0,361,0.0030353750044014305
2025-01-26,12,12,485,0.005545750005694572
2025-01-27,12,0,355,0.0031879169982858002
2025-01-27,12,12,481,0.005309125001076609
2025-01-28,12,0,361,0.0031288750033127144
2025-01-28,12,12,508,0.005844749997777399
2025-01-29,12,0,365,0.003002541998284869
2025-01-29,12,12,468,0.005338582996046171
2025-01-30,12,0,358,0.0032777909946162254
2025-01-30,12,12,346,0.004709542001364753
2025-01-31,12,0,382,0.003163290995871648
2025-01-31,12,12,319,0.004905750000034459
2025-02-01,12,0,373,0.0030204580034478568
2025-02-01,12,12,406,0.0048785420003696345
2025-02-02,12,0,362,0.0029244580000522546
2025-02-02,12,12,460,0.005469582996738609
2025-02-03,12,0,354,0.003080500006035436
2025-02-03,12,12,450,0.005007708998164162
2025-02-04,12,0,351,0.002986749997944571
2025-02-04,12,12,309,0.004971374997694511
2025-02-05,12,0,358,0.003076125001825858
2025-02-05,12,12,467,0.005321750002622139
2025-02-06,12,0,362,0.0030287089975900017
2025-02-06,12,12,313,0.00506054099969333
2025-02-07,12,0,376,0.0029903750037192367
2025-02-07,12,12,337,0.004665458000090439
2025-02-08,12,0,375,0.0032378750038333237
2025-02-08,12,12,421,0.005186916998354718
2025-02-09,12,0,370,0.0029266250057844445
2025-02-09,12,12,450,0.005095166001410689
2025-02-10,12,0,358,0.0034932909984490834
2025-02-10,12,12,416,0.0050300839939154685
2025-02-11,12,0,361,0.003035333000298124
2025-02-11,12,12,406,0.005426750001788605
2025-02-12,12,0,358,0.0031069169999682344
2025-02-12,12,12,412,0.004984667000826448
2025-02-13,12,0,362,0.003122041998722125
2025-02-13,12,12,323,0.004820709000341594
2025-02-14,12,0,373,0.0031459999954677187
2025-02-14,12,12,318,0.004386250002426095
2025-02-15,12,0,366,0.002986291001434438
2025-02-15,12,12,421,0.0053489159981836565
2025-02-16,12,0,365,0.003110709003522061
2025-02-16,12,12,416,0.0049029589936253615
2025-02-17,12,0,366,0.003022249999048654
2025-02-17,12,12,404,0.005349749997549225
2025-02-18,12,0,367,0.0030462499998975545
2025-02-18,12,12,327,0.004627583999536
2025-02-19,12,0,361,0.00333400000090478
2025-02-19,12,12,443,0.0052173329968354665
2025-02-20,12,0,367,0.0032218749984167516
2025-02-20,12,12,316,0.00460383300378453
2025-02-21,12,0,359,0.003347833000589162
2025-02-21,12,12,308,0.004466749996936414
2025-02-22,12,0,368,0.00290866699651815
2025-02-22,12,12,409,0.005329125000571366
2025-02-23,12,0,364,0.0032991670013871044
2025-02-23,12,12,417,0.004900291001831647
2025-02-24,12,0,369,0.0029437080011120997
2025-02-24,12,12,393,0.0051497910026228055
2025-02-25,12,0,369,0.0030367080034920946
2025-02-25,12,12,347,0.004532709004706703
2025-02-26,12,0,365,0.0030244169975048862
2025-02-26,12,12,507,0.005972540995571762
2025-02-27,12,0,370,0.003082124996581115
2025-02-27,12,12,318,0.0044603749993257225
2025-02-28,12,0,344,0.002890125004341826
2025-02-28,12,12,311,0.00532750000274973
2025-03-01,12,0,363,0.0029730000023846515
2025-03-01,12,12,355,0.004637707999791019
2025-03-02,12,0,377,0.0035084580013062805
2025-03-02,12,12,461,0.005390167003497481
2025-03-03,12,0,374,0.003089124998950865
2025-03-03,12,12,423,0.005368042002373841
2025-03-04,12,0,371,0.003606209000281524
2025-03-04,12,12,320,0.0044792080007027835
2025-03-05,12,0,363,0.003023541998118162
2025-03-05,12,12,405,0.00571870800195029
2025-03-06,12,0,373,0.003197334001015406
2025-03-06,12,12,317,0.004451124994375277
2025-03-07,12,0,372,0.0029957089936942793
2025-03-07,12,12,337,0.004998374999559019
2025-03-08,12,0,349,0.0028876659998786636
2025-03-08,12,12,354,0.004613290999259334
2025-03-09,12,0,363,0.0030085830003372394
2025-03-09,12,12,419,0.005243999999947846
2025-03-10,12,0,369,0.0030413330023293383
2025-03-10,12,12,408,0.005096917004266288
2025-03-11,12,0,369,0.003257124997617211
2025-03-11,12,12,328,0.004883667003014125
2025-03-12,12,0,362,0.0029779590040561743
2025-03-12,12,12,401,0.004878708001342602
2025-03-13,12,0,376,0.003690666999318637
2025-03-13,12,12,324,0.004646999994292855
2025-03-14,12,0,346,0.002846499999577645
2025-03-14,12,12,311,0.004590832999383565
2025-03-15,12,0,362,0.0031725000008009374
2025-03-15,12,12,343,0.00467075000051409
2025-03-16,12,0,377,0.0029487499996321276
2025-03-16,12,12,316,0.004676917000324465
2025-03-17,12,0,366,0.003130082994175609
2025-03-17,12,12,428,0.0051134160021319985
2025-03-18,12,0,371,0.0032055000046966597
2025-03-18,12,12,320,0.00480254199646879
2025-03-19,12,0,365,0.0029862920055165887
2025-03-19,12,12,416,0.0047738749999552965
2025-03-20,12,0,371,0.0029352089986787178
2025-03-20,12,12,320,0.005013042005884927
2025-03-21,12,0,354,0.003097500004514586
2025-03-21,12,12,328,0.004462665994651616
2025-03-22,12,0,351,0.0029828330007148907
2025-03-22,12,12,326,0.004992709000362083
2025-03-23,12,0,364,0.003147166993585415
2025-03-23,12,12,345,0.0044761659955838695
2025-03-24,12,0,375,0.0031457079967367463
2025-03-24,12,12,448,0.005561332996876445
2025-03-25,12,0,384,0.003114916995400563
2025-03-25,12,12,355,0.004514125001151115
2025-03-26,12,0,364,0.0031907500015222467
2025-03-26,12,12,398,0.005108499994094018
2025-03-27,12,0,375,0.00309016699611675
2025-03-27,12,12,322,0.0047994999986258335
2025-03-28,12,0,346,0.0033719999992172234
2025-03-28,12,12,304,0.004684332998294849
2025-03-29,12,0,334,0.0027574170017032884
2025-03-29,12,12,310,0.004620292005711235
2025-03-30,12,0,364,0.003290000000561122
2025-03-30,12,12,493,0.005306582999764942
2025-03-31,12,0,368,0.0029758339951513335
2025-03-31,12,12,405,0.005185832997085527
2025-04-01,12,0,372,0.0031967500035534613
2025-04-01,12,12,443,0.0049008750065695494
2025-04-02,12,0,369,0.003236042000935413
2025-04-02,12,12,456,0.005484875000547618
2025-04-03,12,0,379,0.003056834000744857
2025-04-03,12,12,346,0.004544709001493175
2025-04-04,12,0,333,0.002879292005673051
2025-04-04,12,12,308,0.0050352500038570724
2025-04-05,12,0,329,0.0028338749980321154
2025-04-05,12,12,395,0.004818499997782055
2025-04-06,12,0,368,0.0029968330054543912
2025-04-06,12,12,423,0.005794875003630295
2025-04-07,12,0,364,0.0029603750008391216
2025-04-07,12,12,464,0.005103000003146008
2025-04-08,12,0,384,0.0035246250045020133
2025-04-08,12,12,318,0.004640541999833658
2025-04-09,12,0,382,0.0030004580039530993
2025-04-09,12,12,328,0.004551209000055678
2025-04-10,12,0,375,0.0031581669973093085
2025-04-10,12,12,353,0.004465457997866906
2025-04-11,12,0,323,0.00277062500390457
2025-04-11,12,12,294,0.004524124997260515
2025-04-12,12,0,353,0.003240958001697436
2025-04-12,12,12,320,0.004608707997249439
2025-04-13,12,0,367,0.0030614999996032566
2025-04-13,12,12,425,0.005130874997121282
2025-04-14,12,0,378,0.0033289169950876385
2025-04-14,12,12,426,0.004790083999978378
2025-04-15,12,0,364,0.002860417000192683
2025-04-15,12,12,413,0.005268209002679214
2025-04-16,12,0,369,0.0030201670015230775
2025-04-16,12,12,372,0.0048097920007421635
2025-04-17,12,0,368,0.003076707995205652
2025-04-17,12,12,354,0.00486204100161558
2025-04-18,12,0,331,0.002837166000972502
2025-04-18,12,12,296,0.0044535420020110905
2025-04-19,12,0,334,0.002745500001765322
2025-04-19,12,12,296,0.0048845000055735
2025-04-20,12,0,370,0.00303866700414801
2025-04-20,12,12,368,0.004607249997206964
2025-04-21,12,0,376,0.002946749998955056
2025-04-21,12,12,420,0.005025415994168725
2025-04-22,12,0,356,0.002992540998093318
2025-04-22,12,12,450,0.004931499999656808
2025-04-23,12,0,353,0.0029999170001246966
2025-04-23,12,12,365,0.005012458001147024
2025-04-24,12,0,358,0.0030862499988870695
2025-04-24,12,12,363,0.004616833000909537
2025-04-25,12,0,330,0.002959292003652081
2025-04-25,12,12,292,0.004632584001228679
2025-04-26,12,0,325,0.002762625001196284
2025-04-26,12,12,304,0.004737999995995779
2025-04-27,12,0,359,0.003116208994470071
2025-04-27,12,12,404,0.004791250001289882
2025-04-28,12,0,362,0.002929084002971649
2025-04-28,12,12,391,0.004913750002742745
2025-04-29,12,0,365,0.003340374998515472
2025-04-29,12,12,444,0.005125874995428603
2025-04-30,12,0,366,0.0029209999993327074
2025-04-30,12,12,404,0.005132583006343339
2025-05-01,12,0,360,0.0029884999967180192
2025-05-01,12,12,347,0.00466887500078883
2025-05-02,12,0,350,0.0027896250030607916
2025-05-02,12,12,308,0.005125125004269648
2025-05-03,12,0,343,0.0028593329989234917
2025-05-03,12,12,314,0.004406708998430986
2025-05-04,12,0,378,0.0028913329952047206
2025-05-04,12,12,413,0.005258040997432545
2025-05-05,12,0,371,0.003066249999392312
2025-05-05,12,12,394,0.004863084002863616
2025-05-06,12,0,358,0.002936457996838726
2025-05-06,12,12,477,0.005280375000438653
2025-05-07,12,0,362,0.0030544999972335063
2025-05-07,12,12,439,0.0048125419998541474
2025-05-08,12,0,372,0.003304208003100939
2025-05-08,12,12,364,0.005247624998446554
2025-05-09,12,0,349,0.003071999999519903
2025-05-09,12,12,308,0.004510541999479756
2025-05-10,12,0,351,0.002966084000945557
2025-05-10,12,12,297,0.0046499999953084625
2025-05-11,12,0,375,0.0031181250014924444
2025-05-11,12,12,408,0.004805624994332902
2025-05-12,12,0,371,0.0032618749974062666
2025-05-12,12,12,427,0.0050276670008315705
2025-05-13,12,0,374,0.00300250000145752
2025-05-13,12,12,376,0.00496495800325647
2025-05-14,12,0,368,0.0034474169951863587
2025-05-14,12,12,324,0.004454125002666842
2025-05-15,12,0,373,0.0028652500041062012
2025-05-15,12,12,323,0.004868209005508106
2025-05-16,12,0,334,0.002950750000309199
2025-05-16,12,12,305,0.004367166999145411
2025-05-17,12,0,347,0.003052334002859425
2025-05-17,12,12,312,0.004862333997152746
2025-05-18,12,0,372,0.003309083003841806
2025-05-18,12,12,423,0.004791207997186575
2025-05-19,12,0,364,0.0029777089948765934
2025-05-19,12,12,427,0.005562250000366475
2025-05-20,12,0,371,0.0031247500010067597
2025-05-20,12,12,341,0.0046179580021998845
2025-05-21,12,0,370,0.003049250000913162
2025-05-21,12,12,349,0.00535479200334521
2025-05-22,12,0,363,0.0029087080038152635
2025-05-22,12,12,334,0.0046094999997876585
2025-05-23,12,0,340,0.003005083002790343
2025-05-23,12,12,302,0.004925916997308377
2025-05-24,12,0,335,0.0027493339948705398
2025-05-24,12,12,304,0.0044356250000419095
2025-05-25,12,0,353,0.0033175839998875745
2025-05-25,12,12,477,0.005820749996928498
2025-05-26,12,0,370,0.0029367909955908544
2025-05-26,12,12,373,0.004808416000742
2025-05-27,12,0,363,0.0033687500035739504
2025-05-27,12,12,353,0.0047851249983068556
2025-05-28,12,0,354,0.0029660419968422502
2025-05-28,12,12,368,0.0053716250040452
2025-05-29,12,0,356,0.0032377089955843985
2025-05-29,12,12,346,0.0046498340016114525
2025-05-30,12,0,355,0.0028535829987959005
2025-05-30,12,12,305,0.004683250001107808
2025-05-31,12,0,356,0.0030639589967904612
2025-05-31,12,12,346,0.004561292000289541
2025-06-01,12,0,363,0.003246666004997678
2025-06-01,12,12,386,0.005115542000567075
2025-06-02,12,0,365,0.003174040997691918
2025-06-02,12,12,408,0.0047206669987645
2025-06-03,12,0,353,0.0030723339950782247
2025-06-03,12,12,339,0.0051988749983138405
2025-06-04,12,0,366,0.0033125000045401976
2025-06-04,12,12,347,0.004621000000042841
2025-06-05,12,0,360,0.0030502500012516975
2025-06-05,12,12,344,0.004829416000575293
2025-06-06,12,0,383,0.0032097500006784685
2025-06-06,12,12,323,0.004716666000604164
2025-06-07,12,0,382,0.0033682499997667037
2025-06-07,12,12,311,0.004722875004517846
2025-06-08,12,0,351,0.00306799999816576
2025-06-08,12,12,338,0.004873999998380896
2025-06-09,12,0,352,0.003301707998616621
2025-06-09,12,12,322,0.004865041999437381
2025-06-10,12,0,357,0.0031613329992978834
2025-06-10,12,12,351,0.004949958994984627
2025-06-11,12,0,359,0.003110790996288415
2025-06-11,12,12,333,0.0045224169953144155
2025-06-12,12,0,362,0.002932457995484583
2025-06-12,12,12,349,0.005013624999264721
2025-06-13,12,0,383,0.0031102920038392767
2025-06-13,12,12,321,0.004338167003879789
2025-06-14,12,0,386,0.003180374995281454
2025-06-14,12,12,337,0.004867041003308259
2025-06-15,12,0,359,0.0030143330004648305
2025-06-15,12,12,336,0.004621209001925308
2025-06-16,12,0,358,0.003049500002816785
2025-06-16,12,12,334,0.00486833399918396
2025-06-17,12,0,356,0.003062041003431659
2025-06-17,12,12,335,0.004747167004097719
2025-06-18,12,0,350,0.0029569170001195744
2025-06-18,12,12,359,0.00494441699993331
2025-06-19,12,0,351,0.003089749996433966
2025-06-19,12,12,347,0.004616334001184441
2025-06-20,12,0,370,0.003114499995717779
2025-06-20,12,12,340,0.005058582995843608
2025-06-21,12,0,373,0.002980292003485374
2025-06-21,12,12,312,0.004581499997584615
2025-06-22,12,0,350,0.003208709000318777
2025-06-22,12,12,351,0.004983958002412692
2025-06-23,12,0,351,0.0029105829962645657
2025-06-23,12,12,343,0.00473999999667285
2025-06-24,12,0,349,0.0031287500023609027
2025-06-24,12,12,313,0.004773082997417077
2025-06-25,12,0,345,0.002886375004891306
2025-06-25,12,12,349,0.004874833997746464
2025-06-26,12,0,353,0.003466959002253134
2025-06-26,12,12,329,0.004666291999456007
2025-06-27,12,0,384,0.0029321659967536107
2025-06-27,12,12,357,0.0047663329969509505
2025-06-28,12,0,384,0.0033589579979889095
2025-06-28,12,12,324,0.004593292003846727
2025-06-29,12,0,355,0.0030808750016149133
2025-06-29,12,12,357,0.005057499998656567
2025-06-30,12,0,360,0.003234208001231309
2025-06-30,12,12,320,0.004355541997938417
2025-07-01,12,0,348,0.002891041003749706
2025-07-01,12,12,335,0.00488374999986263
2025-07-02,12,0,345,0.0029199170021456666
2025-07-02,12,12,377,0.004587667004670948
2025-07-03,12,0,352,0.003187666996382177
2025-07-03,12,12,345,0.005294250004226342
2025-07-04,12,0,366,0.0029250829975353554
2025-07-04,12,12,324,0.004426209001394454
2025-07-05,12,0,354,0.0028254169956198893
2025-07-05,12,12,331,0.004940291000821162
2025-07-06,12,0,342,0.002789040998322889
2025-07-06,12,12,353,0.004496916000789497
2025-07-07,12,0,342,0.002891541997087188
2025-07-07,12,12,356,0.004962416998750996
2025-07-08,12,0,348,0.0029182080033933744
2025-07-08,12,12,367,0.004780165996635333
2025-07-09,12,0,352,0.0029867920020478778
2025-07-09,12,12,356,0.0048957089966279455
2025-07-10,12,0,338,0.002733916997385677
2025-07-10,12,12,341,0.004797624998900574
2025-07-11,12,0,370,0.003045582998311147
2025-07-11,12,12,315,0.004684125000494532
2025-07-12,12,0,344,0.002824499999405816
2025-07-12,12,12,330,0.004457458002434578
2025-07-13,12,0,347,0.0027963340035057627
2025-07-13,12,12,308,0.004986375002772547
2025-07-14,12,0,341,0.002843000002030749
2025-07-14,12,12,338,0.0048070000048028305
2025-07-15,12,0,332,0.003134500002488494
2025-07-15,12,12,297,0.004793625004822388
2025-07-16,12,0,333,0.0027364999987185
2025-07-16,12,12,305,0.004527208999206778
2025-07-17,12,0,346,0.0033202080012415536
2025-07-17,12,12,325,0.004781541996635497
2025-07-18,12,0,362,0.002877500002796296
2025-07-18,12,12,339,0.004619000006641727
2025-07-19,12,0,363,0.003185791996656917
2025-07-19,12,12,361,0.00488704199960921
2025-07-20,12,0,338,0.0029040830049780197
2025-07-20,12,12,320,0.004721833000076003
2025-07-21,12,0,337,0.0031010000020614825
2025-07-21,12,12,308,0.004861500005063135
2025-07-22,12,0,314,0.002790666992950719
2025-07-22,12,12,309,0.004564167000353336
2025-07-23,12,0,314,0.0029542080010287464
2025-07-23,12,12,292,0.0047514170000795275
2025-07-24,12,0,311,0.0028325409948593006
2025-07-24,12,12,301,0.004434375005075708
2025-07-25,12,0,334,0.002829458004271146
2025-07-25,12,12,338,0.004514707994530909
2025-07-26,12,0,357,0.002804292002110742
2025-07-26,12,12,344,0.005222499996307306
2025-07-27,12,0,322,0.002962999998999294
2025-07-27,12,12,315,0.004517166002187878
2025-07-28,12,0,318,0.0027458339973236434
2025-07-28,12,12,314,0.004914249999274034
2025-07-29,12,0,301,0.0028044999999110587
2025-07-29,12,12,303,0.004572290999931283
2025-07-30,12,0,312,0.002916249999543652
2025-07-30,12,12,326,0.004984874998626765
2025-07-31,12,0,317,0.00306941699818708
2025-07-31,12,12,310,0.004488459002459422
2025-08-01,12,0,338,0.0027956670019193552
2025-08-01,12,12,342,0.00511637500312645
2025-08-02,12,0,367,0.0029229169958853163
2025-08-02,12,12,379,0.004652084004192147
2025-08-03,12,0,329,0.002770125000097323
2025-08-03,12,12,299,0.004995916999178007
2025-08-04,12,0,330,0.0028064590005669743
2025-08-04,12,12,293,0.004480625000724103
2025-08-05,12,0,337,0.0029555829969467595
2025-08-05,12,12,299,0.004823708004551008
2025-08-06,12,0,335,0.002749500003119465
2025-08-06,12,12,297,0.004264625000359956
2025-08-07,12,0,331,0.0029314169951248914
2025-08-07,12,12,310,0.005050250001659151
2025-08-08,12,0,344,0.002734749999945052
2025-08-08,12,12,311,0.004251708000083454
2025-08-09,12,0,349,0.002814374995068647
2025-08-09,12,12,325,0.005009790998883545
2025-08-10,12,0,341,0.002900540996051859
2025-08-10,12,12,295,0.004267417003575247
2025-08-11,12,0,345,0.0028412090032361448
2025-08-11,12,12,321,0.004760916002851445
2025-08-12,12,0,332,0.002957665994472336
2025-08-12,12,12,316,0.004377290999400429
2025-08-13,12,0,340,0.0028061669945600443
2025-08-13,12,12,333,0.0051160420043743216
2025-08-14,12,0,342,0.0028511670025181957
2025-08-14,12,12,296,0.004388291999930516
2025-08-15,12,0,376,0.00287137499981327
2025-08-15,12,12,351,0.004798499998287298
2025-08-16,12,0,361,0.0027822499978356063
2025-08-16,12,12,342,0.004597999999532476
2025-08-17,12,0,344,0.002958042001409922
2025-08-17,12,12,303,0.004884875001152977
2025-08-18,12,0,344,0.0028400000010151416
2025-08-18,12,12,296,0.004365958004200365
2025-08-19,12,0,344,0.0031012089966679923
2025-08-19,12,12,311,0.00495704200147884
2025-08-20,12,0,343,0.003041417003259994
2025-08-20,12,12,295,0.004456624999875203
2025-08-21,12,0,345,0.0028880829995614477
2025-08-21,12,12,303,0.004871666998951696
2025-08-22,12,0,355,0.002778708003461361
2025-08-22,12,12,331,0.004553083002974745
2025-08-23,12,0,348,0.0029337910018512048
2025-08-23,12,12,330,0.004950624999764841
2025-08-24,12,0,336,0.002803957999276463
2025-08-24,12,12,337,0.004671290997066535
2025-08-25,12,0,362,0.0033958749991143122
2025-08-25,12,12,301,0.0046072080003796145
2025-08-26,12,0,332,0.0029685830013477243
2025-08-26,12,12,320,0.004477292000956368
2025-08-27,12,0,350,0.0030225000009522773
2025-08-27,12,12,318,0.004670374997658655
2025-08-28,12,0,340,0.002854749996913597
2025-08-28,12,12,327,0.004739750002045184
2025-08-29,12,0,364,0.003185374996974133
2025-08-29,12,12,342,0.004800290997081902
2025-08-30,12,0,360,0.0028187910065753385
2025-08-30,12,12,340,0.004568417003611103
2025-08-31,12,0,343,0.0029950419993838295
2025-08-31,12,12,300,0.004852458005188964
2025-09-01,12,0,351,0.003007457999046892
2025-09-01,12,12,296,0.004375584001536481
2025-09-02,12,0,345,0.0031127499969443306
2025-09-02,12,12,301,0.004645291999622714
2025-09-03,12,0,342,0.002834833001543302
2025-09-03,12,12,319,0.004425375002028886
2025-09-04,12,0,339,0.003412708996620495
2025-09-04,12,12,299,0.004553958002361469
2025-09-05,12,0,340,0.002850707998732105
2025-09-05,12,12,312,0.004818666995561216
2025-09-06,12,0,343,0.00299174999963725
2025-09-06,12,12,312,0.00467216700053541
2025-09-07,12,0,337,0.0028190419980091974
2025-09-07,12,12,305,0.005079791997559369
2025-09-08,12,0,334,0.003047208003408741
2025-09-08,12,12,313,0.004527167002379429
2025-09-09,12,0,325,0.002784542004519608
2025-09-09,12,12,325,0.004827958000532817
2025-09-10,12,0,339,0.0029645000031450763
2025-09-10,12,12,329,0.004572290999931283
2025-09-11,12,0,335,0.0030180829999153502
2025-09-11,12,12,302,0.0050388750023557805
2025-09-12,12,0,341,0.002887541995733045
2025-09-12,12,12,315,0.004342166997957975
2025-09-13,12,0,342,0.0028409170045051724
2025-09-13,12,12,317,0.005025791993830353
2025-09-14,12,0,343,0.0029604169976664707
2025-09-14,12,12,310,0.004354999997303821
2025-09-15,12,0,341,0.0028570830036187544
2025-09-15,12,12,344,0.005130416000611149
2025-09-16,12,0,363,0.0031551669962937012
2025-09-16,12,12,311,0.004470874999242369
2025-09-17,12,0,353,0.003076583998335991
2025-09-17,12,12,317,0.005048208004154731
2025-09-18,12,0,356,0.0028693749991361983
2025-09-18,12,12,323,0.004468708000786137
2025-09-19,12,0,348,0.003131792000203859
2025-09-19,12,12,331,0.0050384170026518404
2025-09-20,12,0,344,0.0028082499993615784
2025-09-20,12,12,335,0.004551749996608123
2025-09-21,12,0,365,0.00315950000367593
2025-09-21,12,12,311,0.00488795799901709
2025-09-22,12,0,370,0.0029817089962307364
2025-09-22,12,12,411,0.005064916003902908
2025-09-23,12,0,366,0.0035427499969955534
2025-09-23,12,12,314,0.004505416996835265
2025-09-24,12,0,354,0.002869458003260661
2025-09-24,12,12,362,0.004760957999678794
2025-09-25,12,0,374,0.0034426669953973033
2025-09-25,12,12,325,0.004585540998959914
2025-09-26,12,0,374,0.0029804580044583417
2025-09-26,12,12,342,0.004755166999530047
2025-09-27,12,0,344,0.003026667000085581
2025-09-27,12,12,367,0.004585708004015032
2025-09-28,12,0,369,0.003099458001088351
2025-09-28,12,12,363,0.005315374997735489
2025-09-29,12,0,376,0.00323204199958127
2025-09-29,12,12,345,0.00446150000061607
2025-09-30,12,0,373,0.002943209001387004
2025-09-30,12,12,432,0.00534920900099678
2025-10-01,12,0,368,0.0033202080012415536
2025-10-01,12,12,318,0.0043996250024065375
2025-10-02,12,0,366,0.003008708001289051
2025-10-02,12,12,346,0.005052792002970818
2025-10-03,12,0,341,0.0029145000007702038
2025-10-03,12,12,320,0.004500916998949833
2025-10-04,12,0,375,0.0032397500035585836
2025-10-04,12,12,461,0.005762541004514787
2025-10-05,12,0,378,0.003070916995056905
2025-10-05,12,12,362,0.0047518749997834675
2025-10-06,12,0,356,0.0031699999963166192
2025-10-06,12,12,457,0.005055207999248523
2025-10-07,12,0,373,0.0030074170063016936
2025-10-07,12,12,336,0.004786249999597203
2025-10-08,12,0,368,0.0031752919967402704
2025-10-08,12,12,452,0.005279124998196494
2025-10-09,12,0,360,0.0029214579990366474
2025-10-09,12,12,345,0.005005833998438902
2025-10-10,12,0,355,0.0031850420054979622
2025-10-10,12,12,319,0.004570791999867652
2025-10-11,12,0,356,0.002906749999965541
2025-10-11,12,12,380,0.005220541999733541
2025-10-12,12,0,374,0.003094583997153677
2025-10-12,12,12,412,0.004839832996367477
2025-10-13,12,0,368,0.0033036669992725365
2025-10-13,12,12,404,0.005157999999937601
2025-10-14,12,0,369,0.0029995840013725683
2025-10-14,12,12,440,0.004786541001521982
2025-10-15,12,0,372,0.0031855420020292513
2025-10-15,12,12,461,0.00549891699483851
2025-10-16,12,0,371,0.003125499999441672
2025-10-16,12,12,347,0.004661291997763328
2025-10-17,12,0,337,0.0030314579998957925
2025-10-17,12,12,333,0.004634499993699137
2025-10-18,12,0,366,0.0029348750031203963
2025-10-18,12,12,420,0.005221917002927512
2025-10-19,12,0,368,0.0034568330011097714
2025-10-19,12,12,412,0.004961000006005634
2025-10-20,12,0,364,0.0030240830019465648
2025-10-20,12,12,316,0.004636291996575892
2025-10-21,12,0,363,0.0030364999984158203
2025-10-21,12,12,350,0.0044415839947760105
2025-10-22,12,0,372,0.0029677499987883493
2025-10-22,12,12,450,0.005447000003186986
2025-10-23,12,0,373,0.003330874998937361
2025-10-23,12,12,330,0.0046116660014376976
2025-10-24,12,0,353,0.002854083002603147
2025-10-24,12,12,346,0.004807707999134436
2025-10-25,12,0,375,0.003293125002528541
2025-10-25,12,12,382,0.00462849999894388
2025-10-26,12,0,367,0.003143041001749225
2025-10-26,12,12,447,0.005244125000899658
2025-10-27,12,0,363,0.002910374998464249
2025-10-27,12,12,468,0.004863458998443093
2025-10-28,12,0,368,0.0029950000025564805
2025-10-28,12,12,367,0.00534916600008728
2025-10-29,12,0,369,0.0031009160011308268
2025-10-29,12,12,472,0.005316667004080955
2025-10-30,12,0,366,0.0032179170011659153
2025-10-30,12,12,328,0.004831541999010369
2025-10-31,12,0,373,0.002926165994722396
2025-10-31,12,12,370,0.004827208002097905
2025-11-01,12,0,372,0.0035090000019408762
2025-11-01,12,12,383,0.0049053750044549815
2025-11-02,12,0,383,0.002988500003993977
2025-11-02,12,12,450,0.004991041001630947
2025-11-03,12,0,372,0.0034800000066752546
2025-11-03,12,12,457,0.004991624999092892
2025-11-04,12,0,358,0.0030646250015706755
2025-11-04,12,12,433,0.005387291996157728
2025-11-05,12,0,365,0.0031078329993761145
2025-11-05,12,12,530,0.005852582995430566
2025-11-06,12,0,370,0.003224000000045635
2025-11-06,12,12,381,0.0053111669985810295
2025-11-07,12,0,380,0.0030166669967002235
2025-11-07,12,12,373,0.004629084003681783
2025-11-08,12,0,370,0.0032982499978970736
2025-11-08,12,12,412,0.005066041994723491
2025-11-09,12,0,373,0.0029524589990614913
2025-11-09,12,12,523,0.005639041002723388
2025-11-10,12,0,364,0.003333540997118689
2025-11-10,12,12,450,0.0049705420024110936
2025-11-11,12,0,368,0.0031635409977752715
2025-11-11,12,12,341,0.00503683300485136
2025-11-12,12,0,362,0.0030890829948475584
2025-11-12,12,12,432,0.005021749995648861
2025-11-13,12,0,372,0.002981792000355199
2025-11-13,12,12,378,0.004924832996039186
2025-11-14,12,0,370,0.0032359999968321063
2025-11-14,12,12,346,0.0047522500026389025
2025-11-15,12,0,378,0.00309091700182762
2025-11-15,12,12,398,0.005160959000932053
2025-11-16,12,0,388,0.0030525830006808974
2025-11-16,12,12,547,0.006268083001486957
2025-11-17,12,0,363,0.004024541995022446
2025-11-17,12,12,333,0.005301541001244914
2025-11-18,12,0,358,0.003229374997317791
2025-11-18,12,12,536,0.006795542001782451
2025-11-19,12,0,369,0.0033760829974198714
2025-11-19,12,12,558,0.005902167002204806
2025-11-20,12,0,370,0.0033790000015869737
2025-11-20,12,12,380,0.005425709001428913
2025-11-21,12,0,373,0.002994416994624771
2025-11-21,12,12,368,0.004909124996629544
2025-11-22,12,0,374,0.0033588330043130554
2025-11-22,12,12,431,0.005364458003896289
2025-11-23,12,0,370,0.003086124997935258
2025-11-23,12,12,524,0.0054575419999309815
2025-11-24,12,0,367,0.003456124999502208
2025-11-24,12,12,377,0.004663291001634207
2025-11-25,12,0,362,0.0029334580030990764
2025-11-25,12,12,448,0.005467791997944005
2025-11-26,12,0,366,0.003044707998924423
2025-11-26,12,12,541,0.0058035829933942296
2025-11-27,12,0,370,0.0032915409974521026
2025-11-27,12,12,379,0.005285667000862304
2025-11-28,12,0,378,0.0030147500001476146
2025-11-28,12,12,351,0.004562458001601044
2025-11-29,12,0,377,0.003643500000180211
2025-11-29,12,12,460,0.005408458993770182
2025-11-30,12,0,377,0.002998708005179651
2025-11-30,12,12,548,0.005768666997028049
2025-12-01,12,0,359,0.00331108299724292
2025-12-01,12,12,368,0.0046642500019515865
2025-12-02,12,0,365,0.0030270409988588654
2025-12-02,12,12,488,0.006210667001141701
2025-12-03,12,0,358,0.0033244160003960133
2025-12-03,12,12,512,0.005415250001533423
2025-12-04,12,0,350,0.0030795829952694476
2025-12-04,12,12,347,0.005078708003566135
2025-12-05,12,0,373,0.003234666997741442
2025-12-05,12,12,422,0.005025749997003004
2025-12-06,12,0,387,0.003271499997936189
2025-12-06,12,12,477,0.0056134170008590445
2025-12-07,12,0,351,0.0030449589976342395
2025-12-07,12,12,494,0.005701374997443054
2025-12-08,12,0,357,0.0033379579981556162
2025-12-08,12,12,353,0.004619499995897058
2025-12-09,12,0,347,0.0028503749999799766
2025-12-09,12,12,346,0.005086458004370797
2025-12-10,12,0,341,0.0030605000065406784
2025-12-10,12,12,386,0.004629458002455067
2025-12-11,12,0,353,0.003037749993382022
2025-12-11,12,12,349,0.005152541998540983
2025-12-12,12,0,372,0.0032281250023515895
2025-12-12,12,12,327,0.004405874999065418
2025-12-13,12,0,386,0.003256625001085922
2025-12-13,12,12,465,0.0058217500045429915
2025-12-14,12,0,351,0.0030241670028772205
2025-12-14,12,12,414,0.004704792001575697
2025-12-15,12,0,339,0.003124167000351008
2025-12-15,12,12,541,0.005757374994573183
2025-12-16,12,0,345,0.002922459003457334
2025-12-16,12,12,339,0.004801165996468626
2025-12-17,12,0,351,0.003205957997124642
2025-12-17,12,12,528,0.0059885000009671785
2025-12-18,12,0,348,0.003000249998876825
2025-12-18,12,12,369,0.005112624996399973
2025-12-19,12,0,375,0.003085083000769373
2025-12-19,12,12,455,0.005313875000865664
2025-12-20,12,0,378,0.0030003339998074807
2025-12-20,12,12,465,0.005940415998338722
2025-12-21,12,0,354,0.0031214159971568733
2025-12-21,12,12,526,0.005679833993781358
2025-12-22,12,0,356,0.0030430420010816306
2025-12-22,12,12,396,0.005049665996921249
2025-12-23,12,0,347,0.0029889169964008033
2025-12-23,12,12,376,0.004830208999919705
2025-12-24,12,0,334,0.0034577920014271513
2025-12-24,12,12,365,0.004832999999052845
2025-12-25,12,0,339,0.0029827910038875416
2025-12-25,12,12,368,0.004609250005159993
2025-12-26,12,0,376,0.003346917001181282
2025-12-26,12,12,436,0.005232167000940535
2025-12-27,12,0,380,0.0031086250019143336
2025-12-27,12,12,446,0.005649541999446228
2025-12-28,12,0,343,0.0029913329999544658
2025-12-28,12,12,506,0.0054079580004327
2025-12-29,12,0,342,0.0029088749943184666
2025-12-29,12,12,492,0.005958208996162284
2025-12-30,12,0,336,0.003004625003086403
2025-12-30,12,12,457,0.005668958001479041
2025-12-31,12,0,353,0.0031579999995301478
2025-12-31,12,12,525,0.005860791003215127
2025-01-01,18,0,260,0.0027951660013059154
2025-01-01,18,18,314,0.004609666000760626
2025-01-02,18,0,357,0.00332212500507012
2025-01-02,18,18,545,0.005619042000034824
2025-01-03,18,0,351,0.0028972919972147793
2025-01-03,18,18,356,0.0049077500007115304
2025-01-04,18,0,352,0.003192916999978479
2025-01-04,18,18,362,0.004761832999065518
2025-01-05,18,0,377,0.003049250000913162
2025-01-05,18,18,491,0.005848583001352381
2025-01-06,18,0,354,0.002999791999172885
2025-01-06,18,18,543,0.0057957919998443685
2025-01-07,18,0,361,0.0030769169970881194
2025-01-07,18,18,530,0.005931624997174367
2025-01-08,18,0,344,0.0029591249985969625
2025-01-08,18,18,561,0.005766583999502473
2025-01-09,18,0,352,0.0035458330021356232
2025-01-09,18,18,480,0.005468041999847628
2025-01-10,18,0,384,0.0032659999997122213
2025-01-10,18,18,367,0.005291375004162546
2025-01-11,18,0,382,0.0032707909995224327
2025-01-11,18,18,457,0.005218084006628487
2025-01-12,18,0,349,0.0031989999988581985
2025-01-12,18,18,469,0.005914542001846712
2025-01-13,18,0,355,0.0032265829941025004
2025-01-13,18,18,538,0.0057966660024248995
2025-01-14,18,0,345,0.0035469580034259707
2025-01-14,18,18,501,0.005544332998397294
2025-01-15,18,0,362,0.002997042000060901
2025-01-15,18,18,534,0.005905666999751702
2025-01-16,18,0,357,0.0036328330024844036
2025-01-16,18,18,451,0.00491962499654619
2025-01-17,18,0,376,0.003038750000996515
2025-01-17,18,18,383,0.005089124999358319
2025-01-18,18,0,371,0.0032614160008961335
2025-01-18,18,18,479,0.00516750000679167
2025-01-19,18,0,347,0.003102167000179179
2025-01-19,18,18,506,0.006260084002860822
2025-01-20,18,0,354,0.0030359169977600686
2025-01-20,18,18,503,0.005643917000270449
2025-01-21,18,0,353,0.0034555409947643057
2025-01-21,18,18,499,0.005983542003377806
2025-01-22,18,0,353,0.0029824170051142573
2025-01-22,18,18,525,0.005805166001664475
2025-01-23,18,0,351,0.0032659999997122213
2025-01-23,18,18,451,0.004808958001376595
2025-01-24,18,0,380,0.0029725830027018674
2025-01-24,18,18,363,0.005026999999245163
2025-01-25,18,0,381,0.0031896250002318993
2025-01-25,18,18,418,0.004796707995410543
2025-01-26,18,0,354,0.0029856249966542237
2025-01-26,18,18,498,0.005720625005778857
2025-01-27,18,0,356,0.0030881659986334853
2025-01-27,18,18,470,0.005627292004646733
2025-01-28,18,0,365,0.0032597909957985394
2025-01-28,18,18,491,0.0056058339978335425
2025-01-29,18,0,366,0.0030296670011011884
2025-01-29,18,18,470,0.005452082994452212
2025-01-30,18,0,363,0.0033594159976928495
2025-01-30,18,18,410,0.005214999997406267
2025-01-31,18,0,377,0.003029874998901505
2025-01-31,18,18,360,0.005018500000005588
2025-02-01,18,0,376,0.0030947499981266446
2025-02-01,18,18,395,0.004525541000475641
2025-02-02,18,0,352,0.003122250003798399
2025-02-02,18,18,426,0.005451165998238139
2025-02-03,18,0,358,0.0031393329991260543
2025-02-03,18,18,461,0.005028250001487322
2025-02-04,18,0,351,0.0032614169977023266
2025-02-04,18,18,482,0.005817458993988112
2025-02-05,18,0,360,0.0031325419986387715
2025-02-05,18,18,443,0.00523020800028462
2025-02-06,18,0,360,0.0032681250013411045
2025-02-06,18,18,411,0.005046625003160443
2025-02-07,18,0,379,0.0030317500059027225
2025-02-07,18,18,333,0.00461404199450044
2025-02-08,18,0,369,0.0032290000017383136
2025-02-08,18,18,396,0.004779834001965355
2025-02-09,18,0,375,0.0032920420053415
2025-02-09,18,18,428,0.005456500002765097
2025-02-10,18,0,364,0.0031027500008349307
2025-02-10,18,18,422,0.0050785829953383654
2025-02-11,18,0,363,0.003093541003181599
2025-02-11,18,18,439,0.005446207993372809
2025-02-12,18,0,364,0.0030428749960265122
2025-02-12,18,18,461,0.005370459002733696
2025-02-13,18,0,366,0.003139666994684376
2025-02-13,18,18,407,0.005376250002882443
2025-02-14,18,0,368,0.0030019589976291172
2025-02-14,18,18,322,0.004442083001777064
2025-02-15,18,0,373,0.003272041001764592
2025-02-15,18,18,382,0.0049530830001458526
2025-02-16,18,0,373,0.003000666998559609
2025-02-16,18,18,409,0.004986334002751391
2025-02-17,18,0,375,0.00347400000464404
2025-02-17,18,18,410,0.004714457994850818
2025-02-18,18,0,369,0.002964374994917307
2025-02-18,18,18,422,0.00536712499888381
2025-02-19,18,0,361,0.0031708749957033433
2025-02-19,18,18,401,0.004607417002262082
2025-02-20,18,0,370,0.0029787090024910867
2025-02-20,18,18,410,0.005209582996030804
2025-02-21,18,0,359,0.0032049169967649505
2025-02-21,18,18,321,0.004459750001842622
2025-02-22,18,0,366,0.0030302499944809824
2025-02-22,18,18,393,0.0052055420019314624
2025-02-23,18,0,362,0.003125458002614323
2025-02-23,18,18,407,0.004710834000434261
2025-02-24,18,0,369,0.003007874998729676
2025-02-24,18,18,404,0.005234083000686951
2025-02-25,18,0,370,0.0030682919968967326
2025-02-25,18,18,394,0.004919500002870336
2025-02-26,18,0,370,0.002987583000503946
2025-02-26,18,18,415,0.00511825000285171
2025-02-27,18,0,371,0.0030507080009556375
2025-02-27,18,18,399,0.0049841669970192015
2025-02-28,18,0,341,0.003364916999998968
2025-02-28,18,18,326,0.00457691699557472
2025-03-01,18,0,362,0.002947749999293592
2025-03-01,18,18,347,0.004613874996721279
2025-03-02,18,0,379,0.0037146250033401884
2025-03-02,18,18,412,0.005232167000940535
2025-03-03,18,0,382,0.003107417003775481
2025-03-03,18,18,409,0.005183875000511762
2025-03-04,18,0,373,0.003091334001510404
2025-03-04,18,18,414,0.004930709001200739
2025-03-05,18,0,366,0.003132167003059294
2025-03-05,18,18,411,0.005088249999971595
2025-03-06,18,0,373,0.003070584003580734
2025-03-06,18,18,408,0.004943541003740393
2025-03-07,18,0,372,0.0031119170016609132
2025-03-07,18,18,314,0.004786124998645391
2025-03-08,18,0,343,0.0028002079998259433
2025-03-08,18,18,339,0.00439475000166567
2025-03-09,18,0,373,0.0032515419952687807
2025-03-09,18,18,449,0.005359499999030959
2025-03-10,18,0,365,0.0029688750000786968
2025-03-10,18,18,429,0.005036791997554246
2025-03-11,18,0,366,0.003057750000152737
2025-03-11,18,18,402,0.00514899999689078
2025-03-12,18,0,358,0.003058542002690956
2025-03-12,18,18,412,0.0049185419993591495
2025-03-13,18,0,381,0.0033314169995719567
2025-03-13,18,18,402,0.004794707994733471
2025-03-14,18,0,343,0.0028104590019211173
2025-03-14,18,18,314,0.004608375005773269
2025-03-15,18,0,357,0.003306958002212923
2025-03-15,18,18,338,0.004521750001003966
2025-03-16,18,0,379,0.00297024999599671
2025-03-16,18,18,398,0.005578165997576434
2025-03-17,18,0,357,0.003147165996779222
2025-03-17,18,18,409,0.004995000002963934
2025-03-18,18,0,368,0.0030717500048922375
2025-03-18,18,18,396,0.005272832997434307
2025-03-19,18,0,369,0.003173042001435533
2025-03-19,18,18,411,0.005184458997973707
2025-03-20,18,0,374,0.0030323749961098656
2025-03-20,18,18,404,0.0052572499989764765
2025-03-21,18,0,356,0.0028993330051889643
2025-03-21,18,18,315,0.004744416000903584
2025-03-22,18,0,345,0.0033426669979235157
2025-03-22,18,18,332,0.004909292001684662
2025-03-23,18,0,368,0.0030077079936745577
2025-03-23,18,18,444,0.00514383299741894
2025-03-24,18,0,375,0.0037645420015905984
2025-03-24,18,18,413,0.0050829579995479435
2025-03-25,18,0,373,0.0031274170032702386
2025-03-25,18,18,427,0.005199874998652376
2025-03-26,18,0,368,0.0032749169986345805
2025-03-26,18,18,429,0.004761165997479111
2025-03-27,18,0,376,0.0030181249967426993
2025-03-27,18,18,398,0.005202209002163727
2025-03-28,18,0,344,0.0029294580017449334
2025-03-28,18,18,314,0.004523917006736156
2025-03-29,18,0,328,0.0029504170015570708
2025-03-29,18,18,325,0.004810957994777709
2025-03-30,18,0,369,0.0030179999957908876
2025-03-30,18,18,450,0.0048605420015519485
2025-03-31,18,0,371,0.0031564159944537096
2025-03-31,18,18,406,0.005090750004455913
2025-04-01,18,0,374,0.0030522079978254624
2025-04-01,18,18,468,0.004954791998898145
2025-04-02,18,0,370,0.0029932909965282306
2025-04-02,18,18,442,0.005378750000090804
2025-04-03,18,0,380,0.002991374996781815
2025-04-03,18,18,429,0.005133750004461035
2025-04-04,18,0,334,0.003082458999415394
2025-04-04,18,18,319,0.004479999995965045
2025-04-05,18,0,327,0.0027305420007905923
2025-04-05,18,18,328,0.00455179200071143
2025-04-06,18,0,367,0.0032344159990316257
2025-04-06,18,18,418,0.004956042001140304
2025-04-07,18,0,365,0.0029585830052383244
2025-04-07,18,18,415,0.004889208001259249
2025-04-08,18,0,382,0.003544250001141336
2025-04-08,18,18,438,0.004800332993909251
2025-04-09,18,0,378,0.0030650839980808087
2025-04-09,18,18,434,0.00533825000457
2025-04-10,18,0,372,0.0032137090020114556
2025-04-10,18,18,414,0.004572665995510761
2025-04-11,18,0,324,0.0028325419989414513
2025-04-11,18,18,313,0.005060708004748449
2025-04-12,18,0,347,0.0031715419972897507
2025-04-12,18,18,345,0.004424500002642162
2025-04-13,18,0,361,0.002956625001388602
2025-04-13,18,18,439,0.0052832500005024485
2025-04-14,18,0,380,0.003020040996489115
2025-04-14,18,18,433,0.004835749998164829
2025-04-15,18,0,363,0.0030037499964237213
2025-04-15,18,18,422,0.005303375000949018
2025-04-16,18,0,371,0.002943583996966481
2025-04-16,18,18,438,0.004838332999497652
2025-04-17,18,0,368,0.003108040997176431
2025-04-17,18,18,412,0.0048817919960129075
2025-04-18,18,0,326,0.0027572500039241277
2025-04-18,18,18,321,0.004481249998207204
2025-04-19,18,0,326,0.0029532080006902106
2025-04-19,18,18,317,0.004577124993375037
2025-04-20,18,0,356,0.002857708001101855
2025-04-20,18,18,426,0.004835583000385668
2025-04-21,18,0,373,0.003331749998324085
2025-04-21,18,18,430,0.005033166002249345
2025-04-22,18,0,355,0.002876209000532981
2025-04-22,18,18,435,0.004974625000613742
2025-04-23,18,0,353,0.003224250001949258
2025-04-23,18,18,431,0.004752667002321687
2025-04-24,18,0,358,0.0028750000055879354
2025-04-24,18,18,409,0.0046786669990979135
2025-04-25,18,0,323,0.0030996250061434694
2025-04-25,18,18,313,0.0045706670061917976
2025-04-26,18,0,323,0.002798875000735279
2025-04-26,18,18,321,0.005107082994072698
2025-04-27,18,0,357,0.003127750002022367
2025-04-27,18,18,425,0.004816000000573695
2025-04-28,18,0,363,0.0029517910006688908
2025-04-28,18,18,425,0.00509395900007803
2025-04-29,18,0,366,0.0030324170002131723
2025-04-29,18,18,439,0.004855207997024991
2025-04-30,18,0,361,0.0030129579972708598
2025-04-30,18,18,395,0.005194084005779587
2025-05-01,18,0,361,0.0030058749980526045
2025-05-01,18,18,413,0.004561959001875948
2025-05-02,18,0,347,0.002877999999327585
2025-05-02,18,18,312,0.004938375001074746
2025-05-03,18,0,336,0.0028372500019031577
2025-05-03,18,18,317,0.004467625003599096
2025-05-04,18,0,370,0.003107666998403147
2025-05-04,18,18,443,0.005499791994225234
2025-05-05,18,0,370,0.002961041005619336
2025-05-05,18,18,411,0.0046494170019286685
2025-05-06,18,0,359,0.0029906669951742515
2025-05-06,18,18,426,0.005084958000225015
2025-05-07,18,0,361,0.002906708999944385
2025-05-07,18,18,422,0.004836708998482209
2025-05-08,18,0,373,0.0035999580068164505
2025-05-08,18,18,414,0.004999165998015087
2025-05-09,18,0,347,0.002875250000215601
2025-05-09,18,18,318,0.004558874999929685
2025-05-10,18,0,340,0.0033827500010374933
2025-05-10,18,18,336,0.004417875003127847
2025-05-11,18,0,371,0.002906749999965541
2025-05-11,18,18,396,0.0046030830053496175
2025-05-12,18,0,369,0.0031149159985943697
2025-05-12,18,18,425,0.004656500001146924
2025-05-13,18,0,373,0.003089167003054172
2025-05-13,18,18,406,0.005108291996293701
2025-05-14,18,0,372,0.0033229999971808866
2025-05-14,18,18,354,0.0046355000013136305
2025-05-15,18,0,371,0.00296116599929519
2025-05-15,18,18,392,0.005129708995809779
2025-05-16,18,0,336,0.002854708000086248
2025-05-16,18,18,317,0.004364291999081615
2025-05-17,18,0,342,0.0028947920000064187
2025-05-17,18,18,323,0.004909750001388602
2025-05-18,18,0,376,0.0029792499990435317
2025-05-18,18,18,412,0.004556084000796545
2025-05-19,18,0,366,0.0029270840022945777
2025-05-19,18,18,425,0.005183540997677483
2025-05-20,18,0,366,0.0029778330062981695
2025-05-20,18,18,357,0.004853749996982515
2025-05-21,18,0,365,0.002980833000037819
2025-05-21,18,18,341,0.005315666996466462
2025-05-22,18,0,359,0.0029453339957399294
2025-05-22,18,18,342,0.004426500003319234
2025-05-23,18,0,341,0.0027902500005438924
2025-05-23,18,18,316,0.004800125003384892
2025-05-24,18,0,323,0.002714499998546671
2025-05-24,18,18,326,0.004623375003575347
2025-05-25,18,0,351,0.003233374998671934
2025-05-25,18,18,364,0.004928832997393329
2025-05-26,18,0,359,0.002972750000481028
2025-05-26,18,18,374,0.004867499999818392
2025-05-27,18,0,359,0.0035071669990429655
2025-05-27,18,18,408,0.005026917002396658
2025-05-28,18,0,352,0.002958457997010555
2025-05-28,18,18,351,0.0046970000039436854
2025-05-29,18,0,359,0.0034811250006896444
2025-05-29,18,18,393,0.004772416003106628
2025-05-30,18,0,353,0.0029827090038452297
2025-05-30,18,18,311,0.004767667000123765
2025-05-31,18,0,350,0.003077583998674527
2025-05-31,18,18,323,0.004311666001740377
2025-06-01,18,0,358,0.0030297089979285374
2025-06-01,18,18,429,0.005072499996458646
2025-06-02,18,0,371,0.003173165998305194
2025-06-02,18,18,404,0.004611208998539951
2025-06-03,18,0,351,0.003096957996604033
2025-06-03,18,18,404,0.005203792003158014
2025-06-04,18,0,371,0.003169208997860551
2025-06-04,18,18,358,0.004442708996066358
2025-06-05,18,0,365,0.0031653330006520264
2025-06-05,18,18,383,0.0050828340026782826
2025-06-06,18,0,367,0.003143458001432009
2025-06-06,18,18,324,0.004601708002155647
2025-06-07,18,0,386,0.0033183750056196004
2025-06-07,18,18,327,0.004742291996080894
2025-06-08,18,0,360,0.00304304099699948
2025-06-08,18,18,344,0.00468495799577795
2025-06-09,18,0,352,0.0033917909968295135
2025-06-09,18,18,373,0.005062584001279902
2025-06-10,18,0,363,0.003067500001634471
2025-06-10,18,18,372,0.004639958999177907
2025-06-11,18,0,364,0.0035289170045871288
2025-06-11,18,18,370,0.004699959004938137
2025-06-12,18,0,361,0.0030457079992629588
2025-06-12,18,18,350,0.005320292002579663
2025-06-13,18,0,371,0.0032394999943790026
2025-06-13,18,18,321,0.004441625002073124
2025-06-14,18,0,376,0.003281624994997401
2025-06-14,18,18,341,0.005136624997248873
2025-06-15,18,0,347,0.003131416997348424
2025-06-15,18,18,366,0.004577666004479397
2025-06-16,18,0,362,0.002948917004687246
2025-06-16,18,18,383,0.005308291001711041
2025-06-17,18,0,367,0.0033256659953622147
2025-06-17,18,18,376,0.005103416995552834
2025-06-18,18,0,358,0.003240541998820845
2025-06-18,18,18,358,0.0050568750011734664
2025-06-19,18,0,346,0.0028888750020996667
2025-06-19,18,18,359,0.004760457995871548
2025-06-20,18,0,369,0.003347082994878292
2025-06-20,18,18,318,0.005381209004553966
2025-06-21,18,0,363,0.0032434170061605982
2025-06-21,18,18,344,0.005390416001318954
2025-06-22,18,0,352,0.003128584001387935
2025-06-22,18,18,357,0.0045555000033346005
2025-06-23,18,0,351,0.0029428749985527247
2025-06-23,18,18,358,0.0057642910032882355
2025-06-24,18,0,357,0.003372541999851819
2025-06-24,18,18,364,0.004587374998664018
2025-06-25,18,0,353,0.003095959000347648
2025-06-25,18,18,323,0.005320625001331791
2025-06-26,18,0,346,0.00298845799989067
2025-06-26,18,18,331,0.0046292080005514435
2025-06-27,18,0,377,0.002908500006014947
2025-06-27,18,18,323,0.004934709002554882
2025-06-28,18,0,373,0.0029492499961634167
2025-06-28,18,18,338,0.004651584000384901
2025-06-29,18,0,351,0.0031793329981155694
2025-06-29,18,18,354,0.005154165999556426
2025-06-30,18,0,358,0.0031760420024511404
2025-06-30,18,18,337,0.004462375000002794
2025-07-01,18,0,348,0.003225416992790997
2025-07-01,18,18,343,0.004620292005711235
2025-07-02,18,0,348,0.0028563329979078844
2025-07-02,18,18,361,0.004732750006951392
2025-07-03,18,0,349,0.003397749998839572
2025-07-03,18,18,363,0.004878292005741969
2025-07-04,18,0,359,0.002795625005092006
2025-07-04,18,18,322,0.00434904100256972
2025-07-05,18,0,348,0.003272375004598871
2025-07-05,18,18,340,0.00456158300221432
2025-07-06,18,0,349,0.00292966599954525
2025-07-06,18,18,347,0.004732624998723622
2025-07-07,18,0,334,0.0030573340045521036
2025-07-07,18,18,336,0.004521375005424488
2025-07-08,18,0,351,0.0028885830033686943
2025-07-08,18,18,344,0.004679792000388261
2025-07-09,18,0,350,0.0033557499991729856
2025-07-09,18,18,352,0.004520832997513935
2025-07-10,18,0,341,0.003008209001563955
2025-07-10,18,18,358,0.004982875005225651
2025-07-11,18,0,361,0.0029088750015944242
2025-07-11,18,18,331,0.0042713329967227764
2025-07-12,18,0,342,0.002754792003543116
2025-07-12,18,18,323,0.005124415998579934
2025-07-13,18,0,343,0.0029023750030319206
2025-07-13,18,18,378,0.0047554580014548264
2025-07-14,18,0,340,0.0029512919936678372
2025-07-14,18,18,342,0.00480020899703959
2025-07-15,18,0,326,0.0029271250023157336
2025-07-15,18,18,329,0.004454417001397815
2025-07-16,18,0,328,0.0028046250008628704
2025-07-16,18,18,333,0.00509187500574626
2025-07-17,18,0,345,0.00291987499804236
2025-07-17,18,18,341,0.004300458000216167
2025-07-18,18,0,357,0.002810165999107994
2025-07-18,18,18,330,0.004916333004075568
2025-07-19,18,0,355,0.0027923750021727756
2025-07-19,18,18,331,0.004508500001975335
2025-07-20,18,0,337,0.003012916997249704
2025-07-20,18,18,345,0.004949499998474494
2025-07-21,18,0,338,0.0030817080041742884
2025-07-21,18,18,308,0.0044014590021106414
2025-07-22,18,0,308,0.0027574999985517934
2025-07-22,18,18,300,0.0049112090055132285
2025-07-23,18,0,313,0.003207415997167118
2025-07-23,18,18,332,0.004665959000703879
2025-07-24,18,0,317,0.002968791995954234
2025-07-24,18,18,350,0.005309041996952146
2025-07-25,18,0,333,0.002794041000015568
2025-07-25,18,18,329,0.004402500002470333
2025-07-26,18,0,350,0.002833958002156578
2025-07-26,18,18,331,0.004992540998500772
2025-07-27,18,0,322,0.002862250003090594
2025-07-27,18,18,321,0.0046287500008475035
2025-07-28,18,0,320,0.0030542910026269965
2025-07-28,18,18,316,0.004711917004897259
2025-07-29,18,0,297,0.0027174170027137734
2025-07-29,18,18,304,0.004354000004241243
2025-07-30,18,0,307,0.002896457997849211
2025-07-30,18,18,325,0.004798166002728976
2025-07-31,18,0,312,0.0027926249968004413
2025-07-31,18,18,339,0.004474875000596512
2025-08-01,18,0,334,0.002984207996632904
2025-08-01,18,18,332,0.004810042002645787
2025-08-02,18,0,349,0.0028455409992602654
2025-08-02,18,18,329,0.0047685839963378385
2025-08-03,18,0,323,0.0032097500006784685
2025-08-03,18,18,309,0.004518542002188042
2025-08-04,18,0,332,0.002757125002972316
2025-08-04,18,18,319,0.004528999998001382
2025-08-05,18,0,335,0.0032035419935709797
2025-08-05,18,18,315,0.004552959006105084
2025-08-06,18,0,329,0.0028435420026653446
2025-08-06,18,18,307,0.004451124994375277
2025-08-07,18,0,335,0.0037251249959808774
2025-08-07,18,18,320,0.0044459999990067445
2025-08-08,18,0,338,0.0029313749982975423
2025-08-08,18,18,317,0.0055115419963840395
2025-08-09,18,0,335,0.003012541994394269
2025-08-09,18,18,318,0.004408790999150369
2025-08-10,18,0,327,0.002757166002993472
2025-08-10,18,18,322,0.005546957996557467
2025-08-11,18,0,337,0.0033066250034607947
2025-08-11,18,18,311,0.0049790410048444755
2025-08-12,18,0,338,0.0029933749974588864
2025-08-12,18,18,310,0.005007624997233506
2025-08-13,18,0,335,0.002933208001195453
2025-08-13,18,18,309,0.00445420899632154
2025-08-14,18,0,335,0.002850666998710949
2025-08-14,18,18,322,0.004921916995954234
2025-08-15,18,0,377,0.0032007920017349534
2025-08-15,18,18,322,0.004404916995554231
2025-08-16,18,0,355,0.002871583004889544
2025-08-16,18,18,324,0.004966750006133225
2025-08-17,18,0,344,0.0029362499990384094
2025-08-17,18,18,321,0.0043831669972860254
2025-08-18,18,0,336,0.0029353749996516854
2025-08-18,18,18,321,0.004882000001089182
2025-08-19,18,0,340,0.0027551669991225936
2025-08-19,18,18,317,0.004373083997052163
2025-08-20,18,0,345,0.0030965409969212487
2025-08-20,18,18,317,0.0049237500061281025
2025-08-21,18,0,341,0.003025874997547362
2025-08-21,18,18,316,0.004405332998430822
2025-08-22,18,0,356,0.0028141250004409812
2025-08-22,18,18,313,0.004666875000111759
2025-08-23,18,0,343,0.0027695410026353784
2025-08-23,18,18,323,0.004572332996758632
2025-08-24,18,0,329,0.002979458004119806
2025-08-24,18,18,314,0.004586875002132729
2025-08-25,18,0,354,0.0030302079976536334
2025-08-25,18,18,320,0.004380124999443069
2025-08-26,18,0,329,0.0029955829959362745
2025-08-26,18,18,331,0.004450332999113016
2025-08-27,18,0,341,0.0027962909953203052
2025-08-27,18,18,308,0.0042896669983747415
2025-08-28,18,0,335,0.003006375001859851
2025-08-28,18,18,318,0.004698374999861699
2025-08-29,18,0,360,0.0028745000017806888
2025-08-29,18,18,320,0.004394625000713859
2025-08-30,18,0,357,0.002987125000800006
2025-08-30,18,18,323,0.00436391699622618
2025-08-31,18,0,331,0.0028099170012865216
2025-08-31,18,18,320,0.004626291003660299
2025-09-01,18,0,336,0.0031077080057002604
2025-09-01,18,18,325,0.004688375003752299
2025-09-02,18,0,344,0.0029338750027818605
2025-09-02,18,18,321,0.004486707999603823
2025-09-03,18,0,335,0.003055583998502698
2025-09-03,18,18,326,0.00452512499759905
2025-09-04,18,0,332,0.002825417002895847
2025-09-04,18,18,314,0.004591291995893698
2025-09-05,18,0,333,0.002961875004984904
2025-09-05,18,18,319,0.0048027079974417575
2025-09-06,18,0,334,0.0027658750041155145
2025-09-06,18,18,328,0.004391916001623031
2025-09-07,18,0,326,0.0031611660015187226
2025-09-07,18,18,327,0.004736083996249363
2025-09-08,18,0,341,0.0028327500040177256
2025-09-08,18,18,340,0.004557000000204425
2025-09-09,18,0,325,0.003003833000548184
2025-09-09,18,18,356,0.004851584002608433
2025-09-10,18,0,341,0.002932791998318862
2025-09-10,18,18,335,0.004624542001693044
2025-09-11,18,0,335,0.0033109169962699525
2025-09-11,18,18,326,0.004324417001043912
2025-09-12,18,0,338,0.002803541996399872
2025-09-12,18,18,320,0.004505041004449595
2025-09-13,18,0,337,0.0031599999929312617
2025-09-13,18,18,345,0.00465375000203494
2025-09-14,18,0,344,0.0028842079991591163
2025-09-14,18,18,357,0.004486165998969227
2025-09-15,18,0,338,0.003236459000618197
2025-09-15,18,18,376,0.0045304160012165084
2025-09-16,18,0,359,0.0029739579986198805
2025-09-16,18,18,393,0.004729457999928854
2025-09-17,18,0,353,0.003193166005075909
2025-09-17,18,18,365,0.004623749999154825
2025-09-18,18,0,356,0.0028669579987763427
2025-09-18,18,18,346,0.004846708005061373
2025-09-19,18,0,347,0.003049999999348074
2025-09-19,18,18,322,0.004340790997957811
2025-09-20,18,0,340,0.002998875002958812
2025-09-20,18,18,331,0.004880332999164239
2025-09-21,18,0,360,0.0032070420056697913
2025-09-21,18,18,398,0.004615666999598034
2025-09-22,18,0,361,0.0030134170010569505
2025-09-22,18,18,423,0.005397541994170751
2025-09-23,18,0,365,0.00303791699843714
2025-09-23,18,18,416,0.00470412499998929
2025-09-24,18,0,352,0.002995457994984463
2025-09-24,18,18,456,0.005348124999727588
2025-09-25,18,0,371,0.0030472919970634393
2025-09-25,18,18,413,0.005036708003899548
2025-09-26,18,0,369,0.003008708001289051
2025-09-26,18,18,327,0.004815249994862825
2025-09-27,18,0,339,0.0028007920045638457
2025-09-27,18,18,352,0.004593332996591926
2025-09-28,18,0,371,0.0032555830039200373
2025-09-28,18,18,415,0.005065417004516348
2025-09-29,18,0,368,0.00302183299936587
2025-09-29,18,18,438,0.0050105830014217645
2025-09-30,18,0,368,0.003533333001541905
2025-09-30,18,18,442,0.004896041995380074
2025-10-01,18,0,370,0.0030584170017391443
2025-10-01,18,18,423,0.0048214170019491576
2025-10-02,18,0,353,0.0033176669967360795
2025-10-02,18,18,455,0.004857791995164007
2025-10-03,18,0,339,0.0028193329999339767
2025-10-03,18,18,320,0.004701833000581246
2025-10-04,18,0,364,0.0032277499994961545
2025-10-04,18,18,339,0.004390542002511211
2025-10-05,18,0,371,0.003102959002717398
2025-10-05,18,18,449,0.005511791998287663
2025-10-06,18,0,355,0.003287209001427982
2025-10-06,18,18,413,0.0047082919991225936
2025-10-07,18,0,372,0.0030911669964552857
2025-10-07,18,18,397,0.004981625002983492
2025-10-08,18,0,369,0.003064417003770359
2025-10-08,18,18,427,0.004837332999159116
2025-10-09,18,0,358,0.0030824580026092008
2025-10-09,18,18,403,0.005267333996016532
2025-10-10,18,0,352,0.002995084003487136
2025-10-10,18,18,323,0.004410417001054157
2025-10-11,18,0,352,0.002954333001980558
2025-10-11,18,18,348,0.004718832999060396
2025-10-12,18,0,372,0.0030632920024800114
2025-10-12,18,18,418,0.004980457997589838
2025-10-13,18,0,367,0.003430666998610832
2025-10-13,18,18,425,0.0050676669998210855
2025-10-14,18,0,373,0.0030038750046514906
2025-10-14,18,18,481,0.005054708999523427
2025-10-15,18,0,375,0.0034429169973009266
2025-10-15,18,18,414,0.0048219160016742535
2025-10-16,18,0,371,0.0030376659997273237
2025-10-16,18,18,429,0.005370958999264985
2025-10-17,18,0,332,0.0029244580000522546
2025-10-17,18,18,326,0.004282542002329137
2025-10-18,18,0,363,0.0028876249998575076
2025-10-18,18,18,364,0.005236042001342867
2025-10-19,18,0,373,0.0030081669974606484
2025-10-19,18,18,423,0.004651874995033722
2025-10-20,18,0,364,0.003016792004927993
2025-10-20,18,18,425,0.005406834003224503
2025-10-21,18,0,374,0.0031389169962494634
2025-10-21,18,18,431,0.004680915997596458
2025-10-22,18,0,365,0.0029684580003959127
2025-10-22,18,18,448,0.005093042003863957
2025-10-23,18,0,374,0.003040208001038991
2025-10-23,18,18,443,0.0049912920003407635
2025-10-24,18,0,353,0.0029987079979036935
2025-10-24,18,18,317,0.0050865000011981465
2025-10-25,18,0,368,0.0029151669950806536
2025-10-25,18,18,392,0.004742500001157168
2025-10-26,18,0,365,0.0032379999975091778
2025-10-26,18,18,451,0.005041500000515953
2025-10-27,18,0,364,0.002933625000878237
2025-10-27,18,18,458,0.004905667003185954
2025-10-28,18,0,367,0.0034701250042417087
2025-10-28,18,18,483,0.005073624997748993
2025-10-29,18,0,364,0.0030524579997290857
2025-10-29,18,18,472,0.005793750002339948
2025-10-30,18,0,367,0.00305004099936923
2025-10-30,18,18,408,0.004610165997291915
2025-10-31,18,0,382,0.003033375003724359
2025-10-31,18,18,321,0.00500970800203504
2025-11-01,18,0,364,0.003020457996171899
2025-11-01,18,18,382,0.004587832998367958
2025-11-02,18,0,372,0.003037916001630947
2025-11-02,18,18,460,0.005323165998561308
2025-11-03,18,0,368,0.0031010000020614825
2025-11-03,18,18,476,0.005401166003139224
2025-11-04,18,0,360,0.0030401249969145283
2025-11-04,18,18,516,0.006323166002403013
2025-11-05,18,0,365,0.0030184999995981343
2025-11-05,18,18,472,0.005003500002203509
2025-11-06,18,0,363,0.0032756670043454506
2025-11-06,18,18,433,0.00513150000188034
2025-11-07,18,0,376,0.002973084003315307
2025-11-07,18,18,328,0.004696124997281004
2025-11-08,18,0,371,0.0029959169987705536
2025-11-08,18,18,421,0.004781332994753029
2025-11-09,18,0,368,0.0030589159941882826
2025-11-09,18,18,542,0.006554457999300212
2025-11-10,18,0,355,0.0030883750005159527
2025-11-10,18,18,468,0.004952082999807317
2025-11-11,18,0,369,0.003231624999898486
2025-11-11,18,18,495,0.005763459004811011
2025-11-12,18,0,369,0.0033235419978154823
2025-11-12,18,18,455,0.005087999998067971
2025-11-13,18,0,370,0.0034271249969606288
2025-11-13,18,18,460,0.005150708006112836
2025-11-14,18,0,369,0.0031073339996510185
2025-11-14,18,18,338,0.004777916998136789
2025-11-15,18,0,370,0.0032454159954795614
2025-11-15,18,18,406,0.004796166998858098
2025-11-16,18,0,371,0.00305070799367968
2025-11-16,18,18,486,0.005929041995841544
2025-11-17,18,0,358,0.0031024170020828024
2025-11-17,18,18,464,0.0052072910038987175
2025-11-18,18,0,356,0.003278750002209563
2025-11-18,18,18,526,0.006048041999747511
2025-11-19,18,0,364,0.0030898749973857775
2025-11-19,18,18,518,0.005627708000247367
2025-11-20,18,0,362,0.0035632090002764016
2025-11-20,18,18,450,0.004951333001372404
2025-11-21,18,0,377,0.002938208002888132
2025-11-21,18,18,345,0.004943833002471365
2025-11-22,18,0,376,0.0032291250026901253
2025-11-22,18,18,417,0.004843999995500781
2025-11-23,18,0,360,0.0029739579986198805
2025-11-23,18,18,538,0.006694791998597793
2025-11-24,18,0,357,0.0030890409980202094
2025-11-24,18,18,534,0.005828209003084339
2025-11-25,18,0,360,0.0029941660031909123
2025-11-25,18,18,539,0.006088624999392778
2025-11-26,18,0,354,0.003108042001258582
2025-11-26,18,18,481,0.005381000002671499
2025-11-27,18,0,370,0.003601959004299715
2025-11-27,18,18,456,0.004830332996789366
2025-11-28,18,0,369,0.0029167920001782477
2025-11-28,18,18,352,0.005038000002969056
2025-11-29,18,0,381,0.003385083000466693
2025-11-29,18,18,411,0.004989708002540283
2025-11-30,18,0,372,0.00316204199771164
2025-11-30,18,18,476,0.005577458003244828
2025-12-01,18,0,355,0.0030567089997930452
2025-12-01,18,18,513,0.005568749998928979
2025-12-02,18,0,372,0.003087290999246761
2025-12-02,18,18,549,0.006058166996808723
2025-12-03,18,0,363,0.003030291001778096
2025-12-03,18,18,529,0.005610375003016088
2025-12-04,18,0,352,0.0034949580003740266
2025-12-04,18,18,532,0.005903958997805603
2025-12-05,18,0,372,0.0031090840057004243
2025-12-05,18,18,421,0.005387915996834636
2025-12-06,18,0,379,0.003297332994407043
2025-12-06,18,18,470,0.005222291998506989
2025-12-07,18,0,340,0.0029676669946638867
2025-12-07,18,18,526,0.005805334003525786
2025-12-08,18,0,352,0.0029685000044992194
2025-12-08,18,18,518,0.005446791001304518
2025-12-09,18,0,354,0.0031828329956624657
2025-12-09,18,18,529,0.005827374996442813
2025-12-10,18,0,342,0.0029165419982746243
2025-12-10,18,18,536,0.005717791995266452
2025-12-11,18,0,358,0.003132249999907799
2025-12-11,18,18,526,0.005931291998422239
2025-12-12,18,0,378,0.0031622079986846074
2025-12-12,18,18,455,0.005432874997495674
2025-12-13,18,0,373,0.0030377500006579794
2025-12-13,18,18,467,0.005237790996034164
2025-12-14,18,0,347,0.0029487909996532835
2025-12-14,18,18,538,0.0059812500039697625
2025-12-15,18,0,350,0.0028507090028142557
2025-12-15,18,18,543,0.005766040994785726
2025-12-16,18,0,351,0.0034142090007662773
2025-12-16,18,18,538,0.005900124997424427
2025-12-17,18,0,354,0.0030049999986658804
2025-12-17,18,18,541,0.006320708998828195
2025-12-18,18,0,356,0.0031211250025080517
2025-12-18,18,18,508,0.005447916002594866
2025-12-19,18,0,381,0.0031132080039242283
2025-12-19,18,18,457,0.005442207999294624
2025-12-20,18,0,382,0.003038915994693525
2025-12-20,18,18,479,0.005574292001256254
2025-12-21,18,0,351,0.0033372500038240105
2025-12-21,18,18,526,0.005836499993165489
2025-12-22,18,0,349,0.00295091699808836
2025-12-22,18,18,540,0.0057594169993535616
2025-12-23,18,0,362,0.0029710420058108866
2025-12-23,18,18,523,0.005671082995831966
2025-12-24,18,0,349,0.003087375000177417
2025-12-24,18,18,538,0.0060145419993205
2025-12-25,18,0,351,0.002973457994812634
2025-12-25,18,18,522,0.0055244160030269995
2025-12-26,18,0,378,0.0034147909973398782
2025-12-26,18,18,454,0.005109625002660323
2025-12-27,18,0,382,0.0032920000012381934
2025-12-27,18,18,442,0.0052167920002830215
2025-12-28,18,0,342,0.00343175000307383
2025-12-28,18,18,536,0.0057445420025032945
2025-12-29,18,0,342,0.002917042002081871
2025-12-29,18,18,499,0.006415541996830143
2025-12-30,18,0,345,0.0031930830009514466
2025-12-30,18,18,497,0.005516833000001498
2025-12-31,18,0,359,0.003152083998429589
2025-12-31,18,18,505,0.006102415994973853
2025-01-01,18,0,138,0.0023967500019352883
2025-01-01,18,18,243,0.004517040993960109
2025-01-02,18,0,353,0.0031371659933938645
2025-01-02,18,18,312,0.004696834002970718
2025-01-03,18,0,347,0.0028985419994569384
2025-01-03,18,18,308,0.004500999995798338
2025-01-04,18,0,352,0.00329174999933457
2025-01-04,18,18,309,0.004855416002101265
2025-01-05,18,0,382,0.0030152499966789037
2025-01-05,18,18,489,0.005462917004479095
2025-01-06,18,0,355,0.0034135410023736767
2025-01-06,18,18,539,0.005841208992933389
2025-01-07,18,0,353,0.0030315409967442974
2025-01-07,18,18,534,0.0060492089978652075
2025-01-08,18,0,349,0.003028582999831997
2025-01-08,18,18,320,0.004356124998594169
2025-01-09,18,0,341,0.002997582996613346
2025-01-09,18,18,336,0.005017333998694085
2025-01-10,18,0,385,0.0031108750044950284
2025-01-10,18,18,367,0.004447792001883499
2025-01-11,18,0,383,0.0031850000013946556
2025-01-11,18,18,452,0.005376540997531265
2025-01-12,18,0,337,0.002983459002280142
2025-01-12,18,18,462,0.005409958997915965
2025-01-13,18,0,349,0.002931834002083633
2025-01-13,18,18,536,0.005793166994408239
2025-01-14,18,0,345,0.0030437079985858873
2025-01-14,18,18,501,0.005592707995674573
2025-01-15,18,0,352,0.003326416997879278
2025-01-15,18,18,531,0.0054562090008403175
2025-01-16,18,0,347,0.002870457996323239
2025-01-16,18,18,339,0.005009166001400445
2025-01-17,18,0,370,0.003133083002467174
2025-01-17,18,18,316,0.004251749996910803
2025-01-18,18,0,362,0.0029303749979590066
2025-01-18,18,18,492,0.0055507920042146
2025-01-19,18,0,350,0.002981208002893254
2025-01-19,18,18,505,0.005510292001417838
2025-01-20,18,0,351,0.0030911669964552857
2025-01-20,18,18,347,0.004744417004985735
2025-01-21,18,0,344,0.0029528749946621247
2025-01-21,18,18,498,0.0058470829972065985
2025-01-22,18,0,352,0.0031779170021764003
2025-01-22,18,18,319,0.004746667000290472
2025-01-23,18,0,350,0.002843791000486817
2025-01-23,18,18,337,0.004406125000969041
2025-01-24,18,0,370,0.0030539579965989105
2025-01-24,18,18,297,0.004486083002120722
2025-01-25,18,0,380,0.0030112079984974116
2025-01-25,18,18,393,0.0048677500017220154
2025-01-26,18,0,361,0.0031615830012015067
2025-01-26,18,18,501,0.005379249996622093
2025-01-27,18,0,355,0.0030367090002982877
2025-01-27,18,18,470,0.005426042000181042
2025-01-28,18,0,361,0.0030857080055284314
2025-01-28,18,18,491,0.005308749998221174
2025-01-29,18,0,360,0.003059499998926185
2025-01-29,18,18,473,0.005726458002754953
2025-01-30,18,0,358,0.003238249999412801
2025-01-30,18,18,307,0.0044530420054798014
2025-01-31,18,0,382,0.0030157500004861504
2025-01-31,18,18,296,0.004702416998043191
2025-02-01,18,0,373,0.0030565839988412336
2025-02-01,18,18,382,0.004948791000060737
2025-02-02,18,0,362,0.0031037500011734664
2025-02-02,18,18,431,0.005566791995079257
2025-02-03,18,0,354,0.003076333006902132
2025-02-03,18,18,466,0.005180624997592531
2025-02-04,18,0,351,0.003333959000883624
2025-02-04,18,18,292,0.004436625000380445
2025-02-05,18,0,358,0.002983999998832587
2025-02-05,18,18,443,0.004904291999991983
2025-02-06,18,0,359,0.0034320420018048026
2025-02-06,18,18,304,0.004351750001660548
2025-02-07,18,0,376,0.0029943750050733797
2025-02-07,18,18,298,0.004620792002242524
2025-02-08,18,0,369,0.003375333995791152
2025-02-08,18,18,393,0.004656124998291489
2025-02-09,18,0,365,0.002961500002129469
2025-02-09,18,18,427,0.0053187500016065314
2025-02-10,18,0,357,0.0031644170012441464
2025-02-10,18,18,422,0.004843084003368858
2025-02-11,18,0,362,0.0030466250027529895
2025-02-11,18,18,439,0.0056237919998238795
2025-02-12,18,0,361,0.0030410419931286015
2025-02-12,18,18,463,0.005260833997454029
2025-02-13,18,0,367,0.0030625409999629483
2025-02-13,18,18,301,0.005026375001762062
2025-02-14,18,0,374,0.0030173750055837445
2025-02-14,18,18,295,0.00457158299832372
2025-02-15,18,0,366,0.0030704579985467717
2025-02-15,18,18,382,0.005211540999880526
2025-02-16,18,0,367,0.003129541997623164
2025-02-16,18,18,409,0.004797790999873541
2025-02-17,18,0,366,0.003250957997806836
2025-02-17,18,18,410,0.005020125005103182
2025-02-18,18,0,367,0.002900166997278575
2025-02-18,18,18,317,0.004663457999413367
2025-02-19,18,0,361,0.003494040996883996
2025-02-19,18,18,397,0.004905166999378707
2025-02-20,18,0,367,0.003040208001038991
2025-02-20,18,18,306,0.004434165995917283
2025-02-21,18,0,359,0.0031374169993796386
2025-02-21,18,18,296,0.004429125001479406
2025-02-22,18,0,365,0.0031082499990588985
2025-02-22,18,18,394,0.005226540997682605
2025-02-23,18,0,365,0.0030825000067125075
2025-02-23,18,18,412,0.004754250003315974
2025-02-24,18,0,369,0.002921624996815808
2025-02-24,18,18,404,0.005519375001313165
2025-02-25,18,0,371,0.003111124999122694
2025-02-25,18,18,299,0.0042536250039120205
2025-02-26,18,0,365,0.0029649580028490163
2025-02-26,18,18,411,0.005245457999990322
2025-02-27,18,0,369,0.0031396249978570268
2025-02-27,18,18,305,0.004322207998484373
2025-02-28,18,0,345,0.00284520899731433
2025-02-28,18,18,298,0.004746624996187165
2025-03-01,18,0,364,0.002992624999023974
2025-03-01,18,18,351,0.004719332995591685
2025-03-02,18,0,372,0.003172332995745819
2025-03-02,18,18,414,0.00536758299858775
2025-03-03,18,0,378,0.003073583997320384
2025-03-03,18,18,407,0.004803875002835412
2025-03-04,18,0,369,0.003324624995002523
2025-03-04,18,18,312,0.0044469579952419735
2025-03-05,18,0,364,0.0029633749945787713
2025-03-05,18,18,404,0.004667917004553601
2025-03-06,18,0,373,0.0032595000011497177
2025-03-06,18,18,308,0.004455457994481549
2025-03-07,18,0,372,0.002912000003561843
2025-03-07,18,18,297,0.004698582997662015
2025-03-08,18,0,343,0.0035357919987291098
2025-03-08,18,18,341,0.004650125003536232
2025-03-09,18,0,365,0.003041541996935848
2025-03-09,18,18,456,0.004968792003637645
2025-03-10,18,0,369,0.003292583001893945
2025-03-10,18,18,435,0.00487016599799972
2025-03-11,18,0,369,0.002954417002911214
2025-03-11,18,18,304,0.005126915995788295
2025-03-12,18,0,362,0.0030483340015052818
2025-03-12,18,18,409,0.004682540995418094
2025-03-13,18,0,378,0.003336249996209517
2025-03-13,18,18,307,0.004691458998422604
2025-03-14,18,0,346,0.0031548330007353798
2025-03-14,18,18,296,0.004358167003374547
2025-03-15,18,0,357,0.0028892500049551018
2025-03-15,18,18,340,0.0048662910048733465
2025-03-16,18,0,382,0.00307129199791234
2025-03-16,18,18,311,0.004428541993547697
2025-03-17,18,0,366,0.003164541005389765
2025-03-17,18,18,411,0.005024250000133179
2025-03-18,18,0,371,0.003295416994660627
2025-03-18,18,18,310,0.004400874997372739
2025-03-19,18,0,365,0.0030292919982457533
2025-03-19,18,18,413,0.00541079200047534
2025-03-20,18,0,371,0.0030544589972123504
2025-03-20,18,18,304,0.004339457998867147
2025-03-21,18,0,354,0.0030849169997964054
2025-03-21,18,18,316,0.0048324159943149425
2025-03-22,18,0,345,0.0029205419996287674
2025-03-22,18,18,337,0.004542374997981824
2025-03-23,18,0,366,0.003275041999586392
2025-03-23,18,18,343,0.0046247499994933605
2025-03-24,18,0,375,0.002986667001096066
2025-03-24,18,18,418,0.0048543329976382665
2025-03-25,18,0,384,0.0035350830003153533
2025-03-25,18,18,335,0.004433207999682054
2025-03-26,18,0,364,0.003041459000087343
2025-03-26,18,18,424,0.004798291003680788
2025-03-27,18,0,375,0.0036288340052124113
2025-03-27,18,18,305,0.004287457995815203
2025-03-28,18,0,346,0.00294716699863784
2025-03-28,18,18,314,0.005003499994927552
2025-03-29,18,0,330,0.003007291001267731
2025-03-29,18,18,325,0.004354708005848806
2025-03-30,18,0,363,0.0028862910039606504
2025-03-30,18,18,446,0.005835790994751733
2025-03-31,18,0,372,0.00302045900025405
2025-03-31,18,18,413,0.004821750000701286
2025-04-01,18,0,372,0.0031940410044626333
2025-04-01,18,18,468,0.005279541001073085
2025-04-02,18,0,369,0.003014707996044308
2025-04-02,18,18,439,0.004905209003482014
2025-04-03,18,0,379,0.00327287500113016
2025-04-03,18,18,329,0.004654750002373476
2025-04-04,18,0,333,0.002812499995343387
2025-04-04,18,18,319,0.004482167001697235
2025-04-05,18,0,325,0.0027340419983374886
2025-04-05,18,18,327,0.004972750000888482
2025-04-06,18,0,367,0.002959332996397279
2025-04-06,18,18,421,0.0051241660039522685
2025-04-07,18,0,364,0.0035493329996825196
2025-04-07,18,18,412,0.004754292000143323
2025-04-08,18,0,384,0.003009084000950679
2025-04-08,18,18,335,0.004570917000819463
2025-04-09,18,0,382,0.003523958999721799
2025-04-09,18,18,332,0.004610582996974699
2025-04-10,18,0,375,0.0031140420032897964
2025-04-10,18,18,320,0.004734832997201011
2025-04-11,18,0,323,0.002930749993538484
2025-04-11,18,18,304,0.004225416996632703
2025-04-12,18,0,350,0.0027958329956163652
2025-04-12,18,18,345,0.004694208000728395
2025-04-13,18,0,361,0.0029424999956972897
2025-04-13,18,18,441,0.004705209001258481
2025-04-14,18,0,379,0.0030561250023311004
2025-04-14,18,18,428,0.005413250000856351
2025-04-15,18,0,363,0.0033715839963406324
2025-04-15,18,18,420,0.00473000000056345
2025-04-16,18,0,371,0.0030336249983520247
2025-04-16,18,18,337,0.0049337090022163466
2025-04-17,18,0,368,0.003000584001711104
2025-04-17,18,18,325,0.004315791004046332
2025-04-18,18,0,331,0.002818040993588511
2025-04-18,18,18,320,0.0048354579994338565
2025-04-19,18,0,329,0.002883417000703048
2025-04-19,18,18,317,0.0043660000010277145
2025-04-20,18,0,362,0.00295995799388038
2025-04-20,18,18,343,0.004661291000957135
2025-04-21,18,0,376,0.003044249999220483
2025-04-21,18,18,416,0.004742417004308663
2025-04-22,18,0,355,0.0029671250013052486
2025-04-22,18,18,429,0.0051588339993031695
2025-04-23,18,0,353,0.002927416004240513
2025-04-23,18,18,332,0.004365540997241624
2025-04-24,18,0,358,0.0029484999977285042
2025-04-24,18,18,322,0.005328207997081336
2025-04-25,18,0,330,0.0028579999998328276
2025-04-25,18,18,306,0.004459916002815589
2025-04-26,18,0,324,0.003053209002246149
2025-04-26,18,18,321,0.004565124996588565
2025-04-27,18,0,358,0.003071625003940426
2025-04-27,18,18,415,0.004775583001901396
2025-04-28,18,0,362,0.003320957999676466
2025-04-28,18,18,414,0.004676332995586563
2025-04-29,18,0,365,0.002943749997939449
2025-04-29,18,18,427,0.0049013750031008385
2025-04-30,18,0,366,0.0031994579985621385
2025-04-30,18,18,394,0.0048530829953961074
2025-05-01,18,0,360,0.002953458999400027
2025-05-01,18,18,319,0.004367749999801163
2025-05-02,18,0,350,0.0030685830060974695
2025-05-02,18,18,312,0.004434000002220273
2025-05-03,18,0,338,0.002887083996029105
2025-05-03,18,18,317,0.004563458998745773
2025-05-04,18,0,372,0.003309208004793618
2025-05-04,18,18,438,0.004966250002325978
2025-05-05,18,0,371,0.0029254999972181395
2025-05-05,18,18,415,0.004959874997439329
2025-05-06,18,0,359,0.003150874996208586
2025-05-06,18,18,421,0.0045532910007750615
2025-05-07,18,0,362,0.003105333002167754
2025-05-07,18,18,418,0.005009709006117191
2025-05-08,18,0,372,0.0030781669993302785
2025-05-08,18,18,325,0.004405790998134762
2025-05-09,18,0,349,0.0028980409988434985
2025-05-09,18,18,295,0.0048022089977166615
2025-05-10,18,0,346,0.0028508339964901097
2025-05-10,18,18,336,0.004306750000978354
2025-05-11,18,0,371,0.002935083000920713
2025-05-11,18,18,395,0.004972749993612524
2025-05-12,18,0,371,0.002975082999910228
2025-05-12,18,18,424,0.004670041998906527
2025-05-13,18,0,374,0.003270166998845525
2025-05-13,18,18,335,0.005111582999234088
2025-05-14,18,0,368,0.002934249998361338
2025-05-14,18,18,353,0.0045015830037300475
2025-05-15,18,0,373,0.0029489579974324442
2025-05-15,18,18,307,0.004735667003842536
2025-05-16,18,0,334,0.0027794580018962733
2025-05-16,18,18,293,0.004500124996411614
2025-05-17,18,0,342,0.002987749998283107
2025-05-17,18,18,322,0.0048366660048486665
2025-05-18,18,0,371,0.0029233329987619072
2025-05-18,18,18,411,0.004641750005248468
2025-05-19,18,0,364,0.00313941700005671
2025-05-19,18,18,422,0.004972082999302074
2025-05-20,18,0,371,0.0030624169958173297
2025-05-20,18,18,355,0.0045007919979980215
2025-05-21,18,0,370,0.0032537500010221265
2025-05-21,18,18,339,0.00459933299862314
2025-05-22,18,0,363,0.002829459001077339
2025-05-22,18,18,315,0.004417291995196138
2025-05-23,18,0,340,0.003035583002201747
2025-05-23,18,18,295,0.004582207999192178
2025-05-24,18,0,327,0.0027249999984633178
2025-05-24,18,18,328,0.004670291004003957
2025-05-25,18,0,351,0.0032727090001571923
2025-05-25,18,18,362,0.0046243749966379255
2025-05-26,18,0,370,0.0029105000066920184
2025-05-26,18,18,381,0.0047218749969033524
2025-05-27,18,0,362,0.003500083003018517
2025-05-27,18,18,320,0.0047050420034793206
2025-05-28,18,0,354,0.002967375003208872
2025-05-28,18,18,348,0.004549915996904019
2025-05-29,18,0,356,0.003288166000857018
2025-05-29,18,18,306,0.0046791249988018535
2025-05-30,18,0,355,0.002819958004693035
2025-05-30,18,18,296,0.004536459004157223
2025-05-31,18,0,352,0.0031016249995445833
2025-05-31,18,18,328,0.004328666997025721
2025-06-01,18,0,359,0.0030694170054630376
2025-06-01,18,18,425,0.005635125002299901
2025-06-02,18,0,365,0.003305458005343098
2025-06-02,18,18,401,0.004555791994789615
2025-06-03,18,0,355,0.0030552499956684187
2025-06-03,18,18,313,0.0047570830065524206
2025-06-04,18,0,366,0.0031553340013488196
2025-06-04,18,18,359,0.004509082995355129
2025-06-05,18,0,360,0.0031109159972402267
2025-06-05,18,18,307,0.004816166001546662
2025-06-06,18,0,383,0.0032561249972786754
2025-06-06,18,18,296,0.004273667000234127
2025-06-07,18,0,385,0.003260833000240382
2025-06-07,18,18,327,0.004628458998922724
2025-06-08,18,0,360,0.0030192499980330467
2025-06-08,18,18,313,0.004356124998594169
2025-06-09,18,0,352,0.0032876249970286153
2025-06-09,18,18,302,0.00480704200163018
2025-06-10,18,0,357,0.003089666999585461
2025-06-10,18,18,309,0.004509708996920381
2025-06-11,18,0,359,0.00297912499809172
2025-06-11,18,18,335,0.004995583003619686
2025-06-12,18,0,362,0.002917083002103027
2025-06-12,18,18,301,0.004418374999659136
2025-06-13,18,0,383,0.0034993330045836046
2025-06-13,18,18,295,0.0046714999989490025
2025-06-14,18,0,386,0.003188333001162391
2025-06-14,18,18,341,0.004468917002668604
2025-06-15,18,0,354,0.0032333329945686273
2025-06-15,18,18,298,0.004554166996967979
2025-06-16,18,0,358,0.0029567919991677627
2025-06-16,18,18,307,0.0046171669964678586
2025-06-17,18,0,356,0.0033617500012042
2025-06-17,18,18,308,0.004370374997961335
2025-06-18,18,0,350,0.002919792001193855
2025-06-18,18,18,358,0.00474283399671549
2025-06-19,18,0,351,0.00358316700294381
2025-06-19,18,18,303,0.004355124998255633
2025-06-20,18,0,370,0.0030817910010227934
2025-06-20,18,18,297,0.004670708003686741
2025-06-21,18,0,371,0.0030686250029248185
2025-06-21,18,18,348,0.004448958003195003
2025-06-22,18,0,350,0.0029642079971381463
2025-06-22,18,18,353,0.00519966700085206
2025-06-23,18,0,351,0.0030480839996016584
2025-06-23,18,18,356,0.004468291997909546
2025-06-24,18,0,349,0.002907667003455572
2025-06-24,18,18,294,0.005037999995693099
2025-06-25,18,0,345,0.0029892499951529317
2025-06-25,18,18,322,0.004297792002034839
2025-06-26,18,0,353,0.003156707993184682
2025-06-26,18,18,289,0.0046022090027690865
2025-06-27,18,0,386,0.0029931669996585697
2025-06-27,18,18,295,0.0044087919959565625
2025-06-28,18,0,381,0.003059957998630125
2025-06-28,18,18,338,0.004726166000182275
2025-06-29,18,0,352,0.0030368330044439062
2025-06-29,18,18,351,0.0045215000063763
2025-06-30,18,0,360,0.003092167004069779
2025-06-30,18,18,299,0.00462433399661677
2025-07-01,18,0,348,0.00320008400012739
2025-07-01,18,18,298,0.004433583999343682
2025-07-02,18,0,345,0.0031097079991013743
2025-07-02,18,18,359,0.005207209003856406
2025-07-03,18,0,352,0.002982209000037983
2025-07-03,18,18,295,0.004330332994868513
2025-07-04,18,0,366,0.0031132500007515773
2025-07-04,18,18,293,0.004975333002221305
2025-07-05,18,0,352,0.002859959000488743
2025-07-05,18,18,343,0.004463625002244953
2025-07-06,18,0,342,0.0030655000009573996
2025-07-06,18,18,344,0.004685666004661471
2025-07-07,18,0,342,0.0029051669989712536
2025-07-07,18,18,336,0.0047123749973252416
2025-07-08,18,0,348,0.003134124999633059
2025-07-08,18,18,343,0.0048129999995580874
2025-07-09,18,0,352,0.0029356670056586154
2025-07-09,18,18,352,0.004543000002740882
2025-07-10,18,0,338,0.0030390840038307942
2025-07-10,18,18,292,0.0046111660049064085
2025-07-11,18,0,370,0.002885207999497652
2025-07-11,18,18,295,0.004680792000726797
2025-07-12,18,0,341,0.0031108330003917217
2025-07-12,18,18,324,0.004626957997970749
2025-07-13,18,0,347,0.0028239160019438714
2025-07-13,18,18,304,0.004694707997259684
2025-07-14,18,0,341,0.0036222499984432943
2025-07-14,18,18,340,0.004904250003164634
2025-07-15,18,0,330,0.003280917000665795
2025-07-15,18,18,280,0.0051745410019066185
2025-07-16,18,0,333,0.0028777909974451177
2025-07-16,18,18,273,0.004306625000026543
2025-07-17,18,0,346,0.0030872499992256053
2025-07-17,18,18,290,0.004847459000302479
2025-07-18,18,0,362,0.003286082996055484
2025-07-18,18,18,329,0.004431583001860417
2025-07-19,18,0,359,0.002785500000754837
2025-07-19,18,18,331,0.005032916000345722
2025-07-20,18,0,336,0.0030369169980986044
2025-07-20,18,18,287,0.004376458004117012
2025-07-21,18,0,337,0.0030062500009080395
2025-07-21,18,18,281,0.00480704200163018
2025-07-22,18,0,314,0.0028377499984344468
2025-07-22,18,18,280,0.004263707996869925
2025-07-23,18,0,314,0.002813332997902762
2025-07-23,18,18,273,0.005014374997699633
2025-07-24,18,0,311,0.002906333000282757
2025-07-24,18,18,289,0.004473083004995715
2025-07-25,18,0,334,0.00284799999644747
2025-07-25,18,18,331,0.004986250001820736
2025-07-26,18,0,353,0.0028053749992977828
2025-07-26,18,18,332,0.0048058339962153696
2025-07-27,18,0,322,0.0030109579965937883
2025-07-27,18,18,284,0.005102499999338761
2025-07-28,18,0,318,0.0029893329992773943
2025-07-28,18,18,317,0.004440625001734588
2025-07-29,18,0,301,0.002753166998445522
2025-07-29,18,18,303,0.004836125001020264
2025-07-30,18,0,312,0.00276875000417931
2025-07-30,18,18,325,0.004498417001741473
2025-07-31,18,0,318,0.0032263750035781413
2025-07-31,18,18,286,0.004598625004291534
2025-08-01,18,0,337,0.002825291005137842
2025-08-01,18,18,321,0.00448804199550068
2025-08-02,18,0,363,0.003470499999821186
2025-08-02,18,18,330,0.004844249997404404
2025-08-03,18,0,325,0.0027282919982098974
2025-08-03,18,18,283,0.00429466700006742
2025-08-04,18,0,330,0.0030903329970897175
2025-08-04,18,18,289,0.004530500002147164
2025-08-05,18,0,337,0.002752790998783894
2025-08-05,18,18,283,0.004349167000327725
2025-08-06,18,0,333,0.003334124994580634
2025-08-06,18,18,308,0.004520999995293096
2025-08-07,18,0,330,0.0028536659956444055
2025-08-07,18,18,289,0.004524584001046605
2025-08-08,18,0,343,0.0032833750010468066
2025-08-08,18,18,296,0.0045189159936853684
2025-08-09,18,0,343,0.002823874994646758
2025-08-09,18,18,318,0.004476500005694106
2025-08-10,18,0,338,0.0032035830008680932
2025-08-10,18,18,283,0.004319916995882522
2025-08-11,18,0,344,0.0028655830028583296
2025-08-11,18,18,286,0.004247166994900908
2025-08-12,18,0,332,0.003297499999462161
2025-08-12,18,18,289,0.004368959002022166
2025-08-13,18,0,340,0.003083125004195608
2025-08-13,18,18,309,0.0045231250041979365
2025-08-14,18,0,342,0.0032052079986897297
2025-08-14,18,18,290,0.004528999998001382
2025-08-15,18,0,376,0.0028343329977360554
2025-08-15,18,18,300,0.004593208999722265
2025-08-16,18,0,356,0.003375833999598399
2025-08-16,18,18,324,0.004374624993943144
2025-08-17,18,0,344,0.0028547920010169037
2025-08-17,18,18,289,0.0046831250001559965
2025-08-18,18,0,344,0.0029163750004954636
2025-08-18,18,18,282,0.004316708000260405
2025-08-19,18,0,343,0.0029783749996568076
2025-08-19,18,18,299,0.004744999998365529
2025-08-20,18,0,343,0.0031319580011768267
2025-08-20,18,18,317,0.004306332994019613
2025-08-21,18,0,343,0.0028453330014599487
2025-08-21,18,18,289,0.004504708995227702
2025-08-22,18,0,355,0.0028404580007190816
2025-08-22,18,18,293,0.004345875000581145
2025-08-23,18,0,346,0.002976875002786983
2025-08-23,18,18,323,0.004852291996940039
2025-08-24,18,0,335,0.0029172499998821877
2025-08-24,18,18,313,0.004539708002994303
2025-08-25,18,0,362,0.002977750002173707
2025-08-25,18,18,289,0.00459637500171084
2025-08-26,18,0,332,0.00293950000195764
2025-08-26,18,18,329,0.004411042005813215
2025-08-27,18,0,350,0.002833124999597203
2025-08-27,18,18,305,0.004611292002664413
2025-08-28,18,0,340,0.002923874999396503
2025-08-28,18,18,287,0.004624166002031416
2025-08-29,18,0,364,0.0029390420022537
2025-08-29,18,18,320,0.005030499996792059
2025-08-30,18,0,358,0.0029038749999017455
2025-08-30,18,18,323,0.00451374999829568
2025-08-31,18,0,339,0.002889709001465235
2025-08-31,18,18,319,0.005074750006315298
2025-09-01,18,0,350,0.003064083997742273
2025-09-01,18,18,291,0.004448332998435944
2025-09-02,18,0,344,0.003067166995606385
2025-09-02,18,18,294,0.004634165998140816
2025-09-03,18,0,340,0.0030427919991780072
2025-09-03,18,18,326,0.0043599999989965
2025-09-04,18,0,334,0.0029979159953654744
2025-09-04,18,18,293,0.004727166997327004
2025-09-05,18,0,338,0.0027811250038212165
2025-09-05,18,18,296,0.004554666993499268
2025-09-06,18,0,340,0.0028663750053965487
2025-09-06,18,18,328,0.0050416669982951134
2025-09-07,18,0,332,0.002885166999476496
2025-09-07,18,18,327,0.0045159580040490255
2025-09-08,18,0,335,0.0029595419982797466
2025-09-08,18,18,294,0.004877540995948948
2025-09-09,18,0,325,0.0028218749939696863
2025-09-09,18,18,354,0.004448583997145761
2025-09-10,18,0,335,0.0031420419982168823
2025-09-10,18,18,335,0.004843999995500781
2025-09-11,18,0,337,0.003038416994968429
2025-09-11,18,18,299,0.004573082995193545
2025-09-12,18,0,340,0.003091333004704211
2025-09-12,18,18,296,0.004463416000362486
2025-09-13,18,0,339,0.0027848749959957786
2025-09-13,18,18,345,0.004746708000311628
2025-09-14,18,0,339,0.003236166994611267
2025-09-14,18,18,301,0.004612707998603582
2025-09-15,18,0,343,0.0029793749999953434
2025-09-15,18,18,376,0.004582458997901995
2025-09-16,18,0,364,0.003349332997458987
2025-09-16,18,18,298,0.004509875005169306
2025-09-17,18,0,353,0.002964833998703398
2025-09-17,18,18,308,0.0046606670002802275
2025-09-18,18,0,356,0.003405333001865074
2025-09-18,18,18,306,0.0044068330025766045
2025-09-19,18,0,348,0.0028069170002709143
2025-09-19,18,18,298,0.004890000003797468
2025-09-20,18,0,343,0.003186542002367787
2025-09-20,18,18,331,0.004341084000770934
2025-09-21,18,0,363,0.002963833998364862
2025-09-21,18,18,305,0.004749125000671484
2025-09-22,18,0,372,0.0031252920016413555
2025-09-22,18,18,426,0.0048214999987976626
2025-09-23,18,0,365,0.0031369159987661988
2025-09-23,18,18,306,0.004727291998278815
2025-09-24,18,0,353,0.0029882080052630045
2025-09-24,18,18,333,0.004282458001398481
2025-09-25,18,0,374,0.0029933749974588864
2025-09-25,18,18,309,0.004593124998791609
2025-09-26,18,0,372,0.0031487500018556602
2025-09-26,18,18,302,0.004215000000840519
2025-09-27,18,0,340,0.0031710000039311126
2025-09-27,18,18,354,0.004923792002955452
2025-09-28,18,0,369,0.0031620830050087534
2025-09-28,18,18,305,0.004444624995812774
2025-09-29,18,0,376,0.003086750002694316
2025-09-29,18,18,332,0.004961042002832983
2025-09-30,18,0,373,0.002992249996168539
2025-09-30,18,18,444,0.005083125004603062
2025-10-01,18,0,369,0.0031001669995021075
2025-10-01,18,18,305,0.005001500001526438
2025-10-02,18,0,366,0.0030782499961787835
2025-10-02,18,18,336,0.004452749999472871
2025-10-03,18,0,341,0.0030102910022833385
2025-10-03,18,18,321,0.0046400409992202185
2025-10-04,18,0,371,0.0031948750038282014
2025-10-04,18,18,438,0.005208041999139823
2025-10-05,18,0,382,0.003501207997032907
2025-10-05,18,18,349,0.004620332998456433
2025-10-06,18,0,356,0.0030870000045979396
2025-10-06,18,18,414,0.005135917002917267
2025-10-07,18,0,372,0.0034369999993941747
2025-10-07,18,18,304,0.004486374993575737
2025-10-08,18,0,368,0.002958874996693339
2025-10-08,18,18,432,0.005601208002190106
2025-10-09,18,0,360,0.0031302909992518835
2025-10-09,18,18,308,0.004362166997452732
2025-10-10,18,0,355,0.0029275839988258667
2025-10-10,18,18,316,0.004725540995423216
2025-10-11,18,0,354,0.0032509590018889867
2025-10-11,18,18,340,0.004649000002245884
2025-10-12,18,0,374,0.003132334000838455
2025-10-12,18,18,420,0.005086041994218249
2025-10-13,18,0,368,0.00300174999574665
2025-10-13,18,18,429,0.00484291699831374
2025-10-14,18,0,371,0.003163790999678895
2025-10-14,18,18,479,0.005742792003729846
2025-10-15,18,0,371,0.003219915997760836
2025-10-15,18,18,422,0.004996875002689194
2025-10-16,18,0,373,0.0035637500041048042
2025-10-16,18,18,332,0.00444404200243298
2025-10-17,18,0,337,0.00277612499485258
2025-10-17,18,18,325,0.0044316249986877665
2025-10-18,18,0,362,0.0037389999997685663
2025-10-18,18,18,362,0.004574958002194762
2025-10-19,18,0,368,0.002994292000948917
2025-10-19,18,18,425,0.005296290997648612
2025-10-20,18,0,364,0.0031202500031213276
2025-10-20,18,18,300,0.004242000002705026
2025-10-21,18,0,363,0.002940915997896809
2025-10-21,18,18,330,0.00531675000092946
2025-10-22,18,0,372,0.0031068329990375787
2025-10-22,18,18,448,0.004848750002565794
2025-10-23,18,0,373,0.0031303340001613833
2025-10-23,18,18,332,0.004863415997533593
2025-10-24,18,0,353,0.0029717500001424924
2025-10-24,18,18,317,0.004499041999224573
2025-10-25,18,0,371,0.0031249579988070764
2025-10-25,18,18,390,0.0057706250008777715
2025-10-26,18,0,367,0.0030066670005908236
2025-10-26,18,18,448,0.004863082998781465
2025-10-27,18,0,363,0.0031294159998651594
2025-10-27,18,18,456,0.005697624997992534
2025-10-28,18,0,369,0.0030650420012534596
2025-10-28,18,18,326,0.004664457999751903
2025-10-29,18,0,369,0.003452208999078721
2025-10-29,18,18,469,0.0051817080020555295
2025-10-30,18,0,365,0.002957958000479266
2025-10-30,18,18,307,0.0047275830002035946
2025-10-31,18,0,373,0.003249166999012232
2025-10-31,18,18,322,0.004521375005424488
2025-11-01,18,0,366,0.0029097500009811483
2025-11-01,18,18,379,0.00509066700033145
2025-11-02,18,0,383,0.0033385420028935187
2025-11-02,18,18,463,0.004989291002857499
2025-11-03,18,0,372,0.0031608330027665943
2025-11-03,18,18,469,0.005503790998773184
2025-11-04,18,0,355,0.002864583002519794
2025-11-04,18,18,515,0.005990292003843933
2025-11-05,18,0,367,0.0038373339993995614
2025-11-05,18,18,477,0.00518029100203421
2025-11-06,18,0,370,0.0030244580048019998
2025-11-06,18,18,334,0.004412667003634851
2025-11-07,18,0,380,0.003258624994487036
2025-11-07,18,18,332,0.004805916003533639
2025-11-08,18,0,368,0.0030458749970421195
2025-11-08,18,18,421,0.0053595000063069165
2025-11-09,18,0,375,0.00317324999923585
2025-11-09,18,18,544,0.006123125000158325
2025-11-10,18,0,364,0.003046500001801178
2025-11-10,18,18,473,0.005337708003935404
2025-11-11,18,0,368,0.0031578329944750294
2025-11-11,18,18,326,0.004493708998779766
2025-11-12,18,0,362,0.0033594589986023493
2025-11-12,18,18,460,0.005417833999672439
2025-11-13,18,0,370,0.0030483750015264377
2025-11-13,18,18,336,0.004490417006309144
2025-11-14,18,0,370,0.003473666998615954
2025-11-14,18,18,337,0.0045143339957576245
2025-11-15,18,0,376,0.0031953340003383346
2025-11-15,18,18,381,0.004835958003241103
2025-11-16,18,0,388,0.003525374995660968
2025-11-16,18,18,485,0.005408000004536007
2025-11-17,18,0,363,0.0031749160043546
2025-11-17,18,18,293,0.004749457999423612
2025-11-18,18,0,358,0.003250875000958331
2025-11-18,18,18,528,0.005709874996682629
2025-11-19,18,0,370,0.003118499997071922
2025-11-19,18,18,522,0.00587495799845783
2025-11-20,18,0,365,0.0031782500009285286
2025-11-20,18,18,335,0.0046601670037489384
2025-11-21,18,0,373,0.0031432910036528483
2025-11-21,18,18,347,0.005266500003926922
2025-11-22,18,0,372,0.003127791998849716
2025-11-22,18,18,420,0.004888832998403814
2025-11-23,18,0,370,0.003310583000711631
2025-11-23,18,18,533,0.006006374998833053
2025-11-24,18,0,367,0.003015375004906673
2025-11-24,18,18,320,0.004441165998287033
2025-11-25,18,0,362,0.003327291997266002
2025-11-25,18,18,540,0.005742583001847379
2025-11-26,18,0,361,0.0031487500018556602
2025-11-26,18,18,479,0.005379583002650179
2025-11-27,18,0,370,0.003052916996239219
2025-11-27,18,18,332,0.004280625005776528
2025-11-28,18,0,378,0.003032000000530388
2025-11-28,18,18,354,0.004982749996997882
2025-11-29,18,0,380,0.0032552919947193004
2025-11-29,18,18,411,0.004851917001360562
2025-11-30,18,0,376,0.003094917003181763
2025-11-30,18,18,470,0.0053447919999598525
2025-12-01,18,0,357,0.002964708000945393
2025-12-01,18,18,313,0.004451916000107303
2025-12-02,18,0,365,0.003143542002362665
2025-12-02,18,18,555,0.006231958002899773
2025-12-03,18,0,358,0.0030210839977371506
2025-12-03,18,18,528,0.005916624999372289
2025-12-04,18,0,349,0.0033400419997633435
2025-12-04,18,18,337,0.004401624995807651
2025-12-05,18,0,373,0.003036332993360702
2025-12-05,18,18,420,0.005434416001662612
2025-12-06,18,0,377,0.0031897079970804043
2025-12-06,18,18,469,0.0051987920014653355
2025-12-07,18,0,347,0.0029797919996781275
2025-12-07,18,18,525,0.00601033400016604
2025-12-08,18,0,353,0.0030278330013970844
2025-12-08,18,18,301,0.004348208000010345
2025-12-09,18,0,347,0.0029114580029272474
2025-12-09,18,18,315,0.004674374999012798
2025-12-10,18,0,341,0.0029145000007702038
2025-12-10,18,18,362,0.004659500002162531
2025-12-11,18,0,353,0.003309250001620967
2025-12-11,18,18,335,0.004591707998770289
2025-12-12,18,0,372,0.003150208001898136
2025-12-12,18,18,300,0.004564750001009088
2025-12-13,18,0,374,0.0032569999966653995
2025-12-13,18,18,468,0.005814124997414183
2025-12-14,18,0,348,0.003026332997251302
2025-12-14,18,18,365,0.004681915997934993
2025-12-15,18,0,339,0.003103041999565903
2025-12-15,18,18,542,0.0054094590013846755
2025-12-16,18,0,345,0.002868165996915195
2025-12-16,18,18,315,0.004695167001045775
2025-12-17,18,0,351,0.003013707995705772
2025-12-17,18,18,538,0.005665208002028521
2025-12-18,18,0,348,0.0029918750005890615
2025-12-18,18,18,340,0.004939209000440314
2025-12-19,18,0,375,0.003119250002782792
2025-12-19,18,18,457,0.005091208004159853
2025-12-20,18,0,385,0.003220833001250867
2025-12-20,18,18,473,0.005995958003040869
2025-12-21,18,0,346,0.003018249997694511
2025-12-21,18,18,529,0.005476958001963794
2025-12-22,18,0,356,0.0035184169973945245
2025-12-22,18,18,375,0.004747541999677196
2025-12-23,18,0,347,0.0028739579938701354
2025-12-23,18,18,361,0.004596334001689684
2025-12-24,18,0,334,0.003005124999617692
2025-12-24,18,18,368,0.00468150000233436
2025-12-25,18,0,339,0.0030982919997768477
2025-12-25,18,18,336,0.004458791001525242
2025-12-26,18,0,376,0.0033508330016047694
2025-12-26,18,18,455,0.005153834004886448
2025-12-27,18,0,382,0.003188792004948482
2025-12-27,18,18,442,0.005645791003189515
2025-12-28,18,0,337,0.0033024160002241842
2025-12-28,18,18,539,0.00554937500419328
2025-12-29,18,0,343,0.0029366250018938445
2025-12-29,18,18,498,0.006179167001391761
2025-12-30,18,0,336,0.0029149590045562945
2025-12-30,18,18,499,0.005771542004367802
2025-12-31,18,0,354,0.0031599159992765635
2025-12-31,18,18,504,0.0057118330005323514
2025-01-01,6+12,0,260,0.0027487500046845526
2025-01-01,6+12,6,388,0.005262166996544693
2025-01-01,6+12,12,306,0.004554041996016167
2025-01-02,6+12,0,357,0.0030251669959397987
2025-01-02,6+12,6,499,0.005496042002050672
2025-01-02,6+12,12,530,0.0061224169985507615
2025-01-03,6+12,0,343,0.002922416999354027
2025-01-03,6+12,6,407,0.004924875000142492
2025-01-03,6+12,12,457,0.005539208999834955
2025-01-04,6+12,0,352,0.0030232499993871897
2025-01-04,6+12,6,409,0.004841125002712943
2025-01-04,6+12,12,429,0.005517500001587905
2025-01-05,6+12,0,371,0.0034203750037704594
2025-01-05,6+12,6,509,0.005429541997727938
2025-01-05,6+12,12,523,0.0059005419971072115
2025-01-06,6+12,0,357,0.0032063339967862703
2025-01-06,6+12,6,486,0.005252250004559755
2025-01-06,6+12,12,527,0.005800999999337364
2025-01-07,6+12,0,355,0.0034887500005424954
2025-01-07,6+12,6,527,0.005691665995982476
2025-01-07,6+12,12,527,0.006024333997629583
2025-01-08,6+12,0,353,0.0036294169985922053
2025-01-08,6+12,6,468,0.005298374999256339
2025-01-08,6+12,12,483,0.005462916997203138
2025-01-09,6+12,0,342,0.0032987079976010136
2025-01-09,6+12,6,496,0.00544087500020396
2025-01-09,6+12,12,475,0.005338707996997982
2025-01-10,6+12,0,384,0.003335958994284738
2025-01-10,6+12,6,410,0.00527870799851371
2025-01-10,6+12,12,405,0.004757791997690219
2025-01-11,6+12,0,375,0.0031944170041242614
2025-01-11,6+12,6,417,0.005563082995649893
2025-01-11,6+12,12,432,0.005073583000921644
2025-01-12,6+12,0,350,0.0029766250008833595
2025-01-12,6+12,6,468,0.005495584002346732
2025-01-12,6+12,12,462,0.00525233300140826
2025-01-13,6+12,0,354,0.0030590409951400943
2025-01-13,6+12,6,461,0.006002750000334345
2025-01-13,6+12,12,496,0.005791125004179776
2025-01-14,6+12,0,345,0.003040583003894426
2025-01-14,6+12,6,503,0.005973541003186256
2025-01-14,6+12,12,509,0.00557358399964869
2025-01-15,6+12,0,362,0.003177958002197556
2025-01-15,6+12,6,522,0.00579983299394371
2025-01-15,6+12,12,540,0.006028625000908505
2025-01-16,6+12,0,359,0.0029524999990826473
2025-01-16,6+12,6,502,0.005825250002089888
2025-01-16,6+12,12,477,0.005395541003963444
2025-01-17,6+12,0,376,0.0030459159970632754
2025-01-17,6+12,6,396,0.005197833001147956
2025-01-17,6+12,12,425,0.00533187499968335
2025-01-18,6+12,0,369,0.0029984580032760277
2025-01-18,6+12,6,427,0.005016167000576388
2025-01-18,6+12,12,447,0.005499166996742133
2025-01-19,6+12,0,351,0.0030362920006155036
2025-01-19,6+12,6,499,0.0057399590004934
2025-01-19,6+12,12,475,0.005882790996110998
2025-01-20,6+12,0,354,0.003115125000476837
2025-01-20,6+12,6,512,0.005593542002316099
2025-01-20,6+12,12,526,0.006083667001803406
2025-01-21,6+12,0,353,0.003154250000079628
2025-01-21,6+12,6,440,0.005206292000366375
2025-01-21,6+12,12,470,0.005575832998147234
2025-01-22,6+12,0,356,0.0030037079995963722
2025-01-22,6+12,6,511,0.005495833000168204
2025-01-22,6+12,12,441,0.005526417000510264
2025-01-23,6+12,0,351,0.0038022090011509135
2025-01-23,6+12,6,481,0.005716541003494058
2025-01-23,6+12,12,474,0.005221207997237798
2025-01-24,6+12,0,380,0.0034851669988711365
2025-01-24,6+12,6,390,0.0047879579942673445
2025-01-24,6+12,12,427,0.004907375005132053
2025-01-25,6+12,0,375,0.003205875000276137
2025-01-25,6+12,6,433,0.005719083004805725
2025-01-25,6+12,12,419,0.005103541996504646
2025-01-26,6+12,0,354,0.0031131659998209216
2025-01-26,6+12,6,489,0.006203749995620456
2025-01-26,6+12,12,504,0.00552041699847905
2025-01-27,6+12,0,356,0.003062749994569458
2025-01-27,6+12,6,481,0.006229124999663327
2025-01-27,6+12,12,479,0.005426208997960202
2025-01-28,6+12,0,365,0.003191708994563669
2025-01-28,6+12,6,501,0.006463665995397605
2025-01-28,6+12,12,505,0.0054943330032983795
2025-01-29,6+12,0,368,0.003101250003965106
2025-01-29,6+12,6,483,0.0064018339980975725
2025-01-29,6+12,12,466,0.005271583002468105
2025-01-30,6+12,0,363,0.003027541999472305
2025-01-30,6+12,6,488,0.006079582999518607
2025-01-30,6+12,12,442,0.004976042000635061
2025-01-31,6+12,0,377,0.0031227919971570373
2025-01-31,6+12,6,405,0.0054731660056859255
2025-01-31,6+12,12,396,0.0049284999986412
2025-02-01,6+12,0,380,0.0030895830059307627
2025-02-01,6+12,6,403,0.005458958003146108
2025-02-01,6+12,12,465,0.005551790993195027
2025-02-02,6+12,0,367,0.0030722500014235266
2025-02-02,6+12,6,455,0.005678791996615473
2025-02-02,6+12,12,458,0.005374207998102065
2025-02-03,6+12,0,358,0.0030146670032991096
2025-02-03,6+12,6,441,0.005195500001718756
2025-02-03,6+12,12,453,0.005799917002150323
2025-02-04,6+12,0,351,0.002979083998070564
2025-02-04,6+12,6,429,0.005013499998312909
2025-02-04,6+12,12,418,0.005287457999656908
2025-02-05,6+12,0,360,0.0030528330025845207
2025-02-05,6+12,6,477,0.005326790997060016
2025-02-05,6+12,12,477,0.005633957996906247
2025-02-06,6+12,0,362,0.0031266250007320195
2025-02-06,6+12,6,423,0.005117749999044463
2025-02-06,6+12,12,441,0.005649457998515572
2025-02-07,6+12,0,381,0.003182083004503511
2025-02-07,6+12,6,381,0.004729291998955887
2025-02-07,6+12,12,373,0.004742832999909297
2025-02-08,6+12,0,375,0.0032515000057173893
2025-02-08,6+12,6,399,0.0049593750009080395
2025-02-08,6+12,12,427,0.004871749995800201
2025-02-09,6+12,0,371,0.0032912499955273233
2025-02-09,6+12,6,467,0.005636957997921854
2025-02-09,6+12,12,434,0.005029457999626175
2025-02-10,6+12,0,362,0.0031150840004556812
2025-02-10,6+12,6,436,0.00565058299980592
2025-02-10,6+12,12,413,0.00484804200095823
2025-02-11,6+12,0,360,0.0033854169960250147
2025-02-11,6+12,6,451,0.0056767080022837035
2025-02-11,6+12,12,408,0.005009000000427477
2025-02-12,6+12,0,362,0.0030551250019925646
2025-02-12,6+12,6,470,0.00554191700211959
2025-02-12,6+12,12,419,0.005078207999758888
2025-02-13,6+12,0,364,0.0031639999942854047
2025-02-13,6+12,6,424,0.005603541998425499
2025-02-13,6+12,12,410,0.005048082995926961
2025-02-14,6+12,0,368,0.002952666000055615
2025-02-14,6+12,6,359,0.004971708003722597
2025-02-14,6+12,12,346,0.005185249996429775
2025-02-15,6+12,0,369,0.002951541006041225
2025-02-15,6+12,6,371,0.004973999995854683
2025-02-15,6+12,12,418,0.005207375004829373
2025-02-16,6+12,0,373,0.0033149169976240955
2025-02-16,6+12,6,442,0.005093874999147374
2025-02-16,6+12,12,421,0.005523457999515813
2025-02-17,6+12,0,377,0.003346333993249573
2025-02-17,6+12,6,444,0.005243749998044223
2025-02-17,6+12,12,406,0.00484054099797504
2025-02-18,6+12,0,369,0.003465000001597218
2025-02-18,6+12,6,458,0.005226041997957509
2025-02-18,6+12,12,467,0.005456582999613602
2025-02-19,6+12,0,361,0.003479875005723443
2025-02-19,6+12,6,430,0.00544479199743364
2025-02-19,6+12,12,443,0.0051041249971603975
2025-02-20,6+12,0,370,0.0032502079993719235
2025-02-20,6+12,6,432,0.005595459006144665
2025-02-20,6+12,12,390,0.0047469999990426
2025-02-21,6+12,0,359,0.0029761249970761128
2025-02-21,6+12,6,354,0.005294708003930282
2025-02-21,6+12,12,363,0.00462479199632071
2025-02-22,6+12,0,368,0.0030534589968738146
2025-02-22,6+12,6,380,0.005470834003062919
2025-02-22,6+12,12,406,0.005069999999250285
2025-02-23,6+12,0,362,0.0029702500032726675
2025-02-23,6+12,6,445,0.0057217089997720905
2025-02-23,6+12,12,416,0.004838583001401275
2025-02-24,6+12,0,370,0.003109750003204681
2025-02-24,6+12,6,441,0.005186374997720122
2025-02-24,6+12,12,398,0.005135833001986612
2025-02-25,6+12,0,369,0.0030465410018223338
2025-02-25,6+12,6,466,0.005680750000465196
2025-02-25,6+12,12,438,0.005474958001286723
2025-02-26,6+12,0,368,0.0030157500004861504
2025-02-26,6+12,6,457,0.0054027500009397045
2025-02-26,6+12,12,503,0.005960375005088281
2025-02-27,6+12,0,372,0.0030385830032173544
2025-02-27,6+12,6,420,0.005306125000061002
2025-02-27,6+12,12,393,0.0052577499955077656
2025-02-28,6+12,0,341,0.002894374993047677
2025-02-28,6+12,6,338,0.0045888750028098
2025-02-28,6+12,12,348,0.004546083000604995
2025-03-01,6+12,0,364,0.003462874999968335
2025-03-01,6+12,6,369,0.005053624998254236
2025-03-01,6+12,12,369,0.004619500003173016
2025-03-02,6+12,0,375,0.0031850829982431605
2025-03-02,6+12,6,434,0.00529833300242899
2025-03-02,6+12,12,462,0.0050273339948034845
2025-03-03,6+12,0,376,0.003239291996578686
2025-03-03,6+12,6,438,0.005646875004458707
2025-03-03,6+12,12,420,0.004761208001582418
2025-03-04,6+12,0,373,0.003018707997398451
2025-03-04,6+12,6,451,0.005834792005771305
2025-03-04,6+12,12,401,0.004807999997865409
2025-03-05,6+12,0,367,0.0029890830046497285
2025-03-05,6+12,6,418,0.005438208005216438
2025-03-05,6+12,12,413,0.005070582999906037
2025-03-06,6+12,0,373,0.0029365410009631887
2025-03-06,6+12,6,406,0.005033000001276378
2025-03-06,6+12,12,404,0.005191415999433957
2025-03-07,6+12,0,371,0.0030401249969145283
2025-03-07,6+12,6,353,0.004982500002370216
2025-03-07,6+12,12,330,0.004757041999255307
2025-03-08,6+12,0,349,0.0029087500006426126
2025-03-08,6+12,6,344,0.0046070420066826046
2025-03-08,6+12,12,352,0.0046983330030343495
2025-03-09,6+12,0,372,0.003294333000667393
2025-03-09,6+12,6,430,0.005456957995193079
2025-03-09,6+12,12,423,0.005051749998528976
2025-03-10,6+12,0,365,0.003434708996792324
2025-03-10,6+12,6,426,0.005234083000686951
2025-03-10,6+12,12,410,0.0051122079967171885
2025-03-11,6+12,0,367,0.003242625003622379
2025-03-11,6+12,6,436,0.005433499994978774
2025-03-11,6+12,12,413,0.005069999999250285
2025-03-12,6+12,0,358,0.0031019579982967116
2025-03-12,6+12,6,421,0.005672915998729877
2025-03-12,6+12,12,413,0.004954542004270479
2025-03-13,6+12,0,383,0.003057333000469953
2025-03-13,6+12,6,421,0.00560070900246501
2025-03-13,6+12,12,415,0.004913083997962531
2025-03-14,6+12,0,343,0.0028883329941891134
2025-03-14,6+12,6,343,0.0051987920014653355
2025-03-14,6+12,12,315,0.00460933299473254
2025-03-15,6+12,0,361,0.0029226250044303015
2025-03-15,6+12,6,367,0.0049822080036392435
2025-03-15,6+12,12,342,0.005037125003582332
2025-03-16,6+12,0,377,0.0030202909983927384
2025-03-16,6+12,6,458,0.005451874996651895
2025-03-16,6+12,12,415,0.005388709003455006
2025-03-17,6+12,0,358,0.002997499999764841
2025-03-17,6+12,6,407,0.005278165997879114
2025-03-17,6+12,12,428,0.0054898750022402965
2025-03-18,6+12,0,373,0.003183582994097378
2025-03-18,6+12,6,426,0.005114667001180351
2025-03-18,6+12,12,397,0.004808167002920527
2025-03-19,6+12,0,368,0.0031634170009056106
2025-03-19,6+12,6,413,0.00493816700327443
2025-03-19,6+12,12,415,0.005214833996433299
2025-03-20,6+12,0,373,0.003549583001586143
2025-03-20,6+12,6,401,0.0052468750000116415
2025-03-20,6+12,12,417,0.005044249999627937
2025-03-21,6+12,0,355,0.002883417000703048
2025-03-21,6+12,6,340,0.004817541994270869
2025-03-21,6+12,12,309,0.004327124996052589
2025-03-22,6+12,0,351,0.0030652499990537763
2025-03-22,6+12,6,365,0.005331458000000566
2025-03-22,6+12,12,323,0.004563999995298218
2025-03-23,6+12,0,366,0.003077000001212582
2025-03-23,6+12,6,435,0.00549079199845437
2025-03-23,6+12,12,465,0.005289082997478545
2025-03-24,6+12,0,375,0.003024042001925409
2025-03-24,6+12,6,427,0.005206292000366375
2025-03-24,6+12,12,448,0.0054966669995337725
2025-03-25,6+12,0,373,0.003073916996072512
2025-03-25,6+12,6,458,0.005261334001261275
2025-03-25,6+12,12,427,0.005432790996565018
2025-03-26,6+12,0,367,0.0030294159951154143
2025-03-26,6+12,6,411,0.005143374997715
2025-03-26,6+12,12,409,0.005202375003136694
2025-03-27,6+12,0,376,0.003344208002090454
2025-03-27,6+12,6,428,0.005068708000180777
2025-03-27,6+12,12,401,0.004989959001250099
2025-03-28,6+12,0,344,0.003115249994152691
2025-03-28,6+12,6,340,0.004602542001521215
2025-03-28,6+12,12,329,0.00444699999934528
2025-03-29,6+12,0,335,0.0029647500050486997
2025-03-29,6+12,6,350,0.0048650000026100315
2025-03-29,6+12,12,313,0.004333667005994357
2025-03-30,6+12,0,362,0.0031632499958504923
2025-03-30,6+12,6,455,0.005586541999946348
2025-03-30,6+12,12,503,0.005305958002281841
2025-03-31,6+12,0,370,0.0029375419981079176
2025-03-31,6+12,6,449,0.00558337500115158
2025-03-31,6+12,12,402,0.00504825000098208
2025-04-01,6+12,0,373,0.0032295420023729093
2025-04-01,6+12,6,476,0.005952458996034693
2025-04-01,6+12,12,442,0.004941334002069198
2025-04-02,6+12,0,370,0.003060292001464404
2025-04-02,6+12,6,507,0.005668083002092317
2025-04-02,6+12,12,452,0.00545487500494346
2025-04-03,6+12,0,380,0.0030232080025598407
2025-04-03,6+12,6,452,0.005287667001539376
2025-04-03,6+12,12,432,0.005390875005105045
2025-04-04,6+12,0,334,0.0031424999979208224
2025-04-04,6+12,6,327,0.00462179200258106
2025-04-04,6+12,12,310,0.005000958997698035
2025-04-05,6+12,0,330,0.0028158749992144294
2025-04-05,6+12,6,351,0.0045626670034835115
2025-04-05,6+12,12,397,0.005059458999312483
2025-04-06,6+12,0,368,0.003212959003576543
2025-04-06,6+12,6,423,0.005325500002072658
2025-04-06,6+12,12,425,0.005070792001788504
2025-04-07,6+12,0,365,0.003599957999540493
2025-04-07,6+12,6,479,0.0054064579962869175
2025-04-07,6+12,12,472,0.005049500003224239
2025-04-08,6+12,0,382,0.0031883749979897402
2025-04-08,6+12,6,454,0.005460540996864438
2025-04-08,6+12,12,407,0.004837374995986465
2025-04-09,6+12,0,378,0.0033353750040987507
2025-04-09,6+12,6,476,0.006103374995291233
2025-04-09,6+12,12,451,0.005318083000020124
2025-04-10,6+12,0,369,0.0030530000003636815
2025-04-10,6+12,6,452,0.00539420800487278
2025-04-10,6+12,12,422,0.004725042002974078
2025-04-11,6+12,0,323,0.0029585420052171685
2025-04-11,6+12,6,327,0.004996750001737382
2025-04-11,6+12,12,297,0.004539042005490046
2025-04-12,6+12,0,352,0.002847540999937337
2025-04-12,6+12,6,353,0.0048189589942921884
2025-04-12,6+12,12,310,0.004963125000358559
2025-04-13,6+12,0,367,0.002908084003138356
2025-04-13,6+12,6,412,0.005093540996313095
2025-04-13,6+12,12,427,0.005684499999915715
2025-04-14,6+12,0,379,0.0030697499969392084
2025-04-14,6+12,6,456,0.005179583000426646
2025-04-14,6+12,12,422,0.005143249996763188
2025-04-15,6+12,0,364,0.003086458003963344
2025-04-15,6+12,6,441,0.005252750001091044
2025-04-15,6+12,12,411,0.005072375002782792
2025-04-16,6+12,0,369,0.003147875002468936
2025-04-16,6+12,6,471,0.005301040997437667
2025-04-16,6+12,12,448,0.0049337919990648516
2025-04-17,6+12,0,368,0.0031086250019143336
2025-04-17,6+12,6,447,0.005470791998959612
2025-04-17,6+12,12,421,0.004743249999592081
2025-04-18,6+12,0,326,0.0028220410022186115
2025-04-18,6+12,6,325,0.0050964170004590414
2025-04-18,6+12,12,297,0.0043160830027773045
2025-04-19,6+12,0,333,0.002893707998737227
2025-04-19,6+12,6,342,0.005383625000831671
2025-04-19,6+12,12,298,0.004688792003435083
2025-04-20,6+12,0,366,0.002919334001489915
2025-04-20,6+12,6,474,0.005465417001687456
2025-04-20,6+12,12,441,0.0052212500013411045
2025-04-21,6+12,0,373,0.002976499999931548
2025-04-21,6+12,6,440,0.005450875003589317
2025-04-21,6+12,12,418,0.005219416998443194
2025-04-22,6+12,0,356,0.0028948330000275746
2025-04-22,6+12,6,479,0.005459041996800806
2025-04-22,6+12,12,432,0.005313417001161724
2025-04-23,6+12,0,353,0.003038458999071736
2025-04-23,6+12,6,484,0.005384916999901179
2025-04-23,6+12,12,437,0.005397708002419677
2025-04-24,6+12,0,357,0.002995208000356797
2025-04-24,6+12,6,423,0.00512029200035613
2025-04-24,6+12,12,429,0.005087624995212536
2025-04-25,6+12,0,323,0.0032119579991558567
2025-04-25,6+12,6,339,0.004881082997599151
2025-04-25,6+12,12,294,0.004304750000301283
2025-04-26,6+12,0,327,0.0028316249954514205
2025-04-26,6+12,6,342,0.004728041996713728
2025-04-26,6+12,12,307,0.004501750001509208
2025-04-27,6+12,0,360,0.002986209001392126
2025-04-27,6+12,6,441,0.005393125000409782
2025-04-27,6+12,12,411,0.005015416994865518
2025-04-28,6+12,0,364,0.0030026669992366806
2025-04-28,6+12,6,485,0.005903833000047598
2025-04-28,6+12,12,405,0.005030833002820145
2025-04-29,6+12,0,368,0.002918624995800201
2025-04-29,6+12,6,445,0.005195874997298233
2025-04-29,6+12,12,449,0.005266583000775427
2025-04-30,6+12,0,361,0.0028670000028796494
2025-04-30,6+12,6,421,0.005294874994433485
2025-04-30,6+12,12,410,0.005170292002731003
2025-05-01,6+12,0,362,0.0030077499977778643
2025-05-01,6+12,6,452,0.005402708993642591
2025-05-01,6+12,12,429,0.00516508399596205
2025-05-02,6+12,0,348,0.0029784159996779636
2025-05-02,6+12,6,344,0.004688082997745369
2025-05-02,6+12,12,306,0.004381957995065022
2025-05-03,6+12,0,340,0.003006999999342952
2025-05-03,6+12,6,351,0.004642457999580074
2025-05-03,6+12,12,314,0.004424332997587044
2025-05-04,6+12,0,376,0.00325308400351787
2025-05-04,6+12,6,471,0.005905042002268601
2025-05-04,6+12,12,420,0.004942833002132829
2025-05-05,6+12,0,370,0.0031291660052374937
2025-05-05,6+12,6,413,0.005574125003477093
2025-05-05,6+12,12,387,0.00465999999869382
2025-05-06,6+12,0,359,0.002922874999057967
2025-05-06,6+12,6,470,0.0060208340000826865
2025-05-06,6+12,12,474,0.004982375001418404
2025-05-07,6+12,0,361,0.003071207996981684
2025-05-07,6+12,6,456,0.005687500000931323
2025-05-07,6+12,12,444,0.005019874995923601
2025-05-08,6+12,0,373,0.003021208001882769
2025-05-08,6+12,6,413,0.00529666699731024
2025-05-08,6+12,12,433,0.0052859589995932765
2025-05-09,6+12,0,347,0.0027870409976458177
2025-05-09,6+12,6,349,0.004732290995889343
2025-05-09,6+12,12,313,0.005060791998403147
2025-05-10,6+12,0,345,0.0029464999970514327
2025-05-10,6+12,6,363,0.00520245900406735
2025-05-10,6+12,12,304,0.004923707994748838
2025-05-11,6+12,0,376,0.003139959000691306
2025-05-11,6+12,6,459,0.005689082994649652
2025-05-11,6+12,12,406,0.005170374999579508
2025-05-12,6+12,0,369,0.003043415999854915
2025-05-12,6+12,6,443,0.005097417000797577
2025-05-12,6+12,12,435,0.005154917002073489
2025-05-13,6+12,0,373,0.0032965419959509745
2025-05-13,6+12,6,410,0.005404791998444125
2025-05-13,6+12,12,437,0.004936833000101615
2025-05-14,6+12,0,372,0.00331279200327117
2025-05-14,6+12,6,412,0.005318916999385692
2025-05-14,6+12,12,320,0.004483415999857243
2025-05-15,6+12,0,371,0.0029114999997545965
2025-05-15,6+12,6,415,0.005485374997078907
2025-05-15,6+12,12,365,0.004713416994491126
2025-05-16,6+12,0,336,0.002798624998831656
2025-05-16,6+12,6,348,0.0051897080047638156
2025-05-16,6+12,12,307,0.004789958999026567
2025-05-17,6+12,0,347,0.002908249996835366
2025-05-17,6+12,6,357,0.0047743329996592365
2025-05-17,6+12,12,311,0.005123249997268431
2025-05-18,6+12,0,371,0.0030062500009080395
2025-05-18,6+12,6,438,0.005306875005771872
2025-05-18,6+12,12,417,0.005437542000436224
2025-05-19,6+12,0,364,0.0030544580004061572
2025-05-19,6+12,6,453,0.005648749996908009
2025-05-19,6+12,12,417,0.005409541001426987
2025-05-20,6+12,0,366,0.003218083998945076
2025-05-20,6+12,6,422,0.00524112499988405
2025-05-20,6+12,12,336,0.005001292003726121
2025-05-21,6+12,0,365,0.0030044999948586337
2025-05-21,6+12,6,428,0.005352374995709397
2025-05-21,6+12,12,354,0.004664915999455843
2025-05-22,6+12,0,359,0.003148333002172876
2025-05-22,6+12,6,414,0.005328582999936771
2025-05-22,6+12,12,333,0.004563667003822047
2025-05-23,6+12,0,341,0.002777833004074637
2025-05-23,6+12,6,352,0.005311999993864447
2025-05-23,6+12,12,305,0.004552958002022933
2025-05-24,6+12,0,333,0.0028907090018037707
2025-05-24,6+12,6,350,0.0052467500063357875
2025-05-24,6+12,12,304,0.004374791998998262
2025-05-25,6+12,0,354,0.002886000002035871
2025-05-25,6+12,6,437,0.005825250002089888
2025-05-25,6+12,12,478,0.005595540998911019
2025-05-26,6+12,0,359,0.0031192089954856783
2025-05-26,6+12,6,410,0.0053331669987528585
2025-05-26,6+12,12,371,0.005076708002889063
2025-05-27,6+12,0,358,0.0028377499984344468
2025-05-27,6+12,6,442,0.005585416998656001
2025-05-27,6+12,12,422,0.0053622920022462495
2025-05-28,6+12,0,352,0.0029168749970267527
2025-05-28,6+12,6,433,0.0051843750043190084
2025-05-28,6+12,12,365,0.0053339170044637285
2025-05-29,6+12,0,359,0.002955625001050066
2025-05-29,6+12,6,473,0.005415542000264395
2025-05-29,6+12,12,398,0.005350458006432746
2025-05-30,6+12,0,353,0.003003874997375533
2025-05-30,6+12,6,357,0.004716166004072875
2025-05-30,6+12,12,308,0.004725459002656862
2025-05-31,6+12,0,354,0.0035570420004660264
2025-05-31,6+12,6,367,0.00521524999930989
2025-05-31,6+12,12,331,0.004564082999422681
2025-06-01,6+12,0,366,0.003342334006447345
2025-06-01,6+12,6,458,0.005346334000932984
2025-06-01,6+12,12,397,0.00501412499579601
2025-06-02,6+12,0,370,0.0033168749941978604
2025-06-02,6+12,6,467,0.0058169589974568225
2025-06-02,6+12,12,411,0.00476225000602426
2025-06-03,6+12,0,354,0.0033188750021508895
2025-06-03,6+12,6,496,0.005873542002518661
2025-06-03,6+12,12,407,0.004971000002115034
2025-06-04,6+12,0,366,0.0031000420058262534
2025-06-04,6+12,6,434,0.005759042003774084
2025-06-04,6+12,12,350,0.0046027080024941824
2025-06-05,6+12,0,365,0.003032000000530388
2025-06-05,6+12,6,464,0.0060260830068727955
2025-06-05,6+12,12,355,0.004921624997223262
2025-06-06,6+12,0,367,0.0030332079986692406
2025-06-06,6+12,6,418,0.005151332996319979
2025-06-06,6+12,12,318,0.004990582994651049
2025-06-07,6+12,0,383,0.003240665995690506
2025-06-07,6+12,6,395,0.004901499996776693
2025-06-07,6+12,12,308,0.004590374999679625
2025-06-08,6+12,0,352,0.0030058339980314486
2025-06-08,6+12,6,439,0.005254708004940767
2025-06-08,6+12,12,340,0.005052083004557062
2025-06-09,6+12,0,352,0.0033158750011352822
2025-06-09,6+12,6,420,0.00495020899688825
2025-06-09,6+12,12,374,0.00482591699983459
2025-06-10,6+12,0,363,0.0034704169956967235
2025-06-10,6+12,6,429,0.005329540996172
2025-06-10,6+12,12,420,0.005047958002251107
2025-06-11,6+12,0,364,0.0032552499978919514
2025-06-11,6+12,6,454,0.0053345409978646785
2025-06-11,6+12,12,346,0.0045552079973276705
2025-06-12,6+12,0,361,0.0030269159979070537
2025-06-12,6+12,6,472,0.0056622500051162206
2025-06-12,6+12,12,382,0.004912333002721425
2025-06-13,6+12,0,371,0.003056333000131417
2025-06-13,6+12,6,403,0.005330875006620772
2025-06-13,6+12,12,318,0.004500458999245893
2025-06-14,6+12,0,374,0.0030352089961525053
2025-06-14,6+12,6,417,0.005399374997068662
2025-06-14,6+12,12,343,0.004618375001882669
2025-06-15,6+12,0,347,0.0029825000019627623
2025-06-15,6+12,6,442,0.0052864579993183725
2025-06-15,6+12,12,342,0.004928124995785765
2025-06-16,6+12,0,362,0.003089166995778214
2025-06-16,6+12,6,458,0.005102457995235454
2025-06-16,6+12,12,346,0.00514991700038081
2025-06-17,6+12,0,367,0.00312195900187362
2025-06-17,6+12,6,457,0.005053499997302424
2025-06-17,6+12,12,358,0.004960541002219543
2025-06-18,6+12,0,358,0.0033670420016278513
2025-06-18,6+12,6,467,0.005250292000710033
2025-06-18,6+12,12,354,0.0046504579950124025
2025-06-19,6+12,0,346,0.0032623750012135133
2025-06-19,6+12,6,440,0.005427208001492545
2025-06-19,6+12,12,380,0.005023125006118789
2025-06-20,6+12,0,369,0.0033778750002966262
2025-06-20,6+12,6,421,0.005505540997546632
2025-06-20,6+12,12,354,0.004527500001131557
2025-06-21,6+12,0,369,0.003065208002226427
2025-06-21,6+12,6,398,0.005517499994311947
2025-06-21,6+12,12,314,0.004471375003049616
2025-06-22,6+12,0,345,0.002852874997188337
2025-06-22,6+12,6,446,0.005714291000913363
2025-06-22,6+12,12,351,0.004829375000554137
2025-06-23,6+12,0,351,0.0030935419999877922
2025-06-23,6+12,6,440,0.005374500004108995
2025-06-23,6+12,12,334,0.005087417004688177
2025-06-24,6+12,0,357,0.0030144170013954863
2025-06-24,6+12,6,418,0.005427582997072022
2025-06-24,6+12,12,323,0.005164374997548293
2025-06-25,6+12,0,353,0.00305333299911581
2025-06-25,6+12,6,448,0.005040458003350068
2025-06-25,6+12,12,348,0.005266166997898836
2025-06-26,6+12,0,346,0.0029832910004188307
2025-06-26,6+12,6,452,0.004970374997355975
2025-06-26,6+12,12,333,0.00453729199944064
2025-06-27,6+12,0,377,0.003405457995540928
2025-06-27,6+12,6,403,0.004886333001195453
2025-06-27,6+12,12,355,0.004933624994009733
2025-06-28,6+12,0,376,0.003248125001846347
2025-06-28,6+12,6,402,0.005345999998098705
2025-06-28,6+12,12,319,0.004527582997980062
2025-06-29,6+12,0,349,0.003180209001584444
2025-06-29,6+12,6,444,0.005612125001789536
2025-06-29,6+12,12,357,0.004638333004550077
2025-06-30,6+12,0,358,0.0031272089981939644
2025-06-30,6+12,6,426,0.005427083000540733
2025-06-30,6+12,12,339,0.004519000001891982
2025-07-01,6+12,0,348,0.0031941249981173314
2025-07-01,6+12,6,447,0.005988874996546656
2025-07-01,6+12,12,367,0.004889415999059565
2025-07-02,6+12,0,349,0.0028514160003396682
2025-07-02,6+12,6,447,0.00584629199875053
2025-07-02,6+12,12,372,0.004964416002621874
2025-07-03,6+12,0,349,0.0031790840002940968
2025-07-03,6+12,6,472,0.0054361659931601025
2025-07-03,6+12,12,364,0.005244957996183075
2025-07-04,6+12,0,359,0.002874375000828877
2025-07-04,6+12,6,449,0.005212749994825572
2025-07-04,6+12,12,317,0.004983666003681719
2025-07-05,6+12,0,350,0.002959750003356021
2025-07-05,6+12,6,439,0.005194375000428408
2025-07-05,6+12,12,324,0.005055624998931307
2025-07-06,6+12,0,349,0.0031591669976478443
2025-07-06,6+12,6,435,0.00529479199758498
2025-07-06,6+12,12,350,0.004684125000494532
2025-07-07,6+12,0,334,0.003130458004307002
2025-07-07,6+12,6,403,0.005153457997948863
2025-07-07,6+12,12,346,0.004668458997912239
2025-07-08,6+12,0,351,0.0032174169973586686
2025-07-08,6+12,6,404,0.005178375002287794
2025-07-08,6+12,12,355,0.0048282499992637895
2025-07-09,6+12,0,350,0.0030593749979743734
2025-07-09,6+12,6,425,0.005562874997849576
2025-07-09,6+12,12,357,0.004941665996739175
2025-07-10,6+12,0,341,0.0028325829989626072
2025-07-10,6+12,6,419,0.005659124995872844
2025-07-10,6+12,12,372,0.004714707996754441
2025-07-11,6+12,0,361,0.003032083004654851
2025-07-11,6+12,6,408,0.005711500001780223
2025-07-11,6+12,12,318,0.004672750001191162
2025-07-12,6+12,0,344,0.0028100829949835315
2025-07-12,6+12,6,438,0.00522808399546193
2025-07-12,6+12,12,317,0.005045833000622224
2025-07-13,6+12,0,345,0.0028194999977131374
2025-07-13,6+12,6,424,0.005141416993865278
2025-07-13,6+12,12,377,0.005270250003377441
2025-07-14,6+12,0,340,0.002930833004938904
2025-07-14,6+12,6,386,0.005410083998867776
2025-07-14,6+12,12,337,0.005222583997237962
2025-07-15,6+12,0,327,0.0031648329968447797
2025-07-15,6+12,6,370,0.004868208998232149
2025-07-15,6+12,12,319,0.004552667000098154
2025-07-16,6+12,0,328,0.003139458996884059
2025-07-16,6+12,6,387,0.004975374999048654
2025-07-16,6+12,12,344,0.00486412499594735
2025-07-17,6+12,0,345,0.0031634580009267665
2025-07-17,6+12,6,406,0.005546417000005022
2025-07-17,6+12,12,354,0.0046983330030343495
2025-07-18,6+12,0,357,0.002959833000204526
2025-07-18,6+12,6,391,0.005568084001424722
2025-07-18,6+12,12,334,0.004480625000724103
2025-07-19,6+12,0,358,0.0028467500014812686
2025-07-19,6+12,6,373,0.0052108750023762695
2025-07-19,6+12,12,335,0.004827291995752603
2025-07-20,6+12,0,333,0.0030223750000004657
2025-07-20,6+12,6,408,0.00542216699977871
2025-07-20,6+12,12,335,0.00523270799749298
2025-07-21,6+12,0,338,0.0028665830031968653
2025-07-21,6+12,6,343,0.004736083996249363
2025-07-21,6+12,12,323,0.004968040993844625
2025-07-22,6+12,0,306,0.0027667500035022385
2025-07-22,6+12,6,392,0.00506433400005335
2025-07-22,6+12,12,313,0.004938958998536691
2025-07-23,6+12,0,313,0.00324858399835648
2025-07-23,6+12,6,369,0.004696208001405466
2025-07-23,6+12,12,307,0.004698332995758392
2025-07-24,6+12,0,317,0.00313145799736958
2025-07-24,6+12,6,374,0.005167124996660277
2025-07-24,6+12,12,330,0.004567916999803856
2025-07-25,6+12,0,333,0.0027830420003738254
2025-07-25,6+12,6,396,0.005413790997408796
2025-07-25,6+12,12,336,0.004528249999566469
2025-07-26,6+12,0,353,0.002922125000623055
2025-07-26,6+12,6,389,0.005217458005063236
2025-07-26,6+12,12,341,0.00472204099787632
2025-07-27,6+12,0,323,0.0028678340022452176
2025-07-27,6+12,6,385,0.005468916002428159
2025-07-27,6+12,12,335,0.004874165999353863
2025-07-28,6+12,0,320,0.0028111670035286807
2025-07-28,6+12,6,387,0.005010916000173893
2025-07-28,6+12,12,312,0.00486391600134084
2025-07-29,6+12,0,297,0.00303837499814108
2025-07-29,6+12,6,402,0.004881083004875109
2025-07-29,6+12,12,304,0.004942624997056555
2025-07-30,6+12,0,307,0.002845209004590288
2025-07-30,6+12,6,401,0.0048785839971969835
2025-07-30,6+12,12,325,0.004750666004838422
2025-07-31,6+12,0,312,0.0031765419989824295
2025-07-31,6+12,6,399,0.005143665999639779
2025-07-31,6+12,12,330,0.004531083999609109
2025-08-01,6+12,0,334,0.002913500000431668
2025-08-01,6+12,6,383,0.005368874997657258
2025-08-01,6+12,12,333,0.004455833004612941
2025-08-02,6+12,0,353,0.002897750004194677
2025-08-02,6+12,6,386,0.005094959000416566
2025-08-02,6+12,12,337,0.004671708004025277
2025-08-03,6+12,0,328,0.0028031670008203946
2025-08-03,6+12,6,411,0.00569179199374048
2025-08-03,6+12,12,298,0.004527917000814341
2025-08-04,6+12,0,331,0.0027982910032733344
2025-08-04,6+12,6,382,0.0049274580014753155
2025-08-04,6+12,12,295,0.004644083994207904
2025-08-05,6+12,0,335,0.0027828340025735088
2025-08-05,6+12,6,390,0.005123791997903027
2025-08-05,6+12,12,313,0.004932667005050462
2025-08-06,6+12,0,329,0.002970165995066054
2025-08-06,6+12,6,382,0.00505841699487064
2025-08-06,6+12,12,298,0.004490167004405521
2025-08-07,6+12,0,337,0.003290957996796351
2025-08-07,6+12,6,388,0.00497075000021141
2025-08-07,6+12,12,315,0.004480167001020163
2025-08-08,6+12,0,339,0.0028597909986274317
2025-08-08,6+12,6,355,0.00523958400299307
2025-08-08,6+12,12,315,0.004742291996080894
2025-08-09,6+12,0,341,0.003013292000105139
2025-08-09,6+12,6,349,0.005324332996679004
2025-08-09,6+12,12,318,0.0043709579986170866
2025-08-10,6+12,0,331,0.0028436249995138496
2025-08-10,6+12,6,374,0.004830542005947791
2025-08-10,6+12,12,297,0.004860916000325233
2025-08-11,6+12,0,337,0.00291099999594735
2025-08-11,6+12,6,405,0.005339542003639508
2025-08-11,6+12,12,321,0.005169500000192784
2025-08-12,6+12,0,335,0.003054125001654029
2025-08-12,6+12,6,395,0.005003083002520725
2025-08-12,6+12,12,325,0.005489707997185178
2025-08-13,6+12,0,335,0.0029241250013001263
2025-08-13,6+12,6,389,0.004959290999977384
2025-08-13,6+12,12,326,0.004747708000650164
2025-08-14,6+12,0,335,0.003304915997432545
2025-08-14,6+12,6,386,0.0050586659999680705
2025-08-14,6+12,12,299,0.004461333999643102
2025-08-15,6+12,0,377,0.003249540997785516
2025-08-15,6+12,6,368,0.005251666996628046
2025-08-15,6+12,12,320,0.004475749999983236
2025-08-16,6+12,0,362,0.0028451669932110235
2025-08-16,6+12,6,360,0.005188999995880295
2025-08-16,6+12,12,323,0.0044876660031150095
2025-08-17,6+12,0,344,0.0030408749953494407
2025-08-17,6+12,6,382,0.005400415997428354
2025-08-17,6+12,12,303,0.004877999999735039
2025-08-18,6+12,0,336,0.002861250002752058
2025-08-18,6+12,6,396,0.004956666998623405
2025-08-18,6+12,12,297,0.0049278750011581
2025-08-19,6+12,0,340,0.0027799579984275624
2025-08-19,6+12,6,392,0.005182209002668969
2025-08-19,6+12,12,328,0.004962791994330473
2025-08-20,6+12,0,346,0.003335749999678228
2025-08-20,6+12,6,389,0.004940042002999689
2025-08-20,6+12,12,304,0.004919250000966713
2025-08-21,6+12,0,341,0.002969749999465421
2025-08-21,6+12,6,385,0.004940750004607253
2025-08-21,6+12,12,307,0.0047015410018502735
2025-08-22,6+12,0,356,0.003055792003578972
2025-08-22,6+12,6,362,0.0047727080018376
2025-08-22,6+12,12,319,0.004408250002597924
2025-08-23,6+12,0,348,0.002831375000823755
2025-08-23,6+12,6,359,0.005498374994203914
2025-08-23,6+12,12,331,0.00446058400120819
2025-08-24,6+12,0,330,0.002711417000682559
2025-08-24,6+12,6,369,0.0050749999936670065
2025-08-24,6+12,12,342,0.004634458004147746
2025-08-25,6+12,0,354,0.002967417000036221
2025-08-25,6+12,6,383,0.004950417001964524
2025-08-25,6+12,12,310,0.005183166998904198
2025-08-26,6+12,0,329,0.0028432089966372587
2025-08-26,6+12,6,384,0.004886374998022802
2025-08-26,6+12,12,319,0.004924417000438552
2025-08-27,6+12,0,342,0.00297866699838778
2025-08-27,6+12,6,403,0.005084709002403542
2025-08-27,6+12,12,306,0.004706708001322113
2025-08-28,6+12,0,335,0.003265291001298465
2025-08-28,6+12,6,406,0.005252625000139233
2025-08-28,6+12,12,324,0.004823125003895257
2025-08-29,6+12,0,360,0.003157833001750987
2025-08-29,6+12,6,370,0.004875749997154344
2025-08-29,6+12,12,323,0.004449874999409076
2025-08-30,6+12,0,360,0.0028090830019209534
2025-08-30,6+12,6,370,0.005188292001548689
2025-08-30,6+12,12,317,0.004455916001461446
2025-08-31,6+12,0,334,0.002756666006462183
2025-08-31,6+12,6,381,0.005323124998540152
2025-08-31,6+12,12,304,0.0045675830042455345
2025-09-01,6+12,0,336,0.0028532919968711212
2025-09-01,6+12,6,383,0.005033459005062468
2025-09-01,6+12,12,299,0.004843709000851959
2025-09-02,6+12,0,345,0.00289866700040875
2025-09-02,6+12,6,409,0.004857542000536341
2025-09-02,6+12,12,310,0.005145625000295695
2025-09-03,6+12,0,337,0.0029913329999544658
2025-09-03,6+12,6,377,0.004789833998074755
2025-09-03,6+12,12,321,0.004448332998435944
2025-09-04,6+12,0,333,0.0031033339982968755
2025-09-04,6+12,6,376,0.00486795800679829
2025-09-04,6+12,12,306,0.004513375002716202
2025-09-05,6+12,0,333,0.0029555000000982545
2025-09-05,6+12,6,356,0.005203207998420112
2025-09-05,6+12,12,313,0.004308542003855109
2025-09-06,6+12,0,339,0.0028397079950082116
2025-09-06,6+12,6,361,0.005415958999947179
2025-09-06,6+12,12,312,0.004562000001897104
2025-09-07,6+12,0,333,0.0028514169971458614
2025-09-07,6+12,6,396,0.004971334004949313
2025-09-07,6+12,12,305,0.005009166998206638
2025-09-08,6+12,0,342,0.0028266660010558553
2025-09-08,6+12,6,402,0.0051920830010203645
2025-09-08,6+12,12,326,0.005058582995843608
2025-09-09,6+12,0,325,0.002914459000749048
2025-09-09,6+12,6,401,0.004921040999761317
2025-09-09,6+12,12,320,0.004999541000870522
2025-09-10,6+12,0,341,0.003032917004020419
2025-09-10,6+12,6,392,0.004777959002240095
2025-09-10,6+12,12,344,0.004782916999829467
2025-09-11,6+12,0,335,0.0031243750054272823
2025-09-11,6+12,6,393,0.005120624999108259
2025-09-11,6+12,12,308,0.004566791998513509
2025-09-12,6+12,0,338,0.002865834001568146
2025-09-12,6+12,6,361,0.0051929580004070885
2025-09-12,6+12,12,332,0.004427541003678925
2025-09-13,6+12,0,339,0.0029183329970692284
2025-09-13,6+12,6,352,0.005061375006334856
2025-09-13,6+12,12,317,0.0046219580035540275
2025-09-14,6+12,0,342,0.0029352919955272228
2025-09-14,6+12,6,405,0.005192459000681993
2025-09-14,6+12,12,331,0.00492600000143284
2025-09-15,6+12,0,337,0.002886207999836188
2025-09-15,6+12,6,395,0.005205791996559128
2025-09-15,6+12,12,342,0.00490758300293237
2025-09-16,6+12,0,361,0.00302933400234906
2025-09-16,6+12,6,401,0.00483433400222566
2025-09-16,6+12,12,379,0.004956707998644561
2025-09-17,6+12,0,353,0.0030331250018207356
2025-09-17,6+12,6,411,0.004956832999596372
2025-09-17,6+12,12,395,0.004973000002792105
2025-09-18,6+12,0,356,0.0031815420006751083
2025-09-18,6+12,6,408,0.0055523749979329295
2025-09-18,6+12,12,341,0.004537250002613291
2025-09-19,6+12,0,347,0.002895708996220492
2025-09-19,6+12,6,367,0.005050708001363091
2025-09-19,6+12,12,316,0.00433504099783022
2025-09-20,6+12,0,345,0.0029929169977549464
2025-09-20,6+12,6,372,0.00523133399838116
2025-09-20,6+12,12,330,0.004800875001819804
2025-09-21,6+12,0,361,0.003017583003384061
2025-09-21,6+12,6,429,0.005222291998506989
2025-09-21,6+12,12,383,0.0049270410017925315
2025-09-22,6+12,0,361,0.003062542004045099
2025-09-22,6+12,6,420,0.005117500004416797
2025-09-22,6+12,12,415,0.005259457997453865
2025-09-23,6+12,0,365,0.003028249993803911
2025-09-23,6+12,6,401,0.00488858299650019
2025-09-23,6+12,12,403,0.005297333002090454
2025-09-24,6+12,0,352,0.0029505839993362315
2025-09-24,6+12,6,477,0.005403165996540338
2025-09-24,6+12,12,467,0.00527337500534486
2025-09-25,6+12,0,371,0.0031427080029970966
2025-09-25,6+12,6,443,0.005174167003133334
2025-09-25,6+12,12,462,0.005673707993992139
2025-09-26,6+12,0,369,0.0035919580041081645
2025-09-26,6+12,6,352,0.004733000001579057
2025-09-26,6+12,12,332,0.004420125005708542
2025-09-27,6+12,0,340,0.0031279169998015277
2025-09-27,6+12,6,367,0.005252500006463379
2025-09-27,6+12,12,361,0.004569125005218666
2025-09-28,6+12,0,372,0.0030852080017211847
2025-09-28,6+12,6,456,0.0057050830000662245
2025-09-28,6+12,12,450,0.004918416001601145
2025-09-29,6+12,0,368,0.0029954999990877695
2025-09-29,6+12,6,444,0.005626790996757336
2025-09-29,6+12,12,436,0.0050384999995003454
2025-09-30,6+12,0,368,0.002939834004791919
2025-09-30,6+12,6,472,0.005664208001689985
2025-09-30,6+12,12,446,0.005143166999914683
2025-10-01,6+12,0,368,0.003008250001585111
2025-10-01,6+12,6,430,0.005332125001586974
2025-10-01,6+12,12,405,0.005612583001493476
2025-10-02,6+12,0,353,0.003061791001528036
2025-10-02,6+12,6,430,0.005273208000289742
2025-10-02,6+12,12,429,0.0053160829993430525
2025-10-03,6+12,0,339,0.0028257500016479753
2025-10-03,6+12,6,338,0.0045951249994686805
2025-10-03,6+12,12,317,0.005260083999019116
2025-10-04,6+12,0,373,0.0032523750051041134
2025-10-04,6+12,6,383,0.0048551660001976416
2025-10-04,6+12,12,399,0.004914833996735979
2025-10-05,6+12,0,372,0.0033895829983521253
2025-10-05,6+12,6,468,0.005424540999229066
2025-10-05,6+12,12,453,0.005031792003137525
2025-10-06,6+12,0,357,0.0031641249952372164
2025-10-06,6+12,6,484,0.005843166996783111
2025-10-06,6+12,12,452,0.005238999998255167
2025-10-07,6+12,0,372,0.0032259169965982437
2025-10-07,6+12,6,441,0.00546629200107418
2025-10-07,6+12,12,431,0.004835040999751072
2025-10-08,6+12,0,369,0.0031956660022842698
2025-10-08,6+12,6,461,0.005775833000370767
2025-10-08,6+12,12,451,0.004989708002540283
2025-10-09,6+12,0,358,0.0030065840037423186
2025-10-09,6+12,6,439,0.00549245800357312
2025-10-09,6+12,12,432,0.0051333750016056
2025-10-10,6+12,0,352,0.0029330000033951364
2025-10-10,6+12,6,343,0.005411291997006629
2025-10-10,6+12,12,333,0.00459170900285244
2025-10-11,6+12,0,357,0.002869083000405226
2025-10-11,6+12,6,361,0.005017708994273562
2025-10-11,6+12,12,379,0.0050245829988853075
2025-10-12,6+12,0,373,0.00294045900227502
2025-10-12,6+12,6,451,0.005275832998449914
2025-10-12,6+12,12,414,0.0052213329981896095
2025-10-13,6+12,0,367,0.0031193750037346035
2025-10-13,6+12,6,421,0.004972374998033047
2025-10-13,6+12,12,401,0.005009125001379289
2025-10-14,6+12,0,370,0.003226707995054312
2025-10-14,6+12,6,452,0.00521854199905647
2025-10-14,6+12,12,442,0.005097082997963298
2025-10-15,6+12,0,375,0.0033214580034837127
2025-10-15,6+12,6,464,0.005379583999456372
2025-10-15,6+12,12,449,0.005033290995925199
2025-10-16,6+12,0,373,0.003704082999320235
2025-10-16,6+12,6,468,0.0054506670057890005
2025-10-16,6+12,12,447,0.004934832999424543
2025-10-17,6+12,0,332,0.0029084999987389892
2025-10-17,6+12,6,342,0.004998749995138496
2025-10-17,6+12,12,327,0.0044248330013942905
2025-10-18,6+12,0,370,0.002977832999022212
2025-10-18,6+12,6,371,0.005350541003281251
2025-10-18,6+12,12,409,0.004845041999942623
2025-10-19,6+12,0,371,0.0030514580066665076
2025-10-19,6+12,6,460,0.006031042001268361
2025-10-19,6+12,12,404,0.005032708999351598
2025-10-20,6+12,0,364,0.0030942500015953556
2025-10-20,6+12,6,443,0.00510779200703837
2025-10-20,6+12,12,473,0.005615374997432809
2025-10-21,6+12,0,373,0.0031200409939629026
2025-10-21,6+12,6,485,0.005513500000233762
2025-10-21,6+12,12,464,0.0057130000059260055
2025-10-22,6+12,0,367,0.0029519169984268956
2025-10-22,6+12,6,475,0.005335458998160902
2025-10-22,6+12,12,460,0.005277791002299637
2025-10-23,6+12,0,371,0.002991832996485755
2025-10-23,6+12,6,466,0.0054530000052182
2025-10-23,6+12,12,416,0.00583258400001796
2025-10-24,6+12,0,352,0.003128249998553656
2025-10-24,6+12,6,353,0.004816749999008607
2025-10-24,6+12,12,346,0.0048821669988683425
2025-10-25,6+12,0,372,0.0032799580003484152
2025-10-25,6+12,6,379,0.004728249994514044
2025-10-25,6+12,12,382,0.004869416996371001
2025-10-26,6+12,0,366,0.0032273749966407195
2025-10-26,6+12,6,474,0.005354165994504001
2025-10-26,6+12,12,450,0.004959332996804733
2025-10-27,6+12,0,364,0.0030687920007039793
2025-10-27,6+12,6,492,0.005993582999508362
2025-10-27,6+12,12,470,0.005156874998647254
2025-10-28,6+12,0,367,0.003223915999114979
2025-10-28,6+12,6,498,0.005986875003145542
2025-10-28,6+12,12,469,0.004941499995766208
2025-10-29,6+12,0,369,0.0031388749994221143
2025-10-29,6+12,6,431,0.005738625004596543
2025-10-29,6+12,12,467,0.005208750000747386
2025-10-30,6+12,0,366,0.003004209000209812
2025-10-30,6+12,6,439,0.005638750000798609
2025-10-30,6+12,12,425,0.0048997919948305935
2025-10-31,6+12,0,386,0.003235208998376038
2025-10-31,6+12,6,363,0.005251082999166101
2025-10-31,6+12,12,363,0.004819209003471769
2025-11-01,6+12,0,373,0.00301091700384859
2025-11-01,6+12,6,374,0.004821999995328952
2025-11-01,6+12,12,381,0.005056457994214725
2025-11-02,6+12,0,371,0.0029632079967996106
2025-11-02,6+12,6,502,0.005625792000500951
2025-11-02,6+12,12,446,0.00521695900533814
2025-11-03,6+12,0,368,0.003178875005687587
2025-11-03,6+12,6,489,0.0056247499960591085
2025-11-03,6+12,12,462,0.005451000004541129
2025-11-04,6+12,0,363,0.0030485829993267544
2025-11-04,6+12,6,503,0.005425333001767285
2025-11-04,6+12,12,429,0.005284042003040668
2025-11-05,6+12,0,358,0.003105874995526392
2025-11-05,6+12,6,481,0.005341292002412956
2025-11-05,6+12,12,528,0.005917583002883475
2025-11-06,6+12,0,366,0.003328999999212101
2025-11-06,6+12,6,523,0.005764624998846557
2025-11-06,6+12,12,455,0.00530991699633887
2025-11-07,6+12,0,376,0.0034009580049314536
2025-11-07,6+12,6,396,0.005074291999335401
2025-11-07,6+12,12,375,0.004690332993050106
2025-11-08,6+12,0,370,0.003149415999359917
2025-11-08,6+12,6,381,0.005083124997327104
2025-11-08,6+12,12,417,0.0049274580014753155
2025-11-09,6+12,0,366,0.0032512079997104593
2025-11-09,6+12,6,480,0.0058425000024726614
2025-11-09,6+12,12,524,0.005665459000738338
2025-11-10,6+12,0,355,0.0030075419999775477
2025-11-10,6+12,6,511,0.0058604590012691915
2025-11-10,6+12,12,442,0.005058333998022135
2025-11-11,6+12,0,369,0.003107707998424303
2025-11-11,6+12,6,450,0.005825499996717554
2025-11-11,6+12,12,515,0.0055154170040623285
2025-11-12,6+12,0,369,0.003086999997321982
2025-11-12,6+12,6,485,0.005932874999416526
2025-11-12,6+12,12,435,0.005087792000267655
2025-11-13,6+12,0,370,0.0031054580031195655
2025-11-13,6+12,6,491,0.005876542003534269
2025-11-13,6+12,12,482,0.005095624997920822
2025-11-14,6+12,0,369,0.0032905000043683685
2025-11-14,6+12,6,371,0.004831374993955251
2025-11-14,6+12,12,357,0.0051022080006077886
2025-11-15,6+12,0,372,0.0029386249952949584
2025-11-15,6+12,6,397,0.004869040996709373
2025-11-15,6+12,12,431,0.005359750000934582
2025-11-16,6+12,0,367,0.0030256250029196963
2025-11-16,6+12,6,511,0.005362417003198061
2025-11-16,6+12,12,543,0.006056999998691026
2025-11-17,6+12,0,360,0.003052291001949925
2025-11-17,6+12,6,474,0.005522334002307616
2025-11-17,6+12,12,500,0.006219791997864377
2025-11-18,6+12,0,359,0.0031199169970932417
2025-11-18,6+12,6,474,0.005155458005901892
2025-11-18,6+12,12,532,0.006242333001864608
2025-11-19,6+12,0,368,0.003279666001617443
2025-11-19,6+12,6,517,0.005540291000215802
2025-11-19,6+12,12,549,0.00639266699727159
2025-11-20,6+12,0,375,0.0031831660016905516
2025-11-20,6+12,6,513,0.005379124995670281
2025-11-20,6+12,12,465,0.005327541999577079
2025-11-21,6+12,0,379,0.0031092919962247834
2025-11-21,6+12,6,400,0.0049882079983945005
2025-11-21,6+12,12,367,0.004830750003748108
2025-11-22,6+12,0,368,0.0032532920013181865
2025-11-22,6+12,6,388,0.004880332999164239
2025-11-22,6+12,12,430,0.004951957998855505
2025-11-23,6+12,0,363,0.0033737090052454732
2025-11-23,6+12,6,512,0.005843625003763009
2025-11-23,6+12,12,523,0.005617583003186155
2025-11-24,6+12,0,357,0.0030152090039337054
2025-11-24,6+12,6,511,0.006021541994414292
2025-11-24,6+12,12,535,0.005736040999181569
2025-11-25,6+12,0,360,0.0031496250012423843
2025-11-25,6+12,6,477,0.0058178330000373535
2025-11-25,6+12,12,438,0.004899708001175895
2025-11-26,6+12,0,362,0.0032982499978970736
2025-11-26,6+12,6,463,0.005705083996872418
2025-11-26,6+12,12,542,0.005841207996127196
2025-11-27,6+12,0,379,0.003170165997289587
2025-11-27,6+12,6,504,0.00566291699942667
2025-11-27,6+12,12,491,0.00507666699559195
2025-11-28,6+12,0,373,0.003130541001155507
2025-11-28,6+12,6,402,0.005387791999964975
2025-11-28,6+12,12,359,0.0047159579989966005
2025-11-29,6+12,0,381,0.003078582994930912
2025-11-29,6+12,6,407,0.005112792001455091
2025-11-29,6+12,12,454,0.005417667001893278
2025-11-30,6+12,0,374,0.003052916996239219
2025-11-30,6+12,6,517,0.005663125004502945
2025-11-30,6+12,12,543,0.006078250000427943
2025-12-01,6+12,0,352,0.0030475419989670627
2025-12-01,6+12,6,520,0.005561416001000907
2025-12-01,6+12,12,524,0.00584425000124611
2025-12-02,6+12,0,373,0.003359084003022872
2025-12-02,6+12,6,499,0.005866332998266444
2025-12-02,6+12,12,481,0.006065125002351124
2025-12-03,6+12,0,366,0.0031456669967155904
2025-12-03,6+12,6,506,0.005652167004882358
2025-12-03,6+12,12,516,0.005980583002383355
2025-12-04,6+12,0,347,0.0030666249949717894
2025-12-04,6+12,6,477,0.0053409159954753704
2025-12-04,6+12,12,475,0.005592458001046907
2025-12-05,6+12,0,372,0.0031851669991738163
2025-12-05,6+12,6,443,0.005306250001012813
2025-12-05,6+12,12,427,0.005593125002633315
2025-12-06,6+12,0,391,0.0031455420030397363
2025-12-06,6+12,6,456,0.005137291002029087
2025-12-06,6+12,12,485,0.006014833001245279
2025-12-07,6+12,0,351,0.003032000000530388
2025-12-07,6+12,6,465,0.005491791998792905
2025-12-07,6+12,12,497,0.005727791001845617
2025-12-08,6+12,0,358,0.0030367500003194436
2025-12-08,6+12,6,518,0.005575791998126078
2025-12-08,6+12,12,502,0.005678125002305023
2025-12-09,6+12,0,354,0.0032807919997139834
2025-12-09,6+12,6,478,0.005660458999045659
2025-12-09,6+12,12,527,0.005797249999886844
2025-12-10,6+12,0,343,0.0033147920039482415
2025-12-10,6+12,6,511,0.005717250001907814
2025-12-10,6+12,12,528,0.005898374998650979
2025-12-11,6+12,0,353,0.003300707998278085
2025-12-11,6+12,6,466,0.005498416998307221
2025-12-11,6+12,12,475,0.005399834000854753
2025-12-12,6+12,0,378,0.0034699579991865903
2025-12-12,6+12,6,461,0.005564999999478459
2025-12-12,6+12,12,458,0.005128125005285256
2025-12-13,6+12,0,384,0.003400082998268772
2025-12-13,6+12,6,467,0.005679916997905821
2025-12-13,6+12,12,471,0.005518582998774946
2025-12-14,6+12,0,353,0.0031900829999358393
2025-12-14,6+12,6,521,0.006146625004475936
2025-12-14,6+12,12,526,0.005528749999939464
2025-12-15,6+12,0,350,0.0030652919958811253
2025-12-15,6+12,6,522,0.005815915996208787
2025-12-15,6+12,12,536,0.005633084001601674
2025-12-16,6+12,0,351,0.0030602080005337484
2025-12-16,6+12,6,506,0.0062356669950531796
2025-12-16,6+12,12,518,0.005509249996975996
2025-12-17,6+12,0,354,0.0030026250024093315
2025-12-17,6+12,6,482,0.005813333002151921
2025-12-17,6+12,12,524,0.005607750004855916
2025-12-18,6+12,0,352,0.003031500003999099
2025-12-18,6+12,6,499,0.00619320799887646
2025-12-18,6+12,12,543,0.005644167002174072
2025-12-19,6+12,0,383,0.0030431669947574846
2025-12-19,6+12,6,442,0.0055710830056341365
2025-12-19,6+12,12,455,0.005209375005506445
2025-12-20,6+12,0,381,0.003173584002070129
2025-12-20,6+12,6,438,0.005613625005935319
2025-12-20,6+12,12,478,0.005661041002895217
2025-12-21,6+12,0,357,0.0030866669985698536
2025-12-21,6+12,6,500,0.005986374999338295
2025-12-21,6+12,12,528,0.005765957997937221
2025-12-22,6+12,0,349,0.0029430419963318855
2025-12-22,6+12,6,519,0.006115415999374818
2025-12-22,6+12,12,534,0.005658750000293367
2025-12-23,6+12,0,362,0.00293995800166158
2025-12-23,6+12,6,482,0.0057163329984177835
2025-12-23,6+12,12,513,0.005959207999694627
2025-12-24,6+12,0,349,0.003034790999663528
2025-12-24,6+12,6,469,0.005796417004603427
2025-12-24,6+12,12,509,0.00575508399924729
2025-12-25,6+12,0,352,0.0029241249940241687
2025-12-25,6+12,6,519,0.005742499997722916
2025-12-25,6+12,12,528,0.005868291998922359
2025-12-26,6+12,0,378,0.003056374996958766
2025-12-26,6+12,6,417,0.005290334003802855
2025-12-26,6+12,12,428,0.005735667000408284
2025-12-27,6+12,0,379,0.003176416998030618
2025-12-27,6+12,6,420,0.0050725410037557594
2025-12-27,6+12,12,455,0.0056323749959119596
2025-12-28,6+12,0,341,0.0029932500037830323
2025-12-28,6+12,6,491,0.005325583006197121
2025-12-28,6+12,12,512,0.005916667003475595
2025-12-29,6+12,0,343,0.0029527920050895773
2025-12-29,6+12,6,508,0.005939833004958928
2025-12-29,6+12,12,493,0.00587216599524254
2025-12-30,6+12,0,345,0.0030642919955425896
2025-12-30,6+12,6,486,0.005469625000841916
2025-12-30,6+12,12,472,0.006220249997568317
2025-12-31,6+12,0,363,0.003022249999048654
2025-12-31,6+12,6,450,0.005357624999305699
2025-12-31,6+12,12,524,0.006407957996998448
2025-01-01,6+12,0,138,0.0025607499992474914
2025-01-01,6+12,6,419,0.005007749998185318
2025-01-01,6+12,12,259,0.00447195799642941
2025-01-02,6+12,0,347,0.0033920420028152876
2025-01-02,6+12,6,388,0.004679624995333143
2025-01-02,6+12,12,354,0.004869958000199404
2025-01-03,6+12,0,347,0.0029755830037174746
2025-01-03,6+12,6,376,0.004830375000892673
2025-01-03,6+12,12,350,0.004418708995217457
2025-01-04,6+12,0,356,0.0030534170000464655
2025-01-04,6+12,6,365,0.005036999995354563
2025-01-04,6+12,12,338,0.004696916999819223
2025-01-05,6+12,0,374,0.0030638749958598055
2025-01-05,6+12,6,504,0.0055663749953964725
2025-01-05,6+12,12,524,0.005749582996941172
2025-01-06,6+12,0,355,0.002943125000456348
2025-01-06,6+12,6,486,0.005503957996552344
2025-01-06,6+12,12,529,0.00625012499949662
2025-01-07,6+12,0,350,0.0030584159976569936
2025-01-07,6+12,6,518,0.005795625002065208
2025-01-07,6+12,12,530,0.0063739999968674965
2025-01-08,6+12,0,353,0.0031114590019569732
2025-01-08,6+12,6,373,0.004682999999204185
2025-01-08,6+12,12,334,0.004982207996363286
2025-01-09,6+12,0,341,0.003074416999879759
2025-01-09,6+12,6,405,0.004712499998277053
2025-01-09,6+12,12,374,0.004695167001045775
2025-01-10,6+12,0,385,0.0034680829994613305
2025-01-10,6+12,6,417,0.005024083002354018
2025-01-10,6+12,12,403,0.00500787499913713
2025-01-11,6+12,0,370,0.0036836250001215376
2025-01-11,6+12,6,436,0.00538833299651742
2025-01-11,6+12,12,433,0.005189041999983601
2025-01-12,6+12,0,337,0.003115625004284084
2025-01-12,6+12,6,472,0.005408375000115484
2025-01-12,6+12,12,448,0.005075583998404909
2025-01-13,6+12,0,349,0.0031358340056613088
2025-01-13,6+12,6,456,0.00588416700338712
2025-01-13,6+12,12,484,0.005307708997861482
2025-01-14,6+12,0,345,0.0032532500044908375
2025-01-14,6+12,6,508,0.005855292001797352
2025-01-14,6+12,12,507,0.005394459003582597
2025-01-15,6+12,0,352,0.0030192920021363534
2025-01-15,6+12,6,521,0.005901999997149687
2025-01-15,6+12,12,546,0.006302250003500376
2025-01-16,6+12,0,350,0.0030238330000429414
2025-01-16,6+12,6,420,0.0051839590014424175
2025-01-16,6+12,12,380,0.004885999995167367
2025-01-17,6+12,0,370,0.0031648749936721288
2025-01-17,6+12,6,373,0.005072749998362269
2025-01-17,6+12,12,325,0.004683416002080776
2025-01-18,6+12,0,361,0.0030013340001460165
2025-01-18,6+12,6,430,0.005094166997878347
2025-01-18,6+12,12,468,0.005748458002926782
2025-01-19,6+12,0,350,0.0029218339986982755
2025-01-19,6+12,6,484,0.0054563339945161715
2025-01-19,6+12,12,479,0.005818416997499298
2025-01-20,6+12,0,344,0.00305145799939055
2025-01-20,6+12,6,431,0.004979124998499174
2025-01-20,6+12,12,362,0.005589999993389938
2025-01-21,6+12,0,344,0.0031337920008809306
2025-01-21,6+12,6,451,0.005186707996472251
2025-01-21,6+12,12,486,0.0057549170014681295
2025-01-22,6+12,0,349,0.0030424580036196858
2025-01-22,6+12,6,408,0.004673707997426391
2025-01-22,6+12,12,305,0.004684082996391226
2025-01-23,6+12,0,350,0.0036523329981719144
2025-01-23,6+12,6,401,0.004905500005406793
2025-01-23,6+12,12,371,0.004645749999326654
2025-01-24,6+12,0,370,0.003160541004035622
2025-01-24,6+12,6,343,0.004806375000043772
2025-01-24,6+12,12,327,0.004592124998453073
2025-01-25,6+12,0,376,0.0030208330063032918
2025-01-25,6+12,6,401,0.00518983299843967
2025-01-25,6+12,12,393,0.0047376659931614995
2025-01-26,6+12,0,361,0.003001666998898145
2025-01-26,6+12,6,484,0.006069500006560702
2025-01-26,6+12,12,484,0.005711791993235238
2025-01-27,6+12,0,355,0.003052667001611553
2025-01-27,6+12,6,483,0.006208082995726727
2025-01-27,6+12,12,481,0.005394749998231418
2025-01-28,6+12,0,361,0.003089291996730026
2025-01-28,6+12,6,507,0.005866999999852851
2025-01-28,6+12,12,508,0.0057586250040913
2025-01-29,6+12,0,365,0.003058542002690956
2025-01-29,6+12,6,493,0.006076334000681527
2025-01-29,6+12,12,464,0.005788957998447586
2025-01-30,6+12,0,358,0.003074708001804538
2025-01-30,6+12,6,406,0.004819415997189935
2025-01-30,6+12,12,344,0.005251374997897074
2025-01-31,6+12,0,382,0.0029888339995522983
2025-01-31,6+12,6,355,0.004739667005196679
2025-01-31,6+12,12,320,0.004858749998675194
2025-02-01,6+12,0,373,0.0032497499996679835
2025-02-01,6+12,6,377,0.0047878339973976836
2025-02-01,6+12,12,402,0.0051444999990053475
2025-02-02,6+12,0,362,0.0030207079980755225
2025-02-02,6+12,6,453,0.005235457996604964
2025-02-02,6+12,12,461,0.00539345799916191
2025-02-03,6+12,0,354,0.0032839169944054447
2025-02-03,6+12,6,442,0.005485124995175283
2025-02-03,6+12,12,449,0.005188915994949639
2025-02-04,6+12,0,351,0.0031702080013928935
2025-02-04,6+12,6,355,0.0048300830021617
2025-02-04,6+12,12,310,0.004695124996942468
2025-02-05,6+12,0,358,0.00311929099552799
2025-02-05,6+12,6,481,0.0056853339992812835
2025-02-05,6+12,12,476,0.00526358400384197
2025-02-06,6+12,0,362,0.00329129199963063
2025-02-06,6+12,6,344,0.00489541600109078
2025-02-06,6+12,12,316,0.004704166000010446
2025-02-07,6+12,0,376,0.003033082997717429
2025-02-07,6+12,6,336,0.004818291999981739
2025-02-07,6+12,12,331,0.004692125003202818
2025-02-08,6+12,0,375,0.0029204169986769557
2025-02-08,6+12,6,398,0.005058834001829382
2025-02-08,6+12,12,430,0.0053811670004506595
2025-02-09,6+12,0,370,0.0030480419954983518
2025-02-09,6+12,6,465,0.005397166998591274
2025-02-09,6+12,12,431,0.005621709002298303
2025-02-10,6+12,0,358,0.003124584000033792
2025-02-10,6+12,6,441,0.005237666999164503
2025-02-10,6+12,12,413,0.005263833001663443
2025-02-11,6+12,0,361,0.003088625002419576
2025-02-11,6+12,6,446,0.00539658400521148
2025-02-11,6+12,12,407,0.005251667003904004
2025-02-12,6+12,0,358,0.0032699579969630577
2025-02-12,6+12,6,443,0.005465166999783833
2025-02-12,6+12,12,418,0.004897209000773728
2025-02-13,6+12,0,362,0.003439541003899649
2025-02-13,6+12,6,345,0.00456504099565791
2025-02-13,6+12,12,323,0.004660500002501067
2025-02-14,6+12,0,373,0.00303866700414801
2025-02-14,6+12,6,321,0.004968000001099426
2025-02-14,6+12,12,318,0.004410290996020194
2025-02-15,6+12,0,366,0.0031321659989771433
2025-02-15,6+12,6,371,0.005249374997220002
2025-02-15,6+12,12,416,0.005074833003163803
2025-02-16,6+12,0,365,0.0030103749959380366
2025-02-16,6+12,6,440,0.005718749998777639
2025-02-16,6+12,12,412,0.005007749998185318
2025-02-17,6+12,0,366,0.003186125002685003
2025-02-17,6+12,6,434,0.005588207997789141
2025-02-17,6+12,12,402,0.005267125001410022
2025-02-18,6+12,0,367,0.003037165995920077
2025-02-18,6+12,6,399,0.004836165993765462
2025-02-18,6+12,12,329,0.004990667002857663
2025-02-19,6+12,0,361,0.003151582997816149
2025-02-19,6+12,6,432,0.005452625002362765
2025-02-19,6+12,12,443,0.00578312500147149
2025-02-20,6+12,0,367,0.0030765409974264912
2025-02-20,6+12,6,360,0.004687499997089617
2025-02-20,6+12,12,316,0.004992082998796832
2025-02-21,6+12,0,359,0.0029940840031486005
2025-02-21,6+12,6,310,0.004397625001729466
2025-02-21,6+12,12,312,0.0044073329991078936
2025-02-22,6+12,0,368,0.0033073329977924004
2025-02-22,6+12,6,380,0.004990832996554673
2025-02-22,6+12,12,404,0.0049265830020885915
2025-02-23,6+12,0,364,0.0033284159944741987
2025-02-23,6+12,6,437,0.005743583002185915
2025-02-23,6+12,12,416,0.00506120799400378
2025-02-24,6+12,0,369,0.0030448329998762347
2025-02-24,6+12,6,450,0.005839207995450124
2025-02-24,6+12,12,394,0.004788624995853752
2025-02-25,6+12,0,369,0.0030018749966984615
2025-02-25,6+12,6,381,0.005227832996752113
2025-02-25,6+12,12,348,0.004743291006889194
2025-02-26,6+12,0,365,0.0030380000025616027
2025-02-26,6+12,6,455,0.006001374997140374
2025-02-26,6+12,12,505,0.005845084000611678
2025-02-27,6+12,0,370,0.0030232920034904964
2025-02-27,6+12,6,331,0.0046647080016555265
2025-02-27,6+12,12,317,0.004873375000897795
2025-02-28,6+12,0,344,0.002784458003588952
2025-02-28,6+12,6,298,0.004662166000343859
2025-02-28,6+12,12,310,0.004694916999142151
2025-03-01,6+12,0,363,0.0031378749990835786
2025-03-01,6+12,6,369,0.004843874994548969
2025-03-01,6+12,12,348,0.0049261669992120005
2025-03-02,6+12,0,377,0.003097291999438312
2025-03-02,6+12,6,435,0.005105791999085341
2025-03-02,6+12,12,462,0.005205333000048995
2025-03-03,6+12,0,374,0.003689666002173908
2025-03-03,6+12,6,438,0.005470249998325016
2025-03-03,6+12,12,420,0.0050168750021839514
2025-03-04,6+12,0,371,0.003435750004427973
2025-03-04,6+12,6,361,0.0049257919963565655
2025-03-04,6+12,12,320,0.004536499996902421
2025-03-05,6+12,0,363,0.003092790997470729
2025-03-05,6+12,6,416,0.005412582999269944
2025-03-05,6+12,12,402,0.004770791994815227
2025-03-06,6+12,0,373,0.0031487500018556602
2025-03-06,6+12,6,331,0.004972541006281972
2025-03-06,6+12,12,320,0.00452262500039069
2025-03-07,6+12,0,372,0.00292875000013737
2025-03-07,6+12,6,296,0.004458292001800146
2025-03-07,6+12,12,321,0.004816792003111914
2025-03-08,6+12,0,349,0.002864582995243836
2025-03-08,6+12,6,344,0.004945374996168539
2025-03-08,6+12,12,351,0.005101459006255027
2025-03-09,6+12,0,363,0.00302883300173562
2025-03-09,6+12,6,425,0.0049773330028983764
2025-03-09,6+12,12,425,0.005471707998367492
2025-03-10,6+12,0,369,0.0032583330030320212
2025-03-10,6+12,6,426,0.005117415996210184
2025-03-10,6+12,12,412,0.005047874998126645
2025-03-11,6+12,0,369,0.003839208002318628
2025-03-11,6+12,6,357,0.0048991660005413
2025-03-11,6+12,12,321,0.00461479200021131
2025-03-12,6+12,0,362,0.003434541999013163
2025-03-12,6+12,6,422,0.0051090409979224205
2025-03-12,6+12,12,407,0.00472395899851108
2025-03-13,6+12,0,376,0.003290000000561122
2025-03-13,6+12,6,339,0.00510375000158092
2025-03-13,6+12,12,319,0.004487165999307763
2025-03-14,6+12,0,346,0.0029653750025318004
2025-03-14,6+12,6,288,0.004815583997697104
2025-03-14,6+12,12,312,0.00454337499832036
2025-03-15,6+12,0,362,0.0029473340036929585
2025-03-15,6+12,6,363,0.0052244580001570284
2025-03-15,6+12,12,342,0.004907916998490691
2025-03-16,6+12,0,377,0.0030988750004325993
2025-03-16,6+12,6,364,0.004966041997249704
2025-03-16,6+12,12,316,0.005037540999182966
2025-03-17,6+12,0,366,0.0029697080026380718
2025-03-17,6+12,6,405,0.0051377909985603765
2025-03-17,6+12,12,429,0.005897833005292341
2025-03-18,6+12,0,371,0.0031272079941118136
2025-03-18,6+12,6,337,0.004440290998900309
2025-03-18,6+12,12,320,0.004546374999335967
2025-03-19,6+12,0,365,0.0034945829975185916
2025-03-19,6+12,6,413,0.005160875000001397
2025-03-19,6+12,12,412,0.004984916995454114
2025-03-20,6+12,0,371,0.0037830419969395734
2025-03-20,6+12,6,320,0.004604875000950415
2025-03-20,6+12,12,326,0.0045518750048358925
2025-03-21,6+12,0,354,0.0030662920034956187
2025-03-21,6+12,6,340,0.005462166001962032
2025-03-21,6+12,12,309,0.004381791004561819
2025-03-22,6+12,0,351,0.0028917079980601557
2025-03-22,6+12,6,364,0.0054864579942659475
2025-03-22,6+12,12,323,0.004438833995664027
2025-03-23,6+12,0,364,0.0031312499995692633
2025-03-23,6+12,6,358,0.004961124999681488
2025-03-23,6+12,12,354,0.004638459002308082
2025-03-24,6+12,0,375,0.0029680840016226284
2025-03-24,6+12,6,428,0.005378624999138992
2025-03-24,6+12,12,448,0.0054939999972702935
2025-03-25,6+12,0,384,0.003374124993570149
2025-03-25,6+12,6,365,0.004722666002635378
2025-03-25,6+12,12,356,0.005082791001768783
2025-03-26,6+12,0,364,0.003070208003919106
2025-03-26,6+12,6,416,0.005008125001040753
2025-03-26,6+12,12,400,0.005241250000835862
2025-03-27,6+12,0,375,0.003199541002686601
2025-03-27,6+12,6,345,0.004753458000777755
2025-03-27,6+12,12,321,0.004556041007163003
2025-03-28,6+12,0,346,0.0032281669991789386
2025-03-28,6+12,6,341,0.004784415999893099
2025-03-28,6+12,12,329,0.004666749999159947
2025-03-29,6+12,0,334,0.0029312499973457307
2025-03-29,6+12,6,347,0.005065833996923175
2025-03-29,6+12,12,313,0.004328249997342937
2025-03-30,6+12,0,364,0.0028843750042142347
2025-03-30,6+12,6,452,0.005962415998510551
2025-03-30,6+12,12,501,0.005417708998720627
2025-03-31,6+12,0,368,0.0029051669989712536
2025-03-31,6+12,6,452,0.005822375002026092
2025-03-31,6+12,12,405,0.005090958999062423
2025-04-01,6+12,0,372,0.003140291002637241
2025-04-01,6+12,6,473,0.005864874998223968
2025-04-01,6+12,12,443,0.00500224999996135
2025-04-02,6+12,0,369,0.0031463330014958046
2025-04-02,6+12,6,496,0.005730165998102166
2025-04-02,6+12,12,455,0.005679041001712903
2025-04-03,6+12,0,379,0.0030883750005159527
2025-04-03,6+12,6,361,0.004642792002414353
2025-04-03,6+12,12,353,0.005160708999028429
2025-04-04,6+12,0,333,0.0028284169966354966
2025-04-04,6+12,6,329,0.00461495899799047
2025-04-04,6+12,12,310,0.005001124998671003
2025-04-05,6+12,0,329,0.0030076249968260527
2025-04-05,6+12,6,346,0.004745750004076399
2025-04-05,6+12,12,397,0.004919749997498002
2025-04-06,6+12,0,368,0.0034393749956507236
2025-04-06,6+12,6,426,0.005296249997627456
2025-04-06,6+12,12,426,0.005175250000320375
2025-04-07,6+12,0,364,0.003310166001028847
2025-04-07,6+12,6,474,0.005779958999482915
2025-04-07,6+12,12,462,0.00507083300180966
2025-04-08,6+12,0,384,0.0030762500027776696
2025-04-08,6+12,6,360,0.004933917000016663
2025-04-08,6+12,12,322,0.004365540997241624
2025-04-09,6+12,0,382,0.0031252080007106997
2025-04-09,6+12,6,386,0.005536415999813471
2025-04-09,6+12,12,327,0.0046094589997665025
2025-04-10,6+12,0,375,0.0029500000018742867
2025-04-10,6+12,6,364,0.00502674999734154
2025-04-10,6+12,12,353,0.004940584003634285
2025-04-11,6+12,0,323,0.0027775839989772066
2025-04-11,6+12,6,291,0.004403749997436535
2025-04-11,6+12,12,296,0.004736499999125954
2025-04-12,6+12,0,353,0.0028742499998770654
2025-04-12,6+12,6,349,0.004644792003091425
2025-04-12,6+12,12,310,0.004663166997488588
2025-04-13,6+12,0,367,0.003225708998797927
2025-04-13,6+12,6,411,0.005236208999122027
2025-04-13,6+12,12,425,0.0049881250015459955
2025-04-14,6+12,0,378,0.003385249998245854
2025-04-14,6+12,6,452,0.005548792003537528
2025-04-14,6+12,12,425,0.0051000839957850985
2025-04-15,6+12,0,364,0.0033736670011421666
2025-04-15,6+12,6,444,0.00535495799704222
2025-04-15,6+12,12,412,0.00482666700554546
2025-04-16,6+12,0,369,0.0031420829982380383
2025-04-16,6+12,6,373,0.0052288330043666065
2025-04-16,6+12,12,376,0.004888540999672841
2025-04-17,6+12,0,368,0.00301137500355253
2025-04-17,6+12,6,359,0.005306084000039846
2025-04-17,6+12,12,353,0.004549999997834675
2025-04-18,6+12,0,331,0.0028710420010611415
2025-04-18,6+12,6,326,0.005074166001577396
2025-04-18,6+12,12,297,0.004743042001791764
2025-04-19,6+12,0,334,0.00273958300385857
2025-04-19,6+12,6,339,0.004750665997562464
2025-04-19,6+12,12,298,0.004764959005115088
2025-04-20,6+12,0,370,0.002979083001264371
2025-04-20,6+12,6,397,0.004782791998877656
2025-04-20,6+12,12,376,0.0050654579972615466
2025-04-21,6+12,0,376,0.0030517089981003664
2025-04-21,6+12,6,439,0.0052582079952117056
2025-04-21,6+12,12,420,0.004761208001582418
2025-04-22,6+12,0,356,0.0032322909974027425
2025-04-22,6+12,6,474,0.005663625001034234
2025-04-22,6+12,12,426,0.005141417001141235
2025-04-23,6+12,0,353,0.003180292005708907
2025-04-23,6+12,6,375,0.0052241250014049
2025-04-23,6+12,12,361,0.004656791999877896
2025-04-24,6+12,0,358,0.00296183299360564
2025-04-24,6+12,6,328,0.005467540999234188
2025-04-24,6+12,12,361,0.004614291996404063
2025-04-25,6+12,0,330,0.002828666001732927
2025-04-25,6+12,6,286,0.004776541994942818
2025-04-25,6+12,12,294,0.004491792002227157
2025-04-26,6+12,0,325,0.0027063329980592243
2025-04-26,6+12,6,339,0.00490166599774966
2025-04-26,6+12,12,307,0.004885666996415239
2025-04-27,6+12,0,359,0.0029848749982193112
2025-04-27,6+12,6,445,0.0053883750006207265
2025-04-27,6+12,12,406,0.005168083000171464
2025-04-28,6+12,0,362,0.003064457996515557
2025-04-28,6+12,6,479,0.0055227080010809
2025-04-28,6+12,12,391,0.0053515420004259795
2025-04-29,6+12,0,365,0.0033134160039480776
2025-04-29,6+12,6,433,0.005190542004129384
2025-04-29,6+12,12,445,0.005295250004564878
2025-04-30,6+12,0,366,0.0030460830021183938
2025-04-30,6+12,6,419,0.005064332995971199
2025-04-30,6+12,12,403,0.00501579100091476
2025-05-01,6+12,0,360,0.003413499995076563
2025-05-01,6+12,6,361,0.00478533300338313
2025-05-01,6+12,12,360,0.004623000000719912
2025-05-02,6+12,0,350,0.0028521660060505383
2025-05-02,6+12,6,344,0.005074041997431777
2025-05-02,6+12,12,306,0.004389084002468735
2025-05-03,6+12,0,343,0.003095000000030268
2025-05-03,6+12,6,348,0.005223708998528309
2025-05-03,6+12,12,314,0.004613791003066581
2025-05-04,6+12,0,378,0.0029197079929872416
2025-05-04,6+12,6,463,0.0058070000013685785
2025-05-04,6+12,12,413,0.005052000000432599
2025-05-05,6+12,0,371,0.0029945420028525405
2025-05-05,6+12,6,413,0.005002915997465607
2025-05-05,6+12,12,394,0.005330708001565654
2025-05-06,6+12,0,358,0.0028768330012098886
2025-05-06,6+12,6,471,0.005489208000653889
2025-05-06,6+12,12,473,0.005554334005864803
2025-05-07,6+12,0,362,0.0030624999999417923
2025-05-07,6+12,6,456,0.005237541001406498
2025-05-07,6+12,12,439,0.00544087500020396
2025-05-08,6+12,0,372,0.0031644589980714954
2025-05-08,6+12,6,362,0.004862125002546236
2025-05-08,6+12,12,368,0.004950083006406203
2025-05-09,6+12,0,349,0.0030634169961558655
2025-05-09,6+12,6,273,0.004407583001011517
2025-05-09,6+12,12,301,0.00443391699809581
2025-05-10,6+12,0,351,0.0030588330046157353
2025-05-10,6+12,6,355,0.005007708001357969
2025-05-10,6+12,12,300,0.004380250000394881
2025-05-11,6+12,0,375,0.0029445840045809746
2025-05-11,6+12,6,461,0.005645083001581952
2025-05-11,6+12,12,405,0.004619749997800682
2025-05-12,6+12,0,371,0.0031753749935887754
2025-05-12,6+12,6,455,0.0056467499962309375
2025-05-12,6+12,12,429,0.00506412500544684
2025-05-13,6+12,0,374,0.0029738750017713755
2025-05-13,6+12,6,339,0.005107791999762412
2025-05-13,6+12,12,373,0.00486179199651815
2025-05-14,6+12,0,368,0.003002833000209648
2025-05-14,6+12,6,408,0.005266874999506399
2025-05-14,6+12,12,320,0.005089790996862575
2025-05-15,6+12,0,373,0.002973167000163812
2025-05-15,6+12,6,343,0.004723999998532236
2025-05-15,6+12,12,322,0.004919334001897369
2025-05-16,6+12,0,334,0.0029742920014541596
2025-05-16,6+12,6,271,0.004272250000212807
2025-05-16,6+12,12,303,0.0046184160019038245
2025-05-17,6+12,0,347,0.003418874999624677
2025-05-17,6+12,6,355,0.0050286249970667996
2025-05-17,6+12,12,309,0.004448542000318412
2025-05-18,6+12,0,372,0.0029846670004189946
2025-05-18,6+12,6,440,0.005844916995556559
2025-05-18,6+12,12,418,0.00514975000260165
2025-05-19,6+12,0,364,0.003144292000797577
2025-05-19,6+12,6,447,0.006083999993279576
2025-05-19,6+12,12,417,0.004929125003400259
2025-05-20,6+12,0,371,0.0030650830012746155
2025-05-20,6+12,6,423,0.005346417005057447
2025-05-20,6+12,12,341,0.004827666998608038
2025-05-21,6+12,0,370,0.003064457996515557
2025-05-21,6+12,6,428,0.005856625000888016
2025-05-21,6+12,12,351,0.004714208000223152
2025-05-22,6+12,0,363,0.0029024579998804256
2025-05-22,6+12,6,344,0.005044541998358909
2025-05-22,6+12,12,337,0.0047416660017916
2025-05-23,6+12,0,340,0.00286137500370387
2025-05-23,6+12,6,277,0.004585040995152667
2025-05-23,6+12,12,306,0.004924291999486741
2025-05-24,6+12,0,335,0.0029208750056568533
2025-05-24,6+12,6,349,0.004654249998566229
2025-05-24,6+12,12,304,0.004403833001560997
2025-05-25,6+12,0,353,0.0035304999983054586
2025-05-25,6+12,6,435,0.005212541000219062
2025-05-25,6+12,12,477,0.0057086250017164275
2025-05-26,6+12,0,370,0.003275458002462983
2025-05-26,6+12,6,410,0.005254167001112364
2025-05-26,6+12,12,373,0.004637291996914428
2025-05-27,6+12,0,363,0.0030137920039123856
2025-05-27,6+12,6,359,0.005306250001012813
2025-05-27,6+12,12,348,0.004770707993884571
2025-05-28,6+12,0,354,0.003075583001191262
2025-05-28,6+12,6,432,0.005492250005772803
2025-05-28,6+12,12,363,0.004549167002551258
2025-05-29,6+12,0,356,0.002924749998783227
2025-05-29,6+12,6,381,0.005501334002474323
2025-05-29,6+12,12,334,0.004594833000737708
2025-05-30,6+12,0,355,0.0028022080005030148
2025-05-30,6+12,6,279,0.00436720899597276
2025-05-30,6+12,12,305,0.00506712499918649
2025-05-31,6+12,0,356,0.002885207999497652
2025-05-31,6+12,6,363,0.004947583001921885
2025-05-31,6+12,12,357,0.005162166999070905
2025-06-01,6+12,0,363,0.0032402919969172217
2025-06-01,6+12,6,452,0.005289374996209517
2025-06-01,6+12,12,387,0.005090708000352606
2025-06-02,6+12,0,365,0.003275540999311488
2025-06-02,6+12,6,448,0.005208792004850693
2025-06-02,6+12,12,409,0.005031958004110493
2025-06-03,6+12,0,353,0.003153082994685974
2025-06-03,6+12,6,389,0.004734041001938749
2025-06-03,6+12,12,339,0.0045702089992119
2025-06-04,6+12,0,366,0.0035376250016270205
2025-06-04,6+12,6,427,0.005370958002458792
2025-06-04,6+12,12,349,0.0046709590023965575
2025-06-05,6+12,0,360,0.003141332999803126
2025-06-05,6+12,6,373,0.005291832996590529
2025-06-05,6+12,12,344,0.004571457997371908
2025-06-06,6+12,0,383,0.003113957995083183
2025-06-06,6+12,6,301,0.0047989590020733885
2025-06-06,6+12,12,321,0.004683957995439414
2025-06-07,6+12,0,382,0.002970375004224479
2025-06-07,6+12,6,392,0.0048754169984022155
2025-06-07,6+12,12,308,0.004904207999061327
2025-06-08,6+12,0,351,0.0029905409974162467
2025-06-08,6+12,6,361,0.005033916997490451
2025-06-08,6+12,12,336,0.0049805410017143
2025-06-09,6+12,0,352,0.0032732499967096373
2025-06-09,6+12,6,341,0.004758374998345971
2025-06-09,6+12,12,322,0.004626207999535836
2025-06-10,6+12,0,357,0.0032679580035619438
2025-06-10,6+12,6,357,0.004756708993227221
2025-06-10,6+12,12,351,0.004688875000283588
2025-06-11,6+12,0,359,0.00334287500299979
2025-06-11,6+12,6,400,0.004845625000598375
2025-06-11,6+12,12,343,0.004510459002631251
2025-06-12,6+12,0,362,0.0032690000007278286
2025-06-12,6+12,6,395,0.005281292003928684
2025-06-12,6+12,12,349,0.004796333996637259
2025-06-13,6+12,0,383,0.003130541001155507
2025-06-13,6+12,6,317,0.004996083996957168
2025-06-13,6+12,12,323,0.0046562499992433
2025-06-14,6+12,0,386,0.0031024589989101514
2025-06-14,6+12,6,375,0.005240833001153078
2025-06-14,6+12,12,323,0.004565625000395812
2025-06-15,6+12,0,359,0.002932916999270674
2025-06-15,6+12,6,356,0.004884542002400849
2025-06-15,6+12,12,327,0.004738083000120241
2025-06-16,6+12,0,358,0.002955374999146443
2025-06-16,6+12,6,385,0.004682375001721084
2025-06-16,6+12,12,337,0.005012250003346708
2025-06-17,6+12,0,356,0.0031361669971374795
2025-06-17,6+12,6,389,0.004816415996174328
2025-06-17,6+12,12,340,0.004756666996399872
2025-06-18,6+12,0,350,0.0034510419936850667
2025-06-18,6+12,6,463,0.005299666998325847
2025-06-18,6+12,12,356,0.004888332994596567
2025-06-19,6+12,0,351,0.0030992079991847277
2025-06-19,6+12,6,367,0.005299332995491568
2025-06-19,6+12,12,345,0.004672959003073629
2025-06-20,6+12,0,370,0.0032074160044430755
2025-06-20,6+12,6,318,0.00488420799956657
2025-06-20,6+12,12,323,0.004400709003675729
2025-06-21,6+12,0,373,0.0029685420013265684
2025-06-21,6+12,6,401,0.005461083994305227
2025-06-21,6+12,12,314,0.0048754999952507205
2025-06-22,6+12,0,350,0.0029762080012005754
2025-06-22,6+12,6,441,0.005195165998884477
2025-06-22,6+12,12,353,0.005257666998659261
2025-06-23,6+12,0,351,0.002906832996814046
2025-06-23,6+12,6,440,0.005085791999590583
2025-06-23,6+12,12,340,0.005027041996072512
2025-06-24,6+12,0,349,0.0029202920050011016
2025-06-24,6+12,6,342,0.004500083996390458
2025-06-24,6+12,12,312,0.00467029200081015
2025-06-25,6+12,0,345,0.003320041003462393
2025-06-25,6+12,6,452,0.0052639999994426034
2025-06-25,6+12,12,347,0.004654500000469852
2025-06-26,6+12,0,353,0.0031461249964195304
2025-06-26,6+12,6,375,0.004924083004880231
2025-06-26,6+12,12,334,0.004739374999189749
2025-06-27,6+12,0,384,0.0030534170000464655
2025-06-27,6+12,6,324,0.0048614580009598285
2025-06-27,6+12,12,334,0.004571666999254376
2025-06-28,6+12,0,384,0.0029935830025351606
2025-06-28,6+12,6,395,0.005386958000599407
2025-06-28,6+12,12,325,0.00445404199854238
2025-06-29,6+12,0,355,0.0029389999981503934
2025-06-29,6+12,6,441,0.005104833006043918
2025-06-29,6+12,12,358,0.005273083996144123
2025-06-30,6+12,0,360,0.0029859589994885027
2025-06-30,6+12,6,342,0.004713750000519212
2025-06-30,6+12,12,328,0.0052284999983385205
2025-07-01,6+12,0,348,0.003164666995871812
2025-07-01,6+12,6,374,0.00486970799829578
2025-07-01,6+12,12,331,0.005072874999314081
2025-07-02,6+12,0,345,0.00306987499789102
2025-07-02,6+12,6,443,0.005246165994321927
2025-07-02,6+12,12,380,0.005014083995774854
2025-07-03,6+12,0,352,0.003221166000002995
2025-07-03,6+12,6,373,0.005178874998819083
2025-07-03,6+12,12,341,0.0048424159977003
2025-07-04,6+12,0,366,0.0030175420033629052
2025-07-04,6+12,6,368,0.005200457999308128
2025-07-04,6+12,12,309,0.004405082996527199
2025-07-05,6+12,0,354,0.003013708999787923
2025-07-05,6+12,6,437,0.005584207996434998
2025-07-05,6+12,12,323,0.0044791670006816275
2025-07-06,6+12,0,342,0.0028099170012865216
2025-07-06,6+12,6,432,0.00558337500115158
2025-07-06,6+12,12,354,0.004647333000320941
2025-07-07,6+12,0,342,0.0028833749965997413
2025-07-07,6+12,6,413,0.005340916002751328
2025-07-07,6+12,12,354,0.005440084001747891
2025-07-08,6+12,0,348,0.0029838330010534264
2025-07-08,6+12,6,409,0.005106791002617683
2025-07-08,6+12,12,365,0.005303332996845711
2025-07-09,6+12,0,352,0.003048208003747277
2025-07-09,6+12,6,421,0.005354125001758803
2025-07-09,6+12,12,356,0.005007917003240436
2025-07-10,6+12,0,338,0.0028812500022468157
2025-07-10,6+12,6,345,0.004868459000135772
2025-07-10,6+12,12,341,0.004825958996661939
2025-07-11,6+12,0,370,0.0033806669962359592
2025-07-11,6+12,6,341,0.0046695410055690445
2025-07-11,6+12,12,317,0.0044865409945487045
2025-07-12,6+12,0,344,0.002917624995461665
2025-07-12,6+12,6,439,0.0050982909961021505
2025-07-12,6+12,12,316,0.00446991700300714
2025-07-13,6+12,0,347,0.003097332999459468
2025-07-13,6+12,6,345,0.005103874995256774
2025-07-13,6+12,12,316,0.004531958998995833
2025-07-14,6+12,0,341,0.0028459579989430495
2025-07-14,6+12,6,387,0.005404292001912836
2025-07-14,6+12,12,338,0.004717333002190571
2025-07-15,6+12,0,332,0.0029712920004385523
2025-07-15,6+12,6,312,0.004791667000972666
2025-07-15,6+12,12,298,0.005016582996177021
2025-07-16,6+12,0,333,0.002782292001938913
2025-07-16,6+12,6,319,0.004575541002850514
2025-07-16,6+12,12,307,0.004824083000130486
2025-07-17,6+12,0,346,0.002911500007030554
2025-07-17,6+12,6,340,0.004532416998699773
2025-07-17,6+12,12,332,0.00486908400489483
2025-07-18,6+12,0,362,0.0031311659986386076
2025-07-18,6+12,6,389,0.005420875000709202
2025-07-18,6+12,12,328,0.004581999994115904
2025-07-19,6+12,0,363,0.003029540996067226
2025-07-19,6+12,6,365,0.005419875000370666
2025-07-19,6+12,12,335,0.004478000002563931
2025-07-20,6+12,0,338,0.003080958005739376
2025-07-20,6+12,6,337,0.005290166998747736
2025-07-20,6+12,12,319,0.004494042004807852
2025-07-21,6+12,0,337,0.0028355000031297095
2025-07-21,6+12,6,306,0.004655582997656893
2025-07-21,6+12,12,309,0.005120249996252824
2025-07-22,6+12,0,314,0.002772540996375028
2025-07-22,6+12,6,351,0.005095957996672951
2025-07-22,6+12,12,307,0.004886290997092146
2025-07-23,6+12,0,314,0.0029821669959346764
2025-07-23,6+12,6,291,0.004419292003149167
2025-07-23,6+12,12,294,0.004461999997147359
2025-07-24,6+12,0,311,0.003328042002976872
2025-07-24,6+12,6,301,0.0044688330017379485
2025-07-24,6+12,12,297,0.004694666997238528
2025-07-25,6+12,0,334,0.0030431670020334423
2025-07-25,6+12,6,394,0.005317000002833083
2025-07-25,6+12,12,336,0.00467916700290516
2025-07-26,6+12,0,357,0.0029114589997334406
2025-07-26,6+12,6,385,0.005144708004081622
2025-07-26,6+12,12,345,0.004474250003113411
2025-07-27,6+12,0,322,0.002797583998471964
2025-07-27,6+12,6,318,0.005206999994697981
2025-07-27,6+12,12,312,0.004670250003982801
2025-07-28,6+12,0,318,0.0027824589997180738
2025-07-28,6+12,6,398,0.004994082999473903
2025-07-28,6+12,12,314,0.005436207997263409
2025-07-29,6+12,0,301,0.002829999997629784
2025-07-29,6+12,6,398,0.00494391599931987
2025-07-29,6+12,12,302,0.00479224999435246
2025-07-30,6+12,0,312,0.0028665419958997518
2025-07-30,6+12,6,393,0.005038791001425125
2025-07-30,6+12,12,328,0.004534667001280468
2025-07-31,6+12,0,317,0.003059334005229175
2025-07-31,6+12,6,326,0.0048017919980338775
2025-07-31,6+12,12,312,0.004819207999389619
2025-08-01,6+12,0,338,0.0030341250021592714
2025-08-01,6+12,6,323,0.0049499160013510846
2025-08-01,6+12,12,333,0.00448133399913786
2025-08-02,6+12,0,367,0.0029806250022375025
2025-08-02,6+12,6,386,0.0053489159981836565
2025-08-02,6+12,12,332,0.0048744590021669865
2025-08-03,6+12,0,329,0.002750416999333538
2025-08-03,6+12,6,331,0.004984709004929755
2025-08-03,6+12,12,295,0.00462337499629939
2025-08-04,6+12,0,330,0.0027228749968344346
2025-08-04,6+12,6,302,0.0047950000007404014
2025-08-04,6+12,12,293,0.004782457996043377
2025-08-05,6+12,0,337,0.0027525830009835772
2025-08-05,6+12,6,317,0.004580166001687758
2025-08-05,6+12,12,299,0.0048969589988701046
2025-08-06,6+12,0,335,0.0028882909973617643
2025-08-06,6+12,6,379,0.005017249997763429
2025-08-06,6+12,12,311,0.004572290999931283
2025-08-07,6+12,0,331,0.003085665994149167
2025-08-07,6+12,6,312,0.004763292003190145
2025-08-07,6+12,12,309,0.004556542000500485
2025-08-08,6+12,0,344,0.00301904200023273
2025-08-08,6+12,6,289,0.004739875002996996
2025-08-08,6+12,12,315,0.004843749993597157
2025-08-09,6+12,0,349,0.0027892090001842007
2025-08-09,6+12,6,348,0.0052131670017843135
2025-08-09,6+12,12,318,0.0046171249996405095
2025-08-10,6+12,0,341,0.0029508750012610108
2025-08-10,6+12,6,288,0.0044728330030920915
2025-08-10,6+12,12,297,0.004865499999141321
2025-08-11,6+12,0,345,0.0029550409963121638
2025-08-11,6+12,6,335,0.004719083997770213
2025-08-11,6+12,12,321,0.005248833003861364
2025-08-12,6+12,0,332,0.003026332997251302
2025-08-12,6+12,6,322,0.004826666998269502
2025-08-12,6+12,12,313,0.004767792001075577
2025-08-13,6+12,0,340,0.003230333997635171
2025-08-13,6+12,6,382,0.005029459003708325
2025-08-13,6+12,12,330,0.0046103330023470335
2025-08-14,6+12,0,342,0.0027866659947903827
2025-08-14,6+12,6,312,0.0052271669992478564
2025-08-14,6+12,12,296,0.004284624999854714
2025-08-15,6+12,0,376,0.002923082996858284
2025-08-15,6+12,6,297,0.004919999999401625
2025-08-15,6+12,12,320,0.004562499998428393
2025-08-16,6+12,0,361,0.0028513750003185123
2025-08-16,6+12,6,360,0.004703208003775217
2025-08-16,6+12,12,323,0.004850999997870531
2025-08-17,6+12,0,344,0.0028575420001288876
2025-08-17,6+12,6,309,0.004677083001297433
2025-08-17,6+12,12,303,0.005133792001288384
2025-08-18,6+12,0,344,0.0028827499991166405
2025-08-18,6+12,6,316,0.004583374997309875
2025-08-18,6+12,12,295,0.004608415998518467
2025-08-19,6+12,0,344,0.0029855000029783696
2025-08-19,6+12,6,333,0.0049303329942631535
2025-08-19,6+12,12,314,0.00454970800637966
2025-08-20,6+12,0,343,0.0030440420014201663
2025-08-20,6+12,6,381,0.005186916001548525
2025-08-20,6+12,12,304,0.004546124997432344
2025-08-21,6+12,0,345,0.0029738750017713755
2025-08-21,6+12,6,308,0.004847959004109725
2025-08-21,6+12,12,304,0.0043548339963308536
2025-08-22,6+12,0,355,0.0027434579969849437
2025-08-22,6+12,6,291,0.004913958000543062
2025-08-22,6+12,12,319,0.004762333002872765
2025-08-23,6+12,0,348,0.0027699170022970065
2025-08-23,6+12,6,356,0.004763334000017494
2025-08-23,6+12,12,331,0.004768332997628022
2025-08-24,6+12,0,336,0.0028586249973159283
2025-08-24,6+12,6,372,0.004775957997480873
2025-08-24,6+12,12,347,0.005058458002167754
2025-08-25,6+12,0,362,0.00312987500365125
2025-08-25,6+12,6,300,0.004534667001280468
2025-08-25,6+12,12,304,0.004508749996603001
2025-08-26,6+12,0,332,0.0030629589964519255
2025-08-26,6+12,6,385,0.0049836670004879124
2025-08-26,6+12,12,317,0.004436041999724694
2025-08-27,6+12,0,350,0.0028629160005948506
2025-08-27,6+12,6,402,0.0051924580038757995
2025-08-27,6+12,12,306,0.004335624995292164
2025-08-28,6+12,0,340,0.003077082998061087
2025-08-28,6+12,6,324,0.005150875003891997
2025-08-28,6+12,12,320,0.00457395899866242
2025-08-29,6+12,0,364,0.0028059169999323785
2025-08-29,6+12,6,369,0.00484645800315775
2025-08-29,6+12,12,323,0.004899417006527074
2025-08-30,6+12,0,360,0.002897166006732732
2025-08-30,6+12,6,366,0.004600541993568186
2025-08-30,6+12,12,317,0.004778124995937105
2025-08-31,6+12,0,343,0.0028257500016479753
2025-08-31,6+12,6,383,0.004931582996505313
2025-08-31,6+12,12,306,0.004807874996913597
2025-09-01,6+12,0,351,0.0032380000047851354
2025-09-01,6+12,6,313,0.004488958998990711
2025-09-01,6+12,12,299,0.004395000003569294
2025-09-02,6+12,0,345,0.0029804580044583417
2025-09-02,6+12,6,330,0.0052276249989517964
2025-09-02,6+12,12,300,0.00453570900572231
2025-09-03,6+12,0,342,0.0028761249996023253
2025-09-03,6+12,6,376,0.005088208003144246
2025-09-03,6+12,12,321,0.004361292005341966
2025-09-04,6+12,0,339,0.0027737089985748753
2025-09-04,6+12,6,300,0.004639291997591499
2025-09-04,6+12,12,305,0.00476129100570688
2025-09-05,6+12,0,340,0.00302995799575001
2025-09-05,6+12,6,283,0.00434691699774703
2025-09-05,6+12,12,313,0.004465708996576723
2025-09-06,6+12,0,343,0.003041957999812439
2025-09-06,6+12,6,366,0.004805875003512483
2025-09-06,6+12,12,312,0.004702375001215842
2025-09-07,6+12,0,337,0.0033018329995684326
2025-09-07,6+12,6,398,0.005359916998713743
2025-09-07,6+12,12,306,0.004463041004783008
2025-09-08,6+12,0,334,0.0029742910046479665
2025-09-08,6+12,6,324,0.005156167004315648
2025-09-08,6+12,12,315,0.0044679999991785735
2025-09-09,6+12,0,325,0.0029689160000998527
2025-09-09,6+12,6,397,0.005406459000369068
2025-09-09,6+12,12,320,0.004677999997511506
2025-09-10,6+12,0,339,0.002912083000410348
2025-09-10,6+12,6,391,0.004894999998214189
2025-09-10,6+12,12,338,0.004841458001465071
2025-09-11,6+12,0,335,0.002857874998881016
2025-09-11,6+12,6,316,0.00444233299640473
2025-09-11,6+12,12,305,0.004584041998896282
2025-09-12,6+12,0,341,0.00288258300133748
2025-09-12,6+12,6,288,0.00443716599693289
2025-09-12,6+12,12,323,0.004656750003050547
2025-09-13,6+12,0,342,0.0035039159993175417
2025-09-13,6+12,6,352,0.004777041001943871
2025-09-13,6+12,12,317,0.00449016600032337
2025-09-14,6+12,0,343,0.002972958995087538
2025-09-14,6+12,6,331,0.004845417002798058
2025-09-14,6+12,12,311,0.0043847920023836195
2025-09-15,6+12,0,341,0.0028608339998754673
2025-09-15,6+12,6,391,0.0057634580007288605
2025-09-15,6+12,12,342,0.004691541995271109
2025-09-16,6+12,0,363,0.0031183750033960678
2025-09-16,6+12,6,325,0.005139875000168104
2025-09-16,6+12,12,318,0.004824750001716893
2025-09-17,6+12,0,353,0.0029645829999935813
2025-09-17,6+12,6,332,0.004547583004750777
2025-09-17,6+12,12,331,0.004658624995499849
2025-09-18,6+12,0,356,0.0030962499949964695
2025-09-18,6+12,6,348,0.004955166994477622
2025-09-18,6+12,12,321,0.004985999999917112
2025-09-19,6+12,0,348,0.003046833000553306
2025-09-19,6+12,6,296,0.004415374998643529
2025-09-19,6+12,12,316,0.004468624996661674
2025-09-20,6+12,0,344,0.003133958001853898
2025-09-20,6+12,6,363,0.00474329199641943
2025-09-20,6+12,12,330,0.004521792005107272
2025-09-21,6+12,0,365,0.003016915994521696
2025-09-21,6+12,6,364,0.0049518749947310425
2025-09-21,6+12,12,311,0.00442299999849638
2025-09-22,6+12,0,370,0.003013749999809079
2025-09-22,6+12,6,432,0.005708208998839837
2025-09-22,6+12,12,412,0.004991333000361919
2025-09-23,6+12,0,366,0.0029515409987652674
2025-09-23,6+12,6,335,0.004763249999086838
2025-09-23,6+12,12,313,0.004699000004620757
2025-09-24,6+12,0,354,0.002869083000405226
2025-09-24,6+12,6,400,0.004879708001681138
2025-09-24,6+12,12,364,0.00489095899683889
2025-09-25,6+12,0,374,0.0032412500004284084
2025-09-25,6+12,6,367,0.004831250000279397
2025-09-25,6+12,12,319,0.00501720800093608
2025-09-26,6+12,0,374,0.0029847909972886555
2025-09-26,6+12,6,300,0.00474795899935998
2025-09-26,6+12,12,321,0.004549375000351574
2025-09-27,6+12,0,344,0.0032758340021246113
2025-09-27,6+12,6,360,0.004963542000041343
2025-09-27,6+12,12,360,0.004681790996983182
2025-09-28,6+12,0,369,0.0030557499994756654
2025-09-28,6+12,6,376,0.005351583000447135
2025-09-28,6+12,12,361,0.004678916004195344
2025-09-29,6+12,0,376,0.0031463330014958046
2025-09-29,6+12,6,363,0.0052322079936857335
2025-09-29,6+12,12,355,0.004786791003425606
2025-09-30,6+12,0,373,0.0029425839966279455
2025-09-30,6+12,6,471,0.00600891700014472
2025-09-30,6+12,12,439,0.0051305829983903095
2025-10-01,6+12,0,368,0.003076707995205652
2025-10-01,6+12,6,340,0.004622667001967784
2025-10-01,6+12,12,317,0.005139958004292566
2025-10-02,6+12,0,366,0.003072416002396494
2025-10-02,6+12,6,356,0.004803041993000079
2025-10-02,6+12,12,349,0.004990041998098604
2025-10-03,6+12,0,341,0.003010583001014311
2025-10-03,6+12,6,339,0.004678707999119069
2025-10-03,6+12,12,317,0.004489083003136329
2025-10-04,6+12,0,375,0.003354917003889568
2025-10-04,6+12,6,385,0.004985167004633695
2025-10-04,6+12,12,463,0.005333499997504987
2025-10-05,6+12,0,378,0.00362587500421796
2025-10-05,6+12,6,398,0.004850874996918719
2025-10-05,6+12,12,360,0.004633209005987737
2025-10-06,6+12,0,356,0.0030870839982526377
2025-10-06,6+12,6,485,0.006034209000063129
2025-10-06,6+12,12,457,0.0051023330015596
2025-10-07,6+12,0,373,0.0030904999948688783
2025-10-07,6+12,6,349,0.004897707993222866
2025-10-07,6+12,12,331,0.004439374999492429
2025-10-08,6+12,0,368,0.002956625001388602
2025-10-08,6+12,6,461,0.0062468329997500405
2025-10-08,6+12,12,452,0.005083208001451567
2025-10-09,6+12,0,360,0.002944125000794884
2025-10-09,6+12,6,346,0.004917959005979355
2025-10-09,6+12,12,343,0.004789833001268562
2025-10-10,6+12,0,355,0.0028823329994338565
2025-10-10,6+12,6,320,0.004648250003810972
2025-10-10,6+12,12,313,0.0047002919964143075
2025-10-11,6+12,0,356,0.0031172499948297627
2025-10-11,6+12,6,353,0.004743208999570925
2025-10-11,6+12,12,385,0.005442582994874101
2025-10-12,6+12,0,374,0.0031348329939646646
2025-10-12,6+12,6,456,0.005370917002437636
2025-10-12,6+12,12,410,0.005095583001093473
2025-10-13,6+12,0,368,0.003463749999355059
2025-10-13,6+12,6,421,0.005164458001672756
2025-10-13,6+12,12,401,0.0049347079984727316
2025-10-14,6+12,0,369,0.0034735419976641424
2025-10-14,6+12,6,447,0.005433957994682714
2025-10-14,6+12,12,450,0.005153792000783142
2025-10-15,6+12,0,372,0.003351125000335742
2025-10-15,6+12,6,469,0.005456582999613602
2025-10-15,6+12,12,458,0.005032833003497217
2025-10-16,6+12,0,371,0.0031862090036156587
2025-10-16,6+12,6,381,0.005120540998177603
2025-10-16,6+12,12,354,0.004470667001442052
2025-10-17,6+12,0,337,0.0028257500016479753
2025-10-17,6+12,6,342,0.004987457999959588
2025-10-17,6+12,12,326,0.004473000000871252
2025-10-18,6+12,0,366,0.002933790994575247
2025-10-18,6+12,6,365,0.005082000003312714
2025-10-18,6+12,12,409,0.005464125002617948
2025-10-19,6+12,0,368,0.0032177920002141036
2025-10-19,6+12,6,457,0.005374874999688473
2025-10-19,6+12,12,410,0.005184666995774023
2025-10-20,6+12,0,364,0.0030740410002181306
2025-10-20,6+12,6,356,0.004784541997651104
2025-10-20,6+12,12,319,0.005029458996432368
2025-10-21,6+12,0,363,0.0030412080013775267
2025-10-21,6+12,6,395,0.0048606249984004535
2025-10-21,6+12,12,354,0.004876833001617342
2025-10-22,6+12,0,372,0.003340333998494316
2025-10-22,6+12,6,489,0.00550729099632008
2025-10-22,6+12,12,457,0.005131833000632469
2025-10-23,6+12,0,373,0.003546457999618724
2025-10-23,6+12,6,391,0.0048681250045774505
2025-10-23,6+12,12,334,0.00460404199839104
2025-10-24,6+12,0,353,0.002911167001002468
2025-10-24,6+12,6,354,0.005240874997980427
2025-10-24,6+12,12,346,0.004488625003432389
2025-10-25,6+12,0,375,0.002976667004986666
2025-10-25,6+12,6,380,0.005240124999545515
2025-10-25,6+12,12,380,0.0049302499974146485
2025-10-26,6+12,0,367,0.003016750000824686
2025-10-26,6+12,6,469,0.0057233750048908405
2025-10-26,6+12,12,449,0.005283500002406072
2025-10-27,6+12,0,363,0.0031172500021057203
2025-10-27,6+12,6,499,0.005581750003329944
2025-10-27,6+12,12,463,0.00524487499933457
2025-10-28,6+12,0,368,0.0029573749998235144
2025-10-28,6+12,6,412,0.0052272089960752055
2025-10-28,6+12,12,373,0.00529225000354927
2025-10-29,6+12,0,369,0.0029807909959345125
2025-10-29,6+12,6,445,0.005234583004494198
2025-10-29,6+12,12,473,0.0056105000039679
2025-10-30,6+12,0,366,0.0029969579991302453
2025-10-30,6+12,6,356,0.004505874996539205
2025-10-30,6+12,12,330,0.005028416999266483
2025-10-31,6+12,0,373,0.0033248749969061464
2025-10-31,6+12,6,367,0.0048322500006179325
2025-10-31,6+12,12,360,0.004707291001977865
2025-11-01,6+12,0,372,0.003505125001538545
2025-11-01,6+12,6,358,0.0047793339981581084
2025-11-01,6+12,12,386,0.004883583002083469
2025-11-02,6+12,0,383,0.0030624999999417923
2025-11-02,6+12,6,523,0.00597929200012004
2025-11-02,6+12,12,451,0.004935916993417777
2025-11-03,6+12,0,372,0.003417375002754852
2025-11-03,6+12,6,475,0.006119375000707805
2025-11-03,6+12,12,457,0.005037165996327531
2025-11-04,6+12,0,358,0.0029782090059597977
2025-11-04,6+12,6,516,0.006121082995377947
2025-11-04,6+12,12,433,0.0051876249999622814
2025-11-05,6+12,0,365,0.0031540410054731183
2025-11-05,6+12,6,475,0.005652250001730863
2025-11-05,6+12,12,528,0.00595449999673292
2025-11-06,6+12,0,370,0.0030628750027972274
2025-11-06,6+12,6,446,0.0053197079978417605
2025-11-06,6+12,12,375,0.004969583998899907
2025-11-07,6+12,0,380,0.0030065840037423186
2025-11-07,6+12,6,395,0.005460167005367111
2025-11-07,6+12,12,374,0.005003708000003826
2025-11-08,6+12,0,370,0.0031299579932237975
2025-11-08,6+12,6,379,0.004850041004829109
2025-11-08,6+12,12,417,0.005415334002464078
2025-11-09,6+12,0,373,0.003023000004759524
2025-11-09,6+12,6,482,0.0053579589948640205
2025-11-09,6+12,12,525,0.006006333998811897
2025-11-10,6+12,0,364,0.0030696670000907034
2025-11-10,6+12,6,527,0.005903249999391846
2025-11-10,6+12,12,450,0.00537720800639363
2025-11-11,6+12,0,368,0.003086999997321982
2025-11-11,6+12,6,356,0.004518250003457069
2025-11-11,6+12,12,342,0.005189666997466702
2025-11-12,6+12,0,362,0.003034792003745679
2025-11-12,6+12,6,492,0.005417083004431333
2025-11-12,6+12,12,432,0.005013166002754588
2025-11-13,6+12,0,372,0.003537541997502558
2025-11-13,6+12,6,433,0.004908666996925604
2025-11-13,6+12,12,384,0.004822542003239505
2025-11-14,6+12,0,370,0.003360540998983197
2025-11-14,6+12,6,371,0.0050896669999929145
2025-11-14,6+12,12,357,0.00456179199682083
2025-11-15,6+12,0,378,0.0031738749967189506
2025-11-15,6+12,6,385,0.0052975420039729215
2025-11-15,6+12,12,404,0.004735750000691041
2025-11-16,6+12,0,388,0.0030669999978272244
2025-11-16,6+12,6,529,0.006191541004227474
2025-11-16,6+12,12,551,0.0059113749957759865
2025-11-17,6+12,0,363,0.003336042005685158
2025-11-17,6+12,6,392,0.0052936669962946326
2025-11-17,6+12,12,333,0.004519875001278706
2025-11-18,6+12,0,358,0.0030166659998940304
2025-11-18,6+12,6,483,0.005981416994472966
2025-11-18,6+12,12,552,0.006196166003064718
2025-11-19,6+12,0,369,0.0030862499988870695
2025-11-19,6+12,6,522,0.00640900000144029
2025-11-19,6+12,12,555,0.005981707996397745
2025-11-20,6+12,0,370,0.0031887500008451752
2025-11-20,6+12,6,430,0.00539345799916191
2025-11-20,6+12,12,377,0.004924416003632359
2025-11-21,6+12,0,373,0.003170582996972371
2025-11-21,6+12,6,399,0.005103417002828792
2025-11-21,6+12,12,368,0.005085875003715046
2025-11-22,6+12,0,374,0.0029767079977318645
2025-11-22,6+12,6,390,0.005176500002562534
2025-11-22,6+12,12,432,0.0056211249975604005
2025-11-23,6+12,0,370,0.0031060829933267087
2025-11-23,6+12,6,534,0.005644124998070765
2025-11-23,6+12,12,523,0.0058685000039986335
2025-11-24,6+12,0,367,0.0030539170038537122
2025-11-24,6+12,6,437,0.005181166998227127
2025-11-24,6+12,12,376,0.005135500003234483
2025-11-25,6+12,0,362,0.00327287500113016
2025-11-25,6+12,6,479,0.005262999999104068
2025-11-25,6+12,12,450,0.005494791999808513
2025-11-26,6+12,0,366,0.0031488329987041652
2025-11-26,6+12,6,482,0.005410124998888932
2025-11-26,6+12,12,540,0.006340792002447415
2025-11-27,6+12,0,370,0.003118332999292761
2025-11-27,6+12,6,420,0.004803208001249004
2025-11-27,6+12,12,379,0.004702999998698942
2025-11-28,6+12,0,378,0.003649291000328958
2025-11-28,6+12,6,404,0.005050708001363091
2025-11-28,6+12,12,358,0.004716124996775761
2025-11-29,6+12,0,377,0.0035709579969989136
2025-11-29,6+12,6,414,0.005137416999787092
2025-11-29,6+12,12,458,0.005189875002542976
2025-11-30,6+12,0,377,0.0032455830005346797
2025-11-30,6+12,6,529,0.006095542004914023
2025-11-30,6+12,12,548,0.005625999998301268
2025-12-01,6+12,0,359,0.003082750001340173
2025-12-01,6+12,6,432,0.005431208002846688
2025-12-01,6+12,12,368,0.004530666003120132
2025-12-02,6+12,0,365,0.003216666998923756
2025-12-02,6+12,6,511,0.005833249997522216
2025-12-02,6+12,12,488,0.005635749999783002
2025-12-03,6+12,0,358,0.0030035419986234047
2025-12-03,6+12,6,522,0.0060308750034892
2025-12-03,6+12,12,509,0.005778667000413407
2025-12-04,6+12,0,350,0.0029649999996763654
2025-12-04,6+12,6,402,0.0052384999944479205
2025-12-04,6+12,12,356,0.004790582999703474
2025-12-05,6+12,0,373,0.0030269999988377094
2025-12-05,6+12,6,437,0.005252167000435293
2025-12-05,6+12,12,422,0.005352874999516644
2025-12-06,6+12,0,387,0.003270583001722116
2025-12-06,6+12,6,440,0.005183375003980473
2025-12-06,6+12,12,478,0.005640000003040768
2025-12-07,6+12,0,351,0.003030625004612375
2025-12-07,6+12,6,466,0.005693749997590203
2025-12-07,6+12,12,511,0.005921666001086123
2025-12-08,6+12,0,357,0.002973290997033473
2025-12-08,6+12,6,437,0.004959666002832819
2025-12-08,6+12,12,359,0.00531129099545069
2025-12-09,6+12,0,347,0.0029780000040773302
2025-12-09,6+12,6,392,0.004812375002074987
2025-12-09,6+12,12,358,0.004721375000372063
2025-12-10,6+12,0,341,0.0033844589997897856
2025-12-10,6+12,6,451,0.005280292003590148
2025-12-10,6+12,12,390,0.004812708000827115
2025-12-11,6+12,0,353,0.0032843750013853423
2025-12-11,6+12,6,391,0.004894334000709932
2025-12-11,6+12,12,351,0.0045948329934617504
2025-12-12,6+12,0,372,0.0033570830055396073
2025-12-12,6+12,6,386,0.00553345800290117
2025-12-12,6+12,12,327,0.004589249998389278
2025-12-13,6+12,0,386,0.0031503749996772967
2025-12-13,6+12,6,449,0.0057570830031181686
2025-12-13,6+12,12,475,0.005506958004843909
2025-12-14,6+12,0,351,0.0029752499976893887
2025-12-14,6+12,6,469,0.005548417000682093
2025-12-14,6+12,12,414,0.004684166997321881
2025-12-15,6+12,0,339,0.002932708004664164
2025-12-15,6+12,6,520,0.006361457999446429
2025-12-15,6+12,12,541,0.005709666002076119
2025-12-16,6+12,0,345,0.002983582999149803
2025-12-16,6+12,6,409,0.005233750001934823
2025-12-16,6+12,12,348,0.005137874999491032
2025-12-17,6+12,0,351,0.0029137919991626404
2025-12-17,6+12,6,480,0.005718500004149973
2025-12-17,6+12,12,526,0.006268167002417613
2025-12-18,6+12,0,348,0.0029888339995522983
2025-12-18,6+12,6,425,0.0051884580025216565
2025-12-18,6+12,12,369,0.0051517079991754144
2025-12-19,6+12,0,375,0.0030266249959822744
2025-12-19,6+12,6,444,0.005315916001563892
2025-12-19,6+12,12,456,0.005568667002080474
2025-12-20,6+12,0,378,0.003281792000052519
2025-12-20,6+12,6,434,0.005113332998007536
2025-12-20,6+12,12,462,0.005879541997273918
2025-12-21,6+12,0,354,0.003124167000351008
2025-12-21,6+12,6,506,0.005497708996699657
2025-12-21,6+12,12,523,0.006446041996241547
2025-12-22,6+12,0,356,0.003116624997346662
2025-12-22,6+12,6,464,0.004979415993147995
2025-12-22,6+12,12,396,0.005045750003773719
2025-12-23,6+12,0,347,0.003371791994140949
2025-12-23,6+12,6,418,0.0049163329967996106
2025-12-23,6+12,12,370,0.004810874997929204
2025-12-24,6+12,0,334,0.0031612910024705343
2025-12-24,6+12,6,412,0.0049509169984958135
2025-12-24,6+12,12,366,0.004715041002782527
2025-12-25,6+12,0,339,0.002965374995255843
2025-12-25,6+12,6,435,0.005753291996370535
2025-12-25,6+12,12,368,0.004596124999807216
2025-12-26,6+12,0,376,0.0031730419941595756
2025-12-26,6+12,6,419,0.005242915998678654
2025-12-26,6+12,12,435,0.005099292000522837
2025-12-27,6+12,0,380,0.003154416997858789
2025-12-27,6+12,6,424,0.0056264160011778586
2025-12-27,6+12,12,455,0.005476500002259854
2025-12-28,6+12,0,343,0.0029640840002684854
2025-12-28,6+12,6,507,0.005917750000662636
2025-12-28,6+12,12,512,0.005828708002809435
2025-12-29,6+12,0,342,0.002943374995084014
2025-12-29,6+12,6,518,0.006119208002928644
2025-12-29,6+12,12,492,0.005684833995474037
2025-12-30,6+12,0,336,0.002917042002081871
2025-12-30,6+12,6,489,0.005821916995046195
2025-12-30,6+12,12,457,0.005638041999191046
2025-12-31,6+12,0,353,0.0030831669937469997
2025-12-31,6+12,6,452,0.005473791999975219
2025-12-31,6+12,12,524,0.006267374999879394
2025-01-01,6+18,0,260,0.0029893329992773943
2025-01-01,6+18,6,388,0.005022334000386763
2025-01-01,6+18,18,327,0.0050349999946774915
2025-01-02,6+18,0,357,0.0030830420000711456
2025-01-02,6+18,6,499,0.00556591700296849
2025-01-02,6+18,18,545,0.006208500002685469
2025-01-03,6+18,0,351,0.003055000001040753
2025-01-03,6+18,6,407,0.004958249999617692
2025-01-03,6+18,18,343,0.0052213329981896095
2025-01-04,6+18,0,352,0.0031094590012799017
2025-01-04,6+18,6,409,0.00496795900107827
2025-01-04,6+18,18,350,0.00454037500458071
2025-01-05,6+18,0,379,0.0036564579932019114
2025-01-05,6+18,6,509,0.005512707997695543
2025-01-05,6+18,18,491,0.005373499996494502
2025-01-06,6+18,0,354,0.0033472089999122545
2025-01-06,6+18,6,486,0.005665833996317815
2025-01-06,6+18,18,543,0.005842040998686571
2025-01-07,6+18,0,361,0.003165166999679059
2025-01-07,6+18,6,527,0.005957332999969367
2025-01-07,6+18,18,529,0.005710541998269036
2025-01-08,6+18,0,344,0.0034878340011346154
2025-01-08,6+18,6,468,0.0056569590014987625
2025-01-08,6+18,18,561,0.005903250006667804
2025-01-09,6+18,0,352,0.0029722499966737814
2025-01-09,6+18,6,496,0.005892166002013255
2025-01-09,6+18,18,480,0.005291749999742024
2025-01-10,6+18,0,384,0.003333042004669551
2025-01-10,6+18,6,410,0.005596916998911183
2025-01-10,6+18,18,365,0.004541832997347228
2025-01-11,6+18,0,382,0.0030403749988181517
2025-01-11,6+18,6,417,0.005644166005367879
2025-01-11,6+18,18,448,0.005041374999564141
2025-01-12,6+18,0,345,0.002925583001342602
2025-01-12,6+18,6,468,0.0056575829948997125
2025-01-12,6+18,18,477,0.005664000003889669
2025-01-13,6+18,0,355,0.003178875005687587
2025-01-13,6+18,6,461,0.005745957998442464
2025-01-13,6+18,18,539,0.005738374995416962
2025-01-14,6+18,0,345,0.002952458002255298
2025-01-14,6+18,6,503,0.005759250001574401
2025-01-14,6+18,18,501,0.005729708995204419
2025-01-15,6+18,0,362,0.0030477089967462234
2025-01-15,6+18,6,522,0.005633458000374958
2025-01-15,6+18,18,534,0.00634666699625086
2025-01-16,6+18,0,357,0.0029762079939246178
2025-01-16,6+18,6,502,0.005661291994329076
2025-01-16,6+18,18,453,0.005677249995642342
2025-01-17,6+18,0,376,0.0030587080036639236
2025-01-17,6+18,6,396,0.004931333001877647
2025-01-17,6+18,18,382,0.005160416003491264
2025-01-18,6+18,0,377,0.0032623750012135133
2025-01-18,6+18,6,427,0.005173709003429394
2025-01-18,6+18,18,459,0.0056391249963780865
2025-01-19,6+18,0,353,0.003189832998032216
2025-01-19,6+18,6,499,0.005498833997990005
2025-01-19,6+18,18,512,0.006007874995702878
2025-01-20,6+18,0,354,0.002997417002916336
2025-01-20,6+18,6,512,0.005565749997913372
2025-01-20,6+18,18,504,0.006048208997526672
2025-01-21,6+18,0,353,0.0029677080019610003
2025-01-21,6+18,6,440,0.005260790996544529
2025-01-21,6+18,18,497,0.00628070899983868
2025-01-22,6+18,0,353,0.003073541993217077
2025-01-22,6+18,6,511,0.005351499996322673
2025-01-22,6+18,18,525,0.0056174999990616925
2025-01-23,6+18,0,351,0.0031634580009267665
2025-01-23,6+18,6,481,0.005443292000563815
2025-01-23,6+18,18,451,0.004952875002345536
2025-01-24,6+18,0,380,0.003233791998354718
2025-01-24,6+18,6,390,0.004863834001298528
2025-01-24,6+18,18,361,0.004745250000269152
2025-01-25,6+18,0,383,0.00316979200579226
2025-01-25,6+18,6,433,0.005938333000813145
2025-01-25,6+18,18,418,0.004827541997656226
2025-01-26,6+18,0,354,0.003073292005865369
2025-01-26,6+18,6,489,0.0060765000016544946
2025-01-26,6+18,18,499,0.0053600000028382055
2025-01-27,6+18,0,356,0.003083374998823274
2025-01-27,6+18,6,481,0.006327417002466973
2025-01-27,6+18,18,477,0.0052504170016618446
2025-01-28,6+18,0,365,0.0030045419989619404
2025-01-28,6+18,6,501,0.006008958000165876
2025-01-28,6+18,18,491,0.005419833003543317
2025-01-29,6+18,0,366,0.0030053750015213154
2025-01-29,6+18,6,483,0.005877374998817686
2025-01-29,6+18,18,474,0.005361457995604724
2025-01-30,6+18,0,363,0.003133250000246335
2025-01-30,6+18,6,488,0.006044499998097308
2025-01-30,6+18,18,414,0.005018416995881125
2025-01-31,6+18,0,377,0.0030175409992807545
2025-01-31,6+18,6,405,0.00535712500277441
2025-01-31,6+18,18,358,0.005016208997403737
2025-02-01,6+18,0,377,0.0030580829989048652
2025-02-01,6+18,6,403,0.004898125000181608
2025-02-01,6+18,18,395,0.004992082998796832
2025-02-02,6+18,0,352,0.003133250000246335
2025-02-02,6+18,6,455,0.005430290999356657
2025-02-02,6+18,18,426,0.0054579999996349216
2025-02-03,6+18,0,358,0.003107083000941202
2025-02-03,6+18,6,441,0.005189000003156252
2025-02-03,6+18,18,465,0.0058681669979705475
2025-02-04,6+18,0,351,0.0031827090060687624
2025-02-04,6+18,6,429,0.004937417004839517
2025-02-04,6+18,18,482,0.005191750002268236
2025-02-05,6+18,0,360,0.0032707499995012768
2025-02-05,6+18,6,477,0.005327874998329207
2025-02-05,6+18,18,443,0.005116708998684771
2025-02-06,6+18,0,360,0.003653708001365885
2025-02-06,6+18,6,423,0.0054868329971213825
2025-02-06,6+18,18,411,0.004949875001329929
2025-02-07,6+18,0,379,0.003321708005387336
2025-02-07,6+18,6,381,0.005042666998633649
2025-02-07,6+18,18,328,0.004502167001191992
2025-02-08,6+18,0,371,0.0029922080066171475
2025-02-08,6+18,6,399,0.005384625001170207
2025-02-08,6+18,18,390,0.004660082995542325
2025-02-09,6+18,0,375,0.0030699580020154826
2025-02-09,6+18,6,467,0.0058133749989792705
2025-02-09,6+18,18,432,0.004958625002473127
2025-02-10,6+18,0,364,0.0032362500060116872
2025-02-10,6+18,6,436,0.005619499999738764
2025-02-10,6+18,18,422,0.005035499998484738
2025-02-11,6+18,0,363,0.0031364579990622588
2025-02-11,6+18,6,451,0.005818249999720138
2025-02-11,6+18,18,438,0.0053251669960445724
2025-02-12,6+18,0,364,0.003168625000398606
2025-02-12,6+18,6,470,0.005337750000762753
2025-02-12,6+18,18,461,0.005825416999869049
2025-02-13,6+18,0,366,0.00305958299577469
2025-02-13,6+18,6,424,0.0055631249997531995
2025-02-13,6+18,18,407,0.0051736250024987385
2025-02-14,6+18,0,368,0.0030341669989866205
2025-02-14,6+18,6,359,0.0047662500001024455
2025-02-14,6+18,18,321,0.004846457995881792
2025-02-15,6+18,0,369,0.0029785419974359684
2025-02-15,6+18,6,371,0.004899084000498988
2025-02-15,6+18,18,382,0.004994584000087343
2025-02-16,6+18,0,373,0.00334258299699286
2025-02-16,6+18,6,442,0.005382208000810351
2025-02-16,6+18,18,409,0.005109334000735544
2025-02-17,6+18,0,375,0.003582833996915724
2025-02-17,6+18,6,444,0.005375332999392413
2025-02-17,6+18,18,409,0.004749040999740828
2025-02-18,6+18,0,369,0.0030996250061434694
2025-02-18,6+18,6,458,0.005669291000231169
2025-02-18,6+18,18,423,0.004889167001238093
2025-02-19,6+18,0,361,0.0030192910053301603
2025-02-19,6+18,6,430,0.005639791997964494
2025-02-19,6+18,18,401,0.004744290999951772
2025-02-20,6+18,0,370,0.0032266670023091137
2025-02-20,6+18,6,432,0.00558900000032736
2025-02-20,6+18,18,408,0.0048359579959651455
2025-02-21,6+18,0,359,0.0029107499940437265
2025-02-21,6+18,6,354,0.005125083000166342
2025-02-21,6+18,18,321,0.004844292001507711
2025-02-22,6+18,0,366,0.002857250001397915
2025-02-22,6+18,6,380,0.0052797079988522455
2025-02-22,6+18,18,393,0.005200957995839417
2025-02-23,6+18,0,362,0.0030079999996814877
2025-02-23,6+18,6,445,0.005289332999382168
2025-02-23,6+18,18,407,0.005273665999993682
2025-02-24,6+18,0,369,0.002935541997430846
2025-02-24,6+18,6,441,0.00522504100081278
2025-02-24,6+18,18,404,0.0052152910066070035
2025-02-25,6+18,0,370,0.0031386670016217977
2025-02-25,6+18,6,466,0.005289250002533663
2025-02-25,6+18,18,394,0.005015916998672765
2025-02-26,6+18,0,370,0.0033076250037993304
2025-02-26,6+18,6,457,0.005536625001695938
2025-02-26,6+18,18,415,0.004927750000206288
2025-02-27,6+18,0,371,0.003457249993516598
2025-02-27,6+18,6,420,0.005388749996200204
2025-02-27,6+18,18,406,0.004937332996632904
2025-02-28,6+18,0,341,0.0028751249992637895
2025-02-28,6+18,6,338,0.004964457999449223
2025-02-28,6+18,18,325,0.004394417002913542
2025-03-01,6+18,0,362,0.003002417004609015
2025-03-01,6+18,6,369,0.005147415999090299
2025-03-01,6+18,18,347,0.004692499998782296
2025-03-02,6+18,0,379,0.003161000000545755
2025-03-02,6+18,6,434,0.005640458999550901
2025-03-02,6+18,18,411,0.004930916002194863
2025-03-03,6+18,0,382,0.0031178329954855144
2025-03-03,6+18,6,438,0.005246583001280669
2025-03-03,6+18,18,406,0.005284708997351117
2025-03-04,6+18,0,373,0.002956167001684662
2025-03-04,6+18,6,451,0.005365000004530884
2025-03-04,6+18,18,410,0.005329540996172
2025-03-05,6+18,0,366,0.003201999999873806
2025-03-05,6+18,6,418,0.005142875001183711
2025-03-05,6+18,18,408,0.005081917006464209
2025-03-06,6+18,0,373,0.0031082499990588985
2025-03-06,6+18,6,406,0.005102958995848894
2025-03-06,6+18,18,408,0.005022292003559414
2025-03-07,6+18,0,372,0.0031169579960987903
2025-03-07,6+18,6,353,0.004941374994814396
2025-03-07,6+18,18,314,0.004440999997314066
2025-03-08,6+18,0,343,0.0030427090023295023
2025-03-08,6+18,6,344,0.004945542001223657
2025-03-08,6+18,18,338,0.004341583997302223
2025-03-09,6+18,0,373,0.00301137500355253
2025-03-09,6+18,6,430,0.005378542002290487
2025-03-09,6+18,18,449,0.005175250000320375
2025-03-10,6+18,0,365,0.002982666999741923
2025-03-10,6+18,6,426,0.005577541000093333
2025-03-10,6+18,18,429,0.0049221669978578575
2025-03-11,6+18,0,366,0.0029499590018531308
2025-03-11,6+18,6,436,0.005775416997494176
2025-03-11,6+18,18,406,0.004966209002304822
2025-03-12,6+18,0,358,0.0030466669995803386
2025-03-12,6+18,6,421,0.005125125004269648
2025-03-12,6+18,18,412,0.005289916996844113
2025-03-13,6+18,0,381,0.0030821670006844215
2025-03-13,6+18,6,421,0.0052931669997633435
2025-03-13,6+18,18,402,0.0053775420019519515
2025-03-14,6+18,0,343,0.0029038339998805895
2025-03-14,6+18,6,343,0.004552332997263875
2025-03-14,6+18,18,314,0.004580542001349386
2025-03-15,6+18,0,357,0.0030987089994596317
2025-03-15,6+18,6,367,0.004921332998492289
2025-03-15,6+18,18,335,0.004491374995268416
2025-03-16,6+18,0,378,0.0034691249966272153
2025-03-16,6+18,6,458,0.005787708003481384
2025-03-16,6+18,18,405,0.004682208003941923
2025-03-17,6+18,0,357,0.0029748750021099113
2025-03-17,6+18,6,407,0.0057229170051869005
2025-03-17,6+18,18,408,0.004673124996770639
2025-03-18,6+18,0,368,0.0033017500027199276
2025-03-18,6+18,6,426,0.0055963330014492385
2025-03-18,6+18,18,396,0.004620874999091029
2025-03-19,6+18,0,369,0.0028863330007879995
2025-03-19,6+18,6,413,0.005688208999345079
2025-03-19,6+18,18,417,0.00501016600173898
2025-03-20,6+18,0,374,0.0030524160029017366
2025-03-20,6+18,6,401,0.005363750002288725
2025-03-20,6+18,18,404,0.005030792002798989
2025-03-21,6+18,0,356,0.0028584589963429607
2025-03-21,6+18,6,340,0.004722083001979627
2025-03-21,6+18,18,312,0.005021042001317255
2025-03-22,6+18,0,348,0.002938208999694325
2025-03-22,6+18,6,365,0.004792042003828101
2025-03-22,6+18,18,331,0.004849042001296766
2025-03-23,6+18,0,368,0.003110874997219071
2025-03-23,6+18,6,435,0.005072915999335237
2025-03-23,6+18,18,446,0.005123166993143968
2025-03-24,6+18,0,375,0.003284999998868443
2025-03-24,6+18,6,427,0.005562292004469782
2025-03-24,6+18,18,420,0.005332208995241672
2025-03-25,6+18,0,373,0.003691083999001421
2025-03-25,6+18,6,458,0.00562329099921044
2025-03-25,6+18,18,427,0.005044124998676125
2025-03-26,6+18,0,368,0.0031873339976300485
2025-03-26,6+18,6,411,0.005196750003960915
2025-03-26,6+18,18,435,0.004883499997959007
2025-03-27,6+18,0,376,0.003303292003693059
2025-03-27,6+18,6,428,0.005873750000318978
2025-03-27,6+18,18,398,0.004697374999523163
2025-03-28,6+18,0,344,0.0029105829962645657
2025-03-28,6+18,6,340,0.0050604999996721745
2025-03-28,6+18,18,312,0.004378124998765998
2025-03-29,6+18,0,332,0.0029776250012218952
2025-03-29,6+18,6,350,0.0050640420013223775
2025-03-29,6+18,18,325,0.0044163339989609085
2025-03-30,6+18,0,363,0.002913500000431668
2025-03-30,6+18,6,455,0.005525749998923857
2025-03-30,6+18,18,450,0.005237582998233847
2025-03-31,6+18,0,371,0.002913042000727728
2025-03-31,6+18,6,449,0.005283041995426174
2025-03-31,6+18,18,406,0.005420082998170983
2025-04-01,6+18,0,374,0.0032097500006784685
2025-04-01,6+18,6,476,0.005352207997930236
2025-04-01,6+18,18,468,0.005585375001828652
2025-04-02,6+18,0,370,0.0030145829950924963
2025-04-02,6+18,6,507,0.005371582999941893
2025-04-02,6+18,18,442,0.004893875004199799
2025-04-03,6+18,0,380,0.0032699999937904067
2025-04-03,6+18,6,452,0.005354916000214871
2025-04-03,6+18,18,429,0.005074708002211992
2025-04-04,6+18,0,334,0.003422375004447531
2025-04-04,6+18,6,327,0.004763666998769622
2025-04-04,6+18,18,318,0.0044292910024523735
2025-04-05,6+18,0,327,0.002889249997679144
2025-04-05,6+18,6,351,0.005450582997582387
2025-04-05,6+18,18,326,0.0043848749992321245
2025-04-06,6+18,0,365,0.0030628750027972274
2025-04-06,6+18,6,423,0.005755916994530708
2025-04-06,6+18,18,418,0.0049504589987918735
2025-04-07,6+18,0,365,0.00288837499829242
2025-04-07,6+18,6,479,0.005982832997688092
2025-04-07,6+18,18,415,0.0049482909962534904
2025-04-08,6+18,0,382,0.0030071250002947636
2025-04-08,6+18,6,454,0.005199624996748753
2025-04-08,6+18,18,438,0.005186542002775241
2025-04-09,6+18,0,378,0.003082083996559959
2025-04-09,6+18,6,476,0.005649167003866751
2025-04-09,6+18,18,434,0.0051368749991524965
2025-04-10,6+18,0,372,0.00296287500532344
2025-04-10,6+18,6,452,0.005234832999121863
2025-04-10,6+18,18,414,0.005275166004139464
2025-04-11,6+18,0,324,0.002769334001641255
2025-04-11,6+18,6,327,0.004728957996121608
2025-04-11,6+18,18,311,0.004475458001252264
2025-04-12,6+18,0,350,0.003353291998791974
2025-04-12,6+18,6,353,0.0047775829953025095
2025-04-12,6+18,18,344,0.004710000001068693
2025-04-13,6+18,0,361,0.003170083000441082
2025-04-13,6+18,6,412,0.005793666998215485
2025-04-13,6+18,18,442,0.004953875002684072
2025-04-14,6+18,0,380,0.0030398340022657067
2025-04-14,6+18,6,456,0.00578079200204229
2025-04-14,6+18,18,439,0.004770166997332126
2025-04-15,6+18,0,363,0.0029925840062787756
2025-04-15,6+18,6,441,0.005626291000226047
2025-04-15,6+18,18,426,0.004785042001458351
2025-04-16,6+18,0,371,0.002983832993777469
2025-04-16,6+18,6,471,0.005982416994811501
2025-04-16,6+18,18,438,0.004945792003127281
2025-04-17,6+18,0,368,0.0029017079941695556
2025-04-17,6+18,6,447,0.0056402500049443915
2025-04-17,6+18,18,414,0.004812667000805959
2025-04-18,6+18,0,326,0.002719458003412001
2025-04-18,6+18,6,325,0.00482449999981327
2025-04-18,6+18,18,319,0.004746374994283542
2025-04-19,6+18,0,328,0.002822292000928428
2025-04-19,6+18,6,342,0.0046849589998601004
2025-04-19,6+18,18,316,0.004771624997374602
2025-04-20,6+18,0,358,0.0028988749982090667
2025-04-20,6+18,6,474,0.005340499999874737
2025-04-20,6+18,18,425,0.0049265830020885915
2025-04-21,6+18,0,373,0.0031375420003314503
2025-04-21,6+18,6,440,0.0054459589955513366
2025-04-21,6+18,18,428,0.0049225000038859434
2025-04-22,6+18,0,355,0.0030484590024570934
2025-04-22,6+18,6,479,0.005586125000263564
2025-04-22,6+18,18,435,0.004731083994556684
2025-04-23,6+18,0,353,0.0029276249988470227
2025-04-23,6+18,6,484,0.0056651249979040585
2025-04-23,6+18,18,431,0.004885290996753611
2025-04-24,6+18,0,358,0.0030295839969767258
2025-04-24,6+18,6,423,0.005538666999200359
2025-04-24,6+18,18,409,0.004930333998345304
2025-04-25,6+18,0,323,0.0028202920002513565
2025-04-25,6+18,6,339,0.004926457993860822
2025-04-25,6+18,18,311,0.0046207499981392175
2025-04-26,6+18,0,325,0.0027754999973694794
2025-04-26,6+18,6,342,0.004836000000068452
2025-04-26,6+18,18,318,0.004605707996233832
2025-04-27,6+18,0,358,0.0031311670027207583
2025-04-27,6+18,6,441,0.005082915995444637
2025-04-27,6+18,18,425,0.005206541994994041
2025-04-28,6+18,0,363,0.003049083003134001
2025-04-28,6+18,6,485,0.005492583994055167
2025-04-28,6+18,18,425,0.004969124995113816
2025-04-29,6+18,0,366,0.003271041998232249
2025-04-29,6+18,6,445,0.005414167004346382
2025-04-29,6+18,18,439,0.004826041003980208
2025-04-30,6+18,0,361,0.003287209001427982
2025-04-30,6+18,6,421,0.005366625002352521
2025-04-30,6+18,18,402,0.004773167005623691
2025-05-01,6+18,0,361,0.0029529589955927804
2025-05-01,6+18,6,452,0.0058689580037025735
2025-05-01,6+18,18,413,0.004615207995811943
2025-05-02,6+18,0,347,0.002819207998982165
2025-05-02,6+18,6,344,0.005021541997848544
2025-05-02,6+18,18,311,0.004523457995674107
2025-05-03,6+18,0,338,0.002868249997845851
2025-05-03,6+18,6,351,0.004869500000495464
2025-05-03,6+18,18,316,0.004904834000626579
2025-05-04,6+18,0,372,0.0029940840031486005
2025-05-04,6+18,6,471,0.005434250000689644
2025-05-04,6+18,18,443,0.005420499997853767
2025-05-05,6+18,0,370,0.0029828330007148907
2025-05-05,6+18,6,413,0.005266416999802459
2025-05-05,6+18,18,417,0.004989916997146793
2025-05-06,6+18,0,359,0.002843499998562038
2025-05-06,6+18,6,470,0.005186125003092457
2025-05-06,6+18,18,427,0.004959459001838695
2025-05-07,6+18,0,361,0.003180374995281454
2025-05-07,6+18,6,456,0.005401791997428518
2025-05-07,6+18,18,422,0.004713792004622519
2025-05-08,6+18,0,373,0.0033584170014364645
2025-05-08,6+18,6,413,0.005162374996871222
2025-05-08,6+18,18,414,0.00486458299565129
2025-05-09,6+18,0,347,0.0029047089992673136
2025-05-09,6+18,6,349,0.005142624999280088
2025-05-09,6+18,18,315,0.004306333998101763
2025-05-10,6+18,0,343,0.002953165996586904
2025-05-10,6+18,6,363,0.005217999998421874
2025-05-10,6+18,18,332,0.004454124995390885
2025-05-11,6+18,0,375,0.0030938749987399206
2025-05-11,6+18,6,459,0.005410541998571716
2025-05-11,6+18,18,396,0.004672209004638717
2025-05-12,6+18,0,369,0.0028497080056695268
2025-05-12,6+18,6,443,0.00542420799320098
2025-05-12,6+18,18,425,0.005084791002445854
2025-05-13,6+18,0,373,0.0029336669977055863
2025-05-13,6+18,6,410,0.004957375000230968
2025-05-13,6+18,18,406,0.005186458001844585
2025-05-14,6+18,0,372,0.0031646250063204207
2025-05-14,6+18,6,412,0.005053624998254236
2025-05-14,6+18,18,359,0.004500542003370356
2025-05-15,6+18,0,371,0.0033455000011599623
2025-05-15,6+18,6,415,0.005382792005548254
2025-05-15,6+18,18,393,0.004836624997551553
2025-05-16,6+18,0,336,0.0031422500032931566
2025-05-16,6+18,6,348,0.0051125410027452745
2025-05-16,6+18,18,313,0.004363915999419987
2025-05-17,6+18,0,346,0.002890290998038836
2025-05-17,6+18,6,357,0.0051997499977005646
2025-05-17,6+18,18,323,0.0045787910057697445
2025-05-18,6+18,0,369,0.0030229999974835664
2025-05-18,6+18,6,438,0.005408042001363356
2025-05-18,6+18,18,412,0.004626417001418304
2025-05-19,6+18,0,366,0.0028983330048504286
2025-05-19,6+18,6,453,0.005597040995780844
2025-05-19,6+18,18,425,0.0051507919997675344
2025-05-20,6+18,0,366,0.002954958996269852
2025-05-20,6+18,6,422,0.005097834000480361
2025-05-20,6+18,18,357,0.0049702079995768145
2025-05-21,6+18,0,365,0.0030022499995538965
2025-05-21,6+18,6,428,0.0050693330049398355
2025-05-21,6+18,18,342,0.004794708002009429
2025-05-22,6+18,0,359,0.002886707996367477
2025-05-22,6+18,6,414,0.005096416003652848
2025-05-22,6+18,18,342,0.004814416002773214
2025-05-23,6+18,0,341,0.0032770830002846196
2025-05-23,6+18,6,352,0.005236083998170216
2025-05-23,6+18,18,314,0.004360166996775661
2025-05-24,6+18,0,332,0.0028210420059622265
2025-05-24,6+18,6,350,0.005043458004365675
2025-05-24,6+18,18,325,0.004351292001956608
2025-05-25,6+18,0,352,0.0029002500014030375
2025-05-25,6+18,6,437,0.005427083000540733
2025-05-25,6+18,18,364,0.004434333000972401
2025-05-26,6+18,0,359,0.0029010840007686056
2025-05-26,6+18,6,410,0.0055554170030518435
2025-05-26,6+18,18,372,0.004879708001681138
2025-05-27,6+18,0,358,0.0028957920003449544
2025-05-27,6+18,6,442,0.005481041000166442
2025-05-27,6+18,18,408,0.005298666997987311
2025-05-28,6+18,0,352,0.0029066669958410785
2025-05-28,6+18,6,433,0.005081415998574812
2025-05-28,6+18,18,351,0.005066624995379243
2025-05-29,6+18,0,359,0.003033124994544778
2025-05-29,6+18,6,473,0.005416459003754426
2025-05-29,6+18,18,393,0.005283874997985549
2025-05-30,6+18,0,353,0.0029692089956370182
2025-05-30,6+18,6,357,0.00470675000542542
2025-05-30,6+18,18,309,0.004373750001832377
2025-05-31,6+18,0,353,0.003065333003178239
2025-05-31,6+18,6,367,0.005001624995202292
2025-05-31,6+18,18,324,0.004413041002408136
2025-06-01,6+18,0,365,0.0030688749975524843
2025-06-01,6+18,6,458,0.00549591700109886
2025-06-01,6+18,18,429,0.004975541000021622
2025-06-02,6+18,0,371,0.0031873330008238554
2025-06-02,6+18,6,467,0.0059633330020005815
2025-06-02,6+18,18,404,0.004664124993723817
2025-06-03,6+18,0,351,0.002967292006360367
2025-06-03,6+18,6,496,0.005976125001325272
2025-06-03,6+18,18,404,0.00489308300166158
2025-06-04,6+18,0,371,0.0030727499979548156
2025-06-04,6+18,6,434,0.005255624993878882
2025-06-04,6+18,18,358,0.004697999997006264
2025-06-05,6+18,0,365,0.0030115420013316907
2025-06-05,6+18,6,464,0.005282999998598825
2025-06-05,6+18,18,383,0.004978083998139482
2025-06-06,6+18,0,367,0.0030262909931479953
2025-06-06,6+18,6,418,0.005133041995577514
2025-06-06,6+18,18,326,0.005005499995604623
2025-06-07,6+18,0,383,0.0031975000019883737
2025-06-07,6+18,6,395,0.004921542000374757
2025-06-07,6+18,18,328,0.004414916998939589
2025-06-08,6+18,0,356,0.003328582999529317
2025-06-08,6+18,6,439,0.005423458002042025
2025-06-08,6+18,18,344,0.00463037499866914
2025-06-09,6+18,0,352,0.0031777090043760836
2025-06-09,6+18,6,420,0.005327999999281019
2025-06-09,6+18,18,374,0.004505375000007916
2025-06-10,6+18,0,363,0.0029810420019202866
2025-06-10,6+18,6,429,0.005505458000698127
2025-06-10,6+18,18,372,0.004571000004943926
2025-06-11,6+18,0,364,0.003190333998645656
2025-06-11,6+18,6,454,0.00538599999708822
2025-06-11,6+18,18,367,0.004908957998850383
2025-06-12,6+18,0,361,0.0030054160015424713
2025-06-12,6+18,6,472,0.005378374997235369
2025-06-12,6+18,18,350,0.004890874995908234
2025-06-13,6+18,0,371,0.0029387920003500767
2025-06-13,6+18,6,403,0.00489887499861652
2025-06-13,6+18,18,321,0.004797541994776111
2025-06-14,6+18,0,375,0.0031220000018947758
2025-06-14,6+18,6,417,0.005231875002209563
2025-06-14,6+18,18,341,0.004896416001429316
2025-06-15,6+18,0,348,0.003035624999029096
2025-06-15,6+18,6,442,0.005052957996667828
2025-06-15,6+18,18,371,0.004635332996258512
2025-06-16,6+18,0,362,0.0033093750025727786
2025-06-16,6+18,6,458,0.0051664580023498274
2025-06-16,6+18,18,382,0.004913167002086993
2025-06-17,6+18,0,367,0.0034765419986797497
2025-06-17,6+18,6,457,0.005286250001518056
2025-06-17,6+18,18,376,0.004628833004971966
2025-06-18,6+18,0,358,0.0031087919996934943
2025-06-18,6+18,6,467,0.005895499998587184
2025-06-18,6+18,18,358,0.004529792000539601
2025-06-19,6+18,0,346,0.0030328339998959564
2025-06-19,6+18,6,440,0.005551207999815233
2025-06-19,6+18,18,359,0.0046804160010651685
2025-06-20,6+18,0,369,0.003042832999199163
2025-06-20,6+18,6,421,0.005563334001635667
2025-06-20,6+18,18,314,0.004583458001434337
2025-06-21,6+18,0,367,0.0028929590043844655
2025-06-21,6+18,6,398,0.0052865409961668774
2025-06-21,6+18,18,345,0.005074041997431777
2025-06-22,6+18,0,342,0.002955791998829227
2025-06-22,6+18,6,446,0.00525608300085878
2025-06-22,6+18,18,357,0.005097707995446399
2025-06-23,6+18,0,351,0.0029892090024077334
2025-06-23,6+18,6,440,0.005149832999450155
2025-06-23,6+18,18,359,0.004931499999656808
2025-06-24,6+18,0,357,0.0032521249959245324
2025-06-24,6+18,6,418,0.00502329200389795
2025-06-24,6+18,18,365,0.004895749996649101
2025-06-25,6+18,0,353,0.003595875001337845
2025-06-25,6+18,6,448,0.00527870799851371
2025-06-25,6+18,18,326,0.00441020900325384
2025-06-26,6+18,0,346,0.002892374999646563
2025-06-26,6+18,6,452,0.005634165994706564
2025-06-26,6+18,18,333,0.004474916997423861
2025-06-27,6+18,0,377,0.003013207999174483
2025-06-27,6+18,6,403,0.005199208004341926
2025-06-27,6+18,18,319,0.004313666999223642
2025-06-28,6+18,0,374,0.0029223329984233715
2025-06-28,6+18,6,402,0.005586416998994537
2025-06-28,6+18,18,335,0.00480420800158754
2025-06-29,6+18,0,350,0.0031894170024315827
2025-06-29,6+18,6,444,0.005157958003110252
2025-06-29,6+18,18,354,0.005120875001011882
2025-06-30,6+18,0,358,0.003004625003086403
2025-06-30,6+18,6,426,0.0052532499976223335
2025-06-30,6+18,18,337,0.004834249994019046
2025-07-01,6+18,0,348,0.002963082995847799
2025-07-01,6+18,6,447,0.005262541999400128
2025-07-01,6+18,18,343,0.0049813330042525195
2025-07-02,6+18,0,348,0.0029969169991090894
2025-07-02,6+18,6,447,0.005338625000149477
2025-07-02,6+18,18,361,0.004572458994516637
2025-07-03,6+18,0,349,0.00342054200154962
2025-07-03,6+18,6,472,0.005542250000871718
2025-07-03,6+18,18,363,0.0045251669944263995
2025-07-04,6+18,0,359,0.0029205000028014183
2025-07-04,6+18,6,449,0.00537208300374914
2025-07-04,6+18,18,322,0.0044028330012224615
2025-07-05,6+18,0,348,0.0030386250000447035
2025-07-05,6+18,6,439,0.005426875002740417
2025-07-05,6+18,18,340,0.004469500003324356
2025-07-06,6+18,0,349,0.0028603339960682206
2025-07-06,6+18,6,435,0.0058637919937609695
2025-07-06,6+18,18,347,0.004698542004916817
2025-07-07,6+18,0,334,0.003023083998414222
2025-07-07,6+18,6,403,0.005009624997910578
2025-07-07,6+18,18,336,0.004915083998639602
2025-07-08,6+18,0,351,0.0029365840018726885
2025-07-08,6+18,6,404,0.005145625000295695
2025-07-08,6+18,18,344,0.004844000002776738
2025-07-09,6+18,0,350,0.002893208002205938
2025-07-09,6+18,6,425,0.0049301670005661435
2025-07-09,6+18,18,352,0.00481404200399993
2025-07-10,6+18,0,341,0.003015875001437962
2025-07-10,6+18,6,419,0.005269042005238589
2025-07-10,6+18,18,358,0.004725209000753239
2025-07-11,6+18,0,361,0.0030879589976393618
2025-07-11,6+18,6,408,0.005181542001082562
2025-07-11,6+18,18,331,0.00470179200056009
2025-07-12,6+18,0,342,0.0029601249989354983
2025-07-12,6+18,6,438,0.005797292003990151
2025-07-12,6+18,18,323,0.004450291002285667
2025-07-13,6+18,0,343,0.0027905410024686716
2025-07-13,6+18,6,424,0.005672541999956593
2025-07-13,6+18,18,378,0.004651625000406057
2025-07-14,6+18,0,340,0.0028987920013605617
2025-07-14,6+18,6,386,0.005352791995392181
2025-07-14,6+18,18,342,0.004605667003488634
2025-07-15,6+18,0,326,0.0028384589968482032
2025-07-15,6+18,6,371,0.005045582998718601
2025-07-15,6+18,18,329,0.004852375001064502
2025-07-16,6+18,0,328,0.0028599589932127856
2025-07-16,6+18,6,387,0.005113041006552521
2025-07-16,6+18,18,335,0.0049306250002700835
2025-07-17,6+18,0,345,0.0030982500029494986
2025-07-17,6+18,6,406,0.005125332994794007
2025-07-17,6+18,18,339,0.0045299999983399175
2025-07-18,6+18,0,357,0.0031646670031477697
2025-07-18,6+18,6,391,0.004971000002115034
2025-07-18,6+18,18,329,0.004559666995191947
2025-07-19,6+18,0,357,0.0029119169994373806
2025-07-19,6+18,6,373,0.0051877920050174
2025-07-19,6+18,18,332,0.004331292002461851
2025-07-20,6+18,0,336,0.0029021250011282973
2025-07-20,6+18,6,408,0.005472791999636684
2025-07-20,6+18,18,345,0.00447616699966602
2025-07-21,6+18,0,338,0.0029564590004156344
2025-07-21,6+18,6,343,0.004790541999682318
2025-07-21,6+18,18,308,0.004839666995394509
2025-07-22,6+18,0,308,0.0026945409990730695
2025-07-22,6+18,6,392,0.005196459002036136
2025-07-22,6+18,18,302,0.004830541998671833
2025-07-23,6+18,0,313,0.002785999997286126
2025-07-23,6+18,6,369,0.004635250006685965
2025-07-23,6+18,18,332,0.004490166997129563
2025-07-24,6+18,0,317,0.0033295829998678528
2025-07-24,6+18,6,374,0.0048171249945880845
2025-07-24,6+18,18,351,0.004780041999765672
2025-07-25,6+18,0,333,0.003052916996239219
2025-07-25,6+18,6,396,0.005078458001662511
2025-07-25,6+18,18,330,0.0042743340018205345
2025-07-26,6+18,0,352,0.0028823329994338565
2025-07-26,6+18,6,389,0.005364249998820014
2025-07-26,6+18,18,329,0.004589625001244713
2025-07-27,6+18,0,322,0.0028459590030252002
2025-07-27,6+18,6,385,0.005554834002396092
2025-07-27,6+18,18,320,0.004499333001149353
2025-07-28,6+18,0,320,0.0027453750008135103
2025-07-28,6+18,6,387,0.005129124998347834
2025-07-28,6+18,18,316,0.005019000003812835
2025-07-29,6+18,0,297,0.002746416001173202
2025-07-29,6+18,6,402,0.004765958001371473
2025-07-29,6+18,18,298,0.00465375000203494
2025-07-30,6+18,0,307,0.0027624590002233163
2025-07-30,6+18,6,401,0.0053020830018795095
2025-07-30,6+18,18,325,0.004587333998642862
2025-07-31,6+18,0,312,0.0031900829999358393
2025-07-31,6+18,6,399,0.005179625004529953
2025-07-31,6+18,18,331,0.004425917002663482
2025-08-01,6+18,0,334,0.0028550829956657253
2025-08-01,6+18,6,383,0.005170917000214104
2025-08-01,6+18,18,331,0.004435374998138286
2025-08-02,6+18,0,351,0.002934707998065278
2025-08-02,6+18,6,386,0.005550292000407353
2025-08-02,6+18,18,328,0.0045883749990025535
2025-08-03,6+18,0,324,0.0028044580030837096
2025-08-03,6+18,6,411,0.00533187499968335
2025-08-03,6+18,18,309,0.004544540999631863
2025-08-04,6+18,0,332,0.0027373329940019175
2025-08-04,6+18,6,382,0.005086458004370797
2025-08-04,6+18,18,318,0.0046664160036016256
2025-08-05,6+18,0,335,0.003221291997761
2025-08-05,6+18,6,390,0.0050942079978995025
2025-08-05,6+18,18,315,0.004808042001968715
2025-08-06,6+18,0,329,0.0027485839964356273
2025-08-06,6+18,6,382,0.004782124997291248
2025-08-06,6+18,18,307,0.00457345799804898
2025-08-07,6+18,0,335,0.0031437079960596748
2025-08-07,6+18,6,388,0.005187125003430992
2025-08-07,6+18,18,320,0.004557709005894139
2025-08-08,6+18,0,338,0.0029362089990172535
2025-08-08,6+18,6,355,0.00529991700022947
2025-08-08,6+18,18,317,0.004364750006061513
2025-08-09,6+18,0,340,0.0028607089989236556
2025-08-09,6+18,6,349,0.004953875002684072
2025-08-09,6+18,18,318,0.004588249998050742
2025-08-10,6+18,0,330,0.0028189590011606924
2025-08-10,6+18,6,374,0.0050953330064658076
2025-08-10,6+18,18,318,0.004900667001493275
2025-08-11,6+18,0,337,0.0028649999949266203
2025-08-11,6+18,6,405,0.004960584003129043
2025-08-11,6+18,18,311,0.005253290997643489
2025-08-12,6+18,0,335,0.0029483749967766926
2025-08-12,6+18,6,395,0.00513854200107744
2025-08-12,6+18,18,310,0.004441499993845355
2025-08-13,6+18,0,335,0.003005291997396853
2025-08-13,6+18,6,389,0.004870707998634316
2025-08-13,6+18,18,310,0.004612833996361587
2025-08-14,6+18,0,335,0.0030952910019550472
2025-08-14,6+18,6,386,0.004946208995534107
2025-08-14,6+18,18,319,0.0042762079974636436
2025-08-15,6+18,0,377,0.002851124998414889
2025-08-15,6+18,6,368,0.005012875000829808
2025-08-15,6+18,18,316,0.004281166002328973
2025-08-16,6+18,0,361,0.0029240410003694706
2025-08-16,6+18,6,360,0.005023416997573804
2025-08-16,6+18,18,327,0.004746250000607688
2025-08-17,6+18,0,343,0.0028545000022859313
2025-08-17,6+18,6,382,0.0048938749969238415
2025-08-17,6+18,18,321,0.0048026669974206015
2025-08-18,6+18,0,336,0.003014959002030082
2025-08-18,6+18,6,396,0.00489374999597203
2025-08-18,6+18,18,320,0.004983124999853317
2025-08-19,6+18,0,340,0.0029646249968209304
2025-08-19,6+18,6,392,0.005076249995909166
2025-08-19,6+18,18,317,0.004418917000293732
2025-08-20,6+18,0,345,0.0033032499995897524
2025-08-20,6+18,6,389,0.005064625001978129
2025-08-20,6+18,18,317,0.004484917000809219
2025-08-21,6+18,0,341,0.0029947079965495504
2025-08-21,6+18,6,385,0.005364208001992665
2025-08-21,6+18,18,316,0.004393791001348291
2025-08-22,6+18,0,356,0.0027690409988281317
2025-08-22,6+18,6,362,0.00539487499918323
2025-08-22,6+18,18,313,0.004532416998699773
2025-08-23,6+18,0,346,0.0027708339985110797
2025-08-23,6+18,6,359,0.004717292002169415
2025-08-23,6+18,18,320,0.004968624998582527
2025-08-24,6+18,0,330,0.0027969160000793636
2025-08-24,6+18,6,369,0.004948124995280523
2025-08-24,6+18,18,313,0.004680625002947636
2025-08-25,6+18,0,354,0.0030699580020154826
2025-08-25,6+18,6,383,0.004729667001811322
2025-08-25,6+18,18,314,0.004380667000077665
2025-08-26,6+18,0,329,0.0030328329958138056
2025-08-26,6+18,6,384,0.00519495800108416
2025-08-26,6+18,18,330,0.004449792002560571
2025-08-27,6+18,0,341,0.003007041996170301
2025-08-27,6+18,6,403,0.005551958005526103
2025-08-27,6+18,18,308,0.004233166997437365
2025-08-28,6+18,0,335,0.002889666000555735
2025-08-28,6+18,6,406,0.0056470830022590235
2025-08-28,6+18,18,318,0.004722957994090393
2025-08-29,6+18,0,360,0.0028873330011265352
2025-08-29,6+18,6,370,0.004907499998807907
2025-08-29,6+18,18,316,0.004877040999417659
2025-08-30,6+18,0,359,0.0028356249968055636
2025-08-30,6+18,6,370,0.004724375001387671
2025-08-30,6+18,18,324,0.0046166669999365695
2025-08-31,6+18,0,332,0.002834917002473958
2025-08-31,6+18,6,381,0.005161167006008327
2025-08-31,6+18,18,316,0.004751209002279211
2025-09-01,6+18,0,336,0.003064958000322804
2025-09-01,6+18,6,383,0.004877291998127475
2025-09-01,6+18,18,326,0.004459291994862724
2025-09-02,6+18,0,345,0.0033641250047367066
2025-09-02,6+18,6,409,0.005241541999566834
2025-09-02,6+18,18,319,0.0046835829998599365
2025-09-03,6+18,0,335,0.002859624997654464
2025-09-03,6+18,6,377,0.0052325409997138195
2025-09-03,6+18,18,319,0.004336292004154529
2025-09-04,6+18,0,333,0.002842542002326809
2025-09-04,6+18,6,376,0.0054323330041370355
2025-09-04,6+18,18,313,0.00453662500513019
2025-09-05,6+18,0,333,0.002773957996396348
2025-09-05,6+18,6,356,0.004802082999958657
2025-09-05,6+18,18,310,0.004953708004904911
2025-09-06,6+18,0,339,0.002876332997402642
2025-09-06,6+18,6,361,0.00479645899758907
2025-09-06,6+18,18,323,0.004766457997902762
2025-09-07,6+18,0,330,0.0030377919974853285
2025-09-07,6+18,6,396,0.004911250005534384
2025-09-07,6+18,18,326,0.004636165998817887
2025-09-08,6+18,0,342,0.0034721659976639785
2025-09-08,6+18,6,402,0.00497795899718767
2025-09-08,6+18,18,335,0.00451700000121491
2025-09-09,6+18,0,325,0.0029105840003467165
2025-09-09,6+18,6,401,0.0052827920007985085
2025-09-09,6+18,18,349,0.004458334005903453
2025-09-10,6+18,0,341,0.0029362919958657585
2025-09-10,6+18,6,392,0.005226291999861132
2025-09-10,6+18,18,329,0.0044854590014438145
2025-09-11,6+18,0,335,0.003065375000005588
2025-09-11,6+18,6,393,0.00557545899937395
2025-09-11,6+18,18,327,0.004484375000174623
2025-09-12,6+18,0,338,0.002786791999824345
2025-09-12,6+18,6,361,0.004797290996066295
2025-09-12,6+18,18,314,0.00503000000026077
2025-09-13,6+18,0,339,0.0028323330043349415
2025-09-13,6+18,6,352,0.004656167002394795
2025-09-13,6+18,18,336,0.004819624999072403
2025-09-14,6+18,0,342,0.003098542001680471
2025-09-14,6+18,6,405,0.004896041995380074
2025-09-14,6+18,18,349,0.004742083998280577
2025-09-15,6+18,0,337,0.0031284159995266236
2025-09-15,6+18,6,395,0.005064832999778446
2025-09-15,6+18,18,372,0.004535166001005564
2025-09-16,6+18,0,361,0.003020500000275206
2025-09-16,6+18,6,401,0.005281999998260289
2025-09-16,6+18,18,388,0.004680833000747953
2025-09-17,6+18,0,353,0.0030359160009538755
2025-09-17,6+18,6,411,0.005413832994236145
2025-09-17,6+18,18,363,0.004786165998666547
2025-09-18,6+18,0,356,0.0028864999985671602
2025-09-18,6+18,6,408,0.005425124996691011
2025-09-18,6+18,18,346,0.004699167002399918
2025-09-19,6+18,0,347,0.0028382919990690425
2025-09-19,6+18,6,367,0.00471645899961004
2025-09-19,6+18,18,317,0.004792624997207895
2025-09-20,6+18,0,345,0.0028822919994127005
2025-09-20,6+18,6,372,0.005004917002224829
2025-09-20,6+18,18,329,0.00477008299640147
2025-09-21,6+18,0,362,0.0030747500059078448
2025-09-21,6+18,6,429,0.004985667001164984
2025-09-21,6+18,18,395,0.004958666002494283
2025-09-22,6+18,0,361,0.0032668749990989454
2025-09-22,6+18,6,420,0.004973415998392738
2025-09-22,6+18,18,423,0.0049010000002454035
2025-09-23,6+18,0,365,0.003391917001863476
2025-09-23,6+18,6,401,0.005165124995983206
2025-09-23,6+18,18,421,0.005125375006173272
2025-09-24,6+18,0,352,0.003063957999984268
2025-09-24,6+18,6,477,0.005791040995973162
2025-09-24,6+18,18,456,0.005120084002555814
2025-09-25,6+18,0,371,0.0030713340020156465
2025-09-25,6+18,6,443,0.005482624997966923
2025-09-25,6+18,18,413,0.004854500002693385
2025-09-26,6+18,0,369,0.0031617079948773608
2025-09-26,6+18,6,352,0.005331000000296626
2025-09-26,6+18,18,327,0.00475308299792232
2025-09-27,6+18,0,339,0.002816917003656272
2025-09-27,6+18,6,367,0.00480645899369847
2025-09-27,6+18,18,350,0.0049405419995309785
2025-09-28,6+18,0,371,0.0029776250012218952
2025-09-28,6+18,6,456,0.00536524999915855
2025-09-28,6+18,18,415,0.005091250000987202
2025-09-29,6+18,0,368,0.0030304999963846058
2025-09-29,6+18,6,444,0.005404000003181864
2025-09-29,6+18,18,438,0.005463041001348756
2025-09-30,6+18,0,368,0.003364582997164689
2025-09-30,6+18,6,472,0.005327166996721644
2025-09-30,6+18,18,442,0.005325708996679168
2025-10-01,6+18,0,370,0.0030268750051618554
2025-10-01,6+18,6,430,0.005111124999530148
2025-10-01,6+18,18,423,0.005059958995843772
2025-10-02,6+18,0,353,0.0035197079996578395
2025-10-02,6+18,6,430,0.005197083002713043
2025-10-02,6+18,18,455,0.005219875005423091
2025-10-03,6+18,0,339,0.003638957998191472
2025-10-03,6+18,6,338,0.004909875002340414
2025-10-03,6+18,18,318,0.004529290999926161
2025-10-04,6+18,0,367,0.0029460840014507994
2025-10-04,6+18,6,383,0.0053092910020495765
2025-10-04,6+18,18,341,0.00438679099897854
2025-10-05,6+18,0,372,0.0030377910006791353
2025-10-05,6+18,6,468,0.005754082994826604
2025-10-05,6+18,18,449,0.005050291001680307
2025-10-06,6+18,0,355,0.003176792000886053
2025-10-06,6+18,6,484,0.005958458001259714
2025-10-06,6+18,18,413,0.004855207997024991
2025-10-07,6+18,0,372,0.0030005829976289533
2025-10-07,6+18,6,441,0.0060189580035512336
2025-10-07,6+18,18,403,0.004772624997713137
2025-10-08,6+18,0,369,0.003177584003424272
2025-10-08,6+18,6,461,0.0052791250054724514
2025-10-08,6+18,18,427,0.00522270800138358
2025-10-09,6+18,0,358,0.0029386249952949584
2025-10-09,6+18,6,439,0.005198417005885858
2025-10-09,6+18,18,403,0.00516862500080606
2025-10-10,6+18,0,352,0.0029708340007346123
2025-10-10,6+18,6,343,0.0047604159990441985
2025-10-10,6+18,18,323,0.004948833004164044
2025-10-11,6+18,0,352,0.0030852499985485338
2025-10-11,6+18,6,361,0.004612542004906572
2025-10-11,6+18,18,348,0.0047549590017297305
2025-10-12,6+18,0,372,0.003257208998547867
2025-10-12,6+18,6,451,0.005609624997305218
2025-10-12,6+18,18,424,0.004892375000054017
2025-10-13,6+18,0,367,0.0033719579951139167
2025-10-13,6+18,6,421,0.005373708001570776
2025-10-13,6+18,18,424,0.00482916700275382
2025-10-14,6+18,0,373,0.003061333001824096
2025-10-14,6+18,6,452,0.005663957999786362
2025-10-14,6+18,18,481,0.004997374999220483
2025-10-15,6+18,0,375,0.003102958005911205
2025-10-15,6+18,6,464,0.005904165998799726
2025-10-15,6+18,18,414,0.004789083999639843
2025-10-16,6+18,0,371,0.0029734170020674355
2025-10-16,6+18,6,468,0.005506875000719447
2025-10-16,6+18,18,429,0.004835833999095485
2025-10-17,6+18,0,332,0.00284799999644747
2025-10-17,6+18,6,342,0.0049526660004630685
2025-10-17,6+18,18,324,0.005126083000504877
2025-10-18,6+18,0,370,0.0030170000027283095
2025-10-18,6+18,6,371,0.004849583994655404
2025-10-18,6+18,18,359,0.005048125000030268
2025-10-19,6+18,0,374,0.0030695410023326986
2025-10-19,6+18,6,460,0.005229540998698212
2025-10-19,6+18,18,423,0.005152459001692478
2025-10-20,6+18,0,364,0.0031584579992340878
2025-10-20,6+18,6,443,0.0052100000029895455
2025-10-20,6+18,18,425,0.0048866249999264255
2025-10-21,6+18,0,374,0.0032169170008273795
2025-10-21,6+18,6,485,0.0054279169999063015
2025-10-21,6+18,18,431,0.004826249998586718
2025-10-22,6+18,0,365,0.0032915409974521026
2025-10-22,6+18,6,475,0.005530541995540261
2025-10-22,6+18,18,448,0.004939207996358164
2025-10-23,6+18,0,374,0.0033733749951352365
2025-10-23,6+18,6,466,0.005877249997865874
2025-10-23,6+18,18,443,0.004908957998850383
2025-10-24,6+18,0,353,0.002906291003455408
2025-10-24,6+18,6,353,0.005435625003883615
2025-10-24,6+18,18,317,0.004506500001298264
2025-10-25,6+18,0,368,0.0031446669963770546
2025-10-25,6+18,6,379,0.005423624999821186
2025-10-25,6+18,18,392,0.004706625004473608
2025-10-26,6+18,0,365,0.0029467500062310137
2025-10-26,6+18,6,474,0.005937624999205582
2025-10-26,6+18,18,451,0.0048782499943627045
2025-10-27,6+18,0,364,0.002977708005346358
2025-10-27,6+18,6,492,0.00564983299409505
2025-10-27,6+18,18,458,0.005255666997982189
2025-10-28,6+18,0,367,0.0029712089963140897
2025-10-28,6+18,6,498,0.005733333993703127
2025-10-28,6+18,18,483,0.0055842500005383044
2025-10-29,6+18,0,364,0.002991708999616094
2025-10-29,6+18,6,431,0.0051807920026476495
2025-10-29,6+18,18,470,0.0056790000016917475
2025-10-30,6+18,0,367,0.003014666996023152
2025-10-30,6+18,6,439,0.00531345800118288
2025-10-30,6+18,18,412,0.005630040999676567
2025-10-31,6+18,0,382,0.0030704169985256158
2025-10-31,6+18,6,363,0.004520791000686586
2025-10-31,6+18,18,321,0.004433166999660898
2025-11-01,6+18,0,365,0.003468208000413142
2025-11-01,6+18,6,374,0.004754250003315974
2025-11-01,6+18,18,375,0.0045920409975224175
2025-11-02,6+18,0,370,0.0031748330002301373
2025-11-02,6+18,6,502,0.005641042000206653
2025-11-02,6+18,18,460,0.005041541000537109
2025-11-03,6+18,0,368,0.0031997920013964176
2025-11-03,6+18,6,489,0.006058584003767464
2025-11-03,6+18,18,476,0.0051760419955826364
2025-11-04,6+18,0,360,0.003166458998748567
2025-11-04,6+18,6,503,0.005727584000851493
2025-11-04,6+18,18,516,0.005915249996178318
2025-11-05,6+18,0,365,0.003070874998229556
2025-11-05,6+18,6,481,0.005631291998724919
2025-11-05,6+18,18,472,0.005108499994094018
2025-11-06,6+18,0,363,0.003178665996529162
2025-11-06,6+18,6,523,0.005813124997075647
2025-11-06,6+18,18,433,0.005032458000641782
2025-11-07,6+18,0,376,0.002927875000750646
2025-11-07,6+18,6,396,0.005221208994043991
2025-11-07,6+18,18,327,0.004780624993145466
2025-11-08,6+18,0,366,0.0029757500014966354
2025-11-08,6+18,6,381,0.004850208999414463
2025-11-08,6+18,18,415,0.005387625002185814
2025-11-09,6+18,0,371,0.003099417001067195
2025-11-09,6+18,6,480,0.005540416997973807
2025-11-09,6+18,18,542,0.006737125004292466
2025-11-10,6+18,0,355,0.0030635420043836348
2025-11-10,6+18,6,511,0.00558275000366848
2025-11-10,6+18,18,468,0.0053336669952841476
2025-11-11,6+18,0,369,0.003052749998460058
2025-11-11,6+18,6,450,0.005155457998625934
2025-11-11,6+18,18,494,0.005754041994805448
2025-11-12,6+18,0,369,0.0031139590064412914
2025-11-12,6+18,6,485,0.00542337500519352
2025-11-12,6+18,18,457,0.005764249995991122
2025-11-13,6+18,0,370,0.0031275829969672486
2025-11-13,6+18,6,491,0.005308125000738073
2025-11-13,6+18,18,460,0.005441166998934932
2025-11-14,6+18,0,369,0.0031890419995761476
2025-11-14,6+18,6,371,0.004938958998536691
2025-11-14,6+18,18,338,0.004750499996589497
2025-11-15,6+18,0,370,0.003454333003901411
2025-11-15,6+18,6,397,0.005113917002745438
2025-11-15,6+18,18,404,0.0048566249970463105
2025-11-16,6+18,0,367,0.0029869579957448877
2025-11-16,6+18,6,511,0.005928291997406632
2025-11-16,6+18,18,486,0.005280208002659492
2025-11-17,6+18,0,358,0.0030409169994527474
2025-11-17,6+18,6,474,0.00569050000194693
2025-11-17,6+18,18,470,0.0051152919986634515
2025-11-18,6+18,0,356,0.003238790995965246
2025-11-18,6+18,6,474,0.005464000001666136
2025-11-18,6+18,18,526,0.005441082998004276
2025-11-19,6+18,0,364,0.0030224170041037723
2025-11-19,6+18,6,517,0.005999582994263619
2025-11-19,6+18,18,518,0.005539874997339211
2025-11-20,6+18,0,362,0.0030135409979266115
2025-11-20,6+18,6,513,0.005737916006182786
2025-11-20,6+18,18,449,0.00507691600068938
2025-11-21,6+18,0,377,0.00304024999786634
2025-11-21,6+18,6,400,0.00550525000289781
2025-11-21,6+18,18,342,0.0048914580038399436
2025-11-22,6+18,0,381,0.00302091699995799
2025-11-22,6+18,6,388,0.004857583000557497
2025-11-22,6+18,18,417,0.005419417000666726
2025-11-23,6+18,0,363,0.0030345420018420555
2025-11-23,6+18,6,512,0.005629999999655411
2025-11-23,6+18,18,538,0.006360333994962275
2025-11-24,6+18,0,357,0.0030116670022835024
2025-11-24,6+18,6,511,0.005864499995368533
2025-11-24,6+18,18,535,0.00620116700156359
2025-11-25,6+18,0,360,0.003041541996935848
2025-11-25,6+18,6,477,0.005310166001436301
2025-11-25,6+18,18,539,0.0060600419965339825
2025-11-26,6+18,0,354,0.0030133750042296015
2025-11-26,6+18,6,463,0.005479040999489371
2025-11-26,6+18,18,483,0.005453207995742559
2025-11-27,6+18,0,370,0.003185250003298279
2025-11-27,6+18,6,504,0.005393166997237131
2025-11-27,6+18,18,453,0.005166041002667043
2025-11-28,6+18,0,369,0.0030161670001689345
2025-11-28,6+18,6,402,0.004758540999318939
2025-11-28,6+18,18,349,0.004707500003860332
2025-11-29,6+18,0,380,0.0033286670004599728
2025-11-29,6+18,6,407,0.005419542001618538
2025-11-29,6+18,18,403,0.0048317500040866435
2025-11-30,6+18,0,370,0.0031926250012475066
2025-11-30,6+18,6,517,0.005819625002914108
2025-11-30,6+18,18,476,0.005084249998617452
2025-12-01,6+18,0,355,0.0032357919990317896
2025-12-01,6+18,6,520,0.0058353749991510995
2025-12-01,6+18,18,513,0.005388834004406817
2025-12-02,6+18,0,372,0.003121582994936034
2025-12-02,6+18,6,499,0.0061084580011083744
2025-12-02,6+18,18,549,0.005733207995945122
2025-12-03,6+18,0,363,0.0031696660007582977
2025-12-03,6+18,6,506,0.005589332999079488
2025-12-03,6+18,18,529,0.0055751660038367845
2025-12-04,6+18,0,352,0.003024582998477854
2025-12-04,6+18,6,477,0.005667749996064231
2025-12-04,6+18,18,532,0.00585220900393324
2025-12-05,6+18,0,372,0.0031164579995675012
2025-12-05,6+18,6,443,0.00564870800008066
2025-12-05,6+18,18,421,0.00500270799966529
2025-12-06,6+18,0,379,0.0033112080054706894
2025-12-06,6+18,6,456,0.005790584000351373
2025-12-06,6+18,18,470,0.0054709590040147305
2025-12-07,6+18,0,340,0.0029932499965070747
2025-12-07,6+18,6,465,0.005800500002806075
2025-12-07,6+18,18,526,0.005902833996515255
2025-12-08,6+18,0,352,0.0029857080007786863
2025-12-08,6+18,6,518,0.0058110410027438775
2025-12-08,6+18,18,518,0.00561908300005598
2025-12-09,6+18,0,354,0.0029198340052971616
2025-12-09,6+18,6,478,0.005605582999123726
2025-12-09,6+18,18,529,0.00618554100219626
2025-12-10,6+18,0,342,0.0030130000013741665
2025-12-10,6+18,6,511,0.00564104100340046
2025-12-10,6+18,18,536,0.006250250000448432
2025-12-11,6+18,0,358,0.003065457996854093
2025-12-11,6+18,6,466,0.005380333001085091
2025-12-11,6+18,18,526,0.006177874995046295
2025-12-12,6+18,0,378,0.0030689169943798333
2025-12-12,6+18,6,461,0.005551540998567361
2025-12-12,6+18,18,440,0.0053528330026892945
2025-12-13,6+18,0,373,0.0030652499990537763
2025-12-13,6+18,6,467,0.005427750002127141
2025-12-13,6+18,18,468,0.0059562909955275245
2025-12-14,6+18,0,347,0.0030364580015884712
2025-12-14,6+18,6,521,0.005513084004633129
2025-12-14,6+18,18,538,0.005896082999242935
2025-12-15,6+18,0,350,0.002912708994699642
2025-12-15,6+18,6,522,0.005572916998062283
2025-12-15,6+18,18,543,0.006228083002497442
2025-12-16,6+18,0,351,0.0031067910022102296
2025-12-16,6+18,6,506,0.00527449999935925
2025-12-16,6+18,18,538,0.006108459005190525
2025-12-17,6+18,0,354,0.003117792002740316
2025-12-17,6+18,6,482,0.005280917001073249
2025-12-17,6+18,18,541,0.005662207993736956
2025-12-18,6+18,0,356,0.003261584002757445
2025-12-18,6+18,6,499,0.005572082998696715
2025-12-18,6+18,18,508,0.005672084000252653
2025-12-19,6+18,0,381,0.0036616249999497086
2025-12-19,6+18,6,442,0.005081208000774495
2025-12-19,6+18,18,456,0.005224291999184061
2025-12-20,6+18,0,382,0.0034122500001103617
2025-12-20,6+18,6,438,0.005435375001979992
2025-12-20,6+18,18,479,0.005342500000551809
2025-12-21,6+18,0,351,0.0032774999999674037
2025-12-21,6+18,6,500,0.005683457995473873
2025-12-21,6+18,18,526,0.005462209002871532
2025-12-22,6+18,0,349,0.002933167001174297
2025-12-22,6+18,6,519,0.005731583005399443
2025-12-22,6+18,18,540,0.005459667001559865
2025-12-23,6+18,0,362,0.0032533330013393424
2025-12-23,6+18,6,482,0.0059996670024702325
2025-12-23,6+18,18,523,0.005607249993772712
2025-12-24,6+18,0,349,0.0030211249977583066
2025-12-24,6+18,6,469,0.005474166995554697
2025-12-24,6+18,18,538,0.0055654169991612434
2025-12-25,6+18,0,351,0.003138583000691142
2025-12-25,6+18,6,519,0.005924625002080575
2025-12-25,6+18,18,522,0.005696957996406127
2025-12-26,6+18,0,378,0.0031405830013682134
2025-12-26,6+18,6,417,0.00540112499584211
2025-12-26,6+18,18,454,0.005136457999469712
2025-12-27,6+18,0,382,0.0030902910002623685
2025-12-27,6+18,6,420,0.005315709000569768
2025-12-27,6+18,18,442,0.005009957996662706
2025-12-28,6+18,0,342,0.0028993340019951575
2025-12-28,6+18,6,491,0.005588083004113287
2025-12-28,6+18,18,536,0.006065292000130285
2025-12-29,6+18,0,342,0.002976416995807085
2025-12-29,6+18,6,508,0.005684416995791253
2025-12-29,6+18,18,499,0.006218958995305002
2025-12-30,6+18,0,345,0.0029607920005219057
2025-12-30,6+18,6,486,0.005784791996120475
2025-12-30,6+18,18,497,0.006084499997086823
2025-12-31,6+18,0,359,0.0029916660059825517
2025-12-31,6+18,6,450,0.005456624996440951
2025-12-31,6+18,18,511,0.005880874996364582
2025-01-01,6+18,0,138,0.002417707997665275
2025-01-01,6+18,6,419,0.0051269579998916015
2025-01-01,6+18,18,243,0.0050968750001629815
2025-01-02,6+18,0,353,0.003045083001779858
2025-01-02,6+18,6,388,0.004731624998385087
2025-01-02,6+18,18,312,0.0044432499998947605
2025-01-03,6+18,0,347,0.0032623329971102066
2025-01-03,6+18,6,376,0.004571416997350752
2025-01-03,6+18,18,300,0.0045735419989796355
2025-01-04,6+18,0,350,0.0030103749959380366
2025-01-04,6+18,6,365,0.005001582998374943
2025-01-04,6+18,18,302,0.004263208000338636
2025-01-05,6+18,0,375,0.003012291999766603
2025-01-05,6+18,6,504,0.005865749997610692
2025-01-05,6+18,18,489,0.005421834001026582
2025-01-06,6+18,0,355,0.0031072499987203628
2025-01-06,6+18,6,486,0.0056345839984714985
2025-01-06,6+18,18,539,0.0060929590035812
2025-01-07,6+18,0,353,0.003022249999048654
2025-01-07,6+18,6,518,0.005901500000618398
2025-01-07,6+18,18,533,0.006021916000463534
2025-01-08,6+18,0,349,0.003198416998202447
2025-01-08,6+18,6,373,0.004804415999387857
2025-01-08,6+18,18,320,0.005043416997068562
2025-01-09,6+18,0,341,0.002911167001002468
2025-01-09,6+18,6,405,0.0049006249973899685
2025-01-09,6+18,18,336,0.00500599999941187
2025-01-10,6+18,0,385,0.0030792499965173192
2025-01-10,6+18,6,417,0.004818291999981739
2025-01-10,6+18,18,365,0.004628833004971966
2025-01-11,6+18,0,370,0.003095833002589643
2025-01-11,6+18,6,436,0.005033917004766408
2025-01-11,6+18,18,437,0.005206041001656558
2025-01-12,6+18,0,337,0.003248542001529131
2025-01-12,6+18,6,472,0.005543416998989414
2025-01-12,6+18,18,470,0.005398458000854589
2025-01-13,6+18,0,349,0.003092874998401385
2025-01-13,6+18,6,456,0.005582124998909421
2025-01-13,6+18,18,536,0.005563957995036617
2025-01-14,6+18,0,345,0.003090500002144836
2025-01-14,6+18,6,508,0.0061442920050467364
2025-01-14,6+18,18,501,0.005303291996824555
2025-01-15,6+18,0,352,0.0030529590003425255
2025-01-15,6+18,6,521,0.005646915997203905
2025-01-15,6+18,18,531,0.005476208003528882
2025-01-16,6+18,0,347,0.002976499999931548
2025-01-16,6+18,6,420,0.005125832998601254
2025-01-16,6+18,18,340,0.00457766700128559
2025-01-17,6+18,0,370,0.003068166995944921
2025-01-17,6+18,6,373,0.004845125004067086
2025-01-17,6+18,18,311,0.004788500002177898
2025-01-18,6+18,0,371,0.0029973749988130294
2025-01-18,6+18,6,430,0.005032959001255222
2025-01-18,6+18,18,492,0.005610125001112465
2025-01-19,6+18,0,350,0.003038292001292575
2025-01-19,6+18,6,484,0.005703082999389153
2025-01-19,6+18,18,514,0.0062557499986724
2025-01-20,6+18,0,351,0.0030481669964501634
2025-01-20,6+18,6,431,0.0048898340028245
2025-01-20,6+18,18,347,0.004773416003445163
2025-01-21,6+18,0,344,0.0030169160017976537
2025-01-21,6+18,6,451,0.005237750003288966
2025-01-21,6+18,18,497,0.006433375005144626
2025-01-22,6+18,0,352,0.0030403749988181517
2025-01-22,6+18,6,408,0.004971875001501758
2025-01-22,6+18,18,319,0.004462290999072138
2025-01-23,6+18,0,350,0.0033695840029395185
2025-01-23,6+18,6,401,0.004903374996501952
2025-01-23,6+18,18,338,0.004477916001633275
2025-01-24,6+18,0,370,0.0029768339954898693
2025-01-24,6+18,6,343,0.005100375004985835
2025-01-24,6+18,18,296,0.004360375001851935
2025-01-25,6+18,0,382,0.0032402920041931793
2025-01-25,6+18,6,401,0.005445957998745143
2025-01-25,6+18,18,392,0.005018415999074932
2025-01-26,6+18,0,361,0.002936541997769382
2025-01-26,6+18,6,484,0.00586516699695494
2025-01-26,6+18,18,501,0.005486957998073194
2025-01-27,6+18,0,355,0.003217165998648852
2025-01-27,6+18,6,483,0.005717833002563566
2025-01-27,6+18,18,473,0.005658750000293367
2025-01-28,6+18,0,361,0.003023999997822102
2025-01-28,6+18,6,507,0.005964667005173396
2025-01-28,6+18,18,491,0.005806792003568262
2025-01-29,6+18,0,360,0.0029963749984744936
2025-01-29,6+18,6,493,0.005578333999437746
2025-01-29,6+18,18,476,0.005534584000997711
2025-01-30,6+18,0,358,0.0031248749946826138
2025-01-30,6+18,6,406,0.004843749993597157
2025-01-30,6+18,18,309,0.004951458002324216
2025-01-31,6+18,0,382,0.0030171670005074702
2025-01-31,6+18,6,355,0.00480208399676485
2025-01-31,6+18,18,291,0.005002083002182189
2025-02-01,6+18,0,374,0.0030957089984440245
2025-02-01,6+18,6,377,0.00481166600366123
2025-02-01,6+18,18,382,0.005103499999677297
2025-02-02,6+18,0,362,0.003371708000486251
2025-02-02,6+18,6,453,0.005172749995836057
2025-02-02,6+18,18,430,0.005010875000152737
2025-02-03,6+18,0,354,0.003278374999354128
2025-02-03,6+18,6,442,0.00554004200239433
2025-02-03,6+18,18,469,0.0052680000007967465
2025-02-04,6+18,0,351,0.0033310419967165217
2025-02-04,6+18,6,355,0.004920667000988033
2025-02-04,6+18,18,296,0.004451332999451552
2025-02-05,6+18,0,358,0.003023291996214539
2025-02-05,6+18,6,481,0.006106125001679175
2025-02-05,6+18,18,442,0.00522225000167964
2025-02-06,6+18,0,359,0.0031006659992272034
2025-02-06,6+18,6,344,0.004873709003732074
2025-02-06,6+18,18,306,0.004461124997760635
2025-02-07,6+18,0,376,0.0030483750015264377
2025-02-07,6+18,6,336,0.0048385839982074685
2025-02-07,6+18,18,292,0.00459983399923658
2025-02-08,6+18,0,369,0.00304145800328115
2025-02-08,6+18,6,398,0.005126292002387345
2025-02-08,6+18,18,388,0.005073917003755923
2025-02-09,6+18,0,366,0.0029389589981292374
2025-02-09,6+18,6,465,0.005205749999731779
2025-02-09,6+18,18,431,0.005499792001501191
2025-02-10,6+18,0,357,0.0032272909957100637
2025-02-10,6+18,6,441,0.005154083002707921
2025-02-10,6+18,18,422,0.005273041999316774
2025-02-11,6+18,0,362,0.003148499999952037
2025-02-11,6+18,6,446,0.0052851669970550574
2025-02-11,6+18,18,438,0.005263332997856196
2025-02-12,6+18,0,361,0.0033967080016736872
2025-02-12,6+18,6,443,0.005414624996774364
2025-02-12,6+18,18,469,0.00522833300055936
2025-02-13,6+18,0,367,0.0032642919977661222
2025-02-13,6+18,6,345,0.004846415999054443
2025-02-13,6+18,18,301,0.004366291999758687
2025-02-14,6+18,0,375,0.002973084003315307
2025-02-14,6+18,6,321,0.004979124998499174
2025-02-14,6+18,18,292,0.004411834001075476
2025-02-15,6+18,0,366,0.0029321659967536107
2025-02-15,6+18,6,371,0.005553832997975405
2025-02-15,6+18,18,383,0.004713709000498056
2025-02-16,6+18,0,367,0.0031208329965011217
2025-02-16,6+18,6,440,0.005215625002165325
2025-02-16,6+18,18,409,0.005338249997294042
2025-02-17,6+18,0,366,0.003078834000916686
2025-02-17,6+18,6,434,0.005558374999964144
2025-02-17,6+18,18,409,0.005128374999912921
2025-02-18,6+18,0,367,0.002917000005254522
2025-02-18,6+18,6,399,0.004870665994531009
2025-02-18,6+18,18,320,0.005157457999303006
2025-02-19,6+18,0,361,0.003152333003527019
2025-02-19,6+18,6,432,0.005178915998840239
2025-02-19,6+18,18,397,0.005069334001746029
2025-02-20,6+18,0,367,0.003205000000889413
2025-02-20,6+18,6,360,0.004678249999415129
2025-02-20,6+18,18,304,0.004389959001855459
2025-02-21,6+18,0,359,0.003311624997877516
2025-02-21,6+18,6,310,0.004753665998578072
2025-02-21,6+18,18,293,0.0043004999970435165
2025-02-22,6+18,0,367,0.002963792001537513
2025-02-22,6+18,6,380,0.005687624994607177
2025-02-22,6+18,18,394,0.004825374999199994
2025-02-23,6+18,0,365,0.003099375004239846
2025-02-23,6+18,6,437,0.005532916002266575
2025-02-23,6+18,18,412,0.004752916000143159
2025-02-24,6+18,0,369,0.003000584001711104
2025-02-24,6+18,6,450,0.005781333995400928
2025-02-24,6+18,18,404,0.0050582080002641305
2025-02-25,6+18,0,371,0.003213207994122058
2025-02-25,6+18,6,381,0.004696333999163471
2025-02-25,6+18,18,299,0.004973499999323394
2025-02-26,6+18,0,365,0.0029927909999969415
2025-02-26,6+18,6,455,0.005491791998792905
2025-02-26,6+18,18,411,0.005328250001184642
2025-02-27,6+18,0,369,0.0030152499966789037
2025-02-27,6+18,6,331,0.004648708003514912
2025-02-27,6+18,18,306,0.004773083004693035
2025-02-28,6+18,0,344,0.0032550000032642856
2025-02-28,6+18,6,298,0.004444915997737553
2025-02-28,6+18,18,296,0.0043564580046222545
2025-03-01,6+18,0,363,0.0032179169938899577
2025-03-01,6+18,6,369,0.005146374998730607
2025-03-01,6+18,18,351,0.004527584002062213
2025-03-02,6+18,0,373,0.003061791998334229
2025-03-02,6+18,6,435,0.005738667001423892
2025-03-02,6+18,18,414,0.004834207997191697
2025-03-03,6+18,0,378,0.003063666998059489
2025-03-03,6+18,6,438,0.005795332996058278
2025-03-03,6+18,18,405,0.004728416999569163
2025-03-04,6+18,0,369,0.0029367079987423494
2025-03-04,6+18,6,361,0.005322625002008863
2025-03-04,6+18,18,310,0.004673292001825757
2025-03-05,6+18,0,363,0.003074250002100598
2025-03-05,6+18,6,416,0.005252499999187421
2025-03-05,6+18,18,404,0.005356624998967163
2025-03-06,6+18,0,373,0.0029883749957662076
2025-03-06,6+18,6,331,0.0045588329958263785
2025-03-06,6+18,18,304,0.0046682090032845736
2025-03-07,6+18,0,372,0.0032283749969792552
2025-03-07,6+18,6,296,0.00452262500039069
2025-03-07,6+18,18,293,0.00459141699684551
2025-03-08,6+18,0,346,0.002895917001296766
2025-03-08,6+18,6,344,0.004916166995826643
2025-03-08,6+18,18,339,0.004457791997992899
2025-03-09,6+18,0,364,0.0033058749977499247
2025-03-09,6+18,6,425,0.005305541002599057
2025-03-09,6+18,18,456,0.005044833000283688
2025-03-10,6+18,0,369,0.003231458002119325
2025-03-10,6+18,6,426,0.005695042003935669
2025-03-10,6+18,18,435,0.0048910830009845085
2025-03-11,6+18,0,369,0.003305250000266824
2025-03-11,6+18,6,357,0.005241874998318963
2025-03-11,6+18,18,304,0.004323458997532725
2025-03-12,6+18,0,362,0.002901499996369239
2025-03-12,6+18,6,422,0.005604749996564351
2025-03-12,6+18,18,409,0.004945583998051006
2025-03-13,6+18,0,378,0.0030179999957908876
2025-03-13,6+18,6,339,0.004513917003350798
2025-03-13,6+18,18,305,0.004730041000584606
2025-03-14,6+18,0,346,0.0029342920024646446
2025-03-14,6+18,6,288,0.004496125002333429
2025-03-14,6+18,18,293,0.004904959001578391
2025-03-15,6+18,0,359,0.003182542001013644
2025-03-15,6+18,6,363,0.004828666998946574
2025-03-15,6+18,18,335,0.004768666003656108
2025-03-16,6+18,0,379,0.0035444579989416525
2025-03-16,6+18,6,364,0.0049333749993820675
2025-03-16,6+18,18,307,0.004402958002174273
2025-03-17,6+18,0,366,0.002917166995757725
2025-03-17,6+18,6,405,0.005692708000424318
2025-03-17,6+18,18,411,0.0047680420029792
2025-03-18,6+18,0,371,0.003057709000131581
2025-03-18,6+18,6,337,0.004914832999929786
2025-03-18,6+18,18,310,0.004473916000279132
2025-03-19,6+18,0,365,0.0028974170054425485
2025-03-19,6+18,6,413,0.00601966700196499
2025-03-19,6+18,18,413,0.004868709002039395
2025-03-20,6+18,0,371,0.002942708000773564
2025-03-20,6+18,6,320,0.004616250000253785
2025-03-20,6+18,18,304,0.004730082997411955
2025-03-21,6+18,0,354,0.0028920420008944348
2025-03-21,6+18,6,340,0.0048924590009846725
2025-03-21,6+18,18,311,0.004913415999908466
2025-03-22,6+18,0,348,0.0029250410007080063
2025-03-22,6+18,6,364,0.004651625000406057
2025-03-22,6+18,18,334,0.0046655830010422505
2025-03-23,6+18,0,368,0.003272333000495564
2025-03-23,6+18,6,358,0.0046322500056703575
2025-03-23,6+18,18,343,0.004480957999476232
2025-03-24,6+18,0,375,0.0032125419966178015
2025-03-24,6+18,6,428,0.00541283399797976
2025-03-24,6+18,18,418,0.004920625004160684
2025-03-25,6+18,0,384,0.0031348749980679713
2025-03-25,6+18,6,365,0.004921207997540478
2025-03-25,6+18,18,335,0.0042748749983729795
2025-03-26,6+18,0,364,0.002997665993461851
2025-03-26,6+18,6,416,0.0056471249990863726
2025-03-26,6+18,18,425,0.005373708001570776
2025-03-27,6+18,0,375,0.0031104160007089376
2025-03-27,6+18,6,345,0.00472254199848976
2025-03-27,6+18,18,305,0.004534125000645872
2025-03-28,6+18,0,346,0.002814458006469067
2025-03-28,6+18,6,341,0.004666749999159947
2025-03-28,6+18,18,312,0.004810333004570566
2025-03-29,6+18,0,332,0.0029789589971187524
2025-03-29,6+18,6,347,0.004966792002960574
2025-03-29,6+18,18,324,0.0045907089952379465
2025-03-30,6+18,0,365,0.003318750001199078
2025-03-30,6+18,6,452,0.0052176250028423965
2025-03-30,6+18,18,446,0.0048934579972410575
2025-03-31,6+18,0,372,0.0033494170056656003
2025-03-31,6+18,6,452,0.0054642920003971085
2025-03-31,6+18,18,413,0.0048845000055735
2025-04-01,6+18,0,372,0.003273333997640293
2025-04-01,6+18,6,473,0.005744292000599671
2025-04-01,6+18,18,468,0.0051194159968872555
2025-04-02,6+18,0,369,0.003090541002165992
2025-04-02,6+18,6,496,0.005801958002848551
2025-04-02,6+18,18,439,0.004806000004464295
2025-04-03,6+18,0,379,0.0032654170063324273
2025-04-03,6+18,6,361,0.0048474580034962855
2025-04-03,6+18,18,329,0.00460429100348847
2025-04-04,6+18,0,333,0.0027404590000514872
2025-04-04,6+18,6,329,0.004721457997220568
2025-04-04,6+18,18,315,0.004601499997079372
2025-04-05,6+18,0,328,0.002830416997312568
2025-04-05,6+18,6,346,0.00484916699497262
2025-04-05,6+18,18,325,0.004706291998445522
2025-04-06,6+18,0,364,0.0030768750002607703
2025-04-06,6+18,6,426,0.005365208002331201
2025-04-06,6+18,18,421,0.005217416997766122
2025-04-07,6+18,0,364,0.0030718339985469356
2025-04-07,6+18,6,474,0.005467957998916972
2025-04-07,6+18,18,412,0.00488420799956657
2025-04-08,6+18,0,384,0.003437708001001738
2025-04-08,6+18,6,360,0.004752916000143159
2025-04-08,6+18,18,335,0.004375000004074536
2025-04-09,6+18,0,382,0.00305241699970793
2025-04-09,6+18,6,386,0.005303166995872743
2025-04-09,6+18,18,332,0.004358042002422735
2025-04-10,6+18,0,375,0.0030647499952465296
2025-04-10,6+18,6,364,0.005120333000377286
2025-04-10,6+18,18,320,0.00441395900270436
2025-04-11,6+18,0,323,0.002725250000366941
2025-04-11,6+18,6,291,0.004439500000444241
2025-04-11,6+18,18,303,0.004667790999519639
2025-04-12,6+18,0,351,0.0028366249971440993
2025-04-12,6+18,6,349,0.004732749999675434
2025-04-12,6+18,18,340,0.005146041999978479
2025-04-13,6+18,0,361,0.003060499999264721
2025-04-13,6+18,6,411,0.004886458002147265
2025-04-13,6+18,18,441,0.005155624996405095
2025-04-14,6+18,0,379,0.003196000005118549
2025-04-14,6+18,6,452,0.0052643750022980385
2025-04-14,6+18,18,428,0.0047940840013325214
2025-04-15,6+18,0,363,0.003342999996675644
2025-04-15,6+18,6,444,0.005465417001687456
2025-04-15,6+18,18,421,0.004853749996982515
2025-04-16,6+18,0,371,0.0033920839996426366
2025-04-16,6+18,6,373,0.0050664589944062755
2025-04-16,6+18,18,337,0.004418750002514571
2025-04-17,6+18,0,368,0.0031988340051611885
2025-04-17,6+18,6,359,0.005106750002596527
2025-04-17,6+18,18,323,0.004395457995997276
2025-04-18,6+18,0,331,0.0028123329975642264
2025-04-18,6+18,6,326,0.005024749996664468
2025-04-18,6+18,18,317,0.004807874996913597
2025-04-19,6+18,0,330,0.0027657089958665892
2025-04-19,6+18,6,339,0.004709084001660813
2025-04-19,6+18,18,316,0.00514854199718684
2025-04-20,6+18,0,363,0.0029716670032939874
2025-04-20,6+18,6,397,0.004979915996955242
2025-04-20,6+18,18,343,0.004883333000179846
2025-04-21,6+18,0,376,0.003017249997355975
2025-04-21,6+18,6,439,0.00516983300622087
2025-04-21,6+18,18,416,0.004708458996901754
2025-04-22,6+18,0,355,0.003408999997191131
2025-04-22,6+18,6,474,0.005643542004690971
2025-04-22,6+18,18,429,0.004820708003535401
2025-04-23,6+18,0,353,0.003093624996836297
2025-04-23,6+18,6,375,0.0050937080013682134
2025-04-23,6+18,18,332,0.004696667005191557
2025-04-24,6+18,0,358,0.003018666000571102
2025-04-24,6+18,6,328,0.005367583995393943
2025-04-24,6+18,18,322,0.004404332998092286
2025-04-25,6+18,0,330,0.00276970900449669
2025-04-25,6+18,6,286,0.004646082998078782
2025-04-25,6+18,18,299,0.00439320900477469
2025-04-26,6+18,0,324,0.002738750001299195
2025-04-26,6+18,6,339,0.004662750005081762
2025-04-26,6+18,18,317,0.004709582994109951
2025-04-27,6+18,0,358,0.0029708340007346123
2025-04-27,6+18,6,445,0.005281165998894721
2025-04-27,6+18,18,415,0.00537133400212042
2025-04-28,6+18,0,362,0.0031112910000956617
2025-04-28,6+18,6,479,0.005306999999447726
2025-04-28,6+18,18,414,0.004943542000546586
2025-04-29,6+18,0,365,0.0031105410016607493
2025-04-29,6+18,6,434,0.005257791999611072
2025-04-29,6+18,18,427,0.004802499999641441
2025-04-30,6+18,0,366,0.0031446669963770546
2025-04-30,6+18,6,419,0.005307166000420693
2025-04-30,6+18,18,396,0.004854624996369239
2025-05-01,6+18,0,360,0.0029897499989601783
2025-05-01,6+18,6,361,0.004922125001030508
2025-05-01,6+18,18,319,0.00453008300246438
2025-05-02,6+18,0,350,0.0028440840032999404
2025-05-02,6+18,6,344,0.005219334001594689
2025-05-02,6+18,18,311,0.004355999997642357
2025-05-03,6+18,0,341,0.003049958002520725
2025-05-03,6+18,6,348,0.005105083000671584
2025-05-03,6+18,18,316,0.004743875004351139
2025-05-04,6+18,0,375,0.0031583750023855828
2025-05-04,6+18,6,463,0.005312624998623505
2025-05-04,6+18,18,438,0.005117667002195958
2025-05-05,6+18,0,371,0.0030736669941688888
2025-05-05,6+18,6,413,0.005279500001051929
2025-05-05,6+18,18,416,0.0052755420038010925
2025-05-06,6+18,0,359,0.002937249999376945
2025-05-06,6+18,6,471,0.005411042002378963
2025-05-06,6+18,18,421,0.005172290999325924
2025-05-07,6+18,0,362,0.0030229580006562173
2025-05-07,6+18,6,456,0.0054252080008154735
2025-05-07,6+18,18,418,0.0046430830043391325
2025-05-08,6+18,0,372,0.003337666996230837
2025-05-08,6+18,6,362,0.0046844160024193116
2025-05-08,6+18,18,325,0.0046439580037258565
2025-05-09,6+18,0,349,0.0029595420055557042
2025-05-09,6+18,6,273,0.004603792003763374
2025-05-09,6+18,18,292,0.0042571670055622235
2025-05-10,6+18,0,348,0.002825499999744352
2025-05-10,6+18,6,355,0.005151041004864965
2025-05-10,6+18,18,331,0.004586750001180917
2025-05-11,6+18,0,372,0.0029140830010874197
2025-05-11,6+18,6,461,0.005114625004353002
2025-05-11,6+18,18,395,0.004917915997793898
2025-05-12,6+18,0,371,0.0029771249974146485
2025-05-12,6+18,6,455,0.005466041999170557
2025-05-12,6+18,18,424,0.005073207998066209
2025-05-13,6+18,0,374,0.0030728749989066273
2025-05-13,6+18,6,339,0.004616958998667542
2025-05-13,6+18,18,335,0.0047846250017755665
2025-05-14,6+18,0,368,0.0030633330025011674
2025-05-14,6+18,6,408,0.005034166002587881
2025-05-14,6+18,18,356,0.004754374996991828
2025-05-15,6+18,0,373,0.003231332993891556
2025-05-15,6+18,6,343,0.005105667005409487
2025-05-15,6+18,18,318,0.004417582997120917
2025-05-16,6+18,0,334,0.0028184580005472526
2025-05-16,6+18,6,271,0.004905291003524326
2025-05-16,6+18,18,290,0.004204749995551538
2025-05-17,6+18,0,345,0.0027745000043069012
2025-05-17,6+18,6,355,0.004936416997225024
2025-05-17,6+18,18,321,0.004395333002321422
2025-05-18,6+18,0,370,0.002907667003455572
2025-05-18,6+18,6,440,0.00544041700050002
2025-05-18,6+18,18,411,0.005166333001398016
2025-05-19,6+18,0,364,0.003030749998288229
2025-05-19,6+18,6,447,0.005270250003377441
2025-05-19,6+18,18,422,0.005004958002245985
2025-05-20,6+18,0,371,0.003053832995647099
2025-05-20,6+18,6,423,0.005128459000843577
2025-05-20,6+18,18,359,0.004965415995684452
2025-05-21,6+18,0,370,0.003002541998284869
2025-05-21,6+18,6,428,0.005226334003964439
2025-05-21,6+18,18,340,0.004546666001260746
2025-05-22,6+18,0,363,0.0031544160010525957
2025-05-22,6+18,6,344,0.004935874996590428
2025-05-22,6+18,18,315,0.004690290996222757
2025-05-23,6+18,0,340,0.0029205829996499233
2025-05-23,6+18,6,277,0.004892042001301888
2025-05-23,6+18,18,292,0.004320499996538274
2025-05-24,6+18,0,332,0.002733708002779167
2025-05-24,6+18,6,349,0.005045375000918284
2025-05-24,6+18,18,324,0.004423040998517536
2025-05-25,6+18,0,351,0.002910874994995538
2025-05-25,6+18,6,435,0.005184832996746991
2025-05-25,6+18,18,362,0.005301042001519818
2025-05-26,6+18,0,370,0.0030785420021857135
2025-05-26,6+18,6,410,0.005171083997993264
2025-05-26,6+18,18,377,0.004864041002292652
2025-05-27,6+18,0,362,0.0028657919974648394
2025-05-27,6+18,6,359,0.00503187499998603
2025-05-27,6+18,18,320,0.0048866659999475814
2025-05-28,6+18,0,354,0.0033185419961228035
2025-05-28,6+18,6,432,0.005235874996287748
2025-05-28,6+18,18,348,0.004506083998421673
2025-05-29,6+18,0,356,0.003356792003614828
2025-05-29,6+18,6,381,0.004924542001390364
2025-05-29,6+18,18,306,0.004584583999530878
2025-05-30,6+18,0,355,0.003150709002511576
2025-05-30,6+18,6,279,0.00464487499993993
2025-05-30,6+18,18,293,0.004265375006070826
2025-05-31,6+18,0,352,0.002871625001716893
2025-05-31,6+18,6,363,0.005244082996796351
2025-05-31,6+18,18,325,0.004535125000984408
2025-06-01,6+18,0,366,0.0030827499940642156
2025-06-01,6+18,6,452,0.005488292001246009
2025-06-01,6+18,18,425,0.0051583340027718805
2025-06-02,6+18,0,365,0.003081916998780798
2025-06-02,6+18,6,448,0.005496625002706423
2025-06-02,6+18,18,401,0.0053076249969308265
2025-06-03,6+18,0,355,0.0030515420003212057
2025-06-03,6+18,6,389,0.004781374998856336
2025-06-03,6+18,18,313,0.005227207999269012
2025-06-04,6+18,0,366,0.0031397909988299944
2025-06-04,6+18,6,427,0.005146125004102942
2025-06-04,6+18,18,359,0.005194625002332032
2025-06-05,6+18,0,360,0.0031897920052870177
2025-06-05,6+18,6,373,0.004739500000141561
2025-06-05,6+18,18,307,0.004567541996948421
2025-06-06,6+18,0,383,0.0035739590020966716
2025-06-06,6+18,6,301,0.004504917000303976
2025-06-06,6+18,18,292,0.004255291998561006
2025-06-07,6+18,0,385,0.00315033299557399
2025-06-07,6+18,6,392,0.00536058400030015
2025-06-07,6+18,18,326,0.004615666999598034
2025-06-08,6+18,0,352,0.0030618750024586916
2025-06-08,6+18,6,361,0.005269875000522006
2025-06-08,6+18,18,312,0.004678416000388097
2025-06-09,6+18,0,352,0.003045541998289991
2025-06-09,6+18,6,341,0.0055006670008879155
2025-06-09,6+18,18,306,0.0047667499966337346
2025-06-10,6+18,0,357,0.003048250000574626
2025-06-10,6+18,6,357,0.004991041001630947
2025-06-10,6+18,18,309,0.005223291002039332
2025-06-11,6+18,0,359,0.003030667001439724
2025-06-11,6+18,6,400,0.004762292002851609
2025-06-11,6+18,18,330,0.004753417000756599
2025-06-12,6+18,0,362,0.003222583996830508
2025-06-12,6+18,6,395,0.004888542003754992
2025-06-12,6+18,18,302,0.004495291999774054
2025-06-13,6+18,0,383,0.0036243750000721775
2025-06-13,6+18,6,317,0.004565416995319538
2025-06-13,6+18,18,291,0.004555584004265256
2025-06-14,6+18,0,386,0.003472750002401881
2025-06-14,6+18,6,376,0.004899375002423767
2025-06-14,6+18,18,341,0.004585707996739075
2025-06-15,6+18,0,359,0.003012332999787759
2025-06-15,6+18,6,356,0.005221833001996856
2025-06-15,6+18,18,305,0.004390750000311527
2025-06-16,6+18,0,358,0.0032950840031844564
2025-06-16,6+18,6,385,0.005313207999279257
2025-06-16,6+18,18,306,0.004636375000700355
2025-06-17,6+18,0,356,0.003024375000677537
2025-06-17,6+18,6,389,0.005158791995199863
2025-06-17,6+18,18,308,0.00466654200135963
2025-06-18,6+18,0,350,0.002945041000202764
2025-06-18,6+18,6,463,0.005397291999543086
2025-06-18,6+18,18,358,0.005061458999989554
2025-06-19,6+18,0,351,0.00304024999786634
2025-06-19,6+18,6,367,0.004767250000440981
2025-06-19,6+18,18,303,0.005066582998551894
2025-06-20,6+18,0,370,0.003057292000448797
2025-06-20,6+18,6,318,0.004593833000399172
2025-06-20,6+18,18,294,0.004316334001487121
2025-06-21,6+18,0,374,0.0034101669953088276
2025-06-21,6+18,6,401,0.0050545000049169175
2025-06-21,6+18,18,345,0.004497124995396007
2025-06-22,6+18,0,352,0.0033514580063638277
2025-06-22,6+18,6,441,0.0056579579977551475
2025-06-22,6+18,18,353,0.004579374995955732
2025-06-23,6+18,0,351,0.0030632080015493557
2025-06-23,6+18,6,440,0.005749582996941172
2025-06-23,6+18,18,354,0.004493792002904229
2025-06-24,6+18,0,349,0.0029246249978314154
2025-06-24,6+18,6,342,0.0050469580019125715
2025-06-24,6+18,18,295,0.004545499999949243
2025-06-25,6+18,0,345,0.0029559160029748455
2025-06-25,6+18,6,452,0.005018083997128997
2025-06-25,6+18,18,324,0.005027208993851673
2025-06-26,6+18,0,353,0.002967540996905882
2025-06-26,6+18,6,375,0.0049706249992595986
2025-06-26,6+18,18,290,0.004982709004252683
2025-06-27,6+18,0,384,0.0031232499968609773
2025-06-27,6+18,6,324,0.004453832996659912
2025-06-27,6+18,18,291,0.004384083003969863
2025-06-28,6+18,0,383,0.0035785419968306087
2025-06-28,6+18,6,398,0.005035333000705577
2025-06-28,6+18,18,335,0.0045359169962466694
2025-06-29,6+18,0,355,0.003420667002501432
2025-06-29,6+18,6,441,0.005243707993940916
2025-06-29,6+18,18,351,0.00458375000016531
2025-06-30,6+18,0,360,0.0031895829961285926
2025-06-30,6+18,6,342,0.00521104200015543
2025-06-30,6+18,18,299,0.004341416002716869
2025-07-01,6+18,0,348,0.0031159999998635612
2025-07-01,6+18,6,374,0.005296957999235019
2025-07-01,6+18,18,298,0.0043655420013237745
2025-07-02,6+18,0,345,0.002845542003342416
2025-07-02,6+18,6,443,0.005501374995219521
2025-07-02,6+18,18,359,0.004853958002058789
2025-07-03,6+18,0,352,0.002925832995970268
2025-07-03,6+18,6,373,0.005073291998996865
2025-07-03,6+18,18,295,0.004923542001051828
2025-07-04,6+18,0,366,0.0028440000023692846
2025-07-04,6+18,6,368,0.0049329169996781275
2025-07-04,6+18,18,293,0.004804582997167017
2025-07-05,6+18,0,352,0.00315970899828244
2025-07-05,6+18,6,437,0.004972667004039977
2025-07-05,6+18,18,343,0.004487334001169074
2025-07-06,6+18,0,342,0.0030893750008544885
2025-07-06,6+18,6,432,0.005302332996507175
2025-07-06,6+18,18,344,0.00457345799804898
2025-07-07,6+18,0,342,0.0032625840030959807
2025-07-07,6+18,6,413,0.005757708000601269
2025-07-07,6+18,18,336,0.0045468339958461
2025-07-08,6+18,0,348,0.002932333998614922
2025-07-08,6+18,6,409,0.005278250006085727
2025-07-08,6+18,18,343,0.004555082996375859
2025-07-09,6+18,0,352,0.0030521250009769574
2025-07-09,6+18,6,421,0.005611749998934101
2025-07-09,6+18,18,352,0.004685667001467664
2025-07-10,6+18,0,338,0.002757624999503605
2025-07-10,6+18,6,345,0.0048820840020198375
2025-07-10,6+18,18,292,0.005139792003319599
2025-07-11,6+18,0,370,0.0031793329981155694
2025-07-11,6+18,6,341,0.004765083001984749
2025-07-11,6+18,18,295,0.004560290995868854
2025-07-12,6+18,0,341,0.003020209005626384
2025-07-12,6+18,6,439,0.005091250000987202
2025-07-12,6+18,18,324,0.00451933300064411
2025-07-13,6+18,0,347,0.0029914160040789284
2025-07-13,6+18,6,345,0.004814457999600563
2025-07-13,6+18,18,304,0.004601209002430551
2025-07-14,6+18,0,341,0.003217332996428013
2025-07-14,6+18,6,387,0.00501908300066134
2025-07-14,6+18,18,340,0.004519124995567836
2025-07-15,6+18,0,330,0.00325324999721488
2025-07-15,6+18,6,312,0.005077624999103136
2025-07-15,6+18,18,280,0.0043660829978762195
2025-07-16,6+18,0,333,0.0027172500049346127
2025-07-16,6+18,6,319,0.005119708999700379
2025-07-16,6+18,18,276,0.004561041998385917
2025-07-17,6+18,0,346,0.002812999999150634
2025-07-17,6+18,6,340,0.0047553750046063215
2025-07-17,6+18,18,290,0.004736458999104798
2025-07-18,6+18,0,362,0.0028742499998770654
2025-07-18,6+18,6,389,0.004822000002604909
2025-07-18,6+18,18,328,0.004813790998014156
2025-07-19,6+18,0,362,0.003140250002616085
2025-07-19,6+18,6,365,0.004632958000001963
2025-07-19,6+18,18,332,0.004432542002177797
2025-07-20,6+18,0,338,0.0032080829987535253
2025-07-20,6+18,6,337,0.004946166001900565
2025-07-20,6+18,18,287,0.004491166000661906
2025-07-21,6+18,0,337,0.0030232499993871897
2025-07-21,6+18,6,306,0.00528170899633551
2025-07-21,6+18,18,281,0.0043920000025536865
2025-07-22,6+18,0,314,0.002740332995017525
2025-07-22,6+18,6,351,0.005249582995020319
2025-07-22,6+18,18,282,0.004402042002766393
2025-07-23,6+18,0,314,0.0028010829992126673
2025-07-23,6+18,6,291,0.004681041995354462
2025-07-23,6+18,18,272,0.004747583996504545
2025-07-24,6+18,0,311,0.0028041249970556237
2025-07-24,6+18,6,301,0.00456954200490145
2025-07-24,6+18,18,293,0.004966916996636428
2025-07-25,6+18,0,334,0.003086124997935258
2025-07-25,6+18,6,394,0.004728499996417668
2025-07-25,6+18,18,329,0.004400416000862606
2025-07-26,6+18,0,357,0.0031578329944750294
2025-07-26,6+18,6,385,0.004971499998646323
2025-07-26,6+18,18,327,0.004418124997755513
2025-07-27,6+18,0,322,0.00286904200038407
2025-07-27,6+18,6,318,0.005309416999807581
2025-07-27,6+18,18,283,0.004267249998520128
2025-07-28,6+18,0,318,0.00276612499874318
2025-07-28,6+18,6,398,0.0053007500027888454
2025-07-28,6+18,18,317,0.004564916998788249
2025-07-29,6+18,0,301,0.002733291999902576
2025-07-29,6+18,6,398,0.005110124999191612
2025-07-29,6+18,18,300,0.004909958006464876
2025-07-30,6+18,0,312,0.0028994169988436624
2025-07-30,6+18,6,393,0.005030833002820145
2025-07-30,6+18,18,325,0.005053458000475075
2025-07-31,6+18,0,318,0.002901499996369239
2025-07-31,6+18,6,326,0.0045511249991250224
2025-07-31,6+18,18,285,0.0043605410028249025
2025-08-01,6+18,0,338,0.0032519160013180226
2025-08-01,6+18,6,323,0.004602332999638747
2025-08-01,6+18,18,315,0.004484833996684756
2025-08-02,6+18,0,366,0.0031037500011734664
2025-08-02,6+18,6,386,0.0054284999932860956
2025-08-02,6+18,18,330,0.004479959003219847
2025-08-03,6+18,0,328,0.002872083001420833
2025-08-03,6+18,6,331,0.0051552500008256175
2025-08-03,6+18,18,283,0.004429125001479406
2025-08-04,6+18,0,330,0.0027889159973710775
2025-08-04,6+18,6,302,0.004827917000511661
2025-08-04,6+18,18,289,0.0045555420001619495
2025-08-05,6+18,0,337,0.002726374994381331
2025-08-05,6+18,6,317,0.004735791000712197
2025-08-05,6+18,18,283,0.00480000000243308
2025-08-06,6+18,0,335,0.002965125000628177
2025-08-06,6+18,6,379,0.004761208001582418
2025-08-06,6+18,18,307,0.004672000002756249
2025-08-07,6+18,0,331,0.002978041004098486
2025-08-07,6+18,6,312,0.004658207995817065
2025-08-07,6+18,18,289,0.004317500002798624
2025-08-08,6+18,0,343,0.0030556249985238537
2025-08-08,6+18,6,289,0.004630041999917012
2025-08-08,6+18,18,294,0.004283000002033077
2025-08-09,6+18,0,347,0.0029448339992086403
2025-08-09,6+18,6,348,0.005350250001356471
2025-08-09,6+18,18,318,0.0044463750018621795
2025-08-10,6+18,0,341,0.0027961249943473376
2025-08-10,6+18,6,288,0.004488416998356115
2025-08-10,6+18,18,282,0.004869292002695147
2025-08-11,6+18,0,345,0.002973832997668069
2025-08-11,6+18,6,335,0.004928166999889072
2025-08-11,6+18,18,284,0.00504045799607411
2025-08-12,6+18,0,332,0.00293950000195764
2025-08-12,6+18,6,322,0.004528416000539437
2025-08-12,6+18,18,289,0.004380042002594564
2025-08-13,6+18,0,340,0.003249458000937011
2025-08-13,6+18,6,382,0.005018374999053776
2025-08-13,6+18,18,311,0.004636874997231644
2025-08-14,6+18,0,342,0.003021874996193219
2025-08-14,6+18,6,312,0.004800833004992455
2025-08-14,6+18,18,289,0.004211958002997562
2025-08-15,6+18,0,376,0.002926458000729326
2025-08-15,6+18,6,297,0.005214916993281804
2025-08-15,6+18,18,294,0.004432667003129609
2025-08-16,6+18,0,360,0.0028010419991915114
2025-08-16,6+18,6,360,0.005193290999159217
2025-08-16,6+18,18,328,0.004849541997828055
2025-08-17,6+18,0,344,0.0029270840022945777
2025-08-17,6+18,6,309,0.004669209003623109
2025-08-17,6+18,18,291,0.004659166996134445
2025-08-18,6+18,0,344,0.0027968330032308586
2025-08-18,6+18,6,316,0.00450095900305314
2025-08-18,6+18,18,281,0.004508166995947249
2025-08-19,6+18,0,344,0.0034254999991389923
2025-08-19,6+18,6,333,0.004633499993360601
2025-08-19,6+18,18,299,0.004346084002463613
2025-08-20,6+18,0,343,0.002906292000261601
2025-08-20,6+18,6,381,0.004938540994771756
2025-08-20,6+18,18,317,0.004292208002880216
2025-08-21,6+18,0,345,0.0028752090001944453
2025-08-21,6+18,6,308,0.005001457997423131
2025-08-21,6+18,18,289,0.0045546670007752255
2025-08-22,6+18,0,355,0.002834459002770018
2025-08-22,6+18,6,291,0.004567707997921389
2025-08-22,6+18,18,294,0.00474029200267978
2025-08-23,6+18,0,347,0.0029630839999299496
2025-08-23,6+18,6,356,0.004767709004227072
2025-08-23,6+18,18,322,0.004578250001941342
2025-08-24,6+18,0,335,0.002826583993737586
2025-08-24,6+18,6,372,0.004630125004041474
2025-08-24,6+18,18,312,0.004618250000930857
2025-08-25,6+18,0,362,0.0032691250016796403
2025-08-25,6+18,6,300,0.004844417002459522
2025-08-25,6+18,18,286,0.004362500003480818
2025-08-26,6+18,0,332,0.0027698749981937
2025-08-26,6+18,6,385,0.005141125002410263
2025-08-26,6+18,18,328,0.004354333002993371
2025-08-27,6+18,0,350,0.0028961670032003894
2025-08-27,6+18,6,402,0.005309207997925114
2025-08-27,6+18,18,305,0.0045954590023029596
2025-08-28,6+18,0,340,0.0028656669965130277
2025-08-28,6+18,6,324,0.004750500003865454
2025-08-28,6+18,18,287,0.0047002089995658025
2025-08-29,6+18,0,364,0.0027892500002053566
2025-08-29,6+18,6,369,0.004790083003172185
2025-08-29,6+18,18,315,0.004587709001498297
2025-08-30,6+18,0,358,0.003074250002100598
2025-08-30,6+18,6,366,0.0046645840047858655
2025-08-30,6+18,18,324,0.004485584002395626
2025-08-31,6+18,0,341,0.0031729160036775284
2025-08-31,6+18,6,383,0.005161499997484498
2025-08-31,6+18,18,315,0.004652249997889157
2025-09-01,6+18,0,351,0.0032564170032856055
2025-09-01,6+18,6,313,0.004547583004750777
2025-09-01,6+18,18,290,0.004265666997525841
2025-09-02,6+18,0,345,0.0031243749981513247
2025-09-02,6+18,6,330,0.0049040840021916665
2025-09-02,6+18,18,292,0.004342041997006163
2025-09-03,6+18,0,342,0.002847166993888095
2025-09-03,6+18,6,376,0.0049485830022604205
2025-09-03,6+18,18,319,0.004641542000172194
2025-09-04,6+18,0,339,0.0029099590028636158
2025-09-04,6+18,6,300,0.0047176660009427
2025-09-04,6+18,18,293,0.00465954199898988
2025-09-05,6+18,0,340,0.002892374999646563
2025-09-05,6+18,6,283,0.004212791995087173
2025-09-05,6+18,18,289,0.004414583003381267
2025-09-06,6+18,0,343,0.0031589580030413345
2025-09-06,6+18,6,366,0.0050412089985911734
2025-09-06,6+18,18,323,0.004428625004948117
2025-09-07,6+18,0,333,0.0029765830040560104
2025-09-07,6+18,6,398,0.005363875003240537
2025-09-07,6+18,18,326,0.00457954200101085
2025-09-08,6+18,0,334,0.002980375000333879
2025-09-08,6+18,6,324,0.004994375005480833
2025-09-08,6+18,18,295,0.00445262499852106
2025-09-09,6+18,0,325,0.002788124998915009
2025-09-09,6+18,6,397,0.005033291003201157
2025-09-09,6+18,18,348,0.00474120800208766
2025-09-10,6+18,0,339,0.0029877500055590644
2025-09-10,6+18,6,391,0.004837458000110928
2025-09-10,6+18,18,332,0.004735124995931983
2025-09-11,6+18,0,335,0.0029285000055097044
2025-09-11,6+18,6,316,0.004535959000349976
2025-09-11,6+18,18,302,0.004584249996696599
2025-09-12,6+18,0,341,0.00305987500178162
2025-09-12,6+18,6,288,0.0045119999995222315
2025-09-12,6+18,18,291,0.004271957994205877
2025-09-13,6+18,0,341,0.003046540994546376
2025-09-13,6+18,6,352,0.004833791994315106
2025-09-13,6+18,18,336,0.004379624995635822
2025-09-14,6+18,0,343,0.0030547920032404363
2025-09-14,6+18,6,331,0.005346624995581806
2025-09-14,6+18,18,301,0.004423667000082787
2025-09-15,6+18,0,341,0.0030048750049900264
2025-09-15,6+18,6,391,0.005296499999531079
2025-09-15,6+18,18,372,0.00502533299732022
2025-09-16,6+18,0,363,0.0030636250012321398
2025-09-16,6+18,6,325,0.004874500002188142
2025-09-16,6+18,18,299,0.004839666995394509
2025-09-17,6+18,0,353,0.0029202079967944883
2025-09-17,6+18,6,332,0.004500833994825371
2025-09-17,6+18,18,310,0.004719708005723078
2025-09-18,6+18,0,356,0.0030416250010603108
2025-09-18,6+18,6,348,0.004836874999455176
2025-09-18,6+18,18,310,0.0046580409980379045
2025-09-19,6+18,0,348,0.0030720419963472523
2025-09-19,6+18,6,296,0.004655958997318521
2025-09-19,6+18,18,293,0.004305666996515356
2025-09-20,6+18,0,345,0.002875375001167413
2025-09-20,6+18,6,363,0.005134209000971168
2025-09-20,6+18,18,330,0.004563124995911494
2025-09-21,6+18,0,365,0.0030574580014217645
2025-09-21,6+18,6,364,0.0049894580006366596
2025-09-21,6+18,18,307,0.004572083002130967
2025-09-22,6+18,0,370,0.0030094169997028075
2025-09-22,6+18,6,432,0.005213292002736125
2025-09-22,6+18,18,426,0.005306708000716753
2025-09-23,6+18,0,365,0.0029721250029979274
2025-09-23,6+18,6,335,0.0044612499987124465
2025-09-23,6+18,18,306,0.005007792002288625
2025-09-24,6+18,0,354,0.0030057090043555945
2025-09-24,6+18,6,400,0.004876042003161274
2025-09-24,6+18,18,333,0.0045991250008228235
2025-09-25,6+18,0,374,0.0032087080035125837
2025-09-25,6+18,6,367,0.005007499996281695
2025-09-25,6+18,18,309,0.00450608300161548
2025-09-26,6+18,0,373,0.003165957998135127
2025-09-26,6+18,6,300,0.004783958996995352
2025-09-26,6+18,18,298,0.004269959004886914
2025-09-27,6+18,0,340,0.0028569580026669428
2025-09-27,6+18,6,360,0.005295250004564878
2025-09-27,6+18,18,351,0.004670624999562278
2025-09-28,6+18,0,369,0.003054542001336813
2025-09-28,6+18,6,376,0.005184084002394229
2025-09-28,6+18,18,305,0.004570290999254212
2025-09-29,6+18,0,376,0.0030809169984422624
2025-09-29,6+18,6,363,0.004902707994915545
2025-09-29,6+18,18,332,0.004806500000995584
2025-09-30,6+18,0,373,0.0030561250023311004
2025-09-30,6+18,6,471,0.00522504100081278
2025-09-30,6+18,18,444,0.0054580409996560775
2025-10-01,6+18,0,369,0.0031410829978995025
2025-10-01,6+18,6,340,0.0044747499996447004
2025-10-01,6+18,18,305,0.004316124999604654
2025-10-02,6+18,0,366,0.0033607500008656643
2025-10-02,6+18,6,356,0.004673875002481509
2025-10-02,6+18,18,336,0.004552917002001777
2025-10-03,6+18,0,341,0.0029401659994618967
2025-10-03,6+18,6,339,0.005076041998108849
2025-10-03,6+18,18,319,0.004333665994636249
2025-10-04,6+18,0,372,0.003035667003132403
2025-10-04,6+18,6,385,0.005515625001862645
2025-10-04,6+18,18,438,0.005328083003405482
2025-10-05,6+18,0,382,0.0030967919956310652
2025-10-05,6+18,6,398,0.0052099590029683895
2025-10-05,6+18,18,349,0.004507249999733176
2025-10-06,6+18,0,356,0.002918040998338256
2025-10-06,6+18,6,485,0.0056435000005876645
2025-10-06,6+18,18,414,0.005382667004596442
2025-10-07,6+18,0,372,0.003207750000001397
2025-10-07,6+18,6,349,0.004681167003582232
2025-10-07,6+18,18,300,0.004924250002659392
2025-10-08,6+18,0,368,0.0030222079949453473
2025-10-08,6+18,6,461,0.005378125002607703
2025-10-08,6+18,18,432,0.005407832999480888
2025-10-09,6+18,0,360,0.00305004099936923
2025-10-09,6+18,6,346,0.004565708004520275
2025-10-09,6+18,18,308,0.004607542003213894
2025-10-10,6+18,0,355,0.0031027080040075816
2025-10-10,6+18,6,320,0.004464042001927737
2025-10-10,6+18,18,314,0.0043404999960330315
2025-10-11,6+18,0,354,0.0031455829957849346
2025-10-11,6+18,6,353,0.005390792000980582
2025-10-11,6+18,18,340,0.004685958003392443
2025-10-12,6+18,0,374,0.0029704169937758707
2025-10-12,6+18,6,456,0.0058132920021307655
2025-10-12,6+18,18,417,0.004838458997255657
2025-10-13,6+18,0,368,0.0031711670017102733
2025-10-13,6+18,6,421,0.005601500000921078
2025-10-13,6+18,18,429,0.005016041999624576
2025-10-14,6+18,0,371,0.0030090000000200234
2025-10-14,6+18,6,447,0.005264250001346227
2025-10-14,6+18,18,479,0.00533170800190419
2025-10-15,6+18,0,371,0.003006124999956228
2025-10-15,6+18,6,469,0.005627833001199178
2025-10-15,6+18,18,422,0.005084791002445854
2025-10-16,6+18,0,373,0.0029607080068672076
2025-10-16,6+18,6,381,0.004636208002921194
2025-10-16,6+18,18,332,0.0048717919999035075
2025-10-17,6+18,0,337,0.0030000420010765083
2025-10-17,6+18,6,342,0.004814125000848435
2025-10-17,6+18,18,322,0.004429792003065813
2025-10-18,6+18,0,368,0.0032833329969435
2025-10-18,6+18,6,365,0.004913458004011773
2025-10-18,6+18,18,360,0.004643583997676615
2025-10-19,6+18,0,369,0.0031123340013436973
2025-10-19,6+18,6,457,0.005814750002173241
2025-10-19,6+18,18,425,0.004957582998031285
2025-10-20,6+18,0,364,0.0030242919965530746
2025-10-20,6+18,6,356,0.004943917003402021
2025-10-20,6+18,18,300,0.004400291996716987
2025-10-21,6+18,0,363,0.003145374997984618
2025-10-21,6+18,6,395,0.005036875001678709
2025-10-21,6+18,18,328,0.004674875002820045
2025-10-22,6+18,0,372,0.002974332994199358
2025-10-22,6+18,6,489,0.005407458003901411
2025-10-22,6+18,18,449,0.005222624997259118
2025-10-23,6+18,0,373,0.0031382500019390136
2025-10-23,6+18,6,391,0.00494299999991199
2025-10-23,6+18,18,332,0.004794625005160924
2025-10-24,6+18,0,353,0.0029699590013478883
2025-10-24,6+18,6,354,0.004705792001914233
2025-10-24,6+18,18,317,0.005159874999662861
2025-10-25,6+18,0,371,0.003231124996091239
2025-10-25,6+18,6,380,0.004772667001816444
2025-10-25,6+18,18,390,0.004733540998131502
2025-10-26,6+18,0,367,0.003419374996155966
2025-10-26,6+18,6,469,0.005452624995086808
2025-10-26,6+18,18,448,0.004978375000064261
2025-10-27,6+18,0,363,0.003148124997096602
2025-10-27,6+18,6,499,0.005541833997995127
2025-10-27,6+18,18,456,0.0051572089942055754
2025-10-28,6+18,0,369,0.0030201250046957284
2025-10-28,6+18,6,412,0.0055334999997285195
2025-10-28,6+18,18,321,0.004315375001169741
2025-10-29,6+18,0,369,0.003070333994401153
2025-10-29,6+18,6,445,0.005698875000234693
2025-10-29,6+18,18,469,0.004890458003501408
2025-10-30,6+18,0,365,0.002926249995653052
2025-10-30,6+18,6,356,0.005033708002883941
2025-10-30,6+18,18,307,0.004568208001728635
2025-10-31,6+18,0,373,0.002994333000970073
2025-10-31,6+18,6,367,0.004955458003678359
2025-10-31,6+18,18,318,0.005004499995266087
2025-11-01,6+18,0,370,0.002949124995211605
2025-11-01,6+18,6,358,0.004661457998736296
2025-11-01,6+18,18,379,0.005033166999055538
2025-11-02,6+18,0,383,0.003005541002494283
2025-11-02,6+18,6,523,0.0055998750030994415
2025-11-02,6+18,18,463,0.005335583002306521
2025-11-03,6+18,0,372,0.0034143329976359382
2025-11-03,6+18,6,475,0.005357207999622915
2025-11-03,6+18,18,469,0.0052647090051323175
2025-11-04,6+18,0,355,0.003206541994586587
2025-11-04,6+18,6,516,0.005750790995080024
2025-11-04,6+18,18,515,0.006099250000261236
2025-11-05,6+18,0,367,0.0032639580022078007
2025-11-05,6+18,6,475,0.005430500001239125
2025-11-05,6+18,18,477,0.005314125002769288
2025-11-06,6+18,0,370,0.0035982909976155497
2025-11-06,6+18,6,446,0.005272250004054513
2025-11-06,6+18,18,334,0.004863333000685088
2025-11-07,6+18,0,380,0.0032968750019790605
2025-11-07,6+18,6,395,0.005224415996053722
2025-11-07,6+18,18,329,0.004490916995564476
2025-11-08,6+18,0,369,0.003157375002047047
2025-11-08,6+18,6,379,0.005303624995576683
2025-11-08,6+18,18,415,0.004792708998138551
2025-11-09,6+18,0,380,0.0029787090024910867
2025-11-09,6+18,6,482,0.005758083003456704
2025-11-09,6+18,18,544,0.006330000003799796
2025-11-10,6+18,0,364,0.0030227919996832497
2025-11-10,6+18,6,527,0.006304708993411623
2025-11-10,6+18,18,473,0.0050709169954643585
2025-11-11,6+18,0,368,0.002972874994156882
2025-11-11,6+18,6,356,0.004855499995755963
2025-11-11,6+18,18,326,0.004732417000923306
2025-11-12,6+18,0,362,0.0029861669972888194
2025-11-12,6+18,6,492,0.005691541999112815
2025-11-12,6+18,18,457,0.005171333999896888
2025-11-13,6+18,0,370,0.0029854170061298646
2025-11-13,6+18,6,433,0.005209709001064766
2025-11-13,6+18,18,336,0.004899666004348546
2025-11-14,6+18,0,370,0.0031370829965453595
2025-11-14,6+18,6,371,0.004760791998705827
2025-11-14,6+18,18,339,0.004913457996735815
2025-11-15,6+18,0,375,0.003268833002948668
2025-11-15,6+18,6,385,0.004789958002220374
2025-11-15,6+18,18,381,0.004895999998552725
2025-11-16,6+18,0,388,0.003325416997540742
2025-11-16,6+18,6,529,0.005621709002298303
2025-11-16,6+18,18,485,0.005543499995837919
2025-11-17,6+18,0,363,0.0033252499997615814
2025-11-17,6+18,6,392,0.0048789170032250695
2025-11-17,6+18,18,295,0.004482666998228524
2025-11-18,6+18,0,358,0.002952540999103803
2025-11-18,6+18,6,483,0.005683916999259964
2025-11-18,6+18,18,528,0.005909667001105845
2025-11-19,6+18,0,370,0.0032161249982891604
2025-11-19,6+18,6,522,0.006197249997057952
2025-11-19,6+18,18,522,0.005440458997327369
2025-11-20,6+18,0,365,0.0031400420048157685
2025-11-20,6+18,6,430,0.005717208005080465
2025-11-20,6+18,18,335,0.0043408749988884665
2025-11-21,6+18,0,373,0.00298845799989067
2025-11-21,6+18,6,399,0.0053039589984109625
2025-11-21,6+18,18,344,0.004740874996059574
2025-11-22,6+18,0,375,0.003119167005934287
2025-11-22,6+18,6,390,0.0049958749950747006
2025-11-22,6+18,18,398,0.005123334005475044
2025-11-23,6+18,0,370,0.002965624997159466
2025-11-23,6+18,6,534,0.005900582997128367
2025-11-23,6+18,18,533,0.006534874999488238
2025-11-24,6+18,0,367,0.003054082997550722
2025-11-24,6+18,6,437,0.005103917006636038
2025-11-24,6+18,18,320,0.004904834000626579
2025-11-25,6+18,0,362,0.0030566659988835454
2025-11-25,6+18,6,479,0.005470417003380135
2025-11-25,6+18,18,543,0.006008500000461936
2025-11-26,6+18,0,361,0.003005500002473127
2025-11-26,6+18,6,482,0.005699041998013854
2025-11-26,6+18,18,479,0.005506292000063695
2025-11-27,6+18,0,370,0.0030547920032404363
2025-11-27,6+18,6,420,0.004817125001864042
2025-11-27,6+18,18,335,0.0044576250002137385
2025-11-28,6+18,0,378,0.0031672080003772862
2025-11-28,6+18,6,404,0.004901084001176059
2025-11-28,6+18,18,348,0.004597084000124596
2025-11-29,6+18,0,378,0.003418041997065302
2025-11-29,6+18,6,414,0.005050250001659151
2025-11-29,6+18,18,399,0.004660040998714976
2025-11-30,6+18,0,372,0.0032979169991449453
2025-11-30,6+18,6,529,0.006432458998460788
2025-11-30,6+18,18,470,0.0050640420013223775
2025-12-01,6+18,0,357,0.0031463749983231537
2025-12-01,6+18,6,432,0.00519591700140154
2025-12-01,6+18,18,313,0.004456959002709482
2025-12-02,6+18,0,365,0.003067708996240981
2025-12-02,6+18,6,511,0.005967000004602596
2025-12-02,6+18,18,555,0.006146166997496039
2025-12-03,6+18,0,358,0.0030020830017747357
2025-12-03,6+18,6,522,0.005754375000833534
2025-12-03,6+18,18,528,0.005626917001791298
2025-12-04,6+18,0,349,0.0030179160021361895
2025-12-04,6+18,6,402,0.005269042005238589
2025-12-04,6+18,18,337,0.004685958003392443
2025-12-05,6+18,0,373,0.0029999580001458526
2025-12-05,6+18,6,437,0.005213709002418909
2025-12-05,6+18,18,420,0.0052904999974998645
2025-12-06,6+18,0,377,0.0030852499985485338
2025-12-06,6+18,6,440,0.005292083995300345
2025-12-06,6+18,18,469,0.005502250001882203
2025-12-07,6+18,0,347,0.003184417000738904
2025-12-07,6+18,6,466,0.0056423329951940104
2025-12-07,6+18,18,525,0.006051374999515247
2025-12-08,6+18,0,353,0.0031127080001169816
2025-12-08,6+18,6,437,0.004924499997287057
2025-12-08,6+18,18,301,0.00496495800325647
2025-12-09,6+18,0,347,0.0029529579987865873
2025-12-09,6+18,6,392,0.004873874997429084
2025-12-09,6+18,18,315,0.004458583003724925
2025-12-10,6+18,0,341,0.003132957994239405
2025-12-10,6+18,6,451,0.005206583002291154
2025-12-10,6+18,18,362,0.0045129159989301115
2025-12-11,6+18,0,353,0.003271957997640129
2025-12-11,6+18,6,391,0.005292624999128748
2025-12-11,6+18,18,335,0.004344209002738353
2025-12-12,6+18,0,372,0.003044749995751772
2025-12-12,6+18,6,386,0.005183499997656327
2025-12-12,6+18,18,299,0.0043222920066909865
2025-12-13,6+18,0,371,0.003058583002712112
2025-12-13,6+18,6,449,0.0056134580008802
2025-12-13,6+18,18,468,0.005623790995741729
2025-12-14,6+18,0,348,0.0028882080005132593
2025-12-14,6+18,6,469,0.005300165998050943
2025-12-14,6+18,18,365,0.0051740830022026785
2025-12-15,6+18,0,339,0.0029043749964330345
2025-12-15,6+18,6,520,0.005866542000148911
2025-12-15,6+18,18,542,0.005895458001759835
2025-12-16,6+18,0,345,0.0030104159959591925
2025-12-16,6+18,6,409,0.004789958002220374
2025-12-16,6+18,18,315,0.004834416999074165
2025-12-17,6+18,0,351,0.0032016670011216775
2025-12-17,6+18,6,480,0.005315832997439429
2025-12-17,6+18,18,538,0.006021624998538755
2025-12-18,6+18,0,348,0.002947958004369866
2025-12-18,6+18,6,425,0.004843916998652276
2025-12-18,6+18,18,340,0.004571584002405871
2025-12-19,6+18,0,375,0.0034143329976359382
2025-12-19,6+18,6,444,0.005365500001062173
2025-12-19,6+18,18,456,0.005095874999824446
2025-12-20,6+18,0,383,0.00331091700354591
2025-12-20,6+18,6,434,0.0052972499979659915
2025-12-20,6+18,18,474,0.005272250004054513
2025-12-21,6+18,0,346,0.0030849999966449104
2025-12-21,6+18,6,506,0.005903874996874947
2025-12-21,6+18,18,529,0.0054247500011115335
2025-12-22,6+18,0,356,0.0031033330014906824
2025-12-22,6+18,6,464,0.005846874999406282
2025-12-22,6+18,18,375,0.00446616700355662
2025-12-23,6+18,0,347,0.0029952910044812597
2025-12-23,6+18,6,418,0.005669541998940986
2025-12-23,6+18,18,361,0.004541582995443605
2025-12-24,6+18,0,334,0.0028844170010415837
2025-12-24,6+18,6,412,0.005412291997345164
2025-12-24,6+18,18,366,0.004807750003237743
2025-12-25,6+18,0,339,0.0028877079967060126
2025-12-25,6+18,6,435,0.005210834002355114
2025-12-25,6+18,18,336,0.004694749994087033
2025-12-26,6+18,0,376,0.0030487920012092218
2025-12-26,6+18,6,419,0.005029292005929165
2025-12-26,6+18,18,455,0.005510082999535371
2025-12-27,6+18,0,382,0.003141125002002809
2025-12-27,6+18,6,424,0.004959042002155911
2025-12-27,6+18,18,442,0.005585416998656001
2025-12-28,6+18,0,337,0.0029096660000504926
2025-12-28,6+18,6,507,0.005356957997719292
2025-12-28,6+18,18,539,0.005797875004645903
2025-12-29,6+18,0,343,0.003111083002295345
2025-12-29,6+18,6,518,0.005601458004093729
2025-12-29,6+18,18,498,0.005686791999323759
2025-12-30,6+18,0,336,0.003188458002114203
2025-12-30,6+18,6,489,0.005774375000328291
2025-12-30,6+18,18,499,0.00558525000087684
2025-12-31,6+18,0,354,0.0034765829987009056
2025-12-31,6+18,6,452,0.005384708005294669
2025-12-31,6+18,18,510,0.005742750006902497
2025-01-01,12+18,0,260,0.0030935419999877922
2025-01-01,12+18,12,303,0.0044631669952650554
2025-01-01,12+18,18,327,0.0043786660025944
2025-01-02,12+18,0,357,0.0030036250027478673
2025-01-02,12+18,12,534,0.005780040999525227
2025-01-02,12+18,18,545,0.0057011249955394305
2025-01-03,12+18,0,351,0.0029277499997988343
2025-01-03,12+18,12,461,0.0053380000026663765
2025-01-03,12+18,18,335,0.004629875002137851
2025-01-04,12+18,0,346,0.00295304100291105
2025-01-04,12+18,12,443,0.0052253329995437525
2025-01-04,12+18,18,346,0.0049445000040577725
2025-01-05,12+18,0,373,0.002954750001663342
2025-01-05,12+18,12,525,0.005664415999490302
2025-01-05,12+18,18,491,0.005787875001260545
2025-01-06,12+18,0,354,0.002933208001195453
2025-01-06,12+18,12,526,0.00563937499828171
2025-01-06,12+18,18,543,0.006505666999146342
2025-01-07,12+18,0,361,0.0030420000039157458
2025-01-07,12+18,12,527,0.005806416003906634
2025-01-07,12+18,18,529,0.006036708000465296
2025-01-08,12+18,0,344,0.003022041004442144
2025-01-08,12+18,12,482,0.005340833995433059
2025-01-08,12+18,18,561,0.006331791999400593
2025-01-09,12+18,0,352,0.0028940409974893555
2025-01-09,12+18,12,475,0.004936707999149803
2025-01-09,12+18,18,480,0.005613166002149228
2025-01-10,12+18,0,384,0.0034321669954806566
2025-01-10,12+18,12,406,0.00476241599972127
2025-01-10,12+18,18,360,0.004623458000423852
2025-01-11,12+18,0,374,0.0035499589939718135
2025-01-11,12+18,12,432,0.005056458001490682
2025-01-11,12+18,18,433,0.004988625005353242
2025-01-12,12+18,0,347,0.0032248750067083165
2025-01-12,12+18,12,463,0.005224332999205217
2025-01-12,12+18,18,475,0.005138374996022321
2025-01-13,12+18,0,355,0.0029721669998252764
2025-01-13,12+18,12,498,0.005839666002430022
2025-01-13,12+18,18,538,0.005545416999666486
2025-01-14,12+18,0,345,0.0032632910006213933
2025-01-14,12+18,12,522,0.005976749998808373
2025-01-14,12+18,18,501,0.005303457997797523
2025-01-15,12+18,0,362,0.002994875001604669
2025-01-15,12+18,12,540,0.006179500000143889
2025-01-15,12+18,18,534,0.005659499998728279
2025-01-16,12+18,0,357,0.0031612499951734208
2025-01-16,12+18,12,477,0.005365125005482696
2025-01-16,12+18,18,451,0.005145208000612911
2025-01-17,12+18,0,376,0.003054624998185318
2025-01-17,12+18,12,431,0.005085917000542395
2025-01-17,12+18,18,381,0.00460525000380585
2025-01-18,12+18,0,369,0.0029590830017696135
2025-01-18,12+18,12,444,0.005147541996848304
2025-01-18,12+18,18,447,0.00565108400041936
2025-01-19,12+18,0,354,0.002933292002126109
2025-01-19,12+18,12,475,0.005389250000007451
2025-01-19,12+18,18,511,0.006161874996905681
2025-01-20,12+18,0,354,0.0030942500015953556
2025-01-20,12+18,12,526,0.005946459001279436
2025-01-20,12+18,18,504,0.005907917002332397
2025-01-21,12+18,0,353,0.00301829199452186
2025-01-21,12+18,12,475,0.005390459002228454
2025-01-21,12+18,18,503,0.0065306250035064295
2025-01-22,12+18,0,353,0.003140250002616085
2025-01-22,12+18,12,441,0.005169791002117563
2025-01-22,12+18,18,525,0.005830749993037898
2025-01-23,12+18,0,351,0.0030095839974819683
2025-01-23,12+18,12,478,0.005056583999248687
2025-01-23,12+18,18,451,0.004864750000706408
2025-01-24,12+18,0,380,0.0031249999956344254
2025-01-24,12+18,12,422,0.005002708996471483
2025-01-24,12+18,18,356,0.004804917000001296
2025-01-25,12+18,0,376,0.0032333340059267357
2025-01-25,12+18,12,429,0.0048973750017466955
2025-01-25,12+18,18,409,0.005012667003029492
2025-01-26,12+18,0,360,0.0031010000020614825
2025-01-26,12+18,12,488,0.006039416999556124
2025-01-26,12+18,18,498,0.005259792000288144
2025-01-27,12+18,0,356,0.0032521249959245324
2025-01-27,12+18,12,479,0.00567041699832771
2025-01-27,12+18,18,478,0.005212625001149718
2025-01-28,12+18,0,365,0.0032367500025429763
2025-01-28,12+18,12,505,0.005799833998025861
2025-01-28,12+18,18,491,0.005399666995799635
2025-01-29,12+18,0,366,0.0030903750011930242
2025-01-29,12+18,12,466,0.005600125005003065
2025-01-29,12+18,18,469,0.0051912499984609894
2025-01-30,12+18,0,363,0.003201957995770499
2025-01-30,12+18,12,444,0.0056249590052175336
2025-01-30,12+18,18,414,0.005032916997151915
2025-01-31,12+18,0,377,0.0030242919965530746
2025-01-31,12+18,12,394,0.005049917002907023
2025-01-31,12+18,18,360,0.005065167002612725
2025-02-01,12+18,0,380,0.003050125000299886
2025-02-01,12+18,12,477,0.005573249996814411
2025-02-01,12+18,18,386,0.005047459002526011
2025-02-02,12+18,0,365,0.003015417001734022
2025-02-02,12+18,12,460,0.005232209005043842
2025-02-02,12+18,18,432,0.005190083000343293
2025-02-03,12+18,0,358,0.003039333001652267
2025-02-03,12+18,12,451,0.005250583002634812
2025-02-03,12+18,18,465,0.005875082999409642
2025-02-04,12+18,0,351,0.0030808750016149133
2025-02-04,12+18,12,424,0.0049090829998021945
2025-02-04,12+18,18,485,0.0053151669999351725
2025-02-05,12+18,0,360,0.0033830419997684658
2025-02-05,12+18,12,470,0.0052621659997384995
2025-02-05,12+18,18,443,0.00513241600128822
2025-02-06,12+18,0,360,0.0034043749983538873
2025-02-06,12+18,12,442,0.005480416999489535
2025-02-06,12+18,18,414,0.004781916999490932
2025-02-07,12+18,0,379,0.003267917003540788
2025-02-07,12+18,12,377,0.004791749997821171
2025-02-07,12+18,18,326,0.004344415996456519
2025-02-08,12+18,0,376,0.0030176250002114102
2025-02-08,12+18,12,426,0.005341042000509333
2025-02-08,12+18,18,395,0.004717083000286948
2025-02-09,12+18,0,374,0.0029811249987687916
2025-02-09,12+18,12,452,0.005808458001411054
2025-02-09,12+18,18,429,0.0050073330057784915
2025-02-10,12+18,0,364,0.003024042001925409
2025-02-10,12+18,12,417,0.0048874580024858005
2025-02-10,12+18,18,421,0.005364374999771826
2025-02-11,12+18,0,363,0.003205709006579127
2025-02-11,12+18,12,406,0.004970541995135136
2025-02-11,12+18,18,443,0.005299541000567842
2025-02-12,12+18,0,364,0.0032596660021226853
2025-02-12,12+18,12,417,0.004847624993999489
2025-02-12,12+18,18,476,0.0054836659983266145
2025-02-13,12+18,0,366,0.0032404160010628402
2025-02-13,12+18,12,404,0.004752207998535596
2025-02-13,12+18,18,403,0.004747708000650164
2025-02-14,12+18,0,368,0.002983500002301298
2025-02-14,12+18,12,346,0.004579250002279878
2025-02-14,12+18,18,317,0.00456504199974006
2025-02-15,12+18,0,369,0.003206000001227949
2025-02-15,12+18,12,421,0.00527058400621172
2025-02-15,12+18,18,377,0.004557667001790833
2025-02-16,12+18,0,373,0.003099540997936856
2025-02-16,12+18,12,414,0.005246667002211325
2025-02-16,12+18,18,415,0.004982041995390318
2025-02-17,12+18,0,375,0.0032130409963428974
2025-02-17,12+18,12,404,0.005378209003538359
2025-02-17,12+18,18,416,0.0049378330004401505
2025-02-18,12+18,0,369,0.0030267500042100437
2025-02-18,12+18,12,465,0.005722833004256245
2025-02-18,12+18,18,423,0.005044707999331877
2025-02-19,12+18,0,361,0.0029427079934976064
2025-02-19,12+18,12,443,0.005058458998973947
2025-02-19,12+18,18,404,0.005183166002098005
2025-02-20,12+18,0,370,0.0031437910001841374
2025-02-20,12+18,12,391,0.0049185000025318
2025-02-20,12+18,18,407,0.005106249998789281
2025-02-21,12+18,0,359,0.0031539580013486557
2025-02-21,12+18,12,362,0.004534207997494377
2025-02-21,12+18,18,317,0.004431415996805299
2025-02-22,12+18,0,369,0.0034605839973664843
2025-02-22,12+18,12,411,0.004798333000508137
2025-02-22,12+18,18,389,0.004708959000709001
2025-02-23,12+18,0,363,0.003554875002009794
2025-02-23,12+18,12,417,0.005108125005790498
2025-02-23,12+18,18,410,0.004814291998627596
2025-02-24,12+18,0,369,0.0030783750044065528
2025-02-24,12+18,12,397,0.005486542002472561
2025-02-24,12+18,18,410,0.0048502499994356185
2025-02-25,12+18,0,370,0.0031140829960349947
2025-02-25,12+18,12,437,0.005294208000123035
2025-02-25,12+18,18,394,0.0047231249991455115
2025-02-26,12+18,0,370,0.003095458996540401
2025-02-26,12+18,12,507,0.006055249999917578
2025-02-26,12+18,18,415,0.004959707999660168
2025-02-27,12+18,0,371,0.0029711250026593916
2025-02-27,12+18,12,392,0.005116457999974955
2025-02-27,12+18,18,405,0.005003166996175423
2025-02-28,12+18,0,341,0.0028408750004018657
2025-02-28,12+18,12,348,0.004542417002085131
2025-02-28,12+18,18,322,0.005042000004323199
2025-03-01,12+18,0,364,0.0030004159998497926
2025-03-01,12+18,12,374,0.004782167001394555
2025-03-01,12+18,18,337,0.004829124998650514
2025-03-02,12+18,0,375,0.0031792090012459084
2025-03-02,12+18,12,460,0.004996792005840689
2025-03-02,12+18,18,415,0.004940749997331295
2025-03-03,12+18,0,382,0.0033920830028364435
2025-03-03,12+18,12,426,0.005288291999022476
2025-03-03,12+18,18,413,0.004853582999203354
2025-03-04,12+18,0,373,0.0031872079998720437
2025-03-04,12+18,12,401,0.004972290997102391
2025-03-04,12+18,18,414,0.004938459002005402
2025-03-05,12+18,0,366,0.003198708000127226
2025-03-05,12+18,12,415,0.005466000002343208
2025-03-05,12+18,18,414,0.004802208000910468
2025-03-06,12+18,0,373,0.002986666004289873
2025-03-06,12+18,12,403,0.005095417000120506
2025-03-06,12+18,18,411,0.004935375000059139
2025-03-07,12+18,0,372,0.003241958998842165
2025-03-07,12+18,12,348,0.004743375000543892
2025-03-07,12+18,18,306,0.0048179579971474595
2025-03-08,12+18,0,349,0.0028084170044166967
2025-03-08,12+18,12,355,0.00449366699467646
2025-03-08,12+18,18,335,0.004870750002737623
2025-03-09,12+18,0,373,0.003222125000320375
2025-03-09,12+18,12,415,0.004760959003760945
2025-03-09,12+18,18,455,0.0052315420034574345
2025-03-10,12+18,0,365,0.0032727079960750416
2025-03-10,12+18,12,406,0.004837375003262423
2025-03-10,12+18,18,434,0.005138333996001165
2025-03-11,12+18,0,366,0.003643124997324776
2025-03-11,12+18,12,421,0.00509112500003539
2025-03-11,12+18,18,406,0.00471599999582395
2025-03-12,12+18,0,358,0.003187875001458451
2025-03-12,12+18,12,410,0.004904333000013139
2025-03-12,12+18,18,419,0.00470783300261246
2025-03-13,12+18,0,381,0.0030578750011045486
2025-03-13,12+18,12,417,0.005130333003762644
2025-03-13,12+18,18,409,0.004710665998572949
2025-03-14,12+18,0,343,0.002845416995114647
2025-03-14,12+18,12,313,0.005001917001209222
2025-03-14,12+18,18,309,0.004625624998880085
2025-03-15,12+18,0,361,0.002888999995775521
2025-03-15,12+18,12,341,0.004725209000753239
2025-03-15,12+18,18,333,0.004855582999880426
2025-03-16,12+18,0,378,0.003065791999688372
2025-03-16,12+18,12,415,0.0050387920055072755
2025-03-16,12+18,18,405,0.005248375004157424
2025-03-17,12+18,0,357,0.003211374998500105
2025-03-17,12+18,12,430,0.004855291997955646
2025-03-17,12+18,18,414,0.005078249996586237
2025-03-18,12+18,0,368,0.00335474999883445
2025-03-18,12+18,12,397,0.0047195829974953085
2025-03-18,12+18,18,403,0.004822750001039822
2025-03-19,12+18,0,369,0.003603333003411535
2025-03-19,12+18,12,417,0.005080458002339583
2025-03-19,12+18,18,417,0.004905667003185954
2025-03-20,12+18,0,374,0.003164249996189028
2025-03-20,12+18,12,410,0.005181458996958099
2025-03-20,12+18,18,410,0.004689332999987528
2025-03-21,12+18,0,356,0.002850083001249004
2025-03-21,12+18,12,327,0.004891624994343147
2025-03-21,12+18,18,313,0.004413082999235485
2025-03-22,12+18,0,351,0.003024624995305203
2025-03-22,12+18,12,326,0.0046576249951613136
2025-03-22,12+18,18,330,0.004993875001673587
2025-03-23,12+18,0,368,0.003073750005569309
2025-03-23,12+18,12,456,0.005027582999900915
2025-03-23,12+18,18,444,0.0053518750064540654
2025-03-24,12+18,0,375,0.0030157080036588013
2025-03-24,12+18,12,448,0.0050221250057802536
2025-03-24,12+18,18,413,0.005413874998339452
2025-03-25,12+18,0,373,0.0033062920047086664
2025-03-25,12+18,12,431,0.004780999996000901
2025-03-25,12+18,18,427,0.004759292001836002
2025-03-26,12+18,0,368,0.0032892079980229028
2025-03-26,12+18,12,405,0.004812500003026798
2025-03-26,12+18,18,437,0.0051368749991524965
2025-03-27,12+18,0,376,0.003719332999025937
2025-03-27,12+18,12,402,0.004958792000252288
2025-03-27,12+18,18,397,0.004710875000455417
2025-03-28,12+18,0,344,0.0028293330033193342
2025-03-28,12+18,12,304,0.004872417004662566
2025-03-28,12+18,18,308,0.004357124998932704
2025-03-29,12+18,0,333,0.0029222500015748665
2025-03-29,12+18,12,310,0.0047077920025913045
2025-03-29,12+18,18,325,0.004802458999620285
2025-03-30,12+18,0,364,0.0030070840002736077
2025-03-30,12+18,12,494,0.005620708005153574
2025-03-30,12+18,18,450,0.005448666997835971
2025-03-31,12+18,0,371,0.002977333999297116
2025-03-31,12+18,12,408,0.004924208995362278
2025-03-31,12+18,18,412,0.005085041004349478
2025-04-01,12+18,0,374,0.0031881670001894236
2025-04-01,12+18,12,442,0.004847167001571506
2025-04-01,12+18,18,468,0.005541833997995127
2025-04-02,12+18,0,370,0.0033989579969784245
2025-04-02,12+18,12,453,0.005053708999184892
2025-04-02,12+18,18,442,0.005500208004377782
2025-04-03,12+18,0,380,0.003166250004142057
2025-04-03,12+18,12,427,0.004735666996566579
2025-04-03,12+18,18,434,0.00500179200025741
2025-04-04,12+18,0,334,0.0032759999958216213
2025-04-04,12+18,12,308,0.004886208997049835
2025-04-04,12+18,18,313,0.004455624999536667
2025-04-05,12+18,0,329,0.002875499994843267
2025-04-05,12+18,12,395,0.005278042001009453
2025-04-05,12+18,18,324,0.004473542001505848
2025-04-06,12+18,0,368,0.0031665830028941855
2025-04-06,12+18,12,423,0.005256041004031431
2025-04-06,12+18,18,419,0.004981917001714464
2025-04-07,12+18,0,365,0.0030624170030932873
2025-04-07,12+18,12,475,0.0056354170010308735
2025-04-07,12+18,18,415,0.004999124997993931
2025-04-08,12+18,0,382,0.0030107080019661225
2025-04-08,12+18,12,402,0.005055374997027684
2025-04-08,12+18,18,439,0.005129666002176236
2025-04-09,12+18,0,378,0.0033070420031435788
2025-04-09,12+18,12,452,0.005418332999397535
2025-04-09,12+18,18,435,0.00528824999491917
2025-04-10,12+18,0,372,0.003064750002522487
2025-04-10,12+18,12,423,0.005102082999655977
2025-04-10,12+18,18,416,0.005365499993786216
2025-04-11,12+18,0,324,0.00287949999619741
2025-04-11,12+18,12,295,0.004323916000430472
2025-04-11,12+18,18,307,0.0045919170006527565
2025-04-12,12+18,0,351,0.003378124994924292
2025-04-12,12+18,12,320,0.004451542001334019
2025-04-12,12+18,18,340,0.004445958002179395
2025-04-13,12+18,0,367,0.0029540830000769347
2025-04-13,12+18,12,427,0.005594542002654634
2025-04-13,12+18,18,442,0.0048893749990384094
2025-04-14,12+18,0,380,0.0031935000006342307
2025-04-14,12+18,12,421,0.005203749999054708
2025-04-14,12+18,18,437,0.004743375000543892
2025-04-15,12+18,0,363,0.0028894580027554184
2025-04-15,12+18,12,414,0.005357249996450264
2025-04-15,12+18,18,426,0.005039957999542821
2025-04-16,12+18,0,371,0.0031715829973109066
2025-04-16,12+18,12,449,0.005523292005818803
2025-04-16,12+18,18,438,0.005168582996702753
2025-04-17,12+18,0,368,0.0029104170025675558
2025-04-17,12+18,12,422,0.005007125000702217
2025-04-17,12+18,18,414,0.005048707993410062
2025-04-18,12+18,0,326,0.002770667000731919
2025-04-18,12+18,12,296,0.0043232910029473715
2025-04-18,12+18,18,317,0.00470037500053877
2025-04-19,12+18,0,329,0.0029769160028081387
2025-04-19,12+18,12,296,0.0043224580003879964
2025-04-19,12+18,18,316,0.00445525000395719
2025-04-20,12+18,0,363,0.0034060830002999865
2025-04-20,12+18,12,444,0.00510562500130618
2025-04-20,12+18,18,425,0.004798208006832283
2025-04-21,12+18,0,373,0.003199250000761822
2025-04-21,12+18,12,420,0.005301208999298979
2025-04-21,12+18,18,431,0.004665542001021095
2025-04-22,12+18,0,355,0.0029099580060574226
2025-04-22,12+18,12,448,0.0054413329999079
2025-04-22,12+18,18,435,0.004699500001152046
2025-04-23,12+18,0,353,0.003109874996880535
2025-04-23,12+18,12,436,0.005666750003001653
2025-04-23,12+18,18,431,0.00509345799946459
2025-04-24,12+18,0,358,0.002971041998534929
2025-04-24,12+18,12,426,0.004801666000275873
2025-04-24,12+18,18,409,0.0051772500009974465
2025-04-25,12+18,0,323,0.0028305420055403374
2025-04-25,12+18,12,292,0.004425082996021956
2025-04-25,12+18,18,309,0.00462104199687019
2025-04-26,12+18,0,326,0.002772333005850669
2025-04-26,12+18,12,304,0.004399416997330263
2025-04-26,12+18,18,318,0.004561459005344659
2025-04-27,12+18,0,359,0.003378875000635162
2025-04-27,12+18,12,403,0.005034291003539693
2025-04-27,12+18,18,425,0.004813583000213839
2025-04-28,12+18,0,363,0.002930208000179846
2025-04-28,12+18,12,405,0.005199624996748753
2025-04-28,12+18,18,425,0.004884792004304472
2025-04-29,12+18,0,366,0.00303837499814108
2025-04-29,12+18,12,452,0.0053200000038486905
2025-04-29,12+18,18,439,0.004822416995011736
2025-04-30,12+18,0,361,0.0028288750036153942
2025-04-30,12+18,12,418,0.0053187919984338805
2025-04-30,12+18,18,401,0.0049044999977923
2025-05-01,12+18,0,361,0.0028947920000064187
2025-05-01,12+18,12,425,0.005073542000900488
2025-05-01,12+18,18,417,0.00538720800250303
2025-05-02,12+18,0,347,0.002907915994001087
2025-05-02,12+18,12,308,0.004462958997464739
2025-05-02,12+18,18,311,0.004598583000188228
2025-05-03,12+18,0,340,0.0028368749990477227
2025-05-03,12+18,12,314,0.0043880829980480485
2025-05-03,12+18,18,314,0.004687041000579484
2025-05-04,12+18,0,375,0.003490708004392218
2025-05-04,12+18,12,414,0.004877917002886534
2025-05-04,12+18,18,441,0.00480954199883854
2025-05-05,12+18,0,370,0.0031588330020895228
2025-05-05,12+18,12,386,0.004720625001937151
2025-05-05,12+18,18,417,0.004799750000529457
2025-05-06,12+18,0,359,0.0029955409991089255
2025-05-06,12+18,12,482,0.005626292004308198
2025-05-06,12+18,18,426,0.004820709000341594
2025-05-07,12+18,0,361,0.0028493330028140917
2025-05-07,12+18,12,444,0.005306125000061002
2025-05-07,12+18,18,422,0.004794374995981343
2025-05-08,12+18,0,373,0.0031797499977983534
2025-05-08,12+18,12,440,0.005070084000180941
2025-05-08,12+18,18,414,0.005350708001060411
2025-05-09,12+18,0,347,0.0029169170011300594
2025-05-09,12+18,12,320,0.004488124999625143
2025-05-09,12+18,18,311,0.005055166999227367
2025-05-10,12+18,0,345,0.0028364999961922877
2025-05-10,12+18,12,302,0.004443917001481168
2025-05-10,12+18,18,328,0.004424917002324946
2025-05-11,12+18,0,375,0.0031028329976834357
2025-05-11,12+18,12,411,0.004659417005314026
2025-05-11,12+18,18,396,0.00464345799991861
2025-05-12,12+18,0,369,0.0032220419961959124
2025-05-12,12+18,12,425,0.005455124999571126
2025-05-12,12+18,18,425,0.004768166996655054
2025-05-13,12+18,0,373,0.0029855000029783696
2025-05-13,12+18,12,437,0.005216249999648426
2025-05-13,12+18,18,406,0.004618999999365769
2025-05-14,12+18,0,372,0.0029407499969238415
2025-05-14,12+18,12,324,0.004668583002057858
2025-05-14,12+18,18,357,0.004388457993627526
2025-05-15,12+18,0,371,0.002800292000756599
2025-05-15,12+18,12,367,0.004839958994125482
2025-05-15,12+18,18,395,0.005102709001221228
2025-05-16,12+18,0,336,0.00280070800363319
2025-05-16,12+18,12,309,0.004440458993485663
2025-05-16,12+18,18,308,0.004867124996962957
2025-05-17,12+18,0,346,0.0029118330057826824
2025-05-17,12+18,12,312,0.004410665998875629
2025-05-17,12+18,18,321,0.004477125003177207
2025-05-18,12+18,0,372,0.003500749997328967
2025-05-18,12+18,12,421,0.0050942079978995025
2025-05-18,12+18,18,412,0.0046611249999841675
2025-05-19,12+18,0,366,0.0029455420008162037
2025-05-19,12+18,12,428,0.005473917000927031
2025-05-19,12+18,18,425,0.004748667000967544
2025-05-20,12+18,0,366,0.003085417003603652
2025-05-20,12+18,12,336,0.004866583003604319
2025-05-20,12+18,18,357,0.004819708003196865
2025-05-21,12+18,0,365,0.0029668329952983186
2025-05-21,12+18,12,354,0.0049837499973364174
2025-05-21,12+18,18,342,0.004703250000602566
2025-05-22,12+18,0,359,0.0028917499948875047
2025-05-22,12+18,12,332,0.004633625001588371
2025-05-22,12+18,18,342,0.004628875001799315
2025-05-23,12+18,0,341,0.0028156660046079196
2025-05-23,12+18,12,300,0.004267875003279187
2025-05-23,12+18,18,311,0.004608249997545499
2025-05-24,12+18,0,332,0.0031900829999358393
2025-05-24,12+18,12,304,0.00456395900255302
2025-05-24,12+18,18,321,0.004375874996185303
2025-05-25,12+18,0,354,0.00306754199846182
2025-05-25,12+18,12,478,0.005746333998104092
2025-05-25,12+18,18,364,0.00478179199853912
2025-05-26,12+18,0,359,0.0029991659976076335
2025-05-26,12+18,12,365,0.004899542000202928
2025-05-26,12+18,18,376,0.004644540997105651
2025-05-27,12+18,0,358,0.002873500001442153
2025-05-27,12+18,12,428,0.005533374998776708
2025-05-27,12+18,18,408,0.005029207997722551
2025-05-28,12+18,0,352,0.002875750004022848
2025-05-28,12+18,12,369,0.004861209003138356
2025-05-28,12+18,18,351,0.0048349999997299165
2025-05-29,12+18,0,359,0.0032920000012381934
2025-05-29,12+18,12,407,0.004859000000578817
2025-05-29,12+18,18,394,0.004881375003606081
2025-05-30,12+18,0,353,0.0030158329973346554
2025-05-30,12+18,12,308,0.004509499995037913
2025-05-30,12+18,18,306,0.004543959003058262
2025-05-31,12+18,0,355,0.0030787089999648742
2025-05-31,12+18,12,343,0.004810124999494292
2025-05-31,12+18,18,316,0.004428542000823654
2025-06-01,12+18,0,366,0.0031856249988777563
2025-06-01,12+18,12,395,0.005395582993514836
2025-06-01,12+18,18,428,0.004895875004876871
2025-06-02,12+18,0,371,0.0032550420000916347
2025-06-02,12+18,12,412,0.005468499999551568
2025-06-02,12+18,18,404,0.004600874999596272
2025-06-03,12+18,0,351,0.0029735839998465963
2025-06-03,12+18,12,407,0.005395749998569954
2025-06-03,12+18,18,404,0.004728500003693625
2025-06-04,12+18,0,371,0.0030506660041282885
2025-06-04,12+18,12,345,0.00478970800031675
2025-06-04,12+18,18,358,0.0053231670026434585
2025-06-05,12+18,0,365,0.0030233750003390014
2025-06-05,12+18,12,356,0.004687166998337489
2025-06-05,12+18,18,383,0.004983207996701822
2025-06-06,12+18,0,367,0.0030500419961754233
2025-06-06,12+18,12,335,0.004364542000985239
2025-06-06,12+18,18,321,0.004388166998978704
2025-06-07,12+18,0,383,0.0035088750009890646
2025-06-07,12+18,12,311,0.004401749996759463
2025-06-07,12+18,18,326,0.0046556250017602
2025-06-08,12+18,0,355,0.00322295800287975
2025-06-08,12+18,12,343,0.005072249994555023
2025-06-08,12+18,18,344,0.004431041998032015
2025-06-09,12+18,0,352,0.003057709000131581
2025-06-09,12+18,12,374,0.005031125001551118
2025-06-09,12+18,18,374,0.004610791998857167
2025-06-10,12+18,0,363,0.003054125001654029
2025-06-10,12+18,12,420,0.005261916994641069
2025-06-10,12+18,18,372,0.004798999994818587
2025-06-11,12+18,0,364,0.0029650419965037145
2025-06-11,12+18,12,336,0.004836207997868769
2025-06-11,12+18,18,367,0.004993000002286863
2025-06-12,12+18,0,361,0.002971957997942809
2025-06-12,12+18,12,382,0.004678166995290667
2025-06-12,12+18,18,349,0.004931457995553501
2025-06-13,12+18,0,371,0.0032861660001799464
2025-06-13,12+18,12,319,0.004348874994320795
2025-06-13,12+18,18,315,0.004700582998339087
2025-06-14,12+18,0,374,0.0032561249972786754
2025-06-14,12+18,12,347,0.004678582998167258
2025-06-14,12+18,18,337,0.004536084001301788
2025-06-15,12+18,0,347,0.0030179160021361895
2025-06-15,12+18,12,342,0.0052500000019790605
2025-06-15,12+18,18,369,0.0044724580002366565
2025-06-16,12+18,0,362,0.002990291999594774
2025-06-16,12+18,12,346,0.004881458997260779
2025-06-16,12+18,18,382,0.0049445830009062774
2025-06-17,12+18,0,367,0.0032873340023797937
2025-06-17,12+18,12,358,0.004696707997936755
2025-06-17,12+18,18,377,0.004944375003105961
2025-06-18,12+18,0,358,0.002959416000521742
2025-06-18,12+18,12,354,0.004615624995494727
2025-06-18,12+18,18,358,0.005143417001818307
2025-06-19,12+18,0,346,0.0032662910016370006
2025-06-19,12+18,12,377,0.0047774580016266555
2025-06-19,12+18,18,359,0.004866333001700696
2025-06-20,12+18,0,369,0.0030034580049687065
2025-06-20,12+18,12,367,0.004482415999518707
2025-06-20,12+18,18,313,0.0046454170005745254
2025-06-21,12+18,0,369,0.0031609579964424483
2025-06-21,12+18,12,311,0.004653375006455462
2025-06-21,12+18,18,339,0.004368542002339382
2025-06-22,12+18,0,345,0.0030918750053388067
2025-06-22,12+18,12,359,0.004913042001135182
2025-06-22,12+18,18,357,0.004561542002193164
2025-06-23,12+18,0,351,0.0028664999990724027
2025-06-23,12+18,12,330,0.004716082999948412
2025-06-23,12+18,18,357,0.004812792001757771
2025-06-24,12+18,0,357,0.003033499997400213
2025-06-24,12+18,12,323,0.0047227499962900765
2025-06-24,12+18,18,365,0.0050241669960087165
2025-06-25,12+18,0,353,0.0030314579998957925
2025-06-25,12+18,12,357,0.004586125003697816
2025-06-25,12+18,18,323,0.004976084004738368
2025-06-26,12+18,0,346,0.0030196250008884817
2025-06-26,12+18,12,328,0.004548166994936764
2025-06-26,12+18,18,333,0.004505416996835265
2025-06-27,12+18,0,377,0.0030942919984227046
2025-06-27,12+18,12,356,0.004905417001282331
2025-06-27,12+18,18,317,0.004228749996400438
2025-06-28,12+18,0,375,0.0030764999974053353
2025-06-28,12+18,12,329,0.004738457995699719
2025-06-28,12+18,18,333,0.004309915995690972
2025-06-29,12+18,0,349,0.003000708995386958
2025-06-29,12+18,12,355,0.004853584003285505
2025-06-29,12+18,18,354,0.0048358330022892915
2025-06-30,12+18,0,358,0.0033128329960163683
2025-06-30,12+18,12,329,0.00462879200495081
2025-06-30,12+18,18,337,0.005040999996708706
2025-07-01,12+18,0,348,0.0030130419982015155
2025-07-01,12+18,12,369,0.0046858339992468245
2025-07-01,12+18,18,343,0.004893208999419585
2025-07-02,12+18,0,348,0.0029999999969732016
2025-07-02,12+18,12,380,0.004619250001269393
2025-07-02,12+18,18,361,0.004508541998802684
2025-07-03,12+18,0,349,0.003144292000797577
2025-07-03,12+18,12,364,0.004953167001076508
2025-07-03,12+18,18,363,0.004428250002092682
2025-07-04,12+18,0,359,0.002812041995639447
2025-07-04,12+18,12,329,0.005020333999709692
2025-07-04,12+18,18,324,0.004337750004197005
2025-07-05,12+18,0,350,0.0027592920014285482
2025-07-05,12+18,12,331,0.00451654200151097
2025-07-05,12+18,18,340,0.0046614580060122535
2025-07-06,12+18,0,349,0.002911625000706408
2025-07-06,12+18,12,356,0.00486533300136216
2025-07-06,12+18,18,347,0.00511120800365461
2025-07-07,12+18,0,334,0.0028333329973975196
2025-07-07,12+18,12,354,0.00443437499779975
2025-07-07,12+18,18,336,0.004782665993843693
2025-07-08,12+18,0,351,0.003261249999923166
2025-07-08,12+18,12,366,0.004632291995221749
2025-07-08,12+18,18,344,0.004676292002841365
2025-07-09,12+18,0,350,0.0030240830019465648
2025-07-09,12+18,12,357,0.004899792002106551
2025-07-09,12+18,18,352,0.004415333998622373
2025-07-10,12+18,0,341,0.0027920409993384965
2025-07-10,12+18,12,378,0.005005624996556435
2025-07-10,12+18,18,358,0.0048025840005720966
2025-07-11,12+18,0,361,0.0028583750026882626
2025-07-11,12+18,12,316,0.004889250005362555
2025-07-11,12+18,18,333,0.004512749997957144
2025-07-12,12+18,0,343,0.0027720830039470457
2025-07-12,12+18,12,329,0.0044512910026242025
2025-07-12,12+18,18,325,0.004754333996970672
2025-07-13,12+18,0,345,0.0028634580012294464
2025-07-13,12+18,12,365,0.004502542004047427
2025-07-13,12+18,18,379,0.004580708002322353
2025-07-14,12+18,0,340,0.003079832997173071
2025-07-14,12+18,12,337,0.004763208002259489
2025-07-14,12+18,18,342,0.004712624999228865
2025-07-15,12+18,0,326,0.0029490419983631
2025-07-15,12+18,12,317,0.005137500003911555
2025-07-15,12+18,18,329,0.004395374999148771
2025-07-16,12+18,0,328,0.00273820900474675
2025-07-16,12+18,12,345,0.005117166998388711
2025-07-16,12+18,18,335,0.004536207998171449
2025-07-17,12+18,0,345,0.002846625000529457
2025-07-17,12+18,12,354,0.00492804199893726
2025-07-17,12+18,18,339,0.004930916999001056
2025-07-18,12+18,0,357,0.002905291003116872
2025-07-18,12+18,12,341,0.004618917002517264
2025-07-18,12+18,18,326,0.004805666998436209
2025-07-19,12+18,0,359,0.0028607089989236556
2025-07-19,12+18,12,361,0.004510249993472826
2025-07-19,12+18,18,330,0.004682999999204185
2025-07-20,12+18,0,334,0.0030791669996688142
2025-07-20,12+18,12,339,0.004725083002995234
2025-07-20,12+18,18,345,0.004528082994511351
2025-07-21,12+18,0,338,0.003081041999394074
2025-07-21,12+18,12,324,0.004781750001711771
2025-07-21,12+18,18,308,0.004566042000078596
2025-07-22,12+18,0,308,0.0027169579989276826
2025-07-22,12+18,12,316,0.00502091600355925
2025-07-22,12+18,18,301,0.004382541999802925
2025-07-23,12+18,0,313,0.0030200830005924217
2025-07-23,12+18,12,303,0.004513125000812579
2025-07-23,12+18,18,332,0.0047734999970998615
2025-07-24,12+18,0,317,0.002771583000139799
2025-07-24,12+18,12,326,0.004642499996407423
2025-07-24,12+18,18,345,0.004817207998712547
2025-07-25,12+18,0,333,0.002870832999178674
2025-07-25,12+18,12,338,0.004648041998734698
2025-07-25,12+18,18,327,0.004506167002546135
2025-07-26,12+18,0,353,0.0032685830010450445
2025-07-26,12+18,12,345,0.004737458999443334
2025-07-26,12+18,18,328,0.0044382920023053885
2025-07-27,12+18,0,322,0.0028095410016248934
2025-07-27,12+18,12,339,0.004956458004016895
2025-07-27,12+18,18,320,0.004396582997287624
2025-07-28,12+18,0,320,0.002784708995022811
2025-07-28,12+18,12,304,0.00489654099510517
2025-07-28,12+18,18,316,0.004642583997338079
2025-07-29,12+18,0,297,0.0026870000001508743
2025-07-29,12+18,12,304,0.004634416000044439
2025-07-29,12+18,18,300,0.004554082996037323
2025-07-30,12+18,0,307,0.002787750003335532
2025-07-30,12+18,12,328,0.004477541995584033
2025-07-30,12+18,18,327,0.004695417002949398
2025-07-31,12+18,0,312,0.003045875004318077
2025-07-31,12+18,12,331,0.0044167500018374994
2025-07-31,12+18,18,331,0.004653290998248849
2025-08-01,12+18,0,334,0.003011875000083819
2025-08-01,12+18,12,342,0.005063833996246103
2025-08-01,12+18,18,315,0.004339917002653237
2025-08-02,12+18,0,353,0.0031342919974122196
2025-08-02,12+18,12,360,0.005091708000691142
2025-08-02,12+18,18,326,0.004349583003204316
2025-08-03,12+18,0,326,0.0027970419978373684
2025-08-03,12+18,12,300,0.004523750001681037
2025-08-03,12+18,18,306,0.004777500005729962
2025-08-04,12+18,0,331,0.0027117089994135313
2025-08-04,12+18,12,295,0.0043224580003879964
2025-08-04,12+18,18,318,0.004667917004553601
2025-08-05,12+18,0,335,0.0030079999996814877
2025-08-05,12+18,12,313,0.004352290998212993
2025-08-05,12+18,18,313,0.004500041002756916
2025-08-06,12+18,0,329,0.003150249998725485
2025-08-06,12+18,12,296,0.004623707995051518
2025-08-06,12+18,18,307,0.004400999998324551
2025-08-07,12+18,0,335,0.0029020000001764856
2025-08-07,12+18,12,315,0.004697332995419856
2025-08-07,12+18,18,320,0.004433333000633866
2025-08-08,12+18,0,338,0.002745207995758392
2025-08-08,12+18,12,311,0.00496562499756692
2025-08-08,12+18,18,313,0.004876042003161274
2025-08-09,12+18,0,341,0.002826667005138006
2025-08-09,12+18,12,325,0.004548791999695823
2025-08-09,12+18,18,314,0.004726999999547843
2025-08-10,12+18,0,331,0.0028424159972928464
2025-08-10,12+18,12,296,0.004332791002525482
2025-08-10,12+18,18,318,0.004418917000293732
2025-08-11,12+18,0,337,0.0032197909968090244
2025-08-11,12+18,12,321,0.004538875000434928
2025-08-11,12+18,18,311,0.004405625004437752
2025-08-12,12+18,0,338,0.003184374996635597
2025-08-12,12+18,12,326,0.004656000004615635
2025-08-12,12+18,18,310,0.004216166002152022
2025-08-13,12+18,0,335,0.0028448750017560087
2025-08-13,12+18,12,333,0.005040832998929545
2025-08-13,12+18,18,309,0.004649375005101319
2025-08-14,12+18,0,335,0.002768375001323875
2025-08-14,12+18,12,300,0.004469041996344458
2025-08-14,12+18,18,319,0.004890666998107918
2025-08-15,12+18,0,377,0.0029567919991677627
2025-08-15,12+18,12,351,0.004537374996289145
2025-08-15,12+18,18,316,0.004649917005735915
2025-08-16,12+18,0,361,0.0030403749988181517
2025-08-16,12+18,12,342,0.004507750003540423
2025-08-16,12+18,18,321,0.004696957999840379
2025-08-17,12+18,0,345,0.0032605000014882535
2025-08-17,12+18,12,303,0.004670040994824376
2025-08-17,12+18,18,321,0.004338249993452337
2025-08-18,12+18,0,336,0.0029885840049246326
2025-08-18,12+18,12,298,0.004914375000225846
2025-08-18,12+18,18,320,0.004349584000010509
2025-08-19,12+18,0,340,0.0027672500000335276
2025-08-19,12+18,12,328,0.004916541001875885
2025-08-19,12+18,18,317,0.00449458399816649
2025-08-20,12+18,0,345,0.0028125000026193447
2025-08-20,12+18,12,294,0.004584999995131511
2025-08-20,12+18,18,316,0.004731708002509549
2025-08-21,12+18,0,341,0.002873999997973442
2025-08-21,12+18,12,304,0.004407707994687371
2025-08-21,12+18,18,315,0.004718999996839557
2025-08-22,12+18,0,356,0.0030984999975771643
2025-08-22,12+18,12,331,0.0044564169947989285
2025-08-22,12+18,18,310,0.004359291997388937
2025-08-23,12+18,0,348,0.0029532080006902106
2025-08-23,12+18,12,330,0.004915000004984904
2025-08-23,12+18,18,320,0.004292625002563
2025-08-24,12+18,0,331,0.002797791996272281
2025-08-24,12+18,12,339,0.0049678330033202656
2025-08-24,12+18,18,314,0.004327000002376735
2025-08-25,12+18,0,354,0.002962500002468005
2025-08-25,12+18,12,309,0.004597416998876724
2025-08-25,12+18,18,313,0.004780709001352079
2025-08-26,12+18,0,329,0.002843792004568968
2025-08-26,12+18,12,322,0.004565667004499119
2025-08-26,12+18,18,330,0.004870958000537939
2025-08-27,12+18,0,341,0.0029253750035422854
2025-08-27,12+18,12,313,0.004322707995015662
2025-08-27,12+18,18,305,0.00456579100136878
2025-08-28,12+18,0,335,0.0033564159966772422
2025-08-28,12+18,12,329,0.004512042003625538
2025-08-28,12+18,18,318,0.004316374994232319
2025-08-29,12+18,0,360,0.0031151249932008795
2025-08-29,12+18,12,342,0.005096958004287444
2025-08-29,12+18,18,313,0.004317457998695318
2025-08-30,12+18,0,359,0.002817833999870345
2025-08-30,12+18,12,339,0.004747040999063756
2025-08-30,12+18,18,315,0.004580834000080358
2025-08-31,12+18,0,334,0.0027895409948541783
2025-08-31,12+18,12,299,0.004664874999434687
2025-08-31,12+18,18,317,0.004837041000428144
2025-09-01,12+18,0,336,0.0028869579982711002
2025-09-01,12+18,12,297,0.004346417001215741
2025-09-01,12+18,18,327,0.004747250000946224
2025-09-02,12+18,0,345,0.0029213329980848357
2025-09-02,12+18,12,310,0.0043668330035870895
2025-09-02,12+18,18,319,0.00459187499654945
2025-09-03,12+18,0,335,0.0030875000011292286
2025-09-03,12+18,12,319,0.0045042920028208755
2025-09-03,12+18,18,323,0.004501250004977919
2025-09-04,12+18,0,333,0.002836667001247406
2025-09-04,12+18,12,300,0.004561249996186234
2025-09-04,12+18,18,312,0.00447662499936996
2025-09-05,12+18,0,332,0.0028126670003985055
2025-09-05,12+18,12,312,0.0046098750026430935
2025-09-05,12+18,18,309,0.004966374996001832
2025-09-06,12+18,0,339,0.002809833000355866
2025-09-06,12+18,12,312,0.004373417003080249
2025-09-06,12+18,18,319,0.004809250000107568
2025-09-07,12+18,0,333,0.003001541997946333
2025-09-07,12+18,12,307,0.004319792002206668
2025-09-07,12+18,18,326,0.004428749998623971
2025-09-08,12+18,0,342,0.003026209000381641
2025-09-08,12+18,12,321,0.004707542000687681
2025-09-08,12+18,18,338,0.004396999996970408
2025-09-09,12+18,0,325,0.002965166997455526
2025-09-09,12+18,12,325,0.00463412499811966
2025-09-09,12+18,18,346,0.004726624996692408
2025-09-10,12+18,0,341,0.0029402500003925525
2025-09-10,12+18,12,324,0.004855207997024991
2025-09-10,12+18,18,331,0.0044239589988137595
2025-09-11,12+18,0,335,0.0028884999992442317
2025-09-11,12+18,12,307,0.0043157499967492186
2025-09-11,12+18,18,327,0.0045622090037795715
2025-09-12,12+18,0,338,0.003048250000574626
2025-09-12,12+18,12,327,0.004507167002884671
2025-09-12,12+18,18,311,0.004591707998770289
2025-09-13,12+18,0,339,0.0029904999973950908
2025-09-13,12+18,12,317,0.0044935830010217614
2025-09-13,12+18,18,334,0.004456666996702552
2025-09-14,12+18,0,342,0.002992583999002818
2025-09-14,12+18,12,328,0.004961749997164588
2025-09-14,12+18,18,347,0.00440037500084145
2025-09-15,12+18,0,337,0.0028349580024951138
2025-09-15,12+18,12,344,0.005244791995210107
2025-09-15,12+18,18,372,0.004626333000487648
2025-09-16,12+18,0,361,0.002921958002843894
2025-09-16,12+18,12,381,0.004687916996772401
2025-09-16,12+18,18,388,0.005027084000175819
2025-09-17,12+18,0,353,0.0030216250015655532
2025-09-17,12+18,12,378,0.0046094999997876585
2025-09-17,12+18,18,359,0.004785958000866231
2025-09-18,12+18,0,356,0.003156500002660323
2025-09-18,12+18,12,344,0.004490874998737127
2025-09-18,12+18,18,343,0.004670540998631623
2025-09-19,12+18,0,347,0.0032886670014704578
2025-09-19,12+18,12,331,0.004418874996190425
2025-09-19,12+18,18,317,0.004357334000815172
2025-09-20,12+18,0,345,0.00287995799590135
2025-09-20,12+18,12,335,0.004958290999638848
2025-09-20,12+18,18,326,0.004298959000152536
2025-09-21,12+18,0,361,0.003036958005395718
2025-09-21,12+18,12,383,0.005281500001729
2025-09-21,12+18,18,392,0.004760999996506143
2025-09-22,12+18,0,361,0.0029694580007344484
2025-09-22,12+18,12,409,0.00493412499781698
2025-09-22,12+18,18,429,0.005319999996572733
2025-09-23,12+18,0,365,0.003054208995308727
2025-09-23,12+18,12,401,0.005000083001505118
2025-09-23,12+18,18,416,0.005411834004917182
2025-09-24,12+18,0,352,0.002994750000652857
2025-09-24,12+18,12,467,0.005121916998177767
2025-09-24,12+18,18,456,0.0054567089973716065
2025-09-25,12+18,0,371,0.003112540995061863
2025-09-25,12+18,12,460,0.005269916997349355
2025-09-25,12+18,18,413,0.005552417002036236
2025-09-26,12+18,0,369,0.003129625001747627
2025-09-26,12+18,12,347,0.004546208001556806
2025-09-26,12+18,18,320,0.004608542003552429
2025-09-27,12+18,0,341,0.003249542001867667
2025-09-27,12+18,12,365,0.004822082999453414
2025-09-27,12+18,18,350,0.00450375000218628
2025-09-28,12+18,0,372,0.0030409579994739033
2025-09-28,12+18,12,449,0.005510957998922095
2025-09-28,12+18,18,415,0.004786124998645391
2025-09-29,12+18,0,368,0.0030510830038110726
2025-09-29,12+18,12,426,0.004962374994647689
2025-09-29,12+18,18,438,0.00481420799769694
2025-09-30,12+18,0,368,0.0029789170002914034
2025-09-30,12+18,12,436,0.0051732499996433035
2025-09-30,12+18,18,442,0.005129832999955397
2025-10-01,12+18,0,370,0.0030631250047008507
2025-10-01,12+18,12,406,0.00483262499619741
2025-10-01,12+18,18,423,0.005017167000914924
2025-10-02,12+18,0,353,0.002921917002822738
2025-10-02,12+18,12,425,0.005143791997397784
2025-10-02,12+18,18,455,0.005465624999487773
2025-10-03,12+18,0,339,0.0030826660004095174
2025-10-03,12+18,12,319,0.004325041998527013
2025-10-03,12+18,18,317,0.004552582999167498
2025-10-04,12+18,0,370,0.003256290998251643
2025-10-04,12+18,12,398,0.004827625001780689
2025-10-04,12+18,18,339,0.004547707998426631
2025-10-05,12+18,0,373,0.0030162499970174395
2025-10-05,12+18,12,457,0.00553300000319723
2025-10-05,12+18,18,449,0.004870042001130059
2025-10-06,12+18,0,355,0.00310091699793702
2025-10-06,12+18,12,451,0.005283915998006705
2025-10-06,12+18,18,413,0.004813625004317146
2025-10-07,12+18,0,372,0.002979166994919069
2025-10-07,12+18,12,437,0.005394290994445328
2025-10-07,12+18,18,397,0.0047865839951555245
2025-10-08,12+18,0,369,0.002996166003867984
2025-10-08,12+18,12,451,0.005063791999418754
2025-10-08,12+18,18,427,0.0053835419967072085
2025-10-09,12+18,0,358,0.0030122499956632964
2025-10-09,12+18,12,431,0.005077791000076104
2025-10-09,12+18,18,403,0.005138291999173816
2025-10-10,12+18,0,352,0.0029388749971985817
2025-10-10,12+18,12,360,0.004601166998327244
2025-10-10,12+18,18,318,0.0050142079999204725
2025-10-11,12+18,0,357,0.0031073749996721745
2025-10-11,12+18,12,374,0.004557499996735714
2025-10-11,12+18,18,340,0.004594999998516869
2025-10-12,12+18,0,374,0.0031634999977541156
2025-10-12,12+18,12,416,0.005138833999808412
2025-10-12,12+18,18,418,0.005035249996581115
2025-10-13,12+18,0,367,0.003103124996414408
2025-10-13,12+18,12,404,0.005017458002839703
2025-10-13,12+18,18,425,0.004692416994657833
2025-10-14,12+18,0,373,0.003093125000305008
2025-10-14,12+18,12,439,0.005292499998176936
2025-10-14,12+18,18,481,0.005103999996208586
2025-10-15,12+18,0,375,0.0029935830025351606
2025-10-15,12+18,12,444,0.005480583997268695
2025-10-15,12+18,18,414,0.004831209000258241
2025-10-16,12+18,0,371,0.0029689580042031594
2025-10-16,12+18,12,439,0.004866625000431668
2025-10-16,12+18,18,429,0.005271583002468105
2025-10-17,12+18,0,332,0.0028864170017186552
2025-10-17,12+18,12,333,0.004692041999078356
2025-10-17,12+18,18,321,0.005065332996309735
2025-10-18,12+18,0,369,0.0031782500009285286
2025-10-18,12+18,12,420,0.004843208000238519
2025-10-18,12+18,18,359,0.004832792001252528
2025-10-19,12+18,0,372,0.003063541997107677
2025-10-19,12+18,12,412,0.004758582996146288
2025-10-19,12+18,18,426,0.005030125001212582
2025-10-20,12+18,0,364,0.003242416998546105
2025-10-20,12+18,12,470,0.005450040996947791
2025-10-20,12+18,18,425,0.004922832995362114
2025-10-21,12+18,0,374,0.003224874999432359
2025-10-21,12+18,12,464,0.0051193330000387505
2025-10-21,12+18,18,431,0.0046503330013365485
2025-10-22,12+18,0,365,0.0029959590028738603
2025-10-22,12+18,12,454,0.005389958998421207
2025-10-22,12+18,18,448,0.0048543329976382665
2025-10-23,12+18,0,374,0.003255958996305708
2025-10-23,12+18,12,416,0.0051602079984149896
2025-10-23,12+18,18,443,0.005267458000162151
2025-10-24,12+18,0,353,0.002882499997213017
2025-10-24,12+18,12,346,0.00465533399983542
2025-10-24,12+18,18,312,0.004619375002221204
2025-10-25,12+18,0,370,0.0031137909973040223
2025-10-25,12+18,12,381,0.004807375000382308
2025-10-25,12+18,18,362,0.004930750001221895
2025-10-26,12+18,0,367,0.003064333002839703
2025-10-26,12+18,12,456,0.004972833005012944
2025-10-26,12+18,18,451,0.005320917000062764
2025-10-27,12+18,0,364,0.003007792001881171
2025-10-27,12+18,12,470,0.005029209001804702
2025-10-27,12+18,18,458,0.005074332999356557
2025-10-28,12+18,0,367,0.003352375002577901
2025-10-28,12+18,12,461,0.00531833299464779
2025-10-28,12+18,18,483,0.005051749998528976
2025-10-29,12+18,0,364,0.0032292089963448234
2025-10-29,12+18,12,466,0.00533749999885913
2025-10-29,12+18,18,472,0.0049670829976093955
2025-10-30,12+18,0,367,0.0030234169971663505
2025-10-30,12+18,12,418,0.005418665998149663
2025-10-30,12+18,18,412,0.004786541001521982
2025-10-31,12+18,0,382,0.0030612499976996332
2025-10-31,12+18,12,371,0.005087583005661145
2025-10-31,12+18,18,317,0.004393292001623195
2025-11-01,12+18,0,370,0.0029146250017220154
2025-11-01,12+18,12,387,0.004912374999548774
2025-11-01,12+18,18,374,0.004800624999916181
2025-11-02,12+18,0,371,0.0031177499986370094
2025-11-02,12+18,12,446,0.004953415998897981
2025-11-02,12+18,18,460,0.005499958999280352
2025-11-03,12+18,0,368,0.0031912920021568425
2025-11-03,12+18,12,462,0.005010332999518141
2025-11-03,12+18,18,476,0.005439082997327205
2025-11-04,12+18,0,360,0.0029477909993147478
2025-11-04,12+18,12,437,0.004879874999460299
2025-11-04,12+18,18,517,0.006353374999889638
2025-11-05,12+18,0,365,0.0031792079971637577
2025-11-05,12+18,12,526,0.005728208001528401
2025-11-05,12+18,18,472,0.004965291002008598
2025-11-06,12+18,0,363,0.003292624998721294
2025-11-06,12+18,12,456,0.0049975829970208
2025-11-06,12+18,18,432,0.004827291006222367
2025-11-07,12+18,0,376,0.003227458000765182
2025-11-07,12+18,12,374,0.004746916994918138
2025-11-07,12+18,18,326,0.004561540998111013
2025-11-08,12+18,0,364,0.003108582997811027
2025-11-08,12+18,12,413,0.00567508400126826
2025-11-08,12+18,18,402,0.004706542000349145
2025-11-09,12+18,0,367,0.0030513339952449314
2025-11-09,12+18,12,523,0.006152583999210037
2025-11-09,12+18,18,542,0.006098291996750049
2025-11-10,12+18,0,355,0.003098707995377481
2025-11-10,12+18,12,439,0.0054072080019977875
2025-11-10,12+18,18,468,0.0049490410019643605
2025-11-11,12+18,0,369,0.0029334159989957698
2025-11-11,12+18,12,513,0.005952666004304774
2025-11-11,12+18,18,495,0.005456874998344574
2025-11-12,12+18,0,369,0.0032479169967700727
2025-11-12,12+18,12,435,0.0055442090015276335
2025-11-12,12+18,18,454,0.0052427920018089935
2025-11-13,12+18,0,370,0.003107541997451335
2025-11-13,12+18,12,476,0.005049416999099776
2025-11-13,12+18,18,460,0.0057045420035137795
2025-11-14,12+18,0,369,0.003082374998484738
2025-11-14,12+18,12,348,0.004592917000991292
2025-11-14,12+18,18,333,0.004925458000798244
2025-11-15,12+18,0,372,0.003074791995459236
2025-11-15,12+18,12,428,0.004884875001152977
2025-11-15,12+18,18,397,0.005002583005989436
2025-11-16,12+18,0,367,0.0030566669956897385
2025-11-16,12+18,12,543,0.005623040997306816
2025-11-16,12+18,18,486,0.005558500000915956
2025-11-17,12+18,0,358,0.003236415999708697
2025-11-17,12+18,12,500,0.005562582999118604
2025-11-17,12+18,18,470,0.005214708995481487
2025-11-18,12+18,0,356,0.0033967089984798804
2025-11-18,12+18,12,537,0.005806916000437923
2025-11-18,12+18,18,526,0.005524957996385638
2025-11-19,12+18,0,364,0.00333491600031266
2025-11-19,12+18,12,547,0.006312874997092877
2025-11-19,12+18,18,518,0.005521125000086613
2025-11-20,12+18,0,362,0.0032417089969385415
2025-11-20,12+18,12,465,0.005404374998761341
2025-11-20,12+18,18,449,0.004982207996363286
2025-11-21,12+18,0,377,0.0031757079996168613
2025-11-21,12+18,12,367,0.004836125001020264
2025-11-21,12+18,18,341,0.00440458299999591
2025-11-22,12+18,0,376,0.003194125005393289
2025-11-22,12+18,12,427,0.005280999997921754
2025-11-22,12+18,18,408,0.004847709002206102
2025-11-23,12+18,0,363,0.0029711250026593916
2025-11-23,12+18,12,523,0.006109082998591475
2025-11-23,12+18,18,538,0.006147083004179876
2025-11-24,12+18,0,357,0.0032092080000438727
2025-11-24,12+18,12,535,0.006181459000799805
2025-11-24,12+18,18,534,0.005740749998949468
2025-11-25,12+18,0,360,0.0030147080033202656
2025-11-25,12+18,12,436,0.0053667500033043325
2025-11-25,12+18,18,541,0.005649457998515572
2025-11-26,12+18,0,354,0.0032515419952687807
2025-11-26,12+18,12,541,0.006435082999814767
2025-11-26,12+18,18,481,0.005219874998147134
2025-11-27,12+18,0,370,0.0030041659993003123
2025-11-27,12+18,12,493,0.0054247500011115335
2025-11-27,12+18,18,453,0.005315750000590924
2025-11-28,12+18,0,369,0.0030150420061545447
2025-11-28,12+18,12,352,0.004661624996515457
2025-11-28,12+18,18,349,0.004867124996962957
2025-11-29,12+18,0,382,0.003165542002534494
2025-11-29,12+18,12,456,0.005106042000988964
2025-11-29,12+18,18,396,0.005462207998789381
2025-11-30,12+18,0,374,0.003225749998819083
2025-11-30,12+18,12,543,0.005461708999064285
2025-11-30,12+18,18,476,0.005536249998840503
2025-12-01,12+18,0,355,0.0033342500028084032
2025-12-01,12+18,12,523,0.005312541994499043
2025-12-01,12+18,18,513,0.005864457998541184
2025-12-02,12+18,0,372,0.003335791996505577
2025-12-02,12+18,12,481,0.005405542004154995
2025-12-02,12+18,18,549,0.005620124997221865
2025-12-03,12+18,0,363,0.0032399170013377443
2025-12-03,12+18,12,516,0.005513124997378327
2025-12-03,12+18,18,529,0.005527916000573896
2025-12-04,12+18,0,352,0.0031860000017331913
2025-12-04,12+18,12,465,0.005185125002753921
2025-12-04,12+18,18,532,0.005908208004257176
2025-12-05,12+18,0,372,0.0036831250035902485
2025-12-05,12+18,12,418,0.005253374998574145
2025-12-05,12+18,18,408,0.004878749998169951
2025-12-06,12+18,0,390,0.0033229160035261884
2025-12-06,12+18,12,486,0.005509583999810275
2025-12-06,12+18,18,470,0.005403832998126745
2025-12-07,12+18,0,340,0.0031577080007991754
2025-12-07,12+18,12,494,0.00621095800306648
2025-12-07,12+18,18,526,0.005481082996993791
2025-12-08,12+18,0,352,0.003027834005479235
2025-12-08,12+18,12,495,0.006026583003404085
2025-12-08,12+18,18,518,0.005573416994593572
2025-12-09,12+18,0,354,0.003083457995671779
2025-12-09,12+18,12,515,0.005876709001313429
2025-12-09,12+18,18,529,0.005448000003525522
2025-12-10,12+18,0,342,0.0030058749980526045
2025-12-10,12+18,12,524,0.006135292001999915
2025-12-10,12+18,18,536,0.005580292003287468
2025-12-11,12+18,0,358,0.0030073329980950803
2025-12-11,12+18,12,474,0.0059242080023977906
2025-12-11,12+18,18,526,0.006091041999752633
2025-12-12,12+18,0,378,0.00316995799948927
2025-12-12,12+18,12,457,0.005621832999167964
2025-12-12,12+18,18,427,0.00491195799986599
2025-12-13,12+18,0,385,0.0030735420004930347
2025-12-13,12+18,12,467,0.005660458002239466
2025-12-13,12+18,18,467,0.00559087500005262
2025-12-14,12+18,0,347,0.003001500001118984
2025-12-14,12+18,12,526,0.00605629200435942
2025-12-14,12+18,18,538,0.005968208002741449
2025-12-15,12+18,0,350,0.0029863330055377446
2025-12-15,12+18,12,536,0.006278208005824126
2025-12-15,12+18,18,543,0.0058166249946225435
2025-12-16,12+18,0,351,0.0030144169941195287
2025-12-16,12+18,12,513,0.005870458000572398
2025-12-16,12+18,18,538,0.005753875004302245
2025-12-17,12+18,0,354,0.0029532920016208664
2025-12-17,12+18,12,526,0.005770582996774465
2025-12-17,12+18,18,541,0.006144332997791935
2025-12-18,12+18,0,356,0.002989499997056555
2025-12-18,12+18,12,543,0.005903541998122819
2025-12-18,12+18,18,508,0.005592041998170316
2025-12-19,12+18,0,381,0.0031919589964672923
2025-12-19,12+18,12,457,0.0054271669941954315
2025-12-19,12+18,18,433,0.005531374998099636
2025-12-20,12+18,0,383,0.003177958002197556
2025-12-20,12+18,12,480,0.00587758300389396
2025-12-20,12+18,18,479,0.006398958998033777
2025-12-21,12+18,0,351,0.0031927090021781623
2025-12-21,12+18,12,528,0.0062579170044045895
2025-12-21,12+18,18,526,0.00629566700081341
2025-12-22,12+18,0,349,0.0030263750013546087
2025-12-22,12+18,12,534,0.006150583001726773
2025-12-22,12+18,18,540,0.006187208004121203
2025-12-23,12+18,0,362,0.003111541998805478
2025-12-23,12+18,12,516,0.006729624998115469
2025-12-23,12+18,18,523,0.006251958002394531
2025-12-24,12+18,0,349,0.003351542000018526
2025-12-24,12+18,12,508,0.006201583004440181
2025-12-24,12+18,18,538,0.006302750000031665
2025-12-25,12+18,0,351,0.0031207909996737726
2025-12-25,12+18,12,528,0.006473333000030834
2025-12-25,12+18,18,522,0.005896624999877531
2025-12-26,12+18,0,378,0.003192042000591755
2025-12-26,12+18,12,431,0.005564291997870896
2025-12-26,12+18,18,429,0.005048332997830585
2025-12-27,12+18,0,381,0.0030788749936618842
2025-12-27,12+18,12,446,0.0056183330016210675
2025-12-27,12+18,18,430,0.005262582999421284
2025-12-28,12+18,0,342,0.002926458000729326
2025-12-28,12+18,12,507,0.005936749999818858
2025-12-28,12+18,18,536,0.00589712499640882
2025-12-29,12+18,0,342,0.0029999580001458526
2025-12-29,12+18,12,493,0.006007249998219777
2025-12-29,12+18,18,505,0.006040915999619756
2025-12-30,12+18,0,345,0.0030187500015017577
2025-12-30,12+18,12,472,0.006198000002768822
2025-12-30,12+18,18,498,0.0058865000028163195
2025-12-31,12+18,0,359,0.0029888749995734543
2025-12-31,12+18,12,523,0.00593500000104541
2025-12-31,12+18,18,505,0.005820292004500516
2025-01-01,12+18,0,138,0.0024304580001626164
2025-01-01,12+18,12,264,0.0047009590052766725
2025-01-01,12+18,18,244,0.005205209003179334
2025-01-02,12+18,0,347,0.0030567910071113147
2025-01-02,12+18,12,356,0.00483495799562661
2025-01-02,12+18,18,312,0.005167082999832928
2025-01-03,12+18,0,347,0.003114749997621402
2025-01-03,12+18,12,356,0.00462554200203158
2025-01-03,12+18,18,295,0.004658707999624312
2025-01-04,12+18,0,350,0.0034304159999010153
2025-01-04,12+18,12,350,0.004844708004384302
2025-01-04,12+18,18,296,0.004322291002608836
2025-01-05,12+18,0,374,0.0030208749958546832
2025-01-05,12+18,12,526,0.005957875000603963
2025-01-05,12+18,18,489,0.005373125000915024
2025-01-06,12+18,0,355,0.00306941699818708
2025-01-06,12+18,12,525,0.006023374997312203
2025-01-06,12+18,18,539,0.0058066249985131435
2025-01-07,12+18,0,353,0.0032163750001927838
2025-01-07,12+18,12,530,0.0062935000023571774
2025-01-07,12+18,18,533,0.0056034170047496445
2025-01-08,12+18,0,349,0.003155875005177222
2025-01-08,12+18,12,331,0.004921916995954234
2025-01-08,12+18,18,320,0.004821125003218185
2025-01-09,12+18,0,341,0.0030301669976324774
2025-01-09,12+18,12,374,0.004981084006431047
2025-01-09,12+18,18,336,0.004575708000629675
2025-01-10,12+18,0,385,0.0030952079978305846
2025-01-10,12+18,12,408,0.0050497089978307486
2025-01-10,12+18,18,361,0.0049850409995997325
2025-01-11,12+18,0,370,0.0030697089969180524
2025-01-11,12+18,12,433,0.004972208997060079
2025-01-11,12+18,18,427,0.0056392079932265915
2025-01-12,12+18,0,338,0.003009167005075142
2025-01-12,12+18,12,448,0.005350291001377627
2025-01-12,12+18,18,468,0.005819958001666237
2025-01-13,12+18,0,349,0.003106125004705973
2025-01-13,12+18,12,488,0.005327334001776762
2025-01-13,12+18,18,536,0.005951083003310487
2025-01-14,12+18,0,345,0.00317279199953191
2025-01-14,12+18,12,519,0.00570237499778159
2025-01-14,12+18,18,501,0.00549283399595879
2025-01-15,12+18,0,352,0.0031853750042500906
2025-01-15,12+18,12,544,0.00613283300481271
2025-01-15,12+18,18,531,0.005534999996598344
2025-01-16,12+18,0,347,0.003202499996405095
2025-01-16,12+18,12,380,0.004767832993820775
2025-01-16,12+18,18,339,0.004675416996178683
2025-01-17,12+18,0,370,0.003517249999276828
2025-01-17,12+18,12,321,0.00453587499941932
2025-01-17,12+18,18,307,0.004334917000960559
2025-01-18,12+18,0,361,0.002979500000947155
2025-01-18,12+18,12,470,0.005745708003814798
2025-01-18,12+18,18,492,0.005251707996649202
2025-01-19,12+18,0,350,0.002929249996668659
2025-01-19,12+18,12,479,0.005850540997926146
2025-01-19,12+18,18,513,0.005637708003632724
2025-01-20,12+18,0,351,0.0030243329965742305
2025-01-20,12+18,12,362,0.005128583004989196
2025-01-20,12+18,18,347,0.004715292001492344
2025-01-21,12+18,0,344,0.0028562080042320304
2025-01-21,12+18,12,481,0.005303207995893899
2025-01-21,12+18,18,501,0.006492750006145798
2025-01-22,12+18,0,349,0.002955250005470589
2025-01-22,12+18,12,305,0.004521583003224805
2025-01-22,12+18,18,318,0.004897500002698507
2025-01-23,12+18,0,350,0.0030189169992809184
2025-01-23,12+18,12,372,0.004669332993216813
2025-01-23,12+18,18,338,0.004752166001708247
2025-01-24,12+18,0,370,0.003041999996639788
2025-01-24,12+18,12,322,0.004441334000148345
2025-01-24,12+18,18,292,0.004529416997684166
2025-01-25,12+18,0,377,0.0031745830056024715
2025-01-25,12+18,12,392,0.004995208000764251
2025-01-25,12+18,18,392,0.0048090419950312935
2025-01-26,12+18,0,361,0.003031665997696109
2025-01-26,12+18,12,485,0.006080582999857143
2025-01-26,12+18,18,501,0.005392125000071246
2025-01-27,12+18,0,355,0.003145250004308764
2025-01-27,12+18,12,481,0.005725750001147389
2025-01-27,12+18,18,474,0.005429417004052084
2025-01-28,12+18,0,361,0.003124583003227599
2025-01-28,12+18,12,508,0.005921165997278877
2025-01-28,12+18,18,491,0.005268749999231659
2025-01-29,12+18,0,360,0.0030485000024782494
2025-01-29,12+18,12,468,0.005892082997888792
2025-01-29,12+18,18,472,0.005571708003117237
2025-01-30,12+18,0,358,0.003089707999606617
2025-01-30,12+18,12,346,0.004866792005486786
2025-01-30,12+18,18,309,0.004551874997559935
2025-01-31,12+18,0,382,0.0029572919956990518
2025-01-31,12+18,12,319,0.0047613339993404225
2025-01-31,12+18,18,290,0.004918792001262773
2025-02-01,12+18,0,373,0.0032178339970414527
2025-02-01,12+18,12,406,0.004921332998492289
2025-02-01,12+18,18,382,0.00543245900189504
2025-02-02,12+18,0,362,0.003037957998458296
2025-02-02,12+18,12,460,0.0052456249977694824
2025-02-02,12+18,18,433,0.005499708000570536
2025-02-03,12+18,0,354,0.0031249160019797273
2025-02-03,12+18,12,450,0.005307833002007101
2025-02-03,12+18,18,469,0.005420916997536551
2025-02-04,12+18,0,351,0.0030910839996067807
2025-02-04,12+18,12,309,0.0046431660011876374
2025-02-04,12+18,18,296,0.004404166997119319
2025-02-05,12+18,0,358,0.0032032499948400073
2025-02-05,12+18,12,467,0.005572540998400655
2025-02-05,12+18,18,443,0.005131790996529162
2025-02-06,12+18,0,359,0.003172707998601254
2025-02-06,12+18,12,313,0.004932957999699283
2025-02-06,12+18,18,306,0.004490709005040117
2025-02-07,12+18,0,376,0.002966542000649497
2025-02-07,12+18,12,337,0.005049708001024555
2025-02-07,12+18,18,291,0.004483541000809055
2025-02-08,12+18,0,372,0.002907583002524916
2025-02-08,12+18,12,421,0.005208541995671112
2025-02-08,12+18,18,388,0.004963667000993155
2025-02-09,12+18,0,370,0.0029632500009029172
2025-02-09,12+18,12,450,0.005155874998308718
2025-02-09,12+18,18,428,0.005324707999534439
2025-02-10,12+18,0,357,0.003063584001210984
2025-02-10,12+18,12,416,0.004876541999692563
2025-02-10,12+18,18,421,0.005502209001861047
2025-02-11,12+18,0,362,0.003092291997745633
2025-02-11,12+18,12,406,0.004960250000294764
2025-02-11,12+18,18,443,0.005403291004768107
2025-02-12,12+18,0,361,0.0032550830001127906
2025-02-12,12+18,12,412,0.004781292002007831
2025-02-12,12+18,18,478,0.005393874998844694
2025-02-13,12+18,0,366,0.003484875000140164
2025-02-13,12+18,12,323,0.004624417000741232
2025-02-13,12+18,18,297,0.00441708299331367
2025-02-14,12+18,0,373,0.0029830829953425564
2025-02-14,12+18,12,318,0.004845082999963779
2025-02-14,12+18,18,289,0.004190375002508517
2025-02-15,12+18,0,367,0.0030987909995019436
2025-02-15,12+18,12,421,0.005274208000628278
2025-02-15,12+18,18,375,0.004705291998106986
2025-02-16,12+18,0,367,0.0030350000015459955
2025-02-16,12+18,12,416,0.005229624999628868
2025-02-16,12+18,18,415,0.005147958996531088
2025-02-17,12+18,0,366,0.0029789589971187524
2025-02-17,12+18,12,404,0.005002416997740511
2025-02-17,12+18,18,416,0.005209500006458256
2025-02-18,12+18,0,367,0.0030159170055412687
2025-02-18,12+18,12,327,0.004674916999647394
2025-02-18,12+18,18,320,0.0047009590052766725
2025-02-19,12+18,0,361,0.0032120000032591633
2025-02-19,12+18,12,443,0.00497150000592228
2025-02-19,12+18,18,400,0.004723791003925726
2025-02-20,12+18,0,367,0.003438542000367306
2025-02-20,12+18,12,316,0.00461291700048605
2025-02-20,12+18,18,303,0.004488083002797794
2025-02-21,12+18,0,359,0.0031238750016200356
2025-02-21,12+18,12,308,0.0045658750022994354
2025-02-21,12+18,18,290,0.004188874998362735
2025-02-22,12+18,0,369,0.0029313750055735
2025-02-22,12+18,12,409,0.005419332999736071
2025-02-22,12+18,18,387,0.004743208002764732
2025-02-23,12+18,0,365,0.0029890420046285726
2025-02-23,12+18,12,417,0.005199708997679409
2025-02-23,12+18,18,410,0.0051628750006784685
2025-02-24,12+18,0,369,0.0029406670000753365
2025-02-24,12+18,12,393,0.005033374996855855
2025-02-24,12+18,18,407,0.005286708998028189
2025-02-25,12+18,0,371,0.0030224160000216216
2025-02-25,12+18,12,347,0.004558874999929685
2025-02-25,12+18,18,299,0.004861207999056205
2025-02-26,12+18,0,365,0.0031675409991294146
2025-02-26,12+18,12,507,0.005504542001290247
2025-02-26,12+18,18,411,0.005093333995318972
2025-02-27,12+18,0,369,0.0032112909975694492
2025-02-27,12+18,12,318,0.004470541003684048
2025-02-27,12+18,18,306,0.00433970800077077
2025-02-28,12+18,0,344,0.0031228750012815
2025-02-28,12+18,12,311,0.004638833997887559
2025-02-28,12+18,18,292,0.004308167000999674
2025-03-01,12+18,0,367,0.0031980420026229694
2025-03-01,12+18,12,355,0.0048390000010840595
2025-03-01,12+18,18,337,0.004672749993915204
2025-03-02,12+18,0,377,0.0030390839965548366
2025-03-02,12+18,12,461,0.005597583003691398
2025-03-02,12+18,18,412,0.005151166995347012
2025-03-03,12+18,0,377,0.0032048329958342947
2025-03-03,12+18,12,423,0.00494045800587628
2025-03-03,12+18,18,408,0.005169208001461811
2025-03-04,12+18,0,369,0.003022208002221305
2025-03-04,12+18,12,320,0.004490291998081375
2025-03-04,12+18,18,310,0.004643625004973728
2025-03-05,12+18,0,363,0.0031164999963948503
2025-03-05,12+18,12,405,0.004715125003713183
2025-03-05,12+18,18,407,0.0050402080014464445
2025-03-06,12+18,0,373,0.003170083000441082
2025-03-06,12+18,12,317,0.0043741249974118546
2025-03-06,12+18,18,305,0.004597083003318403
2025-03-07,12+18,0,372,0.003156124999804888
2025-03-07,12+18,12,337,0.004982250000466593
2025-03-07,12+18,18,290,0.004318833001889288
2025-03-08,12+18,0,349,0.0028517920000012964
2025-03-08,12+18,12,354,0.004901749998680316
2025-03-08,12+18,18,333,0.004515291999268811
2025-03-09,12+18,0,363,0.003080084003158845
2025-03-09,12+18,12,419,0.005590291002590675
2025-03-09,12+18,18,458,0.005110749996674713
2025-03-10,12+18,0,369,0.0029742500046268106
2025-03-10,12+18,12,408,0.004804042000614572
2025-03-10,12+18,18,436,0.005246500004432164
2025-03-11,12+18,0,369,0.003182959000696428
2025-03-11,12+18,12,328,0.00455970800248906
2025-03-11,12+18,18,305,0.0049345830047968775
2025-03-12,12+18,0,362,0.0030265419991337694
2025-03-12,12+18,12,401,0.0046507500010193326
2025-03-12,12+18,18,406,0.005233916999713983
2025-03-13,12+18,0,378,0.0033262079959968105
2025-03-13,12+18,12,324,0.004437041003257036
2025-03-13,12+18,18,306,0.004345458000898361
2025-03-14,12+18,0,346,0.003034250003111083
2025-03-14,12+18,12,311,0.004639457998564467
2025-03-14,12+18,18,289,0.0043044999983976595
2025-03-15,12+18,0,362,0.003211333001672756
2025-03-15,12+18,12,343,0.004863124995608814
2025-03-15,12+18,18,330,0.00449020900123287
2025-03-16,12+18,0,377,0.0029575420048786327
2025-03-16,12+18,12,316,0.00477691600099206
2025-03-16,12+18,18,307,0.004540959002042655
2025-03-17,12+18,0,366,0.003152040997520089
2025-03-17,12+18,12,428,0.005015249997086357
2025-03-17,12+18,18,413,0.005166250004549511
2025-03-18,12+18,0,371,0.003080666996538639
2025-03-18,12+18,12,320,0.004457250004634261
2025-03-18,12+18,18,310,0.005074500004411675
2025-03-19,12+18,0,365,0.002935500000603497
2025-03-19,12+18,12,416,0.004746833998069633
2025-03-19,12+18,18,413,0.004895958998531569
2025-03-20,12+18,0,371,0.0034631250018719584
2025-03-20,12+18,12,320,0.0047182089983834885
2025-03-20,12+18,18,302,0.004572416000883095
2025-03-21,12+18,0,354,0.002885500005504582
2025-03-21,12+18,12,328,0.005136917003255803
2025-03-21,12+18,18,309,0.0042828750010812655
2025-03-22,12+18,0,351,0.003057333000469953
2025-03-22,12+18,12,326,0.0051369169959798455
2025-03-22,12+18,18,329,0.004626957997970749
2025-03-23,12+18,0,365,0.0029460000005201437
2025-03-23,12+18,12,345,0.004590083000948653
2025-03-23,12+18,18,343,0.005140250003023539
2025-03-24,12+18,0,375,0.003064124997763429
2025-03-24,12+18,12,448,0.005089333004434593
2025-03-24,12+18,18,418,0.005307792001985945
2025-03-25,12+18,0,384,0.003204500004358124
2025-03-25,12+18,12,355,0.004720042001281399
2025-03-25,12+18,18,335,0.00509299999976065
2025-03-26,12+18,0,364,0.003051833999052178
2025-03-26,12+18,12,398,0.004901959000562783
2025-03-26,12+18,18,437,0.004853749996982515
2025-03-27,12+18,0,375,0.003290708002168685
2025-03-27,12+18,12,322,0.004517457993642893
2025-03-27,12+18,18,304,0.004381499995361082
2025-03-28,12+18,0,346,0.0029941250031697564
2025-03-28,12+18,12,304,0.004937958998198155
2025-03-28,12+18,18,308,0.004297041996323969
2025-03-29,12+18,0,333,0.002775583998300135
2025-03-29,12+18,12,310,0.004842667003686074
2025-03-29,12+18,18,323,0.004431791996466927
2025-03-30,12+18,0,364,0.0029757500014966354
2025-03-30,12+18,12,493,0.005375875000027008
2025-03-30,12+18,18,446,0.005465499998535961
2025-03-31,12+18,0,372,0.0029034999970463105
2025-03-31,12+18,12,405,0.004900334002741147
2025-03-31,12+18,18,412,0.00553366699750768
2025-04-01,12+18,0,372,0.00313145799736958
2025-04-01,12+18,12,443,0.004878040999756195
2025-04-01,12+18,18,468,0.005345040997781325
2025-04-02,12+18,0,369,0.0032310420065186918
2025-04-02,12+18,12,456,0.00500908300455194
2025-04-02,12+18,18,439,0.005233042000327259
2025-04-03,12+18,0,379,0.003127333002339583
2025-04-03,12+18,12,346,0.004382333005196415
2025-04-03,12+18,18,329,0.004493749998800922
2025-04-04,12+18,0,333,0.0029898329958086833
2025-04-04,12+18,12,308,0.00490354099747492
2025-04-04,12+18,18,313,0.004400958001497202
2025-04-05,12+18,0,330,0.0027529580038390122
2025-04-05,12+18,12,395,0.0053196250009932555
2025-04-05,12+18,18,323,0.004320416999689769
2025-04-06,12+18,0,368,0.002937707999080885
2025-04-06,12+18,12,423,0.005478792001667898
2025-04-06,12+18,18,421,0.005141916000866331
2025-04-07,12+18,0,364,0.002922750005382113
2025-04-07,12+18,12,464,0.005064790995675139
2025-04-07,12+18,18,412,0.005318541996530257
2025-04-08,12+18,0,384,0.003195666999090463
2025-04-08,12+18,12,318,0.0046314999999594875
2025-04-08,12+18,18,332,0.004902084001514595
2025-04-09,12+18,0,382,0.0031429169976036064
2025-04-09,12+18,12,328,0.004374374999315478
2025-04-09,12+18,18,333,0.004647999994631391
2025-04-10,12+18,0,375,0.003394207997189369
2025-04-10,12+18,12,353,0.0046279169982881285
2025-04-10,12+18,18,320,0.004343209002399817
2025-04-11,12+18,0,323,0.002921249993960373
2025-04-11,12+18,12,294,0.00459466599568259
2025-04-11,12+18,18,301,0.004434916998434346
2025-04-12,12+18,0,353,0.002876666003430728
2025-04-12,12+18,12,320,0.004766499994730111
2025-04-12,12+18,18,339,0.0045735829990007915
2025-04-13,12+18,0,367,0.0029761249970761128
2025-04-13,12+18,12,425,0.0051341250000405125
2025-04-13,12+18,18,440,0.005190042000322137
2025-04-14,12+18,0,379,0.0030456250024144538
2025-04-14,12+18,12,426,0.004901916996459477
2025-04-14,12+18,18,428,0.005052500004239846
2025-04-15,12+18,0,363,0.0031422500032931566
2025-04-15,12+18,12,413,0.004851834004512057
2025-04-15,12+18,18,421,0.005173874997126404
2025-04-16,12+18,0,371,0.0032501669993507676
2025-04-16,12+18,12,372,0.004596667000441812
2025-04-16,12+18,18,337,0.004658750003727619
2025-04-17,12+18,0,368,0.003238167002564296
2025-04-17,12+18,12,354,0.004638874997908715
2025-04-17,12+18,18,325,0.0044068330025766045
2025-04-18,12+18,0,331,0.0028662080003414303
2025-04-18,12+18,12,296,0.0054140409993124194
2025-04-18,12+18,18,316,0.00487674999749288
2025-04-19,12+18,0,331,0.002984457998536527
2025-04-19,12+18,12,296,0.004759583003760781
2025-04-19,12+18,18,315,0.004411250003613532
2025-04-20,12+18,0,367,0.002874416997656226
2025-04-20,12+18,12,368,0.004836124993744306
2025-04-20,12+18,18,343,0.0048762080041342415
2025-04-21,12+18,0,376,0.0029362499990384094
2025-04-21,12+18,12,420,0.00477429099555593
2025-04-21,12+18,18,416,0.005182708002394065
2025-04-22,12+18,0,355,0.0029444169995258562
2025-04-22,12+18,12,450,0.00494345799961593
2025-04-22,12+18,18,429,0.0057750830019358546
2025-04-23,12+18,0,353,0.0030269580020103604
2025-04-23,12+18,12,365,0.004544082999927923
2025-04-23,12+18,18,332,0.004600416999892332
2025-04-24,12+18,0,358,0.00335024999367306
2025-04-24,12+18,12,363,0.004813250001461711
2025-04-24,12+18,18,322,0.0043953329950454645
2025-04-25,12+18,0,330,0.0028377080016070977
2025-04-25,12+18,12,292,0.004870332995778881
2025-04-25,12+18,18,298,0.004342541993537452
2025-04-26,12+18,0,325,0.00288116600131616
2025-04-26,12+18,12,304,0.00501320899638813
2025-04-26,12+18,18,318,0.004565374998492189
2025-04-27,12+18,0,359,0.002980540994030889
2025-04-27,12+18,12,404,0.004776832996867597
2025-04-27,12+18,18,415,0.005617999995592982
2025-04-28,12+18,0,362,0.003131375000521075
2025-04-28,12+18,12,391,0.0048717090030550025
2025-04-28,12+18,18,414,0.004996499999833759
2025-04-29,12+18,0,365,0.002966375002870336
2025-04-29,12+18,12,444,0.0049634579991106875
2025-04-29,12+18,18,427,0.005406958000094164
2025-04-30,12+18,0,366,0.002977333999297116
2025-04-30,12+18,12,404,0.004669416004617233
2025-04-30,12+18,18,396,0.0047086250051506795
2025-05-01,12+18,0,360,0.0035084999981336296
2025-05-01,12+18,12,347,0.004662084000301547
2025-05-01,12+18,18,323,0.0044751669993274845
2025-05-02,12+18,0,350,0.0028446249998523854
2025-05-02,12+18,12,308,0.004713291004009079
2025-05-02,12+18,18,311,0.004302458000893239
2025-05-03,12+18,0,342,0.0029376249949564226
2025-05-03,12+18,12,314,0.00496329199813772
2025-05-03,12+18,18,314,0.004685082996729761
2025-05-04,12+18,0,378,0.002979958997457288
2025-05-04,12+18,12,413,0.004885458998614922
2025-05-04,12+18,18,438,0.0054238340017036535
2025-05-05,12+18,0,371,0.002983999998832587
2025-05-05,12+18,12,394,0.004670624999562278
2025-05-05,12+18,18,416,0.005003790996852331
2025-05-06,12+18,0,359,0.0029536669972003438
2025-05-06,12+18,12,477,0.004890291995252483
2025-05-06,12+18,18,421,0.0050608750025276095
2025-05-07,12+18,0,362,0.0031802500016056
2025-05-07,12+18,12,439,0.004783583004609682
2025-05-07,12+18,18,418,0.004832833998079877
2025-05-08,12+18,0,372,0.003413750004256144
2025-05-08,12+18,12,364,0.004886666996753775
2025-05-08,12+18,18,325,0.004455916998267639
2025-05-09,12+18,0,349,0.0028692499981843866
2025-05-09,12+18,12,308,0.004871624994848389
2025-05-09,12+18,18,291,0.004300625005271286
2025-05-10,12+18,0,351,0.0030093750028754584
2025-05-10,12+18,12,297,0.0047410830011358485
2025-05-10,12+18,18,330,0.004838708002353087
2025-05-11,12+18,0,375,0.0030099590003374033
2025-05-11,12+18,12,408,0.004816874999960419
2025-05-11,12+18,18,395,0.005154917002073489
2025-05-12,12+18,0,371,0.0032217920015682466
2025-05-12,12+18,12,427,0.004933875003189314
2025-05-12,12+18,18,424,0.005153999998583458
2025-05-13,12+18,0,374,0.0030142920004436746
2025-05-13,12+18,12,376,0.004662374994950369
2025-05-13,12+18,18,335,0.004538583001703955
2025-05-14,12+18,0,368,0.0030113749962765723
2025-05-14,12+18,12,324,0.004636167002900038
2025-05-14,12+18,18,354,0.004421541001647711
2025-05-15,12+18,0,373,0.0031037079970701598
2025-05-15,12+18,12,323,0.004836583997530397
2025-05-15,12+18,18,317,0.004369124995719176
2025-05-16,12+18,0,334,0.0027844579963129945
2025-05-16,12+18,12,305,0.004829541998333298
2025-05-16,12+18,18,289,0.004226083001412917
2025-05-17,12+18,0,347,0.0030928750056773424
2025-05-17,12+18,12,312,0.0045040419936412945
2025-05-17,12+18,18,318,0.005258958997728769
2025-05-18,12+18,0,372,0.003071958002692554
2025-05-18,12+18,12,423,0.004918916005408391
2025-05-18,12+18,18,411,0.004922833002638072
2025-05-19,12+18,0,364,0.003146583003399428
2025-05-19,12+18,12,427,0.0049710829989635386
2025-05-19,12+18,18,422,0.005389124999055639
2025-05-20,12+18,0,371,0.003116040999884717
2025-05-20,12+18,12,341,0.0044675419994746335
2025-05-20,12+18,18,359,0.004727542000182439
2025-05-21,12+18,0,370,0.003722917004779447
2025-05-21,12+18,12,349,0.004673458999604918
2025-05-21,12+18,18,341,0.00473000000056345
2025-05-22,12+18,0,363,0.0029168750043027103
2025-05-22,12+18,12,334,0.004976208998414222
2025-05-22,12+18,18,319,0.004497333997278474
2025-05-23,12+18,0,340,0.0028561250001075678
2025-05-23,12+18,12,302,0.004955958000209648
2025-05-23,12+18,18,292,0.004459957999642938
2025-05-24,12+18,0,333,0.00295120900409529
2025-05-24,12+18,12,304,0.00452587500330992
2025-05-24,12+18,18,320,0.005155958999239374
2025-05-25,12+18,0,352,0.0029527500009862706
2025-05-25,12+18,12,477,0.005543499995837919
2025-05-25,12+18,18,362,0.0049440420043538325
2025-05-26,12+18,0,370,0.0029385410016402602
2025-05-26,12+18,12,373,0.004666666995035484
2025-05-26,12+18,18,378,0.005030415995861404
2025-05-27,12+18,0,362,0.006887875002576038
2025-05-27,12+18,12,353,0.008797374997811858
2025-05-27,12+18,18,320,0.011637957999482751
2025-05-28,12+18,0,354,0.006137165997643024
2025-05-28,12+18,12,368,0.006533833002322353
2025-05-28,12+18,18,348,0.009764333000930492
2025-05-29,12+18,0,356,0.0030781659952481277
2025-05-29,12+18,12,346,0.005001625002478249
2025-05-29,12+18,18,306,0.004997790994821116
2025-05-30,12+18,0,355,0.0028702919953502715
2025-05-30,12+18,12,305,0.004766500002006069
2025-05-30,12+18,18,290,0.004764541998156346
2025-05-31,12+18,0,353,0.003255832998547703
2025-05-31,12+18,12,346,0.004567000003589783
2025-05-31,12+18,18,320,0.004419582997797988
2025-06-01,12+18,0,366,0.00325324999721488
2025-06-01,12+18,12,386,0.004901250002149027
2025-06-01,12+18,18,425,0.004887208000582177
2025-06-02,12+18,0,365,0.003883666002366226
2025-06-02,12+18,12,408,0.005085249998955987
2025-06-02,12+18,18,401,0.0047582499973941594
2025-06-03,12+18,0,355,0.003122791000350844
2025-06-03,12+18,12,339,0.005034250003518537
2025-06-03,12+18,18,313,0.004449583000678103
2025-06-04,12+18,0,366,0.0032187919932766818
2025-06-04,12+18,12,347,0.004881332999502774
2025-06-04,12+18,18,359,0.004660332997445948
2025-06-05,12+18,0,360,0.0030062500009080395
2025-06-05,12+18,12,344,0.0049113339991890825
2025-06-05,12+18,18,307,0.004772874999616761
2025-06-06,12+18,0,383,0.003446624999924097
2025-06-06,12+18,12,323,0.004522999995970167
2025-06-06,12+18,18,292,0.004488625003432389
2025-06-07,12+18,0,382,0.003132749996439088
2025-06-07,12+18,12,311,0.0043768749965238385
2025-06-07,12+18,18,326,0.004641708001145162
2025-06-08,12+18,0,358,0.003290582993940916
2025-06-08,12+18,12,338,0.004641708997951355
2025-06-08,12+18,18,313,0.004478917006053962
2025-06-09,12+18,0,352,0.003298875002656132
2025-06-09,12+18,12,322,0.004731791996164247
2025-06-09,12+18,18,305,0.004505791002884507
2025-06-10,12+18,0,357,0.003046417004952673
2025-06-10,12+18,12,351,0.004824959003599361
2025-06-10,12+18,18,309,0.00427375000435859
2025-06-11,12+18,0,359,0.0029434169991873205
2025-06-11,12+18,12,333,0.004844916998990811
2025-06-11,12+18,18,334,0.004996499999833759
2025-06-12,12+18,0,362,0.0030477499967673793
2025-06-12,12+18,12,349,0.004914083001494873
2025-06-12,12+18,18,300,0.004673167000873946
2025-06-13,12+18,0,383,0.0031980000057956204
2025-06-13,12+18,12,321,0.004425999999511987
2025-06-13,12+18,18,289,0.0044835830049123615
2025-06-14,12+18,0,386,0.0035372499987715855
2025-06-14,12+18,12,337,0.004471708998607937
2025-06-14,12+18,18,338,0.004629000002751127
2025-06-15,12+18,0,359,0.0035044579999521375
2025-06-15,12+18,12,336,0.004674540999985766
2025-06-15,12+18,18,303,0.004364874999737367
2025-06-16,12+18,0,358,0.0030342499958351254
2025-06-16,12+18,12,334,0.004731916000309866
2025-06-16,12+18,18,306,0.004434750000655185
2025-06-17,12+18,0,356,0.003301249998912681
2025-06-17,12+18,12,335,0.005105500000354368
2025-06-17,12+18,18,309,0.004590582997479942
2025-06-18,12+18,0,350,0.0029010840007686056
2025-06-18,12+18,12,359,0.004587583003740292
2025-06-18,12+18,18,358,0.005062999996880535
2025-06-19,12+18,0,351,0.0031976250029401854
2025-06-19,12+18,12,347,0.004747332997794729
2025-06-19,12+18,18,303,0.004655374999856576
2025-06-20,12+18,0,370,0.0032332499977201223
2025-06-20,12+18,12,340,0.004469332998269238
2025-06-20,12+18,18,291,0.004382665996672586
2025-06-21,12+18,0,373,0.003177124999638181
2025-06-21,12+18,12,312,0.004858416999923065
2025-06-21,12+18,18,340,0.004704624996520579
2025-06-22,12+18,0,350,0.0029836660032742657
2025-06-22,12+18,12,351,0.004959583995514549
2025-06-22,12+18,18,353,0.0047154580024653114
2025-06-23,12+18,0,351,0.003015959002368618
2025-06-23,12+18,12,343,0.005248749999736901
2025-06-23,12+18,18,355,0.004675249998399522
2025-06-24,12+18,0,349,0.0029641250002896413
2025-06-24,12+18,12,313,0.004863750000367872
2025-06-24,12+18,18,295,0.004463457997189835
2025-06-25,12+18,0,345,0.0029280829985509627
2025-06-25,12+18,12,349,0.004815209002117626
2025-06-25,12+18,18,322,0.00495066699659219
2025-06-26,12+18,0,353,0.003151000004436355
2025-06-26,12+18,12,329,0.004505291006353218
2025-06-26,12+18,18,290,0.00477412500185892
2025-06-27,12+18,0,384,0.003024833000381477
2025-06-27,12+18,12,357,0.0046138750039972365
2025-06-27,12+18,18,291,0.004412625006807502
2025-06-28,12+18,0,383,0.003437833998759743
2025-06-28,12+18,12,324,0.004687790999014396
2025-06-28,12+18,18,333,0.00437962500291178
2025-06-29,12+18,0,355,0.003077957997447811
2025-06-29,12+18,12,357,0.00503420799941523
2025-06-29,12+18,18,351,0.004950583002937492
2025-06-30,12+18,0,360,0.0030189579993020743
2025-06-30,12+18,12,320,0.00491245900047943
2025-06-30,12+18,18,299,0.00454570900183171
2025-07-01,12+18,0,348,0.0029339169996092096
2025-07-01,12+18,12,335,0.004948375004460104
2025-07-01,12+18,18,298,0.0047118750007939525
2025-07-02,12+18,0,345,0.0029765830040560104
2025-07-02,12+18,12,377,0.004685958003392443
2025-07-02,12+18,18,359,0.004874749996815808
2025-07-03,12+18,0,352,0.003015041998878587
2025-07-03,12+18,12,345,0.004835166000702884
2025-07-03,12+18,18,295,0.004548624994640704
2025-07-04,12+18,0,366,0.0031126670000958256
2025-07-04,12+18,12,324,0.004716166004072875
2025-07-04,12+18,18,294,0.0043079590031993575
2025-07-05,12+18,0,354,0.0030786249990342185
2025-07-05,12+18,12,331,0.005052458000136539
2025-07-05,12+18,18,342,0.004368082998553291
2025-07-06,12+18,0,342,0.0027901249995920807
2025-07-06,12+18,12,353,0.005055290996097028
2025-07-06,12+18,18,344,0.004638416998204775
2025-07-07,12+18,0,342,0.0029277080029714853
2025-07-07,12+18,12,356,0.00494345799961593
2025-07-07,12+18,18,336,0.005207374997553416
2025-07-08,12+18,0,348,0.0028902079939143732
2025-07-08,12+18,12,367,0.00469524999789428
2025-07-08,12+18,18,343,0.004913666001812089
2025-07-09,12+18,0,352,0.002968457993119955
2025-07-09,12+18,12,356,0.004481708994717337
2025-07-09,12+18,18,352,0.0045079170013195835
2025-07-10,12+18,0,338,0.0030104170000413433
2025-07-10,12+18,12,341,0.0047365840000566095
2025-07-10,12+18,18,292,0.004380332997243386
2025-07-11,12+18,0,370,0.003126083000097424
2025-07-11,12+18,12,315,0.005180374995688908
2025-07-11,12+18,18,298,0.004412124995724298
2025-07-12,12+18,0,345,0.0028023339982610196
2025-07-12,12+18,12,330,0.005013334004615899
2025-07-12,12+18,18,325,0.004371791997982655
2025-07-13,12+18,0,347,0.002789124999253545
2025-07-13,12+18,12,308,0.004718166004749946
2025-07-13,12+18,18,304,0.0050769580047926866
2025-07-14,12+18,0,341,0.0029609579942189157
2025-07-14,12+18,12,338,0.00463925000076415
2025-07-14,12+18,18,340,0.004795542001374997
2025-07-15,12+18,0,330,0.0030362090037669986
2025-07-15,12+18,12,297,0.004494166998483706
2025-07-15,12+18,18,280,0.004523875002632849
2025-07-16,12+18,0,333,0.0030260830026236363
2025-07-16,12+18,12,305,0.0046242919997894205
2025-07-16,12+18,18,277,0.0043240830054855905
2025-07-17,12+18,0,346,0.003173958000843413
2025-07-17,12+18,12,325,0.005765207999502309
2025-07-17,12+18,18,290,0.0043139589979546145
2025-07-18,12+18,0,362,0.003054125001654029
2025-07-18,12+18,12,339,0.0048682499982533045
2025-07-18,12+18,18,326,0.0045667500016861595
2025-07-19,12+18,0,363,0.003026708000106737
2025-07-19,12+18,12,361,0.004856667001149617
2025-07-19,12+18,18,330,0.004783749995112885
2025-07-20,12+18,0,337,0.0028526660025818273
2025-07-20,12+18,12,320,0.004787707999639679
2025-07-20,12+18,18,287,0.004611291995388456
2025-07-21,12+18,0,337,0.0029528750019380823
2025-07-21,12+18,12,308,0.004412292000779416
2025-07-21,12+18,18,281,0.00462270800198894
2025-07-22,12+18,0,314,0.0030508340059896
2025-07-22,12+18,12,309,0.004692417001933791
2025-07-22,12+18,18,284,0.00440945899754297
2025-07-23,12+18,0,314,0.002743707998888567
2025-07-23,12+18,12,292,0.004922833002638072
2025-07-23,12+18,18,273,0.004229208003380336
2025-07-24,12+18,0,311,0.0028726249947794713
2025-07-24,12+18,12,301,0.004826624994166195
2025-07-24,12+18,18,289,0.004438208001374733
2025-07-25,12+18,0,334,0.0026951249965350144
2025-07-25,12+18,12,338,0.004564374998153653
2025-07-25,12+18,18,327,0.005212625001149718
2025-07-26,12+18,0,357,0.0029204999955254607
2025-07-26,12+18,12,344,0.004661999999370892
2025-07-26,12+18,18,325,0.004746665996208321
2025-07-27,12+18,0,322,0.0027763329999288544
2025-07-27,12+18,12,315,0.004573416998027824
2025-07-27,12+18,18,283,0.004515750006248709
2025-07-28,12+18,0,318,0.003191291994880885
2025-07-28,12+18,12,314,0.004945749999023974
2025-07-28,12+18,18,317,0.004647624999051914
2025-07-29,12+18,0,301,0.002703707999899052
2025-07-29,12+18,12,303,0.004825999996683095
2025-07-29,12+18,18,300,0.004494125001656357
2025-07-30,12+18,0,312,0.002839999993739184
2025-07-30,12+18,12,326,0.005070625004009344
2025-07-30,12+18,18,326,0.004526500000793021
2025-07-31,12+18,0,318,0.00278904200240504
2025-07-31,12+18,12,310,0.004581624998536427
2025-07-31,12+18,18,284,0.0047703329983050935
2025-08-01,12+18,0,338,0.0028886250001960434
2025-08-01,12+18,12,342,0.0047486250041401945
2025-08-01,12+18,18,308,0.004651333001675084
2025-08-02,12+18,0,367,0.0031261660042218864
2025-08-02,12+18,12,379,0.004581667002639733
2025-08-02,12+18,18,324,0.004691415997513104
2025-08-03,12+18,0,328,0.0029399159975582734
2025-08-03,12+18,12,299,0.004920167004456744
2025-08-03,12+18,18,282,0.004355541001132224
2025-08-04,12+18,0,330,0.0027441669953987002
2025-08-04,12+18,12,293,0.004886666996753775
2025-08-04,12+18,18,289,0.004453749999811407
2025-08-05,12+18,0,337,0.002713542002311442
2025-08-05,12+18,12,299,0.0048782089943415485
2025-08-05,12+18,18,281,0.004611124997609295
2025-08-06,12+18,0,335,0.0027506670012371615
2025-08-06,12+18,12,297,0.004349041999375913
2025-08-06,12+18,18,309,0.004803125004400499
2025-08-07,12+18,0,331,0.0029051669989712536
2025-08-07,12+18,12,310,0.004578084000968374
2025-08-07,12+18,18,289,0.004534833999059629
2025-08-08,12+18,0,343,0.0029842919975635596
2025-08-08,12+18,12,311,0.004481792006117757
2025-08-08,12+18,18,290,0.004296749997592997
2025-08-09,12+18,0,349,0.002846625000529457
2025-08-09,12+18,12,325,0.005038208000769373
2025-08-09,12+18,18,313,0.004339958002674393
2025-08-10,12+18,0,341,0.0028189580043544993
2025-08-10,12+18,12,295,0.004953167001076508
2025-08-10,12+18,18,282,0.004692249996878672
2025-08-11,12+18,0,345,0.0028826670022681355
2025-08-11,12+18,12,321,0.004892583005130291
2025-08-11,12+18,18,285,0.0051046660009888
2025-08-12,12+18,0,332,0.002932832998340018
2025-08-12,12+18,12,316,0.004437499999767169
2025-08-12,12+18,18,289,0.004583709000144154
2025-08-13,12+18,0,340,0.002904000000853557
2025-08-13,12+18,12,333,0.004365708002296742
2025-08-13,12+18,18,309,0.004538708002655767
2025-08-14,12+18,0,342,0.002993083995534107
2025-08-14,12+18,12,296,0.004507249999733176
2025-08-14,12+18,18,289,0.004388667002785951
2025-08-15,12+18,0,376,0.0028407500067260116
2025-08-15,12+18,12,351,0.004703665996203199
2025-08-15,12+18,18,294,0.004457415998331271
2025-08-16,12+18,0,360,0.0027699589991243556
2025-08-16,12+18,12,342,0.004549749995931052
2025-08-16,12+18,18,321,0.004750874999444932
2025-08-17,12+18,0,344,0.0029174160008551553
2025-08-17,12+18,12,303,0.004733916000986937
2025-08-17,12+18,18,290,0.004812291997950524
2025-08-18,12+18,0,344,0.00303070800146088
2025-08-18,12+18,12,296,0.004326541995396838
2025-08-18,12+18,18,283,0.004438042000401765
2025-08-19,12+18,0,344,0.003221166000002995
2025-08-19,12+18,12,311,0.0045402090036077425
2025-08-19,12+18,18,299,0.0045569159992737696
2025-08-20,12+18,0,343,0.0029681250016437843
2025-08-20,12+18,12,295,0.004928916001517791
2025-08-20,12+18,18,318,0.004376832999696489
2025-08-21,12+18,0,345,0.0029080419990350492
2025-08-21,12+18,12,303,0.004784374999871943
2025-08-21,12+18,18,289,0.004561084002489224
2025-08-22,12+18,0,355,0.0028331670037005097
2025-08-22,12+18,12,331,0.004569167002046015
2025-08-22,12+18,18,290,0.004904583998722956
2025-08-23,12+18,0,348,0.002811500002280809
2025-08-23,12+18,12,330,0.004448500003491063
2025-08-23,12+18,18,320,0.004638500002329238
2025-08-24,12+18,0,336,0.0029207500047050416
2025-08-24,12+18,12,337,0.004467416998522822
2025-08-24,12+18,18,313,0.0046216659975470975
2025-08-25,12+18,0,362,0.0033903329967870377
2025-08-25,12+18,12,301,0.004873124998994172
2025-08-25,12+18,18,285,0.004405792002216913
2025-08-26,12+18,0,332,0.0029569999969680794
2025-08-26,12+18,12,320,0.004899207997368649
2025-08-26,12+18,18,328,0.004370500006189104
2025-08-27,12+18,0,350,0.0027798329974757507
2025-08-27,12+18,12,318,0.004681416998209897
2025-08-27,12+18,18,302,0.0044644999943557195
2025-08-28,12+18,0,340,0.0028369170031510293
2025-08-28,12+18,12,327,0.004572874997393228
2025-08-28,12+18,18,287,0.004888540999672841
2025-08-29,12+18,0,364,0.002884584006096702
2025-08-29,12+18,12,342,0.004458666997379623
2025-08-29,12+18,18,313,0.004410708999785129
2025-08-30,12+18,0,359,0.0031499169999733567
2025-08-30,12+18,12,340,0.004487500002142042
2025-08-30,12+18,18,315,0.004654791999200825
2025-08-31,12+18,0,343,0.003127374999166932
2025-08-31,12+18,12,300,0.004943874999298714
2025-08-31,12+18,18,316,0.004354541997599881
2025-09-01,12+18,0,351,0.003356958994118031
2025-09-01,12+18,12,296,0.004658458004996646
2025-09-01,12+18,18,288,0.004229124999255873
2025-09-02,12+18,0,345,0.0028130830032750964
2025-09-02,12+18,12,301,0.004634541997802444
2025-09-02,12+18,18,291,0.004759249997732695
2025-09-03,12+18,0,341,0.0029922910034656525
2025-09-03,12+18,12,319,0.004850500001339242
2025-09-03,12+18,18,323,0.005063791002612561
2025-09-04,12+18,0,339,0.0029274169937707484
2025-09-04,12+18,12,299,0.004294334001315292
2025-09-04,12+18,18,289,0.004651292001653928
2025-09-05,12+18,0,338,0.0031157920020632446
2025-09-05,12+18,12,312,0.004396291995362844
2025-09-05,12+18,18,287,0.004465916994377039
2025-09-06,12+18,0,343,0.0028018750017508864
2025-09-06,12+18,12,312,0.004826708005566616
2025-09-06,12+18,18,319,0.004367083005490713
2025-09-07,12+18,0,337,0.003083583003899548
2025-09-07,12+18,12,305,0.004847499993047677
2025-09-07,12+18,18,326,0.004898582999885548
2025-09-08,12+18,0,335,0.002834541999618523
2025-09-08,12+18,12,313,0.004457000002730638
2025-09-08,12+18,18,294,0.004906624999421183
2025-09-09,12+18,0,325,0.002937416000349913
2025-09-09,12+18,12,325,0.004562334004731383
2025-09-09,12+18,18,346,0.004893333003565203
2025-09-10,12+18,0,339,0.0030817500010016374
2025-09-10,12+18,12,329,0.004488375001528766
2025-09-10,12+18,18,332,0.00467141699482454
2025-09-11,12+18,0,335,0.0031570000064675696
2025-09-11,12+18,12,302,0.0046899169974494725
2025-09-11,12+18,18,300,0.004314375000831205
2025-09-12,12+18,0,340,0.002905124994867947
2025-09-12,12+18,12,315,0.004782459000125527
2025-09-12,12+18,18,288,0.004194125001959037
2025-09-13,12+18,0,342,0.0028395840054145083
2025-09-13,12+18,12,317,0.004659582999011036
2025-09-13,12+18,18,334,0.004477333000977524
2025-09-14,12+18,0,343,0.002875874997698702
2025-09-14,12+18,12,310,0.004796125002030749
2025-09-14,12+18,18,298,0.004705874998762738
2025-09-15,12+18,0,341,0.0029572080020443536
2025-09-15,12+18,12,344,0.004649791000701953
2025-09-15,12+18,18,372,0.005043707998993341
2025-09-16,12+18,0,363,0.0031776669929968193
2025-09-16,12+18,12,311,0.004547167001874186
2025-09-16,12+18,18,299,0.004636167002900038
2025-09-17,12+18,0,353,0.0033477499964646995
2025-09-17,12+18,12,317,0.004868958996667061
2025-09-17,12+18,18,307,0.004421291996550281
2025-09-18,12+18,0,356,0.003136499995889608
2025-09-18,12+18,12,323,0.004851375000725966
2025-09-18,12+18,18,305,0.004279917004168965
2025-09-19,12+18,0,348,0.0028297079988988116
2025-09-19,12+18,12,331,0.004883207999228034
2025-09-19,12+18,18,292,0.004295665996323805
2025-09-20,12+18,0,344,0.0028067090024705976
2025-09-20,12+18,12,335,0.00477225000213366
2025-09-20,12+18,18,327,0.004962958999385592
2025-09-21,12+18,0,365,0.0030269159979070537
2025-09-21,12+18,12,311,0.00447225000243634
2025-09-21,12+18,18,303,0.005080916998849716
2025-09-22,12+18,0,370,0.003140749999147374
2025-09-22,12+18,12,411,0.004759707997436635
2025-09-22,12+18,18,424,0.0049006249973899685
2025-09-23,12+18,0,365,0.0033575410052435473
2025-09-23,12+18,12,314,0.004618291997758206
2025-09-23,12+18,18,306,0.004480875002627727
2025-09-24,12+18,0,353,0.0031047909942572005
2025-09-24,12+18,12,362,0.004917541002214421
2025-09-24,12+18,18,333,0.004357792000519112
2025-09-25,12+18,0,374,0.003127750002022367
2025-09-25,12+18,12,325,0.005124583003635053
2025-09-25,12+18,18,306,0.004377624994958751
2025-09-26,12+18,0,374,0.00293779099592939
2025-09-26,12+18,12,342,0.004956500000844244
2025-09-26,12+18,18,297,0.004413499998918269
2025-09-27,12+18,0,343,0.0029229160063550808
2025-09-27,12+18,12,367,0.0049772920028772205
2025-09-27,12+18,18,351,0.005009624997910578
2025-09-28,12+18,0,369,0.0030152920007822104
2025-09-28,12+18,12,363,0.004633083997759968
2025-09-28,12+18,18,305,0.004882207998889498
2025-09-29,12+18,0,376,0.003227375003916677
2025-09-29,12+18,12,345,0.0045152079983381554
2025-09-29,12+18,18,332,0.004931374998704996
2025-09-30,12+18,0,373,0.003554582996002864
2025-09-30,12+18,12,432,0.004890916003205348
2025-09-30,12+18,18,444,0.005193959004827775
2025-10-01,12+18,0,369,0.003166250004142057
2025-10-01,12+18,12,318,0.005011625005863607
2025-10-01,12+18,18,305,0.004274750004697125
2025-10-02,12+18,0,366,0.0031388749994221143
2025-10-02,12+18,12,346,0.00520495799719356
2025-10-02,12+18,18,336,0.0044862920040031895
2025-10-03,12+18,0,341,0.002908583999669645
2025-10-03,12+18,12,320,0.005002792000595946
2025-10-03,12+18,18,318,0.004858291998971254
2025-10-04,12+18,0,374,0.0029743749983026646
2025-10-04,12+18,12,461,0.005414083003415726
2025-10-04,12+18,18,438,0.005758792001870461
2025-10-05,12+18,0,382,0.0032115420035552233
2025-10-05,12+18,12,362,0.004805707998457365
2025-10-05,12+18,18,349,0.005013125002733432
2025-10-06,12+18,0,356,0.0031141660001594573
2025-10-06,12+18,12,457,0.005183207998925354
2025-10-06,12+18,18,414,0.005516290999366902
2025-10-07,12+18,0,372,0.003380667003511917
2025-10-07,12+18,12,336,0.0046319169996422715
2025-10-07,12+18,18,304,0.004629416995157953
2025-10-08,12+18,0,368,0.003275082999607548
2025-10-08,12+18,12,452,0.00509020900062751
2025-10-08,12+18,18,432,0.005202542000915855
2025-10-09,12+18,0,360,0.0034659579978324473
2025-10-09,12+18,12,345,0.004818166002223734
2025-10-09,12+18,18,308,0.004583666996040847
2025-10-10,12+18,0,355,0.002868916002626065
2025-10-10,12+18,12,319,0.005051916996308137
2025-10-10,12+18,18,311,0.004398083001433406
2025-10-11,12+18,0,355,0.002958834003948141
2025-10-11,12+18,12,380,0.0053383750055218115
2025-10-11,12+18,18,340,0.004948792004142888
2025-10-12,12+18,0,374,0.0030333749964484014
2025-10-12,12+18,12,412,0.005157625004358124
2025-10-12,12+18,18,420,0.0051359589997446164
2025-10-13,12+18,0,368,0.0030360419987118803
2025-10-13,12+18,12,404,0.005225041997618973
2025-10-13,12+18,18,429,0.005489292001584545
2025-10-14,12+18,0,371,0.003218041005311534
2025-10-14,12+18,12,440,0.0050904580057249404
2025-10-14,12+18,18,479,0.00531645799492253
2025-10-15,12+18,0,371,0.00334212499728892
2025-10-15,12+18,12,461,0.005270333000225946
2025-10-15,12+18,18,422,0.005231916999036912
2025-10-16,12+18,0,373,0.003132499994535465
2025-10-16,12+18,12,347,0.004467625003599096
2025-10-16,12+18,18,336,0.004764874996908475
2025-10-17,12+18,0,337,0.003211374998500105
2025-10-17,12+18,12,333,0.004418417003762443
2025-10-17,12+18,18,320,0.0044212909997440875
2025-10-18,12+18,0,367,0.00322345900349319
2025-10-18,12+18,12,420,0.005057249996752944
2025-10-18,12+18,18,357,0.004957416000252124
2025-10-19,12+18,0,368,0.003096208005445078
2025-10-19,12+18,12,412,0.005813249998027459
2025-10-19,12+18,18,422,0.005000292003387585
2025-10-20,12+18,0,364,0.0030759170040255412
2025-10-20,12+18,12,316,0.005100166003103368
2025-10-20,12+18,18,300,0.004492000000027474
2025-10-21,12+18,0,363,0.002962917002150789
2025-10-21,12+18,12,350,0.0047047080006450415
2025-10-21,12+18,18,328,0.004670415997679811
2025-10-22,12+18,0,372,0.0029487499996321276
2025-10-22,12+18,12,450,0.0052863750024698675
2025-10-22,12+18,18,449,0.005299291995470412
2025-10-23,12+18,0,373,0.0031364590031444095
2025-10-23,12+18,12,330,0.004696125004556961
2025-10-23,12+18,18,332,0.004854624996369239
2025-10-24,12+18,0,353,0.0029105829962645657
2025-10-24,12+18,12,346,0.004502209005295299
2025-10-24,12+18,18,312,0.004773583001224324
2025-10-25,12+18,0,374,0.0036339159996714443
2025-10-25,12+18,12,382,0.0048458749952260405
2025-10-25,12+18,18,364,0.004762709002534393
2025-10-26,12+18,0,368,0.0031383749956148677
2025-10-26,12+18,12,447,0.005279915996652562
2025-10-26,12+18,18,448,0.005319916999724228
2025-10-27,12+18,0,363,0.002939083999081049
2025-10-27,12+18,12,468,0.005898915995203424
2025-10-27,12+18,18,456,0.005181458000151906
2025-10-28,12+18,0,369,0.00307033299759496
2025-10-28,12+18,12,367,0.0052877080015605316
2025-10-28,12+18,18,327,0.004572707999614067
2025-10-29,12+18,0,369,0.0030327909989864565
2025-10-29,12+18,12,472,0.005776666002930142
2025-10-29,12+18,18,469,0.005112250000820495
2025-10-30,12+18,0,365,0.0031160419966909103
2025-10-30,12+18,12,328,0.005387041994254105
2025-10-30,12+18,18,307,0.00499991700053215
2025-10-31,12+18,0,373,0.003089249999902677
2025-10-31,12+18,12,370,0.004637124999135267
2025-10-31,12+18,18,317,0.005133709004439879
2025-11-01,12+18,0,371,0.003026291997230146
2025-11-01,12+18,12,383,0.0048313750012312084
2025-11-01,12+18,18,379,0.005678749999788124
2025-11-02,12+18,0,383,0.003085917000134941
2025-11-02,12+18,12,450,0.005029708001529798
2025-11-02,12+18,18,463,0.0056610419997014105
2025-11-03,12+18,0,372,0.0034214999977848493
2025-11-03,12+18,12,457,0.005152208999788854
2025-11-03,12+18,18,469,0.005689000005077105
2025-11-04,12+18,0,355,0.0030719169953954406
2025-11-04,12+18,12,433,0.005155499995453283
2025-11-04,12+18,18,516,0.006367083995428402
2025-11-05,12+18,0,367,0.003258165997976903
2025-11-05,12+18,12,530,0.005893624998861924
2025-11-05,12+18,18,477,0.005683167000825051
2025-11-06,12+18,0,370,0.0031677499937359244
2025-11-06,12+18,12,381,0.004694750001362991
2025-11-06,12+18,18,334,0.0045160829977248795
2025-11-07,12+18,0,380,0.0033961669978452846
2025-11-07,12+18,12,373,0.0050549579973449
2025-11-07,12+18,18,329,0.004684333995101042
2025-11-08,12+18,0,371,0.003139957996609155
2025-11-08,12+18,12,412,0.005844083003466949
2025-11-08,12+18,18,402,0.004739541000162717
2025-11-09,12+18,0,378,0.003245416999561712
2025-11-09,12+18,12,523,0.006130166999355424
2025-11-09,12+18,18,544,0.006017875006364193
2025-11-10,12+18,0,364,0.00311070799943991
2025-11-10,12+18,12,450,0.005863334001332987
2025-11-10,12+18,18,473,0.005071375002444256
2025-11-11,12+18,0,368,0.003046457997697871
2025-11-11,12+18,12,341,0.004960209000273608
2025-11-11,12+18,18,326,0.004582374996971339
2025-11-12,12+18,0,362,0.0030121660020085983
2025-11-12,12+18,12,432,0.005008000000088941
2025-11-12,12+18,18,458,0.005542417005926836
2025-11-13,12+18,0,370,0.0030408750026253983
2025-11-13,12+18,12,378,0.004708416003268212
2025-11-13,12+18,18,336,0.004849749995628372
2025-11-14,12+18,0,370,0.003016499998921063
2025-11-14,12+18,12,346,0.004734290996566415
2025-11-14,12+18,18,335,0.005146417002833914
2025-11-15,12+18,0,376,0.0031505839942838065
2025-11-15,12+18,12,398,0.004994791001081467
2025-11-15,12+18,18,381,0.0049265000052400865
2025-11-16,12+18,0,388,0.003376125001523178
2025-11-16,12+18,12,547,0.006097042001783848
2025-11-16,12+18,18,484,0.005547542001295369
2025-11-17,12+18,0,363,0.0032550420000916347
2025-11-17,12+18,12,333,0.004656332996091805
2025-11-17,12+18,18,295,0.004474082998058293
2025-11-18,12+18,0,358,0.0033509169952594675
2025-11-18,12+18,12,536,0.006149458000436425
2025-11-18,12+18,18,528,0.005755666003096849
2025-11-19,12+18,0,370,0.003459291998296976
2025-11-19,12+18,12,558,0.006404874999134336
2025-11-19,12+18,18,522,0.005678708002960775
2025-11-20,12+18,0,365,0.0033504160019219853
2025-11-20,12+18,12,380,0.004982917002053
2025-11-20,12+18,18,335,0.004771832995174918
2025-11-21,12+18,0,373,0.00326070799928857
2025-11-21,12+18,12,368,0.004736250004498288
2025-11-21,12+18,18,342,0.004377958000986837
2025-11-22,12+18,0,375,0.0030413749991566874
2025-11-22,12+18,12,431,0.005572499998379499
2025-11-22,12+18,18,403,0.004937959005474113
2025-11-23,12+18,0,369,0.0029842080039088614
2025-11-23,12+18,12,524,0.005871875000593718
2025-11-23,12+18,18,533,0.006349625000439119
2025-11-24,12+18,0,367,0.002999374999490101
2025-11-24,12+18,12,377,0.004953208001097664
2025-11-24,12+18,18,320,0.0045919580006739125
2025-11-25,12+18,0,362,0.0029644169990206137
2025-11-25,12+18,12,448,0.0053089579960214905
2025-11-25,12+18,18,541,0.006048457995348144
2025-11-26,12+18,0,361,0.00316062499769032
2025-11-26,12+18,12,541,0.0060612500019487925
2025-11-26,12+18,18,479,0.005482415996084455
2025-11-27,12+18,0,370,0.003174582998326514
2025-11-27,12+18,12,379,0.004898084000160452
2025-11-27,12+18,18,332,0.004763208002259489
2025-11-28,12+18,0,378,0.003391874997760169
2025-11-28,12+18,12,351,0.004499125003349036
2025-11-28,12+18,18,349,0.004822791997867171
2025-11-29,12+18,0,382,0.003187249996699393
2025-11-29,12+18,12,460,0.00515741699928185
2025-11-29,12+18,18,394,0.004896458005532622
2025-11-30,12+18,0,377,0.0036980419972678646
2025-11-30,12+18,12,548,0.0058298330040997826
2025-11-30,12+18,18,470,0.005300916003761813
2025-12-01,12+18,0,357,0.0033038750043488108
2025-12-01,12+18,12,368,0.004899584004306234
2025-12-01,12+18,18,313,0.00452354099979857
2025-12-02,12+18,0,365,0.0032179589979932643
2025-12-02,12+18,12,488,0.0058133339989581145
2025-12-02,12+18,18,555,0.006146542000351474
2025-12-03,12+18,0,358,0.003105791001871694
2025-12-03,12+18,12,512,0.00600049999775365
2025-12-03,12+18,18,528,0.005773458004114218
2025-12-04,12+18,0,349,0.0030540839943569154
2025-12-04,12+18,12,347,0.004976582997187506
2025-12-04,12+18,18,337,0.004643166997993831
2025-12-05,12+18,0,373,0.003144958995108027
2025-12-05,12+18,12,422,0.005112083999847528
2025-12-05,12+18,18,407,0.004791500003193505
2025-12-06,12+18,0,387,0.003392833001271356
2025-12-06,12+18,12,477,0.005843416998686735
2025-12-06,12+18,18,469,0.005460708001919556
2025-12-07,12+18,0,347,0.0030985409975983202
2025-12-07,12+18,12,494,0.0057006669958354905
2025-12-07,12+18,18,525,0.006141334000858478
2025-12-08,12+18,0,353,0.0030297499979496934
2025-12-08,12+18,12,353,0.005061417003162205
2025-12-08,12+18,18,301,0.0048749999987194315
2025-12-09,12+18,0,347,0.0029670840012840927
2025-12-09,12+18,12,346,0.004574499995214865
2025-12-09,12+18,18,315,0.0047814580029807985
2025-12-10,12+18,0,341,0.0030237090031732805
2025-12-10,12+18,12,386,0.004737749994092155
2025-12-10,12+18,18,362,0.004749166997498833
2025-12-11,12+18,0,353,0.003409124998142943
2025-12-11,12+18,12,349,0.004806875003851019
2025-12-11,12+18,18,335,0.004545333002170082
2025-12-12,12+18,0,372,0.0032241250009974465
2025-12-12,12+18,12,327,0.004800541995791718
2025-12-12,12+18,18,294,0.004306458999053575
2025-12-13,12+18,0,388,0.003358416994160507
2025-12-13,12+18,12,465,0.0056170000025304034
2025-12-13,12+18,18,468,0.005507292000402231
2025-12-14,12+18,0,348,0.0029521249962272123
2025-12-14,12+18,12,414,0.005124292001710273
2025-12-14,12+18,18,365,0.004513833002420142
2025-12-15,12+18,0,339,0.0029123749991413206
2025-12-15,12+18,12,541,0.006444375001592562
2025-12-15,12+18,18,542,0.005820291000418365
2025-12-16,12+18,0,345,0.0029318749948288314
2025-12-16,12+18,12,339,0.004746917002194095
2025-12-16,12+18,18,315,0.004878708001342602
2025-12-17,12+18,0,351,0.002946374996099621
2025-12-17,12+18,12,528,0.005619042000034824
2025-12-17,12+18,18,538,0.005807166002341546
2025-12-18,12+18,0,348,0.00290220800525276
2025-12-18,12+18,12,369,0.004844958006287925
2025-12-18,12+18,18,340,0.004786791003425606
2025-12-19,12+18,0,375,0.003151582997816149
2025-12-19,12+18,12,455,0.00528291700175032
2025-12-19,12+18,18,432,0.005401916001574136
2025-12-20,12+18,0,381,0.003196999998181127
2025-12-20,12+18,12,465,0.005237292003585026
2025-12-20,12+18,18,474,0.00536429099884117
2025-12-21,12+18,0,346,0.003067958001338411
2025-12-21,12+18,12,526,0.005496874997334089
2025-12-21,12+18,18,529,0.005757291997724678
2025-12-22,12+18,0,356,0.0035712500030058436
2025-12-22,12+18,12,396,0.005013333000533748
2025-12-22,12+18,18,375,0.004637291000108235
2025-12-23,12+18,0,347,0.0030339580043801107
2025-12-23,12+18,12,376,0.005008541003917344
2025-12-23,12+18,18,361,0.0045551250004791655
2025-12-24,12+18,0,334,0.0031309159967349842
2025-12-24,12+18,12,365,0.004711166999186389
2025-12-24,12+18,18,368,0.004625875000783708
2025-12-25,12+18,0,339,0.0028799580031773075
2025-12-25,12+18,12,368,0.005039083000156097
2025-12-25,12+18,18,336,0.004790958002558909
2025-12-26,12+18,0,376,0.003089707999606617
2025-12-26,12+18,12,436,0.0050232919966219924
2025-12-26,12+18,18,427,0.005443709000246599
2025-12-27,12+18,0,384,0.003130165998300072
2025-12-27,12+18,12,446,0.0053079589997651055
2025-12-27,12+18,18,430,0.005439415996079333
2025-12-28,12+18,0,337,0.0029818750044796616
2025-12-28,12+18,12,506,0.005690209000022151
2025-12-28,12+18,18,539,0.005589708998741116
2025-12-29,12+18,0,343,0.002964832994621247
2025-12-29,12+18,12,492,0.005334832996595651
2025-12-29,12+18,18,504,0.006004417002259288
2025-12-30,12+18,0,336,0.0031108330003917217
2025-12-30,12+18,12,457,0.005551458001718856
2025-12-30,12+18,18,500,0.0055851249999250285
2025-12-31,12+18,0,354,0.003169582996633835
2025-12-31,12+18,12,525,0.005730958000640385
2025-12-31,12+18,18,504,0.005706750001991168
2025-01-01,6+12+18,0,260,0.0031897079970804043
2025-01-01,6+12+18,6,388,0.004674916999647394
2025-01-01,6+12+18,12,306,0.0047337920041172765
2025-01-01,6+12+18,18,327,0.0046826670004520565
2025-01-02,6+12+18,0,357,0.0032821669956319965
2025-01-02,6+12+18,6,499,0.005463208006403875
2025-01-02,6+12+18,12,530,0.0059055409947177395
2025-01-02,6+12+18,18,545,0.005677415996615309
2025-01-03,6+12+18,0,351,0.003065208002226427
2025-01-03,6+12+18,6,407,0.0049093750058091246
2025-01-03,6+12+18,12,457,0.005280334000417497
2025-01-03,6+12+18,18,335,0.004398541997943539
2025-01-04,6+12+18,0,346,0.0032092500041471794
2025-01-04,6+12+18,6,409,0.005186333997698966
2025-01-04,6+12+18,12,429,0.005013916997995693
2025-01-04,6+12+18,18,346,0.004509375001362059
2025-01-05,6+12+18,0,373,0.003006624996487517
2025-01-05,6+12+18,6,509,0.005922332995396573
2025-01-05,6+12+18,12,523,0.005924375000176951
2025-01-05,6+12+18,18,491,0.0058662080045905896
2025-01-06,6+12+18,0,354,0.0030966659978730604
2025-01-06,6+12+18,6,486,0.005264667001029011
2025-01-06,6+12+18,12,527,0.005997915999614634
2025-01-06,6+12+18,18,543,0.005831540998769924
2025-01-07,6+12+18,0,361,0.0031660420063417405
2025-01-07,6+12+18,6,527,0.005881375000171829
2025-01-07,6+12+18,12,527,0.006026125003700145
2025-01-07,6+12+18,18,530,0.00580666700261645
2025-01-08,6+12+18,0,344,0.0032890420043258928
2025-01-08,6+12+18,6,468,0.005768707997049205
2025-01-08,6+12+18,12,483,0.005511082999873906
2025-01-08,6+12+18,18,561,0.006447624997235835
2025-01-09,6+12+18,0,352,0.003032207998330705
2025-01-09,6+12+18,6,496,0.005682499999238644
2025-01-09,6+12+18,12,475,0.005414790997747332
2025-01-09,6+12+18,18,480,0.005496957994182594
2025-01-10,6+12+18,0,384,0.003412042002310045
2025-01-10,6+12+18,6,410,0.00524345799931325
2025-01-10,6+12+18,12,405,0.005150917000719346
2025-01-10,6+12+18,18,360,0.004780957999173552
2025-01-11,6+12+18,0,374,0.003115207997325342
2025-01-11,6+12+18,6,417,0.005056082998635247
2025-01-11,6+12+18,12,432,0.005122291004227009
2025-01-11,6+12+18,18,433,0.005247499997494742
2025-01-12,6+12+18,0,347,0.0031931249977787957
2025-01-12,6+12+18,6,468,0.005528166999283712
2025-01-12,6+12+18,12,462,0.005412208993220702
2025-01-12,6+12+18,18,475,0.0054127089970279485
2025-01-13,6+12+18,0,355,0.002973624999867752
2025-01-13,6+12+18,6,461,0.005264250001346227
2025-01-13,6+12+18,12,496,0.0059233749998384155
2025-01-13,6+12+18,18,538,0.005788082999060862
2025-01-14,6+12+18,0,345,0.003005999999004416
2025-01-14,6+12+18,6,503,0.005729917000280693
2025-01-14,6+12+18,12,509,0.00550199999997858
2025-01-14,6+12+18,18,501,0.005728832999011502
2025-01-15,6+12+18,0,362,0.003290458000265062
2025-01-15,6+12+18,6,522,0.005640625000523869
2025-01-15,6+12+18,12,540,0.006179707997944206
2025-01-15,6+12+18,18,534,0.005944707998423837
2025-01-16,6+12+18,0,357,0.0030703750016982667
2025-01-16,6+12+18,6,502,0.005655540997395292
2025-01-16,6+12+18,12,477,0.0055986669976846315
2025-01-16,6+12+18,18,451,0.004935166994982865
2025-01-17,6+12+18,0,376,0.0030709999991813675
2025-01-17,6+12+18,6,396,0.005226207998930477
2025-01-17,6+12+18,12,425,0.0049777500025811605
2025-01-17,6+12+18,18,381,0.004650582995964214
2025-01-18,6+12+18,0,369,0.0032923749968176708
2025-01-18,6+12+18,6,427,0.005466041999170557
2025-01-18,6+12+18,12,447,0.004960874997777864
2025-01-18,6+12+18,18,447,0.005203125001571607
2025-01-19,6+12+18,0,354,0.0030745000040042214
2025-01-19,6+12+18,6,499,0.005459874999360181
2025-01-19,6+12+18,12,475,0.0055923749969224446
2025-01-19,6+12+18,18,511,0.006046374997822568
2025-01-20,6+12+18,0,354,0.0030592920011258684
2025-01-20,6+12+18,6,512,0.005621832999167964
2025-01-20,6+12+18,12,526,0.006216500005393755
2025-01-20,6+12+18,18,504,0.005448500000056811
2025-01-21,6+12+18,0,353,0.003107958000327926
2025-01-21,6+12+18,6,440,0.005572832997131627
2025-01-21,6+12+18,12,470,0.005196500002057292
2025-01-21,6+12+18,18,503,0.006059375002223533
2025-01-22,6+12+18,0,353,0.0033273330045631155
2025-01-22,6+12+18,6,511,0.005702583002857864
2025-01-22,6+12+18,12,441,0.0052850840002065524
2025-01-22,6+12+18,18,525,0.005885875005333219
2025-01-23,6+12+18,0,351,0.003031749998626765
2025-01-23,6+12+18,6,481,0.005305958999088034
2025-01-23,6+12+18,12,474,0.005384957999922335
2025-01-23,6+12+18,18,451,0.005008667001675349
2025-01-24,6+12+18,0,380,0.0030315409967442974
2025-01-24,6+12+18,6,390,0.005270000001473818
2025-01-24,6+12+18,12,427,0.00503916600428056
2025-01-24,6+12+18,18,356,0.004552332997263875
2025-01-25,6+12+18,0,376,0.0030915420065866783
2025-01-25,6+12+18,6,433,0.005696791995433159
2025-01-25,6+12+18,12,419,0.004869457996392157
2025-01-25,6+12+18,18,409,0.004788541999005247
2025-01-26,6+12+18,0,360,0.003297041999758221
2025-01-26,6+12+18,6,489,0.005513916999916546
2025-01-26,6+12+18,12,504,0.005753208002715837
2025-01-26,6+12+18,18,498,0.005773166994913481
2025-01-27,6+12+18,0,356,0.0030614999996032566
2025-01-27,6+12+18,6,481,0.005629582999972627
2025-01-27,6+12+18,12,479,0.005893792003917042
2025-01-27,6+12+18,18,478,0.0053302920059650205
2025-01-28,6+12+18,0,365,0.0030125000048428774
2025-01-28,6+12+18,6,501,0.0062223749991972
2025-01-28,6+12+18,12,505,0.005687542005034629
2025-01-28,6+12+18,18,491,0.005487457994604483
2025-01-29,6+12+18,0,366,0.00333091699576471
2025-01-29,6+12+18,6,483,0.005532791001314763
2025-01-29,6+12+18,12,466,0.0055017089980538
2025-01-29,6+12+18,18,469,0.005533416006073821
2025-01-30,6+12+18,0,363,0.0030470830024569295
2025-01-30,6+12+18,6,488,0.005706165997253265
2025-01-30,6+12+18,12,442,0.005137207997904625
2025-01-30,6+12+18,18,414,0.004985625004337635
2025-01-31,6+12+18,0,377,0.0031572079969919287
2025-01-31,6+12+18,6,405,0.005242125000222586
2025-01-31,6+12+18,12,396,0.005309583000780549
2025-01-31,6+12+18,18,360,0.004686207998020109
2025-02-01,6+12+18,0,380,0.0030407919985009357
2025-02-01,6+12+18,6,403,0.005218749996856786
2025-02-01,6+12+18,12,465,0.005616374997771345
2025-02-01,6+12+18,18,386,0.004644084001483861
2025-02-02,6+12+18,0,365,0.003102624999883119
2025-02-02,6+12+18,6,455,0.005857875003130175
2025-02-02,6+12+18,12,458,0.005936749999818858
2025-02-02,6+12+18,18,432,0.005338833994755987
2025-02-03,6+12+18,0,358,0.003096291002293583
2025-02-03,6+12+18,6,441,0.005341958996723406
2025-02-03,6+12+18,12,453,0.005949458995019086
2025-02-03,6+12+18,18,465,0.005315750000590924
2025-02-04,6+12+18,0,351,0.003257290998590179
2025-02-04,6+12+18,6,429,0.0055947919972823
2025-02-04,6+12+18,12,418,0.004898125000181608
2025-02-04,6+12+18,18,485,0.00562770899705356
2025-02-05,6+12+18,0,360,0.0033530000000610016
2025-02-05,6+12+18,6,477,0.005546583997784182
2025-02-05,6+12+18,12,477,0.0054935000007390045
2025-02-05,6+12+18,18,443,0.00569583399919793
2025-02-06,6+12+18,0,360,0.0031437090001418255
2025-02-06,6+12+18,6,423,0.005422834001365118
2025-02-06,6+12+18,12,441,0.005575541996222455
2025-02-06,6+12+18,18,414,0.004936042001645546
2025-02-07,6+12+18,0,379,0.00309233400184894
2025-02-07,6+12+18,6,381,0.00509924999641953
2025-02-07,6+12+18,12,373,0.004746457998408005
2025-02-07,6+12+18,18,326,0.0044936249978491105
2025-02-08,6+12+18,0,376,0.0031356670006061904
2025-02-08,6+12+18,6,399,0.0056986250056070276
2025-02-08,6+12+18,12,427,0.005013415997382253
2025-02-08,6+12+18,18,395,0.004940124999848194
2025-02-09,6+12+18,0,374,0.0035771670009125955
2025-02-09,6+12+18,6,467,0.005408625002019107
2025-02-09,6+12+18,12,434,0.005049708001024555
2025-02-09,6+12+18,18,429,0.005571124995185528
2025-02-10,6+12+18,0,364,0.0032659159987815656
2025-02-10,6+12+18,6,436,0.005530124995857477
2025-02-10,6+12+18,12,413,0.005242416002147365
2025-02-10,6+12+18,18,421,0.004789999999047723
2025-02-11,6+12+18,0,363,0.0031069589967955835
2025-02-11,6+12+18,6,451,0.0058470420044614
2025-02-11,6+12+18,12,408,0.004848124997806735
2025-02-11,6+12+18,18,443,0.005118000000948086
2025-02-12,6+12+18,0,364,0.0033015839944710024
2025-02-12,6+12+18,6,470,0.005592874993453734
2025-02-12,6+12+18,12,419,0.0048578330024611205
2025-02-12,6+12+18,18,476,0.005695500003639609
2025-02-13,6+12+18,0,366,0.0032407079997938126
2025-02-13,6+12+18,6,424,0.00528779199521523
2025-02-13,6+12+18,12,410,0.00541262500337325
2025-02-13,6+12+18,18,403,0.005179291001695674
2025-02-14,6+12+18,0,368,0.0030324170002131723
2025-02-14,6+12+18,6,359,0.004942833002132829
2025-02-14,6+12+18,12,346,0.00489308300166158
2025-02-14,6+12+18,18,317,0.004410292000102345
2025-02-15,6+12+18,0,369,0.003013167006429285
2025-02-15,6+12+18,6,371,0.005114082996442448
2025-02-15,6+12+18,12,418,0.005122375005157664
2025-02-15,6+12+18,18,377,0.004700500001490582
2025-02-16,6+12+18,0,373,0.0033517090050736442
2025-02-16,6+12+18,6,442,0.005676125001627952
2025-02-16,6+12+18,12,421,0.004782625001098495
2025-02-16,6+12+18,18,415,0.005398541004979052
2025-02-17,6+12+18,0,375,0.0032955829956335947
2025-02-17,6+12+18,6,444,0.00520854200294707
2025-02-17,6+12+18,12,406,0.00514962499437388
2025-02-17,6+12+18,18,416,0.005333125001925509
2025-02-18,6+12+18,0,369,0.0030005000007804483
2025-02-18,6+12+18,6,458,0.005351457999495324
2025-02-18,6+12+18,12,467,0.0053120000011404045
2025-02-18,6+12+18,18,423,0.00519279099535197
2025-02-19,6+12+18,0,361,0.0029744999992544763
2025-02-19,6+12+18,6,430,0.005465791997266933
2025-02-19,6+12+18,12,443,0.0052687500065076165
2025-02-19,6+12+18,18,404,0.004926667003019247
2025-02-20,6+12+18,0,370,0.003268499996920582
2025-02-20,6+12+18,6,432,0.005612207998638041
2025-02-20,6+12+18,12,390,0.004857415995502379
2025-02-20,6+12+18,18,407,0.004993249996914528
2025-02-21,6+12+18,0,359,0.0031347919939435087
2025-02-21,6+12+18,6,354,0.00490525000350317
2025-02-21,6+12+18,12,363,0.00474420799582731
2025-02-21,6+12+18,18,317,0.004848791999393143
2025-02-22,6+12+18,0,369,0.003064500000618864
2025-02-22,6+12+18,6,380,0.00507645800098544
2025-02-22,6+12+18,12,406,0.0053640830010408536
2025-02-22,6+12+18,18,389,0.004732166999019682
2025-02-23,6+12+18,0,363,0.00303883299784502
2025-02-23,6+12+18,6,445,0.0057797089975792915
2025-02-23,6+12+18,12,416,0.005283417005557567
2025-02-23,6+12+18,18,410,0.004853958998864982
2025-02-24,6+12+18,0,369,0.0029628749980474822
2025-02-24,6+12+18,6,441,0.005787875001260545
2025-02-24,6+12+18,12,398,0.004840624998905696
2025-02-24,6+12+18,18,410,0.005029250001825858
2025-02-25,6+12+18,0,370,0.0032874160024221055
2025-02-25,6+12+18,6,466,0.005323042001691647
2025-02-25,6+12+18,12,438,0.005080333001387771
2025-02-25,6+12+18,18,394,0.005262416998448316
2025-02-26,6+12+18,0,370,0.0033427090020268224
2025-02-26,6+12+18,6,457,0.005634332999761682
2025-02-26,6+12+18,12,503,0.005626375001156703
2025-02-26,6+12+18,18,415,0.004729959000542294
2025-02-27,6+12+18,0,371,0.0032772080012364313
2025-02-27,6+12+18,6,420,0.005474375000630971
2025-02-27,6+12+18,12,393,0.0050493749949964695
2025-02-27,6+12+18,18,405,0.004707291998784058
2025-02-28,6+12+18,0,341,0.0030420000039157458
2025-02-28,6+12+18,6,338,0.005425499999546446
2025-02-28,6+12+18,12,348,0.0045411669998429716
2025-02-28,6+12+18,18,322,0.00445354099792894
2025-03-01,6+12+18,0,364,0.0030866250017425045
2025-03-01,6+12+18,6,369,0.004770874998939689
2025-03-01,6+12+18,12,369,0.004837582993786782
2025-03-01,6+12+18,18,337,0.004725083002995234
2025-03-02,6+12+18,0,375,0.003389167002751492
2025-03-02,6+12+18,6,434,0.005077583002275787
2025-03-02,6+12+18,12,462,0.005444999995233957
2025-03-02,6+12+18,18,415,0.005133541999384761
2025-03-03,6+12+18,0,382,0.0032704999975976534
2025-03-03,6+12+18,6,438,0.005350958002964035
2025-03-03,6+12+18,12,420,0.005362708994653076
2025-03-03,6+12+18,18,413,0.004762791999382898
2025-03-04,6+12+18,0,373,0.003137832994980272
2025-03-04,6+12+18,6,451,0.005667208002705593
2025-03-04,6+12+18,12,401,0.0049234580001211725
2025-03-04,6+12+18,18,414,0.005118791996210348
2025-03-05,6+12+18,0,366,0.0033017919995472766
2025-03-05,6+12+18,6,418,0.005485875000886153
2025-03-05,6+12+18,12,413,0.004805041004146915
2025-03-05,6+12+18,18,414,0.0049477499997010455
2025-03-06,6+12+18,0,373,0.003306124999653548
2025-03-06,6+12+18,6,406,0.004971417001797818
2025-03-06,6+12+18,12,404,0.0048983329979819246
2025-03-06,6+12+18,18,411,0.0053232499994919635
2025-03-07,6+12+18,0,372,0.003075500004342757
2025-03-07,6+12+18,6,353,0.0051192500031902455
2025-03-07,6+12+18,12,330,0.004918582999380305
2025-03-07,6+12+18,18,306,0.0043847920023836195
2025-03-08,6+12+18,0,349,0.002831792000506539
2025-03-08,6+12+18,6,344,0.0048346249968744814
2025-03-08,6+12+18,12,352,0.005023042001994327
2025-03-08,6+12+18,18,335,0.004612042001099326
2025-03-09,6+12+18,0,373,0.0031639590015402064
2025-03-09,6+12+18,6,430,0.005498582999280188
2025-03-09,6+12+18,12,423,0.004943041996739339
2025-03-09,6+12+18,18,455,0.005165167000086512
2025-03-10,6+12+18,0,365,0.0034177919951616786
2025-03-10,6+12+18,6,426,0.005466082999191713
2025-03-10,6+12+18,12,410,0.005022165998525452
2025-03-10,6+12+18,18,434,0.005211374998907559
2025-03-11,6+12+18,0,366,0.002954999996291008
2025-03-11,6+12+18,6,436,0.005437040999822784
2025-03-11,6+12+18,12,413,0.005262917002255563
2025-03-11,6+12+18,18,406,0.005121499998494983
2025-03-12,6+12+18,0,358,0.003013207999174483
2025-03-12,6+12+18,6,421,0.005270833004033193
2025-03-12,6+12+18,12,413,0.005447625000670087
2025-03-12,6+12+18,18,419,0.004809624995687045
2025-03-13,6+12+18,0,381,0.0031674170022597536
2025-03-13,6+12+18,6,421,0.005295582996041048
2025-03-13,6+12+18,12,415,0.0050980830055777915
2025-03-13,6+12+18,18,409,0.004848249998758547
2025-03-14,6+12+18,0,343,0.0028909169996040873
2025-03-14,6+12+18,6,343,0.005209667004237417
2025-03-14,6+12+18,12,315,0.004630000003089663
2025-03-14,6+12+18,18,309,0.004950750000716653
2025-03-15,6+12+18,0,361,0.003147249997709878
2025-03-15,6+12+18,6,367,0.004850166995311156
2025-03-15,6+12+18,12,342,0.004893500001344364
2025-03-15,6+12+18,18,333,0.0049873749958351254
2025-03-16,6+12+18,0,378,0.0032699169969419017
2025-03-16,6+12+18,6,458,0.005568957996729296
2025-03-16,6+12+18,12,415,0.005413334001787007
2025-03-16,6+12+18,18,405,0.004837624997890089
2025-03-17,6+12+18,0,357,0.0030539170038537122
2025-03-17,6+12+18,6,407,0.005260624995571561
2025-03-17,6+12+18,12,428,0.005039666997618042
2025-03-17,6+12+18,18,414,0.005010375003621448
2025-03-18,6+12+18,0,368,0.003155332997266669
2025-03-18,6+12+18,6,426,0.0058075409979210235
2025-03-18,6+12+18,12,397,0.0048942499997792765
2025-03-18,6+12+18,18,403,0.005237292003585026
2025-03-19,6+12+18,0,369,0.0029724999985774048
2025-03-19,6+12+18,6,413,0.004994041999452747
2025-03-19,6+12+18,12,415,0.005296749994158745
2025-03-19,6+12+18,18,417,0.005269583998597227
2025-03-20,6+12+18,0,374,0.003011000000697095
2025-03-20,6+12+18,6,401,0.005326250000507571
2025-03-20,6+12+18,12,417,0.005370708000555169
2025-03-20,6+12+18,18,410,0.004805457996553741
2025-03-21,6+12+18,0,356,0.0028845409979112446
2025-03-21,6+12+18,6,340,0.004710291999799665
2025-03-21,6+12+18,12,309,0.004735832997539546
2025-03-21,6+12+18,18,313,0.004530834004981443
2025-03-22,6+12+18,0,351,0.003052790998481214
2025-03-22,6+12+18,6,365,0.005011875000491273
2025-03-22,6+12+18,12,323,0.0045123750023776665
2025-03-22,6+12+18,18,330,0.0044975000055273995
2025-03-23,6+12+18,0,368,0.003070708000450395
2025-03-23,6+12+18,6,435,0.005354666995117441
2025-03-23,6+12+18,12,465,0.0052785420048167
2025-03-23,6+12+18,18,444,0.00525674999516923
2025-03-24,6+12+18,0,375,0.003208583002560772
2025-03-24,6+12+18,6,427,0.005047958002251107
2025-03-24,6+12+18,12,448,0.005187541995837819
2025-03-24,6+12+18,18,413,0.005271415997412987
2025-03-25,6+12+18,0,373,0.003114749997621402
2025-03-25,6+12+18,6,458,0.005524457999854349
2025-03-25,6+12+18,12,427,0.005011542001739144
2025-03-25,6+12+18,18,427,0.0049074169946834445
2025-03-26,6+12+18,0,368,0.003086083997914102
2025-03-26,6+12+18,6,411,0.005513125004654285
2025-03-26,6+12+18,12,409,0.005180375002964865
2025-03-26,6+12+18,18,437,0.004947250003169756
2025-03-27,6+12+18,0,376,0.0031702499982202426
2025-03-27,6+12+18,6,428,0.005444582995551173
2025-03-27,6+12+18,12,401,0.0050313339961576276
2025-03-27,6+12+18,18,397,0.004959749996487517
2025-03-28,6+12+18,0,344,0.002863917005015537
2025-03-28,6+12+18,6,340,0.004694417002610862
2025-03-28,6+12+18,12,329,0.0044460409990279
2025-03-28,6+12+18,18,308,0.0047416659945156425
2025-03-29,6+12+18,0,333,0.0031387920025736094
2025-03-29,6+12+18,6,350,0.004730707994895056
2025-03-29,6+12+18,12,313,0.004496040994126815
2025-03-29,6+12+18,18,325,0.0048283749929396436
2025-03-30,6+12+18,0,364,0.0030760829977225512
2025-03-30,6+12+18,6,455,0.005397374996391591
2025-03-30,6+12+18,12,503,0.0056030420018942095
2025-03-30,6+12+18,18,450,0.004897749997326173
2025-03-31,6+12+18,0,371,0.0029121669940650463
2025-03-31,6+12+18,6,449,0.005578292002610397
2025-03-31,6+12+18,12,402,0.004811457998584956
2025-03-31,6+12+18,18,412,0.004946249995555263
2025-04-01,6+12+18,0,374,0.003285999999206979
2025-04-01,6+12+18,6,476,0.005586541999946348
2025-04-01,6+12+18,12,442,0.004821875001653098
2025-04-01,6+12+18,18,468,0.005613790999632329
2025-04-02,6+12+18,0,370,0.00316062499769032
2025-04-02,6+12+18,6,507,0.005432042002212256
2025-04-02,6+12+18,12,452,0.005372416002501268
2025-04-02,6+12+18,18,442,0.0051050409965682775
2025-04-03,6+12+18,0,380,0.003011957996932324
2025-04-03,6+12+18,6,452,0.00529787500272505
2025-04-03,6+12+18,12,432,0.005580708006164059
2025-04-03,6+12+18,18,434,0.004777541995281354
2025-04-04,6+12+18,0,334,0.003122333000646904
2025-04-04,6+12+18,6,327,0.004711790999863297
2025-04-04,6+12+18,12,310,0.00460216699866578
2025-04-04,6+12+18,18,313,0.004474583998671733
2025-04-05,6+12+18,0,329,0.0027155839998158626
2025-04-05,6+12+18,6,351,0.00521916699653957
2025-04-05,6+12+18,12,397,0.004883790999883786
2025-04-05,6+12+18,18,324,0.004622375003236812
2025-04-06,6+12+18,0,368,0.0032604580046609044
2025-04-06,6+12+18,6,423,0.0052101659966865554
2025-04-06,6+12+18,12,425,0.005069500002718996
2025-04-06,6+12+18,18,419,0.005212792006204836
2025-04-07,6+12+18,0,365,0.002891375006583985
2025-04-07,6+12+18,6,479,0.005552041999180801
2025-04-07,6+12+18,12,472,0.005229583999607712
2025-04-07,6+12+18,18,415,0.005296249997627456
2025-04-08,6+12+18,0,382,0.0030219160034903325
2025-04-08,6+12+18,6,454,0.005495625002367888
2025-04-08,6+12+18,12,407,0.005052749998867512
2025-04-08,6+12+18,18,439,0.005064666001999285
2025-04-09,6+12+18,0,378,0.0031563339944113977
2025-04-09,6+12+18,6,476,0.0057190000006812625
2025-04-09,6+12+18,12,451,0.0052504170016618446
2025-04-09,6+12+18,18,435,0.004899957995803561
2025-04-10,6+12+18,0,372,0.0034137080001528375
2025-04-10,6+12+18,6,452,0.005428333999589086
2025-04-10,6+12+18,12,422,0.005146666000655387
2025-04-10,6+12+18,18,416,0.004980874997272622
2025-04-11,6+12+18,0,324,0.0028389169965521432
2025-04-11,6+12+18,6,327,0.0046660410007461905
2025-04-11,6+12+18,12,297,0.004599416999553796
2025-04-11,6+12+18,18,307,0.004791540995938703
2025-04-12,6+12+18,0,351,0.0028180840017739683
2025-04-12,6+12+18,6,353,0.004943042004015297
2025-04-12,6+12+18,12,310,0.004655084005207755
2025-04-12,6+12+18,18,340,0.004570749995764345
2025-04-13,6+12+18,0,367,0.002911125004175119
2025-04-13,6+12+18,6,412,0.00530316599906655
2025-04-13,6+12+18,12,427,0.004961749997164588
2025-04-13,6+12+18,18,442,0.005161000000953209
2025-04-14,6+12+18,0,380,0.00301949999993667
2025-04-14,6+12+18,6,456,0.005707832999178208
2025-04-14,6+12+18,12,422,0.004919291997794062
2025-04-14,6+12+18,18,437,0.005204624998441432
2025-04-15,6+12+18,0,363,0.0031715830045868643
2025-04-15,6+12+18,6,441,0.005328833001840394
2025-04-15,6+12+18,12,411,0.004921542000374757
2025-04-15,6+12+18,18,426,0.005270333000225946
2025-04-16,6+12+18,0,371,0.0032111670006997883
2025-04-16,6+12+18,6,471,0.005404042000009213
2025-04-16,6+12+18,12,448,0.005130999998073094
2025-04-16,6+12+18,18,438,0.005044125005952083
2025-04-17,6+12+18,0,368,0.003201542000169866
2025-04-17,6+12+18,6,447,0.005550207999476697
2025-04-17,6+12+18,12,421,0.004933917000016663
2025-04-17,6+12+18,18,414,0.004751000000396743
2025-04-18,6+12+18,0,326,0.003002999997988809
2025-04-18,6+12+18,6,325,0.005395874999521766
2025-04-18,6+12+18,12,297,0.004586874994856771
2025-04-18,6+12+18,18,317,0.004528707999270409
2025-04-19,6+12+18,0,329,0.002925249995314516
2025-04-19,6+12+18,6,342,0.004643667001801077
2025-04-19,6+12+18,12,298,0.004674416995840147
2025-04-19,6+12+18,18,316,0.004613334000168834
2025-04-20,6+12+18,0,363,0.003416083003685344
2025-04-20,6+12+18,6,474,0.005535583994060289
2025-04-20,6+12+18,12,441,0.005090459002531134
2025-04-20,6+12+18,18,425,0.005250250003882684
2025-04-21,6+12+18,0,373,0.0029165000014472753
2025-04-21,6+12+18,6,440,0.005556124997383449
2025-04-21,6+12+18,12,418,0.005204790999414399
2025-04-21,6+12+18,18,431,0.0048366250048275106
2025-04-22,6+12+18,0,355,0.0028805410038330592
2025-04-22,6+12+18,6,479,0.005787000001873821
2025-04-22,6+12+18,12,432,0.005104249998112209
2025-04-22,6+12+18,18,435,0.004833915998460725
2025-04-23,6+12+18,0,353,0.0031782910009496845
2025-04-23,6+12+18,6,484,0.006083540996769443
2025-04-23,6+12+18,12,437,0.004994374998204876
2025-04-23,6+12+18,18,431,0.005085709002742078
2025-04-24,6+12+18,0,358,0.003014665999216959
2025-04-24,6+12+18,6,423,0.005673209001543
2025-04-24,6+12+18,12,429,0.005483916000230238
2025-04-24,6+12+18,18,409,0.004928624999593012
2025-04-25,6+12+18,0,323,0.0027893340011360124
2025-04-25,6+12+18,6,339,0.004956958000548184
2025-04-25,6+12+18,12,294,0.00496812499477528
2025-04-25,6+12+18,18,309,0.004357707999588456
2025-04-26,6+12+18,0,326,0.0026882079982897267
2025-04-26,6+12+18,6,342,0.005211167001107242
2025-04-26,6+12+18,12,307,0.004741040997032542
2025-04-26,6+12+18,18,318,0.004387375003716443
2025-04-27,6+12+18,0,359,0.0029440830039675348
2025-04-27,6+12+18,6,441,0.005701999994926155
2025-04-27,6+12+18,12,411,0.005052749998867512
2025-04-27,6+12+18,18,425,0.005038167000748217
2025-04-28,6+12+18,0,363,0.0034868750008172356
2025-04-28,6+12+18,6,485,0.005616707996523473
2025-04-28,6+12+18,12,405,0.004848208001931198
2025-04-28,6+12+18,18,425,0.0053011250056442805
2025-04-29,6+12+18,0,366,0.0032977919981931336
2025-04-29,6+12+18,6,445,0.0053191670012893155
2025-04-29,6+12+18,12,449,0.005503374995896593
2025-04-29,6+12+18,18,439,0.005098333000205457
2025-04-30,6+12+18,0,361,0.0028661250034929253
2025-04-30,6+12+18,6,421,0.005159874999662861
2025-04-30,6+12+18,12,410,0.005164957998204045
2025-04-30,6+12+18,18,401,0.004650249997212086
2025-05-01,6+12+18,0,361,0.002975000003061723
2025-05-01,6+12+18,6,452,0.005751958000473678
2025-05-01,6+12+18,12,429,0.005046708000008948
2025-05-01,6+12+18,18,417,0.004765457997564226
2025-05-02,6+12+18,0,347,0.0032511669996893033
2025-05-02,6+12+18,6,344,0.005017082999984268
2025-05-02,6+12+18,12,306,0.0045042920028208755
2025-05-02,6+12+18,18,311,0.005039000003307592
2025-05-03,6+12+18,0,340,0.0030408750026253983
2025-05-03,6+12+18,6,351,0.004967166001733858
2025-05-03,6+12+18,12,314,0.004599832995154429
2025-05-03,6+12+18,18,314,0.005058082999312319
2025-05-04,6+12+18,0,375,0.0030775420018471777
2025-05-04,6+12+18,6,471,0.0055515419953735545
2025-05-04,6+12+18,12,420,0.005074207998404745
2025-05-04,6+12+18,18,441,0.00504825000098208
2025-05-05,6+12+18,0,370,0.003072542000154499
2025-05-05,6+12+18,6,413,0.00562487499701092
2025-05-05,6+12+18,12,387,0.0047416660017916
2025-05-05,6+12+18,18,417,0.0047846669986029156
2025-05-06,6+12+18,0,359,0.0028409579972503707
2025-05-06,6+12+18,6,470,0.0060729580000042915
2025-05-06,6+12+18,12,474,0.005197374994168058
2025-05-06,6+12+18,18,426,0.005092416999104898
2025-05-07,6+12+18,0,361,0.0030750000005355105
2025-05-07,6+12+18,6,456,0.005227874993579462
2025-05-07,6+12+18,12,444,0.005192791999434121
2025-05-07,6+12+18,18,422,0.005254916999547277
2025-05-08,6+12+18,0,373,0.003183957996952813
2025-05-08,6+12+18,6,413,0.005218874997808598
2025-05-08,6+12+18,12,433,0.005539333003980573
2025-05-08,6+12+18,18,414,0.00469570799759822
2025-05-09,6+12+18,0,347,0.0028764590024366044
2025-05-09,6+12+18,6,349,0.005618041002890095
2025-05-09,6+12+18,12,313,0.00455970800248906
2025-05-09,6+12+18,18,311,0.004372458002762869
2025-05-10,6+12+18,0,345,0.003068165999138728
2025-05-10,6+12+18,6,363,0.005379582995374221
2025-05-10,6+12+18,12,304,0.004454542002349626
2025-05-10,6+12+18,18,328,0.004520667003816925
2025-05-11,6+12+18,0,375,0.003257208001741674
2025-05-11,6+12+18,6,459,0.0051961249992018566
2025-05-11,6+12+18,12,406,0.004851833997236099
2025-05-11,6+12+18,18,396,0.005250999995041639
2025-05-12,6+12+18,0,369,0.0032263329994748347
2025-05-12,6+12+18,6,443,0.005138624997925945
2025-05-12,6+12+18,12,435,0.005290332999720704
2025-05-12,6+12+18,18,425,0.005032916000345722
2025-05-13,6+12+18,0,373,0.002915915996709373
2025-05-13,6+12+18,6,410,0.0052648749988293275
2025-05-13,6+12+18,12,437,0.0054336660032276995
2025-05-13,6+12+18,18,406,0.004803625000931788
2025-05-14,6+12+18,0,372,0.0029793339999741875
2025-05-14,6+12+18,6,412,0.005672082996170502
2025-05-14,6+12+18,12,320,0.004480417002923787
2025-05-14,6+12+18,18,357,0.004669417001423426
2025-05-15,6+12+18,0,371,0.0032098329975269735
2025-05-15,6+12+18,6,415,0.005296584000461735
2025-05-15,6+12+18,12,365,0.004541000002063811
2025-05-15,6+12+18,18,395,0.0053417909948620945
2025-05-16,6+12+18,0,336,0.0030423339994740672
2025-05-16,6+12+18,6,348,0.004776875000970904
2025-05-16,6+12+18,12,307,0.004499709000810981
2025-05-16,6+12+18,18,308,0.00493458299752092
2025-05-17,6+12+18,0,346,0.0030214170037652366
2025-05-17,6+12+18,6,357,0.004740459000458941
2025-05-17,6+12+18,12,311,0.005165417001990136
2025-05-17,6+12+18,18,321,0.004513707994192373
2025-05-18,6+12+18,0,372,0.0029833750013494864
2025-05-18,6+12+18,6,438,0.005205957997532096
2025-05-18,6+12+18,12,417,0.005547375003516208
2025-05-18,6+12+18,18,412,0.0049805000016931444
2025-05-19,6+12+18,0,366,0.003053500004170928
2025-05-19,6+12+18,6,453,0.005831957998452708
2025-05-19,6+12+18,12,417,0.005150625001988374
2025-05-19,6+12+18,18,425,0.004953416995704174
2025-05-20,6+12+18,0,366,0.003345208999235183
2025-05-20,6+12+18,6,422,0.005330374995537568
2025-05-20,6+12+18,12,336,0.004536334003205411
2025-05-20,6+12+18,18,357,0.004958416997396853
2025-05-21,6+12+18,0,365,0.0031919159955577925
2025-05-21,6+12+18,6,428,0.0053299999999580905
2025-05-21,6+12+18,12,354,0.004728291998617351
2025-05-21,6+12+18,18,342,0.0050976250058738515
2025-05-22,6+12+18,0,359,0.0030471670033875853
2025-05-22,6+12+18,6,414,0.0053623339990735985
2025-05-22,6+12+18,12,333,0.005231957999058068
2025-05-22,6+12+18,18,342,0.0044724580002366565
2025-05-23,6+12+18,0,341,0.002775791996100452
2025-05-23,6+12+18,6,352,0.0052420419960981235
2025-05-23,6+12+18,12,305,0.0048857919973670505
2025-05-23,6+12+18,18,311,0.004435209004441276
2025-05-24,6+12+18,0,332,0.002895791993068997
2025-05-24,6+12+18,6,350,0.005077957997855265
2025-05-24,6+12+18,12,304,0.0045312910006032325
2025-05-24,6+12+18,18,321,0.0044092499956605025
2025-05-25,6+12+18,0,354,0.0029384579975157976
2025-05-25,6+12+18,6,437,0.005571165995206684
2025-05-25,6+12+18,12,478,0.005643040996801574
2025-05-25,6+12+18,18,364,0.005113416998938192
2025-05-26,6+12+18,0,359,0.003178541999659501
2025-05-26,6+12+18,6,410,0.005012917004933115
2025-05-26,6+12+18,12,371,0.004944833002809901
2025-05-26,6+12+18,18,376,0.005348790997231845
2025-05-27,6+12+18,0,358,0.0034124999947380275
2025-05-27,6+12+18,6,442,0.00559087500005262
2025-05-27,6+12+18,12,422,0.0058352090054540895
2025-05-27,6+12+18,18,408,0.004828541997994762
2025-05-28,6+12+18,0,352,0.0030166249998728745
2025-05-28,6+12+18,6,433,0.005642709002131596
2025-05-28,6+12+18,12,365,0.00479833399731433
2025-05-28,6+12+18,18,351,0.00449458399816649
2025-05-29,6+12+18,0,359,0.003277832998719532
2025-05-29,6+12+18,6,473,0.005722583002352621
2025-05-29,6+12+18,12,398,0.004940124999848194
2025-05-29,6+12+18,18,394,0.0053627090019290335
2025-05-30,6+12+18,0,353,0.0028548330010380596
2025-05-30,6+12+18,6,357,0.00515787499898579
2025-05-30,6+12+18,12,308,0.005645249999361113
2025-05-30,6+12+18,18,306,0.005182957997021731
2025-05-31,6+12+18,0,355,0.0029542909978772514
2025-05-31,6+12+18,6,367,0.006017500003508758
2025-05-31,6+12+18,12,331,0.005271499998343643
2025-05-31,6+12+18,18,316,0.004985624997061677
2025-06-01,6+12+18,0,366,0.003203665997716598
2025-06-01,6+12+18,6,458,0.00575020800170023
2025-06-01,6+12+18,12,397,0.0048134999960893765
2025-06-01,6+12+18,18,428,0.005496458004927263
2025-06-02,6+12+18,0,371,0.003344249998917803
2025-06-02,6+12+18,6,467,0.005571000001509674
2025-06-02,6+12+18,12,411,0.005068708000180777
2025-06-02,6+12+18,18,404,0.005319500000041444
2025-06-03,6+12+18,0,351,0.0030547089991159737
2025-06-03,6+12+18,6,496,0.005519416998140514
2025-06-03,6+12+18,12,407,0.005146749994310085
2025-06-03,6+12+18,18,404,0.004656500001146924
2025-06-04,6+12+18,0,371,0.0032547500013606623
2025-06-04,6+12+18,6,434,0.005476875005115289
2025-06-04,6+12+18,12,350,0.0047793339981581084
2025-06-04,6+12+18,18,358,0.005295750001096167
2025-06-05,6+12+18,0,365,0.0035942500035162084
2025-06-05,6+12+18,6,464,0.005787000001873821
2025-06-05,6+12+18,12,355,0.005558083998039365
2025-06-05,6+12+18,18,383,0.00512945800437592
2025-06-06,6+12+18,0,367,0.0032987079976010136
2025-06-06,6+12+18,6,418,0.005076333000033628
2025-06-06,6+12+18,12,318,0.004655624994484242
2025-06-06,6+12+18,18,321,0.0046790000051259995
2025-06-07,6+12+18,0,383,0.0030296659970190376
2025-06-07,6+12+18,6,395,0.005148666998138651
2025-06-07,6+12+18,12,308,0.004760790994623676
2025-06-07,6+12+18,18,326,0.004389792004076298
2025-06-08,6+12+18,0,355,0.0029479579970939085
2025-06-08,6+12+18,6,439,0.005730042001232505
2025-06-08,6+12+18,12,340,0.0047267080008168705
2025-06-08,6+12+18,18,344,0.004942958003084641
2025-06-09,6+12+18,0,352,0.003105125004367437
2025-06-09,6+12+18,6,420,0.0054467500012833625
2025-06-09,6+12+18,12,374,0.005358250004064757
2025-06-09,6+12+18,18,374,0.005087958998046815
2025-06-10,6+12+18,0,363,0.0034757079993141815
2025-06-10,6+12+18,6,429,0.005316624999977648
2025-06-10,6+12+18,12,420,0.005060250005044509
2025-06-10,6+12+18,18,372,0.00528308299544733
2025-06-11,6+12+18,0,364,0.003166041999065783
2025-06-11,6+12+18,6,454,0.005324917001416907
2025-06-11,6+12+18,12,346,0.004853625003306661
2025-06-11,6+12+18,18,367,0.004521875001955777
2025-06-12,6+12+18,0,361,0.0029444169995258562
2025-06-12,6+12+18,6,472,0.005786459005321376
2025-06-12,6+12+18,12,382,0.0049045420018956065
2025-06-12,6+12+18,18,349,0.004641332998289727
2025-06-13,6+12+18,0,371,0.0031207499996526167
2025-06-13,6+12+18,6,403,0.005372042003727984
2025-06-13,6+12+18,12,318,0.004477333997783717
2025-06-13,6+12+18,18,315,0.004685083004005719
2025-06-14,6+12+18,0,374,0.003280500000983011
2025-06-14,6+12+18,6,417,0.005391667000367306
2025-06-14,6+12+18,12,343,0.004488958002184518
2025-06-14,6+12+18,18,337,0.004854416001762729
2025-06-15,6+12+18,0,347,0.0029934159974800423
2025-06-15,6+12+18,6,442,0.0051332500006537884
2025-06-15,6+12+18,12,342,0.004686833002779167
2025-06-15,6+12+18,18,369,0.005071708998002578
2025-06-16,6+12+18,0,362,0.0030071669971221127
2025-06-16,6+12+18,6,458,0.005116541993629653
2025-06-16,6+12+18,12,346,0.005088166995847132
2025-06-16,6+12+18,18,382,0.0047511249940725975
2025-06-17,6+12+18,0,367,0.002998834002937656
2025-06-17,6+12+18,6,457,0.005422665999503806
2025-06-17,6+12+18,12,358,0.004934374999720603
2025-06-17,6+12+18,18,377,0.004843916998652276
2025-06-18,6+12+18,0,358,0.0030765829942538403
2025-06-18,6+12+18,6,467,0.0052563339995685965
2025-06-18,6+12+18,12,354,0.004694541996286716
2025-06-18,6+12+18,18,358,0.004837166998186149
2025-06-19,6+12+18,0,346,0.0030741660011699423
2025-06-19,6+12+18,6,440,0.005565958002989646
2025-06-19,6+12+18,12,380,0.004787292004039045
2025-06-19,6+12+18,18,359,0.004765416000736877
2025-06-20,6+12+18,0,369,0.003027749997272622
2025-06-20,6+12+18,6,421,0.004848875003517605
2025-06-20,6+12+18,12,354,0.004584082998917438
2025-06-20,6+12+18,18,313,0.004842875001486391
2025-06-21,6+12+18,0,369,0.00309279200155288
2025-06-21,6+12+18,6,398,0.005266833999485243
2025-06-21,6+12+18,12,314,0.004737584000395145
2025-06-21,6+12+18,18,339,0.004700666002463549
2025-06-22,6+12+18,0,345,0.002975082999910228
2025-06-22,6+12+18,6,446,0.005463291992782615
2025-06-22,6+12+18,12,351,0.004772583000885788
2025-06-22,6+12+18,18,357,0.004615167003066745
2025-06-23,6+12+18,0,351,0.0029969169991090894
2025-06-23,6+12+18,6,440,0.005445624999993015
2025-06-23,6+12+18,12,334,0.004613750003045425
2025-06-23,6+12+18,18,357,0.004581250002956949
2025-06-24,6+12+18,0,357,0.0030679159972351044
2025-06-24,6+12+18,6,418,0.005172167002456263
2025-06-24,6+12+18,12,323,0.004640125000150874
2025-06-24,6+12+18,18,365,0.004983250000805128
2025-06-25,6+12+18,0,353,0.0031495840012212284
2025-06-25,6+12+18,6,448,0.005305582999426406
2025-06-25,6+12+18,12,348,0.004911249998258427
2025-06-25,6+12+18,18,323,0.00460029199894052
2025-06-26,6+12+18,0,346,0.0030219580003176816
2025-06-26,6+12+18,6,452,0.005252041999483481
2025-06-26,6+12+18,12,333,0.004722667006717529
2025-06-26,6+12+18,18,333,0.004453333000128623
2025-06-27,6+12+18,0,377,0.002897334001318086
2025-06-27,6+12+18,6,403,0.005235374999756459
2025-06-27,6+12+18,12,355,0.005053084001701791
2025-06-27,6+12+18,18,317,0.004462832999706734
2025-06-28,6+12+18,0,375,0.00290895900252508
2025-06-28,6+12+18,6,402,0.005262792001303751
2025-06-28,6+12+18,12,319,0.0045987499979673885
2025-06-28,6+12+18,18,333,0.004400083998916671
2025-06-29,6+12+18,0,349,0.003086541997618042
2025-06-29,6+12+18,6,444,0.005475040998135228
2025-06-29,6+12+18,12,357,0.0045662090051337145
2025-06-29,6+12+18,18,354,0.004640917002689093
2025-06-30,6+12+18,0,358,0.003328124999825377
2025-06-30,6+12+18,6,426,0.00505120799789438
2025-06-30,6+12+18,12,339,0.004627124995749909
2025-06-30,6+12+18,18,337,0.004781874995387625
2025-07-01,6+12+18,0,348,0.0035269579966552556
2025-07-01,6+12+18,6,447,0.005342249998648185
2025-07-01,6+12+18,12,367,0.004897625003650319
2025-07-01,6+12+18,18,343,0.004777750000357628
2025-07-02,6+12+18,0,348,0.0029895830011810176
2025-07-02,6+12+18,6,447,0.006301833003817592
2025-07-02,6+12+18,12,372,0.004980833000445273
2025-07-02,6+12+18,18,361,0.005036750000726897
2025-07-03,6+12+18,0,349,0.003050125000299886
2025-07-03,6+12+18,6,472,0.0058981250040233135
2025-07-03,6+12+18,12,364,0.004894333003903739
2025-07-03,6+12+18,18,363,0.004777249996550381
2025-07-04,6+12+18,0,359,0.0030125409975880757
2025-07-04,6+12+18,6,449,0.005352791995392181
2025-07-04,6+12+18,12,317,0.005215208002482541
2025-07-04,6+12+18,18,324,0.004838208005821798
2025-07-05,6+12+18,0,350,0.0028125840035500005
2025-07-05,6+12+18,6,439,0.004987917003745679
2025-07-05,6+12+18,12,324,0.004947415996866766
2025-07-05,6+12+18,18,340,0.004680958001699764
2025-07-06,6+12+18,0,349,0.0031041670008562505
2025-07-06,6+12+18,6,435,0.005826083004649263
2025-07-06,6+12+18,12,350,0.005120916997839231
2025-07-06,6+12+18,18,347,0.00463691700133495
2025-07-07,6+12+18,0,334,0.0033488340050098486
2025-07-07,6+12+18,6,403,0.0056058749978546984
2025-07-07,6+12+18,12,346,0.004834375002246816
2025-07-07,6+12+18,18,336,0.004504459000600036
2025-07-08,6+12+18,0,351,0.00289145800343249
2025-07-08,6+12+18,6,404,0.00556450000294717
2025-07-08,6+12+18,12,355,0.004848750002565794
2025-07-08,6+12+18,18,344,0.0051816250052070245
2025-07-09,6+12+18,0,350,0.003026667000085581
2025-07-09,6+12+18,6,425,0.0052293330008978955
2025-07-09,6+12+18,12,357,0.004746708000311628
2025-07-09,6+12+18,18,352,0.005051749998528976
2025-07-10,6+12+18,0,341,0.002872584002034273
2025-07-10,6+12+18,6,419,0.005408999997598585
2025-07-10,6+12+18,12,372,0.004960999998729676
2025-07-10,6+12+18,18,358,0.004866583003604319
2025-07-11,6+12+18,0,361,0.0028634999980567954
2025-07-11,6+12+18,6,408,0.0053875419980613515
2025-07-11,6+12+18,12,318,0.005241165999905206
2025-07-11,6+12+18,18,333,0.004562875001283828
2025-07-12,6+12+18,0,343,0.003077458000916522
2025-07-12,6+12+18,6,438,0.005309542000759393
2025-07-12,6+12+18,12,317,0.005163916997844353
2025-07-12,6+12+18,18,325,0.004549708995909896
2025-07-13,6+12+18,0,345,0.0028957499962416478
2025-07-13,6+12+18,6,424,0.005335957997885998
2025-07-13,6+12+18,12,377,0.005165624999790452
2025-07-13,6+12+18,18,379,0.004901624997728504
2025-07-14,6+12+18,0,340,0.003263499995227903
2025-07-14,6+12+18,6,386,0.005292583999107592
2025-07-14,6+12+18,12,337,0.004593207995640114
2025-07-14,6+12+18,18,342,0.0050160839964519255
2025-07-15,6+12+18,0,326,0.0028653749977820553
2025-07-15,6+12+18,6,371,0.005188542003452312
2025-07-15,6+12+18,12,317,0.004772833002789412
2025-07-15,6+12+18,18,329,0.004450499996892177
2025-07-16,6+12+18,0,328,0.0027687499969033524
2025-07-16,6+12+18,6,387,0.0052097499938099645
2025-07-16,6+12+18,12,344,0.004978625001967885
2025-07-16,6+12+18,18,335,0.004816874999960419
2025-07-17,6+12+18,0,345,0.0030548329959856346
2025-07-17,6+12+18,6,406,0.005497291997016873
2025-07-17,6+12+18,12,354,0.004768416001752485
2025-07-17,6+12+18,18,339,0.00503299999400042
2025-07-18,6+12+18,0,357,0.0033763340034056455
2025-07-18,6+12+18,6,391,0.005141458997968584
2025-07-18,6+12+18,12,334,0.0045731669961242005
2025-07-18,6+12+18,18,326,0.004728916006570216
2025-07-19,6+12+18,0,359,0.0030614580027759075
2025-07-19,6+12+18,6,373,0.004977207994670607
2025-07-19,6+12+18,12,335,0.00475008300418267
2025-07-19,6+12+18,18,330,0.0050618329987628385
2025-07-20,6+12+18,0,333,0.003014249996340368
2025-07-20,6+12+18,6,408,0.005521541999769397
2025-07-20,6+12+18,12,335,0.005298374999256339
2025-07-20,6+12+18,18,345,0.004484832999878563
2025-07-21,6+12+18,0,338,0.002815542000462301
2025-07-21,6+12+18,6,343,0.005029499996453524
2025-07-21,6+12+18,12,323,0.005141583998920396
2025-07-21,6+12+18,18,308,0.00464720900345128
2025-07-22,6+12+18,0,308,0.003031541004020255
2025-07-22,6+12+18,6,392,0.005428208001831081
2025-07-22,6+12+18,12,313,0.005372624997107778
2025-07-22,6+12+18,18,301,0.0053272079967428
2025-07-23,6+12+18,0,313,0.003223542000341695
2025-07-23,6+12+18,6,369,0.004900457999610808
2025-07-23,6+12+18,12,307,0.0052841659999103285
2025-07-23,6+12+18,18,332,0.005298374999256339
2025-07-24,6+12+18,0,317,0.0029596249951282516
2025-07-24,6+12+18,6,374,0.004849208002269734
2025-07-24,6+12+18,12,330,0.004877249994024169
2025-07-24,6+12+18,18,345,0.004632791999028996
2025-07-25,6+12+18,0,333,0.0028087089958717115
2025-07-25,6+12+18,6,396,0.0051989579951623455
2025-07-25,6+12+18,12,336,0.005017082999984268
2025-07-25,6+12+18,18,327,0.0047042919977684505
2025-07-26,6+12+18,0,353,0.002995374998135958
2025-07-26,6+12+18,6,389,0.0049877919955179095
2025-07-26,6+12+18,12,341,0.004851666999456938
2025-07-26,6+12+18,18,328,0.004873375000897795
2025-07-27,6+12+18,0,322,0.0028076669987058267
2025-07-27,6+12+18,6,385,0.005564749997574836
2025-07-27,6+12+18,12,335,0.004826666998269502
2025-07-27,6+12+18,18,320,0.004511667000770103
2025-07-28,6+12+18,0,320,0.0032253750032396056
2025-07-28,6+12+18,6,387,0.004966749998857267
2025-07-28,6+12+18,12,312,0.004924042004859075
2025-07-28,6+12+18,18,316,0.0046709589951206
2025-07-29,6+12+18,0,297,0.0029367909955908544
2025-07-29,6+12+18,6,402,0.004836125001020264
2025-07-29,6+12+18,12,304,0.004555958999844734
2025-07-29,6+12+18,18,300,0.004751375003252178
2025-07-30,6+12+18,0,307,0.0030228750038077123
2025-07-30,6+12+18,6,401,0.005127999997057486
2025-07-30,6+12+18,12,325,0.004914457997074351
2025-07-30,6+12+18,18,327,0.004911083997285459
2025-07-31,6+12+18,0,312,0.0034165839970228262
2025-07-31,6+12+18,6,399,0.005808832996990532
2025-07-31,6+12+18,12,330,0.004640166996978223
2025-07-31,6+12+18,18,331,0.005378750000090804
2025-08-01,6+12+18,0,334,0.0031100830019568093
2025-08-01,6+12+18,6,383,0.005588166000961792
2025-08-01,6+12+18,12,333,0.004627207999874372
2025-08-01,6+12+18,18,315,0.004332083000917919
2025-08-02,6+12+18,0,353,0.003209666996554006
2025-08-02,6+12+18,6,386,0.0050021249990095384
2025-08-02,6+12+18,12,337,0.004698709002695978
2025-08-02,6+12+18,18,322,0.004732749999675434
2025-08-03,6+12+18,0,328,0.002710000000661239
2025-08-03,6+12+18,6,411,0.004941541999869514
2025-08-03,6+12+18,12,298,0.004554332997940946
2025-08-03,6+12+18,18,306,0.004869625001447275
2025-08-04,6+12+18,0,331,0.0031108330003917217
2025-08-04,6+12+18,6,382,0.0050280840005143546
2025-08-04,6+12+18,12,295,0.005081916999188252
2025-08-04,6+12+18,18,318,0.004555291998258326
2025-08-05,6+12+18,0,335,0.0030659999974886887
2025-08-05,6+12+18,6,390,0.005368417005229276
2025-08-05,6+12+18,12,313,0.005519208003534004
2025-08-05,6+12+18,18,313,0.004504207994614262
2025-08-06,6+12+18,0,329,0.003003750003699679
2025-08-06,6+12+18,6,382,0.005408542005170602
2025-08-06,6+12+18,12,298,0.004773958004079759
2025-08-06,6+12+18,18,307,0.004449874999409076
2025-08-07,6+12+18,0,335,0.003125499999441672
2025-08-07,6+12+18,6,388,0.00494345799961593
2025-08-07,6+12+18,12,315,0.004593917001329828
2025-08-07,6+12+18,18,320,0.0048507079991395585
2025-08-08,6+12+18,0,338,0.002946625005279202
2025-08-08,6+12+18,6,355,0.00467745799687691
2025-08-08,6+12+18,12,315,0.004570624994812533
2025-08-08,6+12+18,18,313,0.0049409580024075694
2025-08-09,6+12+18,0,341,0.0028433749976102263
2025-08-09,6+12+18,6,349,0.00495516700175358
2025-08-09,6+12+18,12,318,0.005032458997447975
2025-08-09,6+12+18,18,314,0.004552209000394214
2025-08-10,6+12+18,0,331,0.0028194170008646324
2025-08-10,6+12+18,6,374,0.004935042001307011
2025-08-10,6+12+18,12,297,0.0047517089988105
2025-08-10,6+12+18,18,318,0.004440333003003616
2025-08-11,6+12+18,0,337,0.003131334000499919
2025-08-11,6+12+18,6,405,0.005351250001695007
2025-08-11,6+12+18,12,321,0.004690999994636513
2025-08-11,6+12+18,18,311,0.004394415998831391
2025-08-12,6+12+18,0,338,0.003212333998817485
2025-08-12,6+12+18,6,395,0.0057080840051639825
2025-08-12,6+12+18,12,325,0.004535749998467509
2025-08-12,6+12+18,18,310,0.0043825410029967315
2025-08-13,6+12+18,0,335,0.003235083000618033
2025-08-13,6+12+18,6,389,0.0051443340053083375
2025-08-13,6+12+18,12,326,0.004650458999094553
2025-08-13,6+12+18,18,309,0.004787333004060201
2025-08-14,6+12+18,0,335,0.0027932500015594997
2025-08-14,6+12+18,6,386,0.004861166999035049
2025-08-14,6+12+18,12,299,0.004628124996088445
2025-08-14,6+12+18,18,319,0.004907999995339196
2025-08-15,6+12+18,0,377,0.0028645410056924447
2025-08-15,6+12+18,6,368,0.004891249998763669
2025-08-15,6+12+18,12,320,0.005003541002224665
2025-08-15,6+12+18,18,313,0.004298624997318257
2025-08-16,6+12+18,0,362,0.0032107909937622026
2025-08-16,6+12+18,6,360,0.005211208001128398
2025-08-16,6+12+18,12,323,0.004759291994560044
2025-08-16,6+12+18,18,321,0.004861832996539306
2025-08-17,6+12+18,0,345,0.0029502499965019524
2025-08-17,6+12+18,6,382,0.004945166998368222
2025-08-17,6+12+18,12,303,0.0051557909973780625
2025-08-17,6+12+18,18,321,0.004568333002680447
2025-08-18,6+12+18,0,336,0.0031699589962954633
2025-08-18,6+12+18,6,396,0.005430832999991253
2025-08-18,6+12+18,12,297,0.004547124997770879
2025-08-18,6+12+18,18,320,0.005255333002423868
2025-08-19,6+12+18,0,340,0.0032658749987604097
2025-08-19,6+12+18,6,392,0.005198124999878928
2025-08-19,6+12+18,12,328,0.004647708003176376
2025-08-19,6+12+18,18,317,0.004892375000054017
2025-08-20,6+12+18,0,345,0.002991708002809901
2025-08-20,6+12+18,6,389,0.005339499999536201
2025-08-20,6+12+18,12,304,0.005458500003442168
2025-08-20,6+12+18,18,316,0.004478833005123306
2025-08-21,6+12+18,0,341,0.0028979999988223426
2025-08-21,6+12+18,6,385,0.005480916996020824
2025-08-21,6+12+18,12,307,0.004823916999157518
2025-08-21,6+12+18,18,315,0.0046058340012677945
2025-08-22,6+12+18,0,356,0.002807000004395377
2025-08-22,6+12+18,6,362,0.0054392499951063655
2025-08-22,6+12+18,12,319,0.0045083750010235235
2025-08-22,6+12+18,18,310,0.004631416995835025
2025-08-23,6+12+18,0,348,0.0030974589972174726
2025-08-23,6+12+18,6,359,0.005235415999777615
2025-08-23,6+12+18,12,331,0.0048124590030056424
2025-08-23,6+12+18,18,320,0.004635457997210324
2025-08-24,6+12+18,0,331,0.003219375001208391
2025-08-24,6+12+18,6,369,0.004942583000229206
2025-08-24,6+12+18,12,342,0.004588999996485654
2025-08-24,6+12+18,18,314,0.00501741699554259
2025-08-25,6+12+18,0,354,0.003275666997069493
2025-08-25,6+12+18,6,383,0.005340541996702086
2025-08-25,6+12+18,12,310,0.004958541001542471
2025-08-25,6+12+18,18,313,0.004390999994939193
2025-08-26,6+12+18,0,329,0.002887083996029105
2025-08-26,6+12+18,6,384,0.005275208000966813
2025-08-26,6+12+18,12,319,0.004554625003947876
2025-08-26,6+12+18,18,330,0.0044095420016674325
2025-08-27,6+12+18,0,341,0.00312100000155624
2025-08-27,6+12+18,6,403,0.0054675419960403815
2025-08-27,6+12+18,12,306,0.004614834004314616
2025-08-27,6+12+18,18,305,0.004590500000631437
2025-08-28,6+12+18,0,335,0.0032332499977201223
2025-08-28,6+12+18,6,406,0.005780874998890795
2025-08-28,6+12+18,12,324,0.004793041000084486
2025-08-28,6+12+18,18,318,0.004594791003910359
2025-08-29,6+12+18,0,360,0.0029752090049441904
2025-08-29,6+12+18,6,370,0.005612875000224449
2025-08-29,6+12+18,12,323,0.010590249999950174
2025-08-29,6+12+18,18,311,0.010266834004141856
2025-08-30,6+12+18,0,359,0.006078708000131883
2025-08-30,6+12+18,6,370,0.009654458001023158
2025-08-30,6+12+18,12,317,0.007089250000717584
2025-08-30,6+12+18,18,315,0.007122582996089477
2025-08-31,6+12+18,0,334,0.00300250000145752
2025-08-31,6+12+18,6,381,0.004937124998832587
2025-08-31,6+12+18,12,304,0.004661209000914823
2025-08-31,6+12+18,18,317,0.005108249999466352
2025-09-01,6+12+18,0,336,0.002926958004536573
2025-09-01,6+12+18,6,383,0.004828499993891455
2025-09-01,6+12+18,12,299,0.004525750002358109
2025-09-01,6+12+18,18,327,0.004352374999143649
2025-09-02,6+12+18,0,345,0.0028849590016761795
2025-09-02,6+12+18,6,409,0.005340707997675054
2025-09-02,6+12+18,12,310,0.004893624995020218
2025-09-02,6+12+18,18,319,0.004520791997492779
2025-09-03,6+12+18,0,335,0.0029357500025071204
2025-09-03,6+12+18,6,377,0.0053116249982849695
2025-09-03,6+12+18,12,321,0.00449487500009127
2025-09-03,6+12+18,18,323,0.004437624993443023
2025-09-04,6+12+18,0,333,0.0028544579981826246
2025-09-04,6+12+18,6,376,0.005311417000484653
2025-09-04,6+12+18,12,306,0.004677791999711189
2025-09-04,6+12+18,18,312,0.004520458998740651
2025-09-05,6+12+18,0,332,0.00302045900025405
2025-09-05,6+12+18,6,356,0.0048290830018231645
2025-09-05,6+12+18,12,313,0.004536000000371132
2025-09-05,6+12+18,18,309,0.004607041999406647
2025-09-06,6+12+18,0,339,0.002930208000179846
2025-09-06,6+12+18,6,361,0.0046355000013136305
2025-09-06,6+12+18,12,312,0.004914666002150625
2025-09-06,6+12+18,18,319,0.004676458003814332
2025-09-07,6+12+18,0,333,0.002805666998028755
2025-09-07,6+12+18,6,396,0.004963249994034413
2025-09-07,6+12+18,12,305,0.004669791997002903
2025-09-07,6+12+18,18,326,0.004469708997930866
2025-09-08,6+12+18,0,342,0.0028562079969560727
2025-09-08,6+12+18,6,402,0.004942833002132829
2025-09-08,6+12+18,12,326,0.004626499998266809
2025-09-08,6+12+18,18,338,0.004267124997568317
2025-09-09,6+12+18,0,325,0.003020750002178829
2025-09-09,6+12+18,6,401,0.0054638340006931685
2025-09-09,6+12+18,12,320,0.004976874995918479
2025-09-09,6+12+18,18,346,0.004694416995334905
2025-09-10,6+12+18,0,341,0.00341399999888381
2025-09-10,6+12+18,6,392,0.005315874994266778
2025-09-10,6+12+18,12,344,0.0045650839965674095
2025-09-10,6+12+18,18,331,0.004406332998769358
2025-09-11,6+12+18,0,335,0.003765500005101785
2025-09-11,6+12+18,6,393,0.0049648339991108514
2025-09-11,6+12+18,12,308,0.0045127909979783
2025-09-11,6+12+18,18,327,0.004635332996258512
2025-09-12,6+12+18,0,338,0.0029569580001407303
2025-09-12,6+12+18,6,361,0.00477429099555593
2025-09-12,6+12+18,12,332,0.0047047080006450415
2025-09-12,6+12+18,18,311,0.004621084000973497
2025-09-13,6+12+18,0,339,0.0028291670023463666
2025-09-13,6+12+18,6,352,0.004679833000409417
2025-09-13,6+12+18,12,317,0.0048426249995827675
2025-09-13,6+12+18,18,334,0.004620208004780579
2025-09-14,6+12+18,0,342,0.0028705830045510083
2025-09-14,6+12+18,6,405,0.005051000000094064
2025-09-14,6+12+18,12,331,0.004940375001751818
2025-09-14,6+12+18,18,347,0.004429416992934421
2025-09-15,6+12+18,0,337,0.002977167001517955
2025-09-15,6+12+18,6,395,0.005280167002638336
2025-09-15,6+12+18,12,342,0.004832042002817616
2025-09-15,6+12+18,18,372,0.00458624999737367
2025-09-16,6+12+18,0,361,0.003049624996492639
2025-09-16,6+12+18,6,401,0.005120916997839231
2025-09-16,6+12+18,12,379,0.005336457994417287
2025-09-16,6+12+18,18,388,0.005029250001825858
2025-09-17,6+12+18,0,353,0.0030973750035627745
2025-09-17,6+12+18,6,411,0.004787917001522146
2025-09-17,6+12+18,12,395,0.0047599579993402585
2025-09-17,6+12+18,18,359,0.004916500001854729
2025-09-18,6+12+18,0,356,0.0030414169959840365
2025-09-18,6+12+18,6,408,0.00531937500636559
2025-09-18,6+12+18,12,341,0.004766541002027225
2025-09-18,6+12+18,18,343,0.004903124994598329
2025-09-19,6+12+18,0,347,0.0029142909988877364
2025-09-19,6+12+18,6,367,0.004816207998374011
2025-09-19,6+12+18,12,316,0.004915124998660758
2025-09-19,6+12+18,18,317,0.004318667000916321
2025-09-20,6+12+18,0,345,0.0030960000003688037
2025-09-20,6+12+18,6,372,0.005112791994179133
2025-09-20,6+12+18,12,330,0.004855792001762893
2025-09-20,6+12+18,18,326,0.0044382920023053885
2025-09-21,6+12+18,0,361,0.0031510419939877465
2025-09-21,6+12+18,6,429,0.00558733399520861
2025-09-21,6+12+18,12,383,0.004941916005918756
2025-09-21,6+12+18,18,392,0.004893666999123525
2025-09-22,6+12+18,0,361,0.0033927920012502
2025-09-22,6+12+18,6,420,0.004883333000179846
2025-09-22,6+12+18,12,415,0.0051539589985623024
2025-09-22,6+12+18,18,429,0.004978333003236912
2025-09-23,6+12+18,0,365,0.002981874997203704
2025-09-23,6+12+18,6,401,0.004866790994128678
2025-09-23,6+12+18,12,403,0.005014874994230922
2025-09-23,6+12+18,18,416,0.005115083004056942
2025-09-24,6+12+18,0,352,0.002905957997427322
2025-09-24,6+12+18,6,477,0.005702458998712245
2025-09-24,6+12+18,12,467,0.0055617090038140304
2025-09-24,6+12+18,18,456,0.005031249995226972
2025-09-25,6+12+18,0,371,0.0031307079989346676
2025-09-25,6+12+18,6,443,0.005585625003732275
2025-09-25,6+12+18,12,462,0.005651874998875428
2025-09-25,6+12+18,18,413,0.0049094580026576295
2025-09-26,6+12+18,0,369,0.0031387499984703027
2025-09-26,6+12+18,6,352,0.004984083003364503
2025-09-26,6+12+18,12,332,0.0047299169964389876
2025-09-26,6+12+18,18,319,0.004535083004157059
2025-09-27,6+12+18,0,341,0.0031217089999699965
2025-09-27,6+12+18,6,367,0.0048897919987211935
2025-09-27,6+12+18,12,361,0.004797415997018106
2025-09-27,6+12+18,18,350,0.004869582997343969
2025-09-28,6+12+18,0,372,0.003036665999388788
2025-09-28,6+12+18,6,456,0.005388249999668915
2025-09-28,6+12+18,12,450,0.005355291999876499
2025-09-28,6+12+18,18,415,0.004983957995136734
2025-09-29,6+12+18,0,368,0.003225415995984804
2025-09-29,6+12+18,6,444,0.005564875005802605
2025-09-29,6+12+18,12,436,0.004955791999236681
2025-09-29,6+12+18,18,438,0.004929167000227608
2025-09-30,6+12+18,0,368,0.0030007500026840717
2025-09-30,6+12+18,6,472,0.0058285420018364675
2025-09-30,6+12+18,12,446,0.00522270800138358
2025-09-30,6+12+18,18,442,0.005113499995786697
2025-10-01,6+12+18,0,370,0.0031028749945107847
2025-10-01,6+12+18,6,430,0.005222958003287204
2025-10-01,6+12+18,12,405,0.005329749998054467
2025-10-01,6+12+18,18,423,0.005396624997956678
2025-10-02,6+12+18,0,353,0.0030640830009360798
2025-10-02,6+12+18,6,430,0.005164208996575326
2025-10-02,6+12+18,12,429,0.0050798329975805245
2025-10-02,6+12+18,18,455,0.004809083002328407
2025-10-03,6+12+18,0,339,0.002838874999724794
2025-10-03,6+12+18,6,338,0.004928875001496635
2025-10-03,6+12+18,12,317,0.004438916002982296
2025-10-03,6+12+18,18,317,0.00437262500054203
2025-10-04,6+12+18,0,370,0.00328316700324649
2025-10-04,6+12+18,6,383,0.005440957997052465
2025-10-04,6+12+18,12,399,0.004710166998847853
2025-10-04,6+12+18,18,339,0.004513499996392056
2025-10-05,6+12+18,0,373,0.0033967499985010363
2025-10-05,6+12+18,6,468,0.005588874999375548
2025-10-05,6+12+18,12,453,0.005078583999420516
2025-10-05,6+12+18,18,449,0.005302625002514105
2025-10-06,6+12+18,0,355,0.00299845799600007
2025-10-06,6+12+18,6,484,0.005400125002779532
2025-10-06,6+12+18,12,452,0.005295209004543722
2025-10-06,6+12+18,18,413,0.005147333002241794
2025-10-07,6+12+18,0,372,0.0032883749954635277
2025-10-07,6+12+18,6,441,0.005591166998783592
2025-10-07,6+12+18,12,431,0.00531391600088682
2025-10-07,6+12+18,18,397,0.004870874996413477
2025-10-08,6+12+18,0,369,0.003183499997248873
2025-10-08,6+12+18,6,461,0.005790167000668589
2025-10-08,6+12+18,12,451,0.005060374998720363
2025-10-08,6+12+18,18,427,0.005092541003250517
2025-10-09,6+12+18,0,358,0.0031293330030166544
2025-10-09,6+12+18,6,439,0.005220999999437481
2025-10-09,6+12+18,12,432,0.005079417001979891
2025-10-09,6+12+18,18,403,0.004923874999803957
2025-10-10,6+12+18,0,352,0.0030935419999877922
2025-10-10,6+12+18,6,343,0.00472208399878582
2025-10-10,6+12+18,12,333,0.0048601669986965135
2025-10-10,6+12+18,18,318,0.0048166669948841445
2025-10-11,6+12+18,0,357,0.002930958005890716
2025-10-11,6+12+18,6,361,0.004809124999155756
2025-10-11,6+12+18,12,379,0.004886334005277604
2025-10-11,6+12+18,18,340,0.004529584002739284
2025-10-12,6+12+18,0,374,0.00297820899868384
2025-10-12,6+12+18,6,451,0.00557991600362584
2025-10-12,6+12+18,12,414,0.005141417001141235
2025-10-12,6+12+18,18,418,0.005149332995642908
2025-10-13,6+12+18,0,367,0.0030980829978943802
2025-10-13,6+12+18,6,421,0.005764959001680836
2025-10-13,6+12+18,12,401,0.004829792000236921
2025-10-13,6+12+18,18,425,0.004822374998184387
2025-10-14,6+12+18,0,373,0.0030588330046157353
2025-10-14,6+12+18,6,452,0.005281249999825377
2025-10-14,6+12+18,12,442,0.005079499998828396
2025-10-14,6+12+18,18,481,0.005203125001571607
2025-10-15,6+12+18,0,375,0.003241624996007886
2025-10-15,6+12+18,6,464,0.005640209004923236
2025-10-15,6+12+18,12,449,0.005571042005612981
2025-10-15,6+12+18,18,414,0.004818166002223734
2025-10-16,6+12+18,0,371,0.0030664169971714728
2025-10-16,6+12+18,6,468,0.005666124998242594
2025-10-16,6+12+18,12,447,0.004947957997501362
2025-10-16,6+12+18,18,429,0.004949041998770554
2025-10-17,6+12+18,0,332,0.0029060419983579777
2025-10-17,6+12+18,6,342,0.004594583995640278
2025-10-17,6+12+18,12,327,0.004647791996831074
2025-10-17,6+12+18,18,321,0.004717625000921544
2025-10-18,6+12+18,0,369,0.0032425419994979165
2025-10-18,6+12+18,6,371,0.00494487499963725
2025-10-18,6+12+18,12,409,0.005046291997132357
2025-10-18,6+12+18,18,359,0.004960624995874241
2025-10-19,6+12+18,0,372,0.0030931249930290505
2025-10-19,6+12+18,6,460,0.005356875000870787
2025-10-19,6+12+18,12,404,0.00522054099565139
2025-10-19,6+12+18,18,426,0.004875749997154344
2025-10-20,6+12+18,0,364,0.003150791999360081
2025-10-20,6+12+18,6,443,0.005183374996704515
2025-10-20,6+12+18,12,473,0.005585874998359941
2025-10-20,6+12+18,18,425,0.005040584001108073
2025-10-21,6+12+18,0,374,0.0031462920014746487
2025-10-21,6+12+18,6,485,0.005685500000254251
2025-10-21,6+12+18,12,464,0.005054041001130827
2025-10-21,6+12+18,18,431,0.005055582994828001
2025-10-22,6+12+18,0,365,0.00351250000676373
2025-10-22,6+12+18,6,475,0.0055263749964069575
2025-10-22,6+12+18,12,460,0.00514241599739762
2025-10-22,6+12+18,18,448,0.005318916999385692
2025-10-23,6+12+18,0,374,0.00325491600233363
2025-10-23,6+12+18,6,466,0.005564833001699299
2025-10-23,6+12+18,12,416,0.0049724589989637025
2025-10-23,6+12+18,18,443,0.005022875004215166
2025-10-24,6+12+18,0,353,0.0031589999998686835
2025-10-24,6+12+18,6,353,0.0048645420029060915
2025-10-24,6+12+18,12,346,0.005071958003100008
2025-10-24,6+12+18,18,312,0.0044427500033634715
2025-10-25,6+12+18,0,370,0.003045208999537863
2025-10-25,6+12+18,6,379,0.0051687090017367154
2025-10-25,6+12+18,12,382,0.004817084001842886
2025-10-25,6+12+18,18,362,0.004600874999596272
2025-10-26,6+12+18,0,367,0.002951750000647735
2025-10-26,6+12+18,6,474,0.006120292004197836
2025-10-26,6+12+18,12,450,0.005090999999083579
2025-10-26,6+12+18,18,451,0.005047042002843227
2025-10-27,6+12+18,0,364,0.003264041995862499
2025-10-27,6+12+18,6,492,0.005574916998739354
2025-10-27,6+12+18,12,470,0.005245042004389688
2025-10-27,6+12+18,18,458,0.005031542001233902
2025-10-28,6+12+18,0,367,0.002934749994892627
2025-10-28,6+12+18,6,498,0.005578541997238062
2025-10-28,6+12+18,12,469,0.005851333000464365
2025-10-28,6+12+18,18,483,0.0052073330007260665
2025-10-29,6+12+18,0,364,0.0032902499951887876
2025-10-29,6+12+18,6,431,0.005374917003791779
2025-10-29,6+12+18,12,467,0.005389999998442363
2025-10-29,6+12+18,18,472,0.005313416993885767
2025-10-30,6+12+18,0,367,0.0030215829974622466
2025-10-30,6+12+18,6,439,0.005379541995353065
2025-10-30,6+12+18,12,425,0.004953999996359926
2025-10-30,6+12+18,18,412,0.0050567920043249615
2025-10-31,6+12+18,0,382,0.003258999997342471
2025-10-31,6+12+18,6,363,0.004817250002815854
2025-10-31,6+12+18,12,363,0.004760207993967924
2025-10-31,6+12+18,18,317,0.004616042002453469
2025-11-01,6+12+18,0,370,0.0029600829948321916
2025-11-01,6+12+18,6,374,0.0048075410013552755
2025-11-01,6+12+18,12,381,0.004904875000647735
2025-11-01,6+12+18,18,374,0.005050459003541619
2025-11-02,6+12+18,0,371,0.0030412499982048757
2025-11-02,6+12+18,6,502,0.005681292001099791
2025-11-02,6+12+18,12,446,0.0049256670026807114
2025-11-02,6+12+18,18,460,0.004963832994690165
2025-11-03,6+12+18,0,368,0.003124666000076104
2025-11-03,6+12+18,6,489,0.005802708001283463
2025-11-03,6+12+18,12,462,0.0052753329946426675
2025-11-03,6+12+18,18,476,0.005248832996585406
2025-11-04,6+12+18,0,360,0.003199165999831166
2025-11-04,6+12+18,6,503,0.005394500003603753
2025-11-04,6+12+18,12,429,0.0050290829967707396
2025-11-04,6+12+18,18,517,0.00645612499647541
2025-11-05,6+12+18,0,365,0.0031863749973126687
2025-11-05,6+12+18,6,481,0.005583291997027118
2025-11-05,6+12+18,12,528,0.0065631659963401034
2025-11-05,6+12+18,18,472,0.005082625000795815
2025-11-06,6+12+18,0,363,0.0033269170016865246
2025-11-06,6+12+18,6,523,0.005802208004752174
2025-11-06,6+12+18,12,455,0.005196291000174824
2025-11-06,6+12+18,18,432,0.005055999994510785
2025-11-07,6+12+18,0,376,0.0031700410036137328
2025-11-07,6+12+18,6,396,0.004947458000970073
2025-11-07,6+12+18,12,375,0.00498404199606739
2025-11-07,6+12+18,18,326,0.004846207993978169
2025-11-08,6+12+18,0,364,0.0029928750009275973
2025-11-08,6+12+18,6,381,0.004814457999600563
2025-11-08,6+12+18,12,417,0.0052938329972676
2025-11-08,6+12+18,18,402,0.004743500001495704
2025-11-09,6+12+18,0,367,0.0031662080000387505
2025-11-09,6+12+18,6,480,0.0054390840014093556
2025-11-09,6+12+18,12,524,0.006110292000812478
2025-11-09,6+12+18,18,542,0.006372625000949483
2025-11-10,6+12+18,0,355,0.003312250002636574
2025-11-10,6+12+18,6,511,0.0061799589966540225
2025-11-10,6+12+18,12,442,0.005165875001694076
2025-11-10,6+12+18,18,468,0.005214875003730413
2025-11-11,6+12+18,0,369,0.003192500000295695
2025-11-11,6+12+18,6,450,0.005186875001527369
2025-11-11,6+12+18,12,515,0.0061316249993979
2025-11-11,6+12+18,18,495,0.005525291999219917
2025-11-12,6+12+18,0,369,0.003320792005979456
2025-11-12,6+12+18,6,485,0.005426042000181042
2025-11-12,6+12+18,12,435,0.005189499999687541
2025-11-12,6+12+18,18,454,0.005091874998470303
2025-11-13,6+12+18,0,370,0.0031889170059002936
2025-11-13,6+12+18,6,491,0.0059422909980639815
2025-11-13,6+12+18,12,482,0.005145333998370916
2025-11-13,6+12+18,18,460,0.005491000003530644
2025-11-14,6+12+18,0,369,0.003123750000668224
2025-11-14,6+12+18,6,371,0.0048417919970233925
2025-11-14,6+12+18,12,357,0.004615165998984594
2025-11-14,6+12+18,18,333,0.004843957998673432
2025-11-15,6+12+18,0,372,0.0030620409961557016
2025-11-15,6+12+18,6,397,0.004909707997285295
2025-11-15,6+12+18,12,431,0.005190875002881512
2025-11-15,6+12+18,18,397,0.005031750006310176
2025-11-16,6+12+18,0,367,0.0030911669964552857
2025-11-16,6+12+18,6,511,0.005511374998604879
2025-11-16,6+12+18,12,543,0.006096417004300747
2025-11-16,6+12+18,18,486,0.0055379999976139516
2025-11-17,6+12+18,0,358,0.0030901670033927076
2025-11-17,6+12+18,6,474,0.005961832997854799
2025-11-17,6+12+18,12,500,0.005792832998849917
2025-11-17,6+12+18,18,470,0.005335957997885998
2025-11-18,6+12+18,0,356,0.00322079099714756
2025-11-18,6+12+18,6,474,0.005233957999735139
2025-11-18,6+12+18,12,532,0.0061274159961612895
2025-11-18,6+12+18,18,526,0.005757999999332242
2025-11-19,6+12+18,0,364,0.00304258299729554
2025-11-19,6+12+18,6,517,0.005691541999112815
2025-11-19,6+12+18,12,549,0.006642667001869995
2025-11-19,6+12+18,18,518,0.005669375001161825
2025-11-20,6+12+18,0,362,0.003169584000715986
2025-11-20,6+12+18,6,513,0.005457250001200009
2025-11-20,6+12+18,12,465,0.005141624998941552
2025-11-20,6+12+18,18,449,0.005166625000128988
2025-11-21,6+12+18,0,377,0.0032992499982356094
2025-11-21,6+12+18,6,400,0.004820250003831461
2025-11-21,6+12+18,12,367,0.004769457998918369
2025-11-21,6+12+18,18,341,0.0049082080004154705
2025-11-22,6+12+18,0,376,0.003005500002473127
2025-11-22,6+12+18,6,388,0.00505962500028545
2025-11-22,6+12+18,12,430,0.005366083001717925
2025-11-22,6+12+18,18,408,0.004955042000801768
2025-11-23,6+12+18,0,363,0.002950333000626415
2025-11-23,6+12+18,6,512,0.005751415999839082
2025-11-23,6+12+18,12,523,0.005689625002560206
2025-11-23,6+12+18,18,538,0.0063254589986172505
2025-11-24,6+12+18,0,357,0.0030871249982737936
2025-11-24,6+12+18,6,511,0.00619945799553534
2025-11-24,6+12+18,12,535,0.005756958002166357
2025-11-24,6+12+18,18,534,0.00561133399605751
2025-11-25,6+12+18,0,360,0.00354512500052806
2025-11-25,6+12+18,6,477,0.0054736660022172146
2025-11-25,6+12+18,12,438,0.005109750003612135
2025-11-25,6+12+18,18,541,0.0061484580000978895
2025-11-26,6+12+18,0,354,0.0033282500007771887
2025-11-26,6+12+18,6,463,0.0055847499970695935
2025-11-26,6+12+18,12,542,0.005971584003418684
2025-11-26,6+12+18,18,481,0.005361916002584621
2025-11-27,6+12+18,0,370,0.003534208000928629
2025-11-27,6+12+18,6,504,0.0054972079960862175
2025-11-27,6+12+18,12,491,0.005141082998306956
2025-11-27,6+12+18,18,453,0.004956415999913588
2025-11-28,6+12+18,0,369,0.0031904580027912743
2025-11-28,6+12+18,6,402,0.005126332995132543
2025-11-28,6+12+18,12,359,0.004757208997034468
2025-11-28,6+12+18,18,349,0.004852083002333529
2025-11-29,6+12+18,0,382,0.003126916999462992
2025-11-29,6+12+18,6,407,0.005036624999775086
2025-11-29,6+12+18,12,454,0.0055055000048014335
2025-11-29,6+12+18,18,396,0.004901499996776693
2025-11-30,6+12+18,0,374,0.003207292000297457
2025-11-30,6+12+18,6,517,0.005757500002800953
2025-11-30,6+12+18,12,543,0.005797249999886844
2025-11-30,6+12+18,18,476,0.005404292001912836
2025-12-01,6+12+18,0,355,0.0034771669961628504
2025-12-01,6+12+18,6,520,0.005866792002052534
2025-12-01,6+12+18,12,524,0.005673375002515968
2025-12-01,6+12+18,18,513,0.0061259170033736154
2025-12-02,6+12+18,0,372,0.003181042004143819
2025-12-02,6+12+18,6,499,0.0058730410019052215
2025-12-02,6+12+18,12,481,0.006076125006075017
2025-12-02,6+12+18,18,549,0.0059652919953805394
2025-12-03,6+12+18,0,363,0.0032775419967947528
2025-12-03,6+12+18,6,506,0.0063342920038849115
2025-12-03,6+12+18,12,516,0.00609870799962664
2025-12-03,6+12+18,18,529,0.006446833001973573
2025-12-04,6+12+18,0,352,0.0034079580000252463
2025-12-04,6+12+18,6,477,0.005958375004411209
2025-12-04,6+12+18,12,475,0.0060145419993205
2025-12-04,6+12+18,18,532,0.005935791996307671
2025-12-05,6+12+18,0,372,0.003356041001097765
2025-12-05,6+12+18,6,443,0.005683374998625368
2025-12-05,6+12+18,12,427,0.0052135420046397485
2025-12-05,6+12+18,18,408,0.005217624995566439
2025-12-06,6+12+18,0,390,0.0034777920009219088
2025-12-06,6+12+18,6,456,0.005272666996461339
2025-12-06,6+12+18,12,485,0.0054944160001468845
2025-12-06,6+12+18,18,470,0.005694291998224799
2025-12-07,6+12+18,0,340,0.002958541997941211
2025-12-07,6+12+18,6,465,0.0054884160053916276
2025-12-07,6+12+18,12,497,0.0055320829997072
2025-12-07,6+12+18,18,526,0.005469458999868948
2025-12-08,6+12+18,0,352,0.003069833001063671
2025-12-08,6+12+18,6,518,0.006018000000040047
2025-12-08,6+12+18,12,502,0.005443916998046916
2025-12-08,6+12+18,18,518,0.005632749998767395
2025-12-09,6+12+18,0,354,0.0032471250015078112
2025-12-09,6+12+18,6,478,0.005345875004422851
2025-12-09,6+12+18,12,527,0.0054934590007178485
2025-12-09,6+12+18,18,529,0.005716084000596311
2025-12-10,6+12+18,0,342,0.0029244170000310987
2025-12-10,6+12+18,6,511,0.005738832995120902
2025-12-10,6+12+18,12,528,0.006186375001561828
2025-12-10,6+12+18,18,536,0.005588917003478855
2025-12-11,6+12+18,0,358,0.0029564159995061345
2025-12-11,6+12+18,6,466,0.006094791999203153
2025-12-11,6+12+18,12,475,0.005329583000275306
2025-12-11,6+12+18,18,526,0.006062708001991268
2025-12-12,6+12+18,0,378,0.003398374996322673
2025-12-12,6+12+18,6,461,0.005454250000184402
2025-12-12,6+12+18,12,458,0.005053834000136703
2025-12-12,6+12+18,18,427,0.0052104999995208345
2025-12-13,6+12+18,0,385,0.003108624994638376
2025-12-13,6+12+18,6,467,0.005634832996292971
2025-12-13,6+12+18,12,471,0.005839249999553431
2025-12-13,6+12+18,18,466,0.005474999998114072
2025-12-14,6+12+18,0,347,0.00292250000347849
2025-12-14,6+12+18,6,521,0.006031709002854768
2025-12-14,6+12+18,12,526,0.005714166996767744
2025-12-14,6+12+18,18,538,0.005549749999772757
2025-12-15,6+12+18,0,350,0.003176416998030618
2025-12-15,6+12+18,6,522,0.0059062910004286095
2025-12-15,6+12+18,12,536,0.005863791004230734
2025-12-15,6+12+18,18,543,0.00590833299793303
2025-12-16,6+12+18,0,351,0.0030832499978714623
2025-12-16,6+12+18,6,506,0.0054385840048780665
2025-12-16,6+12+18,12,518,0.005952833002083935
2025-12-16,6+12+18,18,538,0.005710708006517962
2025-12-17,6+12+18,0,354,0.003037582995602861
2025-12-17,6+12+18,6,482,0.005559333003475331
2025-12-17,6+12+18,12,524,0.005848458000400569
2025-12-17,6+12+18,18,541,0.005894000001717359
2025-12-18,6+12+18,0,356,0.0031605409967596643
2025-12-18,6+12+18,6,499,0.005752875003963709
2025-12-18,6+12+18,12,543,0.0057355410026502796
2025-12-18,6+12+18,18,508,0.005947165998804849
2025-12-19,6+12+18,0,381,0.0031707079979241826
2025-12-19,6+12+18,6,442,0.00527525000507012
2025-12-19,6+12+18,12,455,0.005699834000552073
2025-12-19,6+12+18,18,433,0.0050208340035169385
2025-12-20,6+12+18,0,383,0.003058166999835521
2025-12-20,6+12+18,6,438,0.005221166000410449
2025-12-20,6+12+18,12,478,0.0055455000037909485
2025-12-20,6+12+18,18,479,0.005531916998734232
2025-12-21,6+12+18,0,351,0.0031410840019816533
2025-12-21,6+12+18,6,500,0.005768832998001017
2025-12-21,6+12+18,12,528,0.005570957997406367
2025-12-21,6+12+18,18,526,0.0056943329982459545
2025-12-22,6+12+18,0,349,0.0030506670009344816
2025-12-22,6+12+18,6,519,0.005651583000144456
2025-12-22,6+12+18,12,534,0.005471583994221874
2025-12-22,6+12+18,18,540,0.00572495799860917
2025-12-23,6+12+18,0,362,0.0030234999940148555
2025-12-23,6+12+18,6,482,0.005736874998547137
2025-12-23,6+12+18,12,513,0.006024832997354679
2025-12-23,6+12+18,18,523,0.005760874999396037
2025-12-24,6+12+18,0,349,0.0032372499990742654
2025-12-24,6+12+18,6,469,0.005255374999251217
2025-12-24,6+12+18,12,509,0.005419749999418855
2025-12-24,6+12+18,18,538,0.005756792001193389
2025-12-25,6+12+18,0,351,0.003071332997933496
2025-12-25,6+12+18,6,519,0.005483624998305459
2025-12-25,6+12+18,12,528,0.006055500001821201
2025-12-25,6+12+18,18,522,0.005440250002720859
2025-12-26,6+12+18,0,378,0.0032820830019772984
2025-12-26,6+12+18,6,417,0.0053843749992665835
2025-12-26,6+12+18,12,428,0.005146707997482736
2025-12-26,6+12+18,18,429,0.004968624998582527
2025-12-27,6+12+18,0,381,0.0033367080031894147
2025-12-27,6+12+18,6,420,0.005544792002183385
2025-12-27,6+12+18,12,455,0.005160208995221183
2025-12-27,6+12+18,18,430,0.005213500000536442
2025-12-28,6+12+18,0,342,0.003211374998500105
2025-12-28,6+12+18,6,491,0.005274458002531901
2025-12-28,6+12+18,12,512,0.005521541999769397
2025-12-28,6+12+18,18,536,0.006168457999592647
2025-12-29,6+12+18,0,342,0.0029642920053447597
2025-12-29,6+12+18,6,508,0.005614249996142462
2025-12-29,6+12+18,12,493,0.005856000003404915
2025-12-29,6+12+18,18,505,0.005558958000619896
2025-12-30,6+12+18,0,345,0.003037458001927007
2025-12-30,6+12+18,6,486,0.005914084002142772
2025-12-30,6+12+18,12,472,0.005655875000229571
2025-12-30,6+12+18,18,498,0.005680540998582728
2025-12-31,6+12+18,0,359,0.0032972500048344955
2025-12-31,6+12+18,6,450,0.005383292002079543
2025-12-31,6+12+18,12,524,0.005890458000067156
2025-12-31,6+12+18,18,505,0.005855540999618825
2025-01-01,6+12+18,0,138,0.0025512499996693805
2025-01-01,6+12+18,6,419,0.005286999999952968
2025-01-01,6+12+18,12,259,0.004831124999327585
2025-01-01,6+12+18,18,250,0.004769666003994644
2025-01-02,6+12+18,0,347,0.0030251249991124496
2025-01-02,6+12+18,6,388,0.005006790997867938
2025-01-02,6+12+18,12,354,0.004837833002966363
2025-01-02,6+12+18,18,312,0.004307000002881978
2025-01-03,6+12+18,0,347,0.002914541997597553
2025-01-03,6+12+18,6,376,0.004773125001520384
2025-01-03,6+12+18,12,350,0.0046317920059664175
2025-01-03,6+12+18,18,295,0.00439245899906382
2025-01-04,6+12+18,0,350,0.002968749999126885
2025-01-04,6+12+18,6,365,0.004884000001766253
2025-01-04,6+12+18,12,338,0.004608458999427967
2025-01-04,6+12+18,18,296,0.004334500001277775
2025-01-05,6+12+18,0,374,0.003078832996834535
2025-01-05,6+12+18,6,504,0.00560458299878519
2025-01-05,6+12+18,12,524,0.005673082996509038
2025-01-05,6+12+18,18,489,0.00547795800230233
2025-01-06,6+12+18,0,355,0.003274624999903608
2025-01-06,6+12+18,6,486,0.005311916997015942
2025-01-06,6+12+18,12,529,0.005884457998035941
2025-01-06,6+12+18,18,539,0.005938624999544118
2025-01-07,6+12+18,0,353,0.003200042003300041
2025-01-07,6+12+18,6,518,0.005884000005607959
2025-01-07,6+12+18,12,530,0.006298583000898361
2025-01-07,6+12+18,18,534,0.005592583001998719
2025-01-08,6+12+18,0,349,0.0030336670024553314
2025-01-08,6+12+18,6,373,0.00518749999901047
2025-01-08,6+12+18,12,334,0.004488625003432389
2025-01-08,6+12+18,18,320,0.004774500004714355
2025-01-09,6+12+18,0,341,0.00297679199866252
2025-01-09,6+12+18,6,405,0.004802916999324225
2025-01-09,6+12+18,12,374,0.004662750005081762
2025-01-09,6+12+18,18,336,0.0048611659949528985
2025-01-10,6+12+18,0,385,0.0032262910026474856
2025-01-10,6+12+18,6,417,0.0050792920010280795
2025-01-10,6+12+18,12,403,0.004759791001561098
2025-01-10,6+12+18,18,361,0.004927083995426074
2025-01-11,6+12+18,0,370,0.002998541996930726
2025-01-11,6+12+18,6,436,0.005096708999190014
2025-01-11,6+12+18,12,433,0.005337374997907318
2025-01-11,6+12+18,18,427,0.00503749999916181
2025-01-12,6+12+18,0,338,0.0029393750010058284
2025-01-12,6+12+18,6,472,0.005571250003413297
2025-01-12,6+12+18,12,448,0.005405000003520399
2025-01-12,6+12+18,18,468,0.0054975829989416525
2025-01-13,6+12+18,0,349,0.003318583003419917
2025-01-13,6+12+18,6,456,0.005351416999474168
2025-01-13,6+12+18,12,484,0.005343791999621317
2025-01-13,6+12+18,18,536,0.006114499999966938
2025-01-14,6+12+18,0,345,0.002930000002379529
2025-01-14,6+12+18,6,508,0.0055011669974192046
2025-01-14,6+12+18,12,507,0.00583787499635946
2025-01-14,6+12+18,18,501,0.005479166000441182
2025-01-15,6+12+18,0,352,0.003070749997277744
2025-01-15,6+12+18,6,521,0.006165209000755567
2025-01-15,6+12+18,12,546,0.006177000002935529
2025-01-15,6+12+18,18,531,0.005568083004618529
2025-01-16,6+12+18,0,347,0.00316949999978533
2025-01-16,6+12+18,6,420,0.005033792003814597
2025-01-16,6+12+18,12,380,0.0046027499993215315
2025-01-16,6+12+18,18,339,0.004506500001298264
2025-01-17,6+12+18,0,370,0.003302875004010275
2025-01-17,6+12+18,6,373,0.004580875000101514
2025-01-17,6+12+18,12,325,0.004727250001451466
2025-01-17,6+12+18,18,307,0.0049468340002931654
2025-01-18,6+12+18,0,361,0.0030269580020103604
2025-01-18,6+12+18,6,430,0.005083459000161383
2025-01-18,6+12+18,12,468,0.005702707996533718
2025-01-18,6+12+18,18,492,0.005299458993249573
2025-01-19,6+12+18,0,350,0.0029137090023141354
2025-01-19,6+12+18,6,484,0.006165041995700449
2025-01-19,6+12+18,12,479,0.005847874999744818
2025-01-19,6+12+18,18,513,0.005483458997332491
2025-01-20,6+12+18,0,351,0.0030915000024833716
2025-01-20,6+12+18,6,431,0.005069833001471125
2025-01-20,6+12+18,12,362,0.004609416995663196
2025-01-20,6+12+18,18,347,0.0049733749983715825
2025-01-21,6+12+18,0,344,0.003045166995434556
2025-01-21,6+12+18,6,451,0.005302708996168803
2025-01-21,6+12+18,12,486,0.0055047499990905635
2025-01-21,6+12+18,18,501,0.006558125001902226
2025-01-22,6+12+18,0,349,0.0030247499962570146
2025-01-22,6+12+18,6,408,0.004771666004671715
2025-01-22,6+12+18,12,305,0.004875416001596022
2025-01-22,6+12+18,18,318,0.004402625003422145
2025-01-23,6+12+18,0,350,0.0029190420027589425
2025-01-23,6+12+18,6,401,0.005256750002445187
2025-01-23,6+12+18,12,371,0.004854458995396271
2025-01-23,6+12+18,18,337,0.00445170899911318
2025-01-24,6+12+18,0,370,0.0031827920029172674
2025-01-24,6+12+18,6,343,0.0050246249957126565
2025-01-24,6+12+18,12,327,0.0044725409970851615
2025-01-24,6+12+18,18,292,0.004475583999010269
2025-01-25,6+12+18,0,377,0.0032632919974275865
2025-01-25,6+12+18,6,401,0.0049818330007838085
2025-01-25,6+12+18,12,393,0.004851416997553315
2025-01-25,6+12+18,18,392,0.005348999999114312
2025-01-26,6+12+18,0,361,0.003025457997864578
2025-01-26,6+12+18,6,484,0.0053964580001775175
2025-01-26,6+12+18,12,484,0.005560416997468565
2025-01-26,6+12+18,18,501,0.0057949999973061495
2025-01-27,6+12+18,0,355,0.0030969170038588345
2025-01-27,6+12+18,6,483,0.00572200000169687
2025-01-27,6+12+18,12,481,0.005394708001404069
2025-01-27,6+12+18,18,474,0.005670833001204301
2025-01-28,6+12+18,0,361,0.0030032919967197813
2025-01-28,6+12+18,6,507,0.0059642080013873056
2025-01-28,6+12+18,12,508,0.005772542004706338
2025-01-28,6+12+18,18,491,0.005550125002628192
2025-01-29,6+12+18,0,360,0.0033067500044126064
2025-01-29,6+12+18,6,493,0.00544712499686284
2025-01-29,6+12+18,12,464,0.0054207089997362345
2025-01-29,6+12+18,18,472,0.005597000003035646
2025-01-30,6+12+18,0,358,0.003071667000767775
2025-01-30,6+12+18,6,406,0.005098041998280678
2025-01-30,6+12+18,12,344,0.005024250000133179
2025-01-30,6+12+18,18,309,0.00455225000041537
2025-01-31,6+12+18,0,382,0.0029419580023386516
2025-01-31,6+12+18,6,355,0.005077707995951641
2025-01-31,6+12+18,12,320,0.0044261660004849546
2025-01-31,6+12+18,18,290,0.004484832999878563
2025-02-01,6+12+18,0,373,0.0030965830010245554
2025-02-01,6+12+18,6,377,0.005346833997464273
2025-02-01,6+12+18,12,402,0.004941584003972821
2025-02-01,6+12+18,18,382,0.004774958004418295
2025-02-02,6+12+18,0,362,0.003126083000097424
2025-02-02,6+12+18,6,453,0.0051565829999162816
2025-02-02,6+12+18,12,461,0.005332166998414323
2025-02-02,6+12+18,18,433,0.005307667001034133
2025-02-03,6+12+18,0,354,0.0029685410045203753
2025-02-03,6+12+18,6,442,0.0051461660041240975
2025-02-03,6+12+18,12,449,0.0057375830001547
2025-02-03,6+12+18,18,469,0.005484916000568774
2025-02-04,6+12+18,0,351,0.0030432499988819472
2025-02-04,6+12+18,6,355,0.004857040999922901
2025-02-04,6+12+18,12,310,0.004682082995714154
2025-02-04,6+12+18,18,296,0.0042728750049718656
2025-02-05,6+12+18,0,358,0.0030394590066862293
2025-02-05,6+12+18,6,481,0.005735541999456473
2025-02-05,6+12+18,12,476,0.0053443750002770685
2025-02-05,6+12+18,18,443,0.005044749996159226
2025-02-06,6+12+18,0,359,0.0036563749963534065
2025-02-06,6+12+18,6,344,0.004631374999007676
2025-02-06,6+12+18,12,316,0.00449204100004863
2025-02-06,6+12+18,18,306,0.004612791002728045
2025-02-07,6+12+18,0,376,0.00328941699990537
2025-02-07,6+12+18,6,336,0.004413791000843048
2025-02-07,6+12+18,12,331,0.004640375002054498
2025-02-07,6+12+18,18,291,0.004996417002985254
2025-02-08,6+12+18,0,372,0.002903917004005052
2025-02-08,6+12+18,6,398,0.004844542003411334
2025-02-08,6+12+18,12,430,0.005235832999460399
2025-02-08,6+12+18,18,388,0.005093375002616085
2025-02-09,6+12+18,0,370,0.0032078750009532087
2025-02-09,6+12+18,6,465,0.005589499996858649
2025-02-09,6+12+18,12,431,0.0050685829992289655
2025-02-09,6+12+18,18,428,0.004893500001344364
2025-02-10,6+12+18,0,357,0.0032004579989006743
2025-02-10,6+12+18,6,441,0.0056682499998714775
2025-02-10,6+12+18,12,413,0.0048394999976153485
2025-02-10,6+12+18,18,421,0.004866707997280173
2025-02-11,6+12+18,0,362,0.0032453749954584055
2025-02-11,6+12+18,6,446,0.0053892080031801015
2025-02-11,6+12+18,12,407,0.004822959002922289
2025-02-11,6+12+18,18,443,0.005428459000540897
2025-02-12,6+12+18,0,361,0.0030978750000940636
2025-02-12,6+12+18,6,443,0.005185000001802109
2025-02-12,6+12+18,12,418,0.005308125000738073
2025-02-12,6+12+18,18,478,0.005478082995978184
2025-02-13,6+12+18,0,366,0.003020958996785339
2025-02-13,6+12+18,6,345,0.004907458001980558
2025-02-13,6+12+18,12,323,0.004867415998887736
2025-02-13,6+12+18,18,297,0.00440804199752165
2025-02-14,6+12+18,0,373,0.002996208000695333
2025-02-14,6+12+18,6,321,0.0046090420000837184
2025-02-14,6+12+18,12,318,0.004506874996877741
2025-02-14,6+12+18,18,289,0.004355042001407128
2025-02-15,6+12+18,0,367,0.0031859579976298846
2025-02-15,6+12+18,6,371,0.005265792002319358
2025-02-15,6+12+18,12,416,0.004965957996319048
2025-02-15,6+12+18,18,375,0.004657457997382153
2025-02-16,6+12+18,0,367,0.003272333000495564
2025-02-16,6+12+18,6,440,0.00522225000167964
2025-02-16,6+12+18,12,412,0.004834500003198627
2025-02-16,6+12+18,18,415,0.00513779199536657
2025-02-17,6+12+18,0,366,0.0031292500061681494
2025-02-17,6+12+18,6,434,0.0052213329981896095
2025-02-17,6+12+18,12,402,0.005292417001328431
2025-02-17,6+12+18,18,416,0.004822124996280763
2025-02-18,6+12+18,0,367,0.003012749999470543
2025-02-18,6+12+18,6,399,0.005062291995272972
2025-02-18,6+12+18,12,329,0.004860792003455572
2025-02-18,6+12+18,18,320,0.004345707995526027
2025-02-19,6+12+18,0,361,0.00305287499941187
2025-02-19,6+12+18,6,432,0.005670250000548549
2025-02-19,6+12+18,12,443,0.005055333000200335
2025-02-19,6+12+18,18,400,0.004803167001227848
2025-02-20,6+12+18,0,367,0.0033777499993448146
2025-02-20,6+12+18,6,360,0.004828666998946574
2025-02-20,6+12+18,12,316,0.004474415996810421
2025-02-20,6+12+18,18,303,0.004537000000709668
2025-02-21,6+12+18,0,359,0.003346165998664219
2025-02-21,6+12+18,6,310,0.0045995000036782585
2025-02-21,6+12+18,12,312,0.004403083999932278
2025-02-21,6+12+18,18,290,0.004631000003428198
2025-02-22,6+12+18,0,369,0.003034291999938432
2025-02-22,6+12+18,6,380,0.005219291000685189
2025-02-22,6+12+18,12,404,0.0053515420004259795
2025-02-22,6+12+18,18,387,0.004866582996328361
2025-02-23,6+12+18,0,365,0.003034708999621216
2025-02-23,6+12+18,6,437,0.005447832998470403
2025-02-23,6+12+18,12,416,0.005486458001541905
2025-02-23,6+12+18,18,410,0.004797540997969918
2025-02-24,6+12+18,0,369,0.0030184999995981343
2025-02-24,6+12+18,6,450,0.005578792006417643
2025-02-24,6+12+18,12,394,0.004943540996464435
2025-02-24,6+12+18,18,407,0.004827749995456543
2025-02-25,6+12+18,0,371,0.003404124996450264
2025-02-25,6+12+18,6,381,0.004899957995803561
2025-02-25,6+12+18,12,348,0.0046091669937595725
2025-02-25,6+12+18,18,299,0.0045834589982405305
2025-02-26,6+12+18,0,365,0.0031855419947532937
2025-02-26,6+12+18,6,455,0.005368291000195313
2025-02-26,6+12+18,12,505,0.005863250000402331
2025-02-26,6+12+18,18,411,0.004928000002109911
2025-02-27,6+12+18,0,369,0.003169625000737142
2025-02-27,6+12+18,6,331,0.0046522919947165065
2025-02-27,6+12+18,12,317,0.004911916003038641
2025-02-27,6+12+18,18,306,0.004386082997370977
2025-02-28,6+12+18,0,344,0.002855207996617537
2025-02-28,6+12+18,6,298,0.004868916999839712
2025-02-28,6+12+18,12,310,0.004532666993327439
2025-02-28,6+12+18,18,292,0.004314332996727899
2025-03-01,6+12+18,0,367,0.0030294159951154143
2025-03-01,6+12+18,6,369,0.005161332999705337
2025-03-01,6+12+18,12,348,0.004528750003373716
2025-03-01,6+12+18,18,337,0.0044031670040567406
2025-03-02,6+12+18,0,377,0.0030485419993055984
2025-03-02,6+12+18,6,435,0.005598000003374182
2025-03-02,6+12+18,12,462,0.005401333000918385
2025-03-02,6+12+18,18,412,0.005094540996651631
2025-03-03,6+12+18,0,377,0.003108457996859215
2025-03-03,6+12+18,6,438,0.005166999995708466
2025-03-03,6+12+18,12,420,0.005118542001582682
2025-03-03,6+12+18,18,408,0.005294167000101879
2025-03-04,6+12+18,0,369,0.0030706249963259324
2025-03-04,6+12+18,6,361,0.004779084003530443
2025-03-04,6+12+18,12,320,0.004421749996254221
2025-03-04,6+12+18,18,310,0.004329417002736591
2025-03-05,6+12+18,0,363,0.0030109589933999814
2025-03-05,6+12+18,6,416,0.005514416996447835
2025-03-05,6+12+18,12,402,0.005028458996093832
2025-03-05,6+12+18,18,407,0.0047343330006697215
2025-03-06,6+12+18,0,373,0.0029693329997826368
2025-03-06,6+12+18,6,331,0.004647082998417318
2025-03-06,6+12+18,12,320,0.004659416998038068
2025-03-06,6+12+18,18,305,0.0046243329998105764
2025-03-07,6+12+18,0,372,0.00302904199634213
2025-03-07,6+12+18,6,296,0.004884833004325628
2025-03-07,6+12+18,12,321,0.004473417000554036
2025-03-07,6+12+18,18,290,0.004278625005099457
2025-03-08,6+12+18,0,349,0.0030669170009787194
2025-03-08,6+12+18,6,344,0.004689250003139023
2025-03-08,6+12+18,12,351,0.004735125003207941
2025-03-08,6+12+18,18,333,0.004650583003240172
2025-03-09,6+12+18,0,363,0.003184082997904625
2025-03-09,6+12+18,6,425,0.005149791999428999
2025-03-09,6+12+18,12,425,0.004961708000337239
2025-03-09,6+12+18,18,458,0.005349291997845285
2025-03-10,6+12+18,0,369,0.0029595419982797466
2025-03-10,6+12+18,6,426,0.005296207993524149
2025-03-10,6+12+18,12,412,0.005253041999822017
2025-03-10,6+12+18,18,436,0.0051580839935922995
2025-03-11,6+12+18,0,369,0.002966958003526088
2025-03-11,6+12+18,6,357,0.0052724999986821786
2025-03-11,6+12+18,12,321,0.0045011670008534566
2025-03-11,6+12+18,18,305,0.004440249998879153
2025-03-12,6+12+18,0,362,0.0030300419966806658
2025-03-12,6+12+18,6,422,0.0057294169964734465
2025-03-12,6+12+18,12,407,0.00468449999607401
2025-03-12,6+12+18,18,406,0.004748915998789016
2025-03-13,6+12+18,0,378,0.0031824589968891814
2025-03-13,6+12+18,6,339,0.004732832996523939
2025-03-13,6+12+18,12,319,0.0044912910016137175
2025-03-13,6+12+18,18,306,0.0047149170059128664
2025-03-14,6+12+18,0,346,0.0030027920001884922
2025-03-14,6+12+18,6,288,0.0044945409972569905
2025-03-14,6+12+18,12,312,0.004503832999034785
2025-03-14,6+12+18,18,289,0.004647082998417318
2025-03-15,6+12+18,0,362,0.0029326250005397014
2025-03-15,6+12+18,6,363,0.005208290996961296
2025-03-15,6+12+18,12,342,0.0050136670033680275
2025-03-15,6+12+18,18,330,0.004611415999534074
2025-03-16,6+12+18,0,377,0.0030754170002182946
2025-03-16,6+12+18,6,364,0.004751000000396743
2025-03-16,6+12+18,12,316,0.00498570800118614
2025-03-16,6+12+18,18,307,0.0044199999974807724
2025-03-17,6+12+18,0,366,0.0030756669948459603
2025-03-17,6+12+18,6,405,0.00573712500045076
2025-03-17,6+12+18,12,429,0.005001917001209222
2025-03-17,6+12+18,18,413,0.004860375003772788
2025-03-18,6+12+18,0,371,0.0032668329949956387
2025-03-18,6+12+18,6,337,0.004669209003623109
2025-03-18,6+12+18,12,320,0.0043839999998454005
2025-03-18,6+12+18,18,310,0.0043555830052355304
2025-03-19,6+12+18,0,365,0.0034717089947662316
2025-03-19,6+12+18,6,413,0.00518470899987733
2025-03-19,6+12+18,12,412,0.004908499999146443
2025-03-19,6+12+18,18,413,0.004909041999781039
2025-03-20,6+12+18,0,371,0.003036166999663692
2025-03-20,6+12+18,6,320,0.0045484579968615435
2025-03-20,6+12+18,12,326,0.0048961669963318855
2025-03-20,6+12+18,18,302,0.0045995830005267635
2025-03-21,6+12+18,0,354,0.002897833997849375
2025-03-21,6+12+18,6,340,0.004736166003567632
2025-03-21,6+12+18,12,309,0.004588666997733526
2025-03-21,6+12+18,18,309,0.004572500001813751
2025-03-22,6+12+18,0,351,0.0029343749993131496
2025-03-22,6+12+18,6,364,0.005175957994651981
2025-03-22,6+12+18,12,323,0.0048727079993113875
2025-03-22,6+12+18,18,329,0.004423874997883104
2025-03-23,6+12+18,0,365,0.0030370409949682653
2025-03-23,6+12+18,6,358,0.004921583000395913
2025-03-23,6+12+18,12,354,0.004696417003287934
2025-03-23,6+12+18,18,343,0.004622583001037128
2025-03-24,6+12+18,0,375,0.0030899169942131266
2025-03-24,6+12+18,6,428,0.005420458997832611
2025-03-24,6+12+18,12,448,0.005073500004073139
2025-03-24,6+12+18,18,418,0.005108959005156066
2025-03-25,6+12+18,0,384,0.0031388749994221143
2025-03-25,6+12+18,6,365,0.004766375001054257
2025-03-25,6+12+18,12,356,0.00466216700442601
2025-03-25,6+12+18,18,335,0.004634750002878718
2025-03-26,6+12+18,0,364,0.0030166249998728745
2025-03-26,6+12+18,6,416,0.0051111670036334544
2025-03-26,6+12+18,12,400,0.004848041004152037
2025-03-26,6+12+18,18,437,0.004837750006117858
2025-03-27,6+12+18,0,375,0.0032253340032184497
2025-03-27,6+12+18,6,345,0.004638250000425614
2025-03-27,6+12+18,12,321,0.004922833999444265
2025-03-27,6+12+18,18,304,0.004266541996912565
2025-03-28,6+12+18,0,346,0.0027934169993386604
2025-03-28,6+12+18,6,341,0.005074207998404745
2025-03-28,6+12+18,12,329,0.004593541998474393
2025-03-28,6+12+18,18,308,0.004438457996002398
2025-03-29,6+12+18,0,333,0.0029017089982517064
2025-03-29,6+12+18,6,347,0.004990250003174879
2025-03-29,6+12+18,12,313,0.0043647089987643994
2025-03-29,6+12+18,18,323,0.004677041004470084
2025-03-30,6+12+18,0,364,0.003130166995106265
2025-03-30,6+12+18,6,452,0.005616583002847619
2025-03-30,6+12+18,12,501,0.005234333002590574
2025-03-30,6+12+18,18,446,0.005161457993381191
2025-03-31,6+12+18,0,372,0.003144875001453329
2025-03-31,6+12+18,6,452,0.005212208001466934
2025-03-31,6+12+18,12,405,0.004851707999478094
2025-03-31,6+12+18,18,412,0.005480917003296781
2025-04-01,6+12+18,0,372,0.003076624998357147
2025-04-01,6+12+18,6,473,0.00553300000319723
2025-04-01,6+12+18,12,443,0.005475082994962577
2025-04-01,6+12+18,18,468,0.004972417002136353
2025-04-02,6+12+18,0,369,0.0030610419998993166
2025-04-02,6+12+18,6,496,0.0058065420016646385
2025-04-02,6+12+18,12,455,0.00500133400055347
2025-04-02,6+12+18,18,439,0.004906458998448215
2025-04-03,6+12+18,0,379,0.003143916001135949
2025-04-03,6+12+18,6,361,0.004922749998513609
2025-04-03,6+12+18,12,353,0.0046575829983339645
2025-04-03,6+12+18,18,329,0.00477458300156286
2025-04-04,6+12+18,0,333,0.003060417002416216
2025-04-04,6+12+18,6,329,0.004654875003325287
2025-04-04,6+12+18,12,310,0.0045403339972835965
2025-04-04,6+12+18,18,313,0.004910416995699052
2025-04-05,6+12+18,0,330,0.0028715000007650815
2025-04-05,6+12+18,6,346,0.0046727910012123175
2025-04-05,6+12+18,12,397,0.005086208999273367
2025-04-05,6+12+18,18,323,0.004519667003478389
2025-04-06,6+12+18,0,368,0.002924708998762071
2025-04-06,6+12+18,6,426,0.0055158750037662685
2025-04-06,6+12+18,12,426,0.005517541998415254
2025-04-06,6+12+18,18,421,0.004806459000974428
2025-04-07,6+12+18,0,364,0.0029244170000310987
2025-04-07,6+12+18,6,474,0.005846833002578933
2025-04-07,6+12+18,12,462,0.005083625001134351
2025-04-07,6+12+18,18,412,0.004839291003008839
2025-04-08,6+12+18,0,384,0.00311258299916517
2025-04-08,6+12+18,6,360,0.004870249998930376
2025-04-08,6+12+18,12,322,0.0046490419990732335
2025-04-08,6+12+18,18,332,0.004688583001552615
2025-04-09,6+12+18,0,382,0.0034732920030364767
2025-04-09,6+12+18,6,386,0.0048749170018709265
2025-04-09,6+12+18,12,327,0.004554833001748193
2025-04-09,6+12+18,18,333,0.0044800830000895076
2025-04-10,6+12+18,0,375,0.003068834004807286
2025-04-10,6+12+18,6,364,0.00496374999784166
2025-04-10,6+12+18,12,353,0.004930791998049244
2025-04-10,6+12+18,18,320,0.004736999995657243
2025-04-11,6+12+18,0,323,0.0027937920021940954
2025-04-11,6+12+18,6,291,0.004366125001979526
2025-04-11,6+12+18,12,296,0.004392125003505498
2025-04-11,6+12+18,18,301,0.0044103750042268075
2025-04-12,6+12+18,0,353,0.0027987080029561184
2025-04-12,6+12+18,6,349,0.005064625001978129
2025-04-12,6+12+18,12,310,0.004620917003194336
2025-04-12,6+12+18,18,339,0.004733333000331186
2025-04-13,6+12+18,0,367,0.003007208004419226
2025-04-13,6+12+18,6,411,0.005110999998578336
2025-04-13,6+12+18,12,425,0.005010208005842287
2025-04-13,6+12+18,18,440,0.005093125000712462
2025-04-14,6+12+18,0,379,0.003167709000990726
2025-04-14,6+12+18,6,452,0.005684792005922645
2025-04-14,6+12+18,12,425,0.004896792001090944
2025-04-14,6+12+18,18,428,0.004735875001642853
2025-04-15,6+12+18,0,363,0.0030661669952678494
2025-04-15,6+12+18,6,444,0.005240583006525412
2025-04-15,6+12+18,12,412,0.005173334000573959
2025-04-15,6+12+18,18,421,0.005442499998025596
2025-04-16,6+12+18,0,371,0.0029744999992544763
2025-04-16,6+12+18,6,373,0.004896959006146062
2025-04-16,6+12+18,12,376,0.004916334000881761
2025-04-16,6+12+18,18,337,0.004400666999572422
2025-04-17,6+12+18,0,368,0.003084332995058503
2025-04-17,6+12+18,6,359,0.004923166998196393
2025-04-17,6+12+18,12,353,0.0050021669958368875
2025-04-17,6+12+18,18,325,0.0043835420001414604
2025-04-18,6+12+18,0,331,0.003070749997277744
2025-04-18,6+12+18,6,326,0.005054834000475239
2025-04-18,6+12+18,12,297,0.004379415993753355
2025-04-18,6+12+18,18,316,0.0044173749993206
2025-04-19,6+12+18,0,331,0.002784125004836824
2025-04-19,6+12+18,6,339,0.005416499996499624
2025-04-19,6+12+18,12,298,0.004402167003718205
2025-04-19,6+12+18,18,315,0.004620624997187406
2025-04-20,6+12+18,0,367,0.0029848749982193112
2025-04-20,6+12+18,6,397,0.004928207999910228
2025-04-20,6+12+18,12,376,0.004633500000636559
2025-04-20,6+12+18,18,343,0.004469374995096587
2025-04-21,6+12+18,0,376,0.0029509579981095158
2025-04-21,6+12+18,6,439,0.005130249999638181
2025-04-21,6+12+18,12,420,0.005022541001380887
2025-04-21,6+12+18,18,416,0.005112999999255408
2025-04-22,6+12+18,0,355,0.0028433749976102263
2025-04-22,6+12+18,6,474,0.005549875000724569
2025-04-22,6+12+18,12,426,0.005140042005223222
2025-04-22,6+12+18,18,429,0.004868374999205116
2025-04-23,6+12+18,0,353,0.0029490830056602135
2025-04-23,6+12+18,6,375,0.005021125005441718
2025-04-23,6+12+18,12,361,0.005004334001569077
2025-04-23,6+12+18,18,332,0.0044172499983687885
2025-04-24,6+12+18,0,358,0.0029631249999511056
2025-04-24,6+12+18,6,328,0.004895792000752408
2025-04-24,6+12+18,12,361,0.004639999999199063
2025-04-24,6+12+18,18,322,0.004676874996221159
2025-04-25,6+12+18,0,330,0.0028827499991166405
2025-04-25,6+12+18,6,286,0.004781916999490932
2025-04-25,6+12+18,12,294,0.004381040998850949
2025-04-25,6+12+18,18,298,0.004383583000162616
2025-04-26,6+12+18,0,325,0.0030166249998728745
2025-04-26,6+12+18,6,339,0.004959958001563791
2025-04-26,6+12+18,12,307,0.004541750000498723
2025-04-26,6+12+18,18,318,0.004597083003318403
2025-04-27,6+12+18,0,359,0.002954374998807907
2025-04-27,6+12+18,6,445,0.0050425829977029935
2025-04-27,6+12+18,12,406,0.004992582995328121
2025-04-27,6+12+18,18,415,0.005224207998253405
2025-04-28,6+12+18,0,362,0.0030152920007822104
2025-04-28,6+12+18,6,479,0.005389624995586928
2025-04-28,6+12+18,12,391,0.00489120800193632
2025-04-28,6+12+18,18,414,0.004645082997740246
2025-04-29,6+12+18,0,365,0.003165165995596908
2025-04-29,6+12+18,6,434,0.005500042003404815
2025-04-29,6+12+18,12,443,0.0050141250030719675
2025-04-29,6+12+18,18,427,0.005025334001402371
2025-04-30,6+12+18,0,366,0.0028764590024366044
2025-04-30,6+12+18,6,419,0.005706457995984238
2025-04-30,6+12+18,12,403,0.004749040999740828
2025-04-30,6+12+18,18,396,0.0048614580009598285
2025-05-01,6+12+18,0,360,0.0029891660014982335
2025-05-01,6+12+18,6,361,0.004879333995631896
2025-05-01,6+12+18,12,360,0.00464158300019335
2025-05-01,6+12+18,18,323,0.00476104200060945
2025-05-02,6+12+18,0,350,0.0029908750002505258
2025-05-02,6+12+18,6,344,0.004673041999922134
2025-05-02,6+12+18,12,306,0.004324124995036982
2025-05-02,6+12+18,18,311,0.004729166998004075
2025-05-03,6+12+18,0,342,0.0029212500012363307
2025-05-03,6+12+18,6,348,0.004634500000975095
2025-05-03,6+12+18,12,314,0.004791166997165419
2025-05-03,6+12+18,18,314,0.0043221249943599105
2025-05-04,6+12+18,0,378,0.002914333002991043
2025-05-04,6+12+18,6,463,0.0055437920018448494
2025-05-04,6+12+18,12,413,0.005473334000271279
2025-05-04,6+12+18,18,438,0.004757165996124968
2025-05-05,6+12+18,0,371,0.003058249996684026
2025-05-05,6+12+18,6,413,0.005350416999135632
2025-05-05,6+12+18,12,394,0.004660083002818283
2025-05-05,6+12+18,18,416,0.004575374994601589
2025-05-06,6+12+18,0,359,0.0028892910049762577
2025-05-06,6+12+18,6,471,0.005886833998374641
2025-05-06,6+12+18,12,473,0.005195833000470884
2025-05-06,6+12+18,18,421,0.005031166998378467
2025-05-07,6+12+18,0,362,0.003194584001903422
2025-05-07,6+12+18,6,456,0.005203042004723102
2025-05-07,6+12+18,12,439,0.00513824999507051
2025-05-07,6+12+18,18,418,0.004932541000016499
2025-05-08,6+12+18,0,372,0.002980082994326949
2025-05-08,6+12+18,6,362,0.004778540998813696
2025-05-08,6+12+18,12,368,0.004971707996446639
2025-05-08,6+12+18,18,325,0.00445404199854238
2025-05-09,6+12+18,0,349,0.0029371249984251335
2025-05-09,6+12+18,6,273,0.004848165997827891
2025-05-09,6+12+18,12,301,0.004610500000126194
2025-05-09,6+12+18,18,291,0.004451458000403363
2025-05-10,6+12+18,0,351,0.0028068329993402585
2025-05-10,6+12+18,6,355,0.004961957994964905
2025-05-10,6+12+18,12,300,0.004519041998719331
2025-05-10,6+12+18,18,330,0.004564291004498955
2025-05-11,6+12+18,0,375,0.0030414579960051924
2025-05-11,6+12+18,6,461,0.005562375001318287
2025-05-11,6+12+18,12,405,0.004809707999811508
2025-05-11,6+12+18,18,395,0.004653167001379188
2025-05-12,6+12+18,0,371,0.00310854099370772
2025-05-12,6+12+18,6,455,0.005237290999502875
2025-05-12,6+12+18,12,429,0.0048391249947599135
2025-05-12,6+12+18,18,424,0.005477333994349465
2025-05-13,6+12+18,0,374,0.0030302499944809824
2025-05-13,6+12+18,6,339,0.0046390000061364844
2025-05-13,6+12+18,12,373,0.004946917004417628
2025-05-13,6+12+18,18,335,0.004662832994654309
2025-05-14,6+12+18,0,368,0.0029217080009402707
2025-05-14,6+12+18,6,408,0.005069875005574431
2025-05-14,6+12+18,12,320,0.0046390420029638335
2025-05-14,6+12+18,18,354,0.004591375000018161
2025-05-15,6+12+18,0,373,0.0030740829970454797
2025-05-15,6+12+18,6,343,0.0051740420021815225
2025-05-15,6+12+18,12,322,0.004702375001215842
2025-05-15,6+12+18,18,317,0.004354999997303821
2025-05-16,6+12+18,0,334,0.0028127499972470105
2025-05-16,6+12+18,6,271,0.004565583003568463
2025-05-16,6+12+18,12,303,0.004378958998131566
2025-05-16,6+12+18,18,289,0.004282416994101368
2025-05-17,6+12+18,0,347,0.0028405000048223883
2025-05-17,6+12+18,6,355,0.005122000002302229
2025-05-17,6+12+18,12,309,0.004360124999948312
2025-05-17,6+12+18,18,318,0.004639915998268407
2025-05-18,6+12+18,0,372,0.003299916999822017
2025-05-18,6+12+18,6,440,0.005654708998918068
2025-05-18,6+12+18,12,418,0.004938541998853907
2025-05-18,6+12+18,18,411,0.0048838330039870925
2025-05-19,6+12+18,0,364,0.003011875000083819
2025-05-19,6+12+18,6,447,0.005500166997080669
2025-05-19,6+12+18,12,417,0.0050501250007073395
2025-05-19,6+12+18,18,422,0.005044375000579748
2025-05-20,6+12+18,0,371,0.0030556250057998113
2025-05-20,6+12+18,6,423,0.005217833997448906
2025-05-20,6+12+18,12,341,0.004828000004636124
2025-05-20,6+12+18,18,359,0.004634165998140816
2025-05-21,6+12+18,0,370,0.00301062499784166
2025-05-21,6+12+18,6,428,0.005538915997021832
2025-05-21,6+12+18,12,351,0.004695499999797903
2025-05-21,6+12+18,18,341,0.004437249997863546
2025-05-22,6+12+18,0,363,0.0031170840011327527
2025-05-22,6+12+18,6,344,0.00514291699801106
2025-05-22,6+12+18,12,337,0.004488457998377271
2025-05-22,6+12+18,18,319,0.004596582999511156
2025-05-23,6+12+18,0,340,0.0031692080010543577
2025-05-23,6+12+18,6,277,0.0044257080007810146
2025-05-23,6+12+18,12,306,0.004390374997456092
2025-05-23,6+12+18,18,292,0.004304541005694773
2025-05-24,6+12+18,0,333,0.0029555419969256036
2025-05-24,6+12+18,6,349,0.004612790995452087
2025-05-24,6+12+18,12,304,0.004601124994223937
2025-05-24,6+12+18,18,320,0.004653333999158349
2025-05-25,6+12+18,0,352,0.0029461660014931113
2025-05-25,6+12+18,6,435,0.005204875000345055
2025-05-25,6+12+18,12,477,0.005689332996553276
2025-05-25,6+12+18,18,362,0.0048092920042108744
2025-05-26,6+12+18,0,370,0.002954333001980558
2025-05-26,6+12+18,6,410,0.005299625001498498
2025-05-26,6+12+18,12,373,0.004966000000422355
2025-05-26,6+12+18,18,378,0.004489584003749769
2025-05-27,6+12+18,0,362,0.002895083001931198
2025-05-27,6+12+18,6,359,0.005558791999646928
2025-05-27,6+12+18,12,348,0.004774000000907108
2025-05-27,6+12+18,18,320,0.004732542001875117
2025-05-28,6+12+18,0,354,0.002977915995870717
2025-05-28,6+12+18,6,432,0.005404457995609846
2025-05-28,6+12+18,12,363,0.004763290999107994
2025-05-28,6+12+18,18,348,0.004628000002412591
2025-05-29,6+12+18,0,356,0.003087333003350068
2025-05-29,6+12+18,6,381,0.004793749998498242
2025-05-29,6+12+18,12,334,0.004641457999241538
2025-05-29,6+12+18,18,306,0.0048349589997087605
2025-05-30,6+12+18,0,355,0.0028616659983526915
2025-05-30,6+12+18,6,279,0.004301917004340794
2025-05-30,6+12+18,12,305,0.0044796250003855675
2025-05-30,6+12+18,18,290,0.004677958000684157
2025-05-31,6+12+18,0,353,0.0027933329984080046
2025-05-31,6+12+18,6,363,0.0047515829937765375
2025-05-31,6+12+18,12,357,0.005068750004284084
2025-05-31,6+12+18,18,320,0.004766457997902762
2025-06-01,6+12+18,0,366,0.003132334000838455
2025-06-01,6+12+18,6,452,0.005218292004428804
2025-06-01,6+12+18,12,387,0.005201208005018998
2025-06-01,6+12+18,18,425,0.004787624995515216
2025-06-02,6+12+18,0,365,0.0034409170038998127
2025-06-02,6+12+18,6,448,0.005548499997530598
2025-06-02,6+12+18,12,409,0.004875958002230618
2025-06-02,6+12+18,18,401,0.004874584003118798
2025-06-03,6+12+18,0,355,0.0032599160040263087
2025-06-03,6+12+18,6,389,0.005307750005158596
2025-06-03,6+12+18,12,339,0.00468870899931062
2025-06-03,6+12+18,18,313,0.004430250002769753
2025-06-04,6+12+18,0,366,0.0030732500017620623
2025-06-04,6+12+18,6,427,0.00488795799901709
2025-06-04,6+12+18,12,349,0.004882666005869396
2025-06-04,6+12+18,18,359,0.004833332997804973
2025-06-05,6+12+18,0,360,0.0030590409951400943
2025-06-05,6+12+18,6,373,0.0049045830019167624
2025-06-05,6+12+18,12,344,0.004910875002678949
2025-06-05,6+12+18,18,307,0.004605208996508736
2025-06-06,6+12+18,0,383,0.003117416999884881
2025-06-06,6+12+18,6,301,0.004526332995737903
2025-06-06,6+12+18,12,321,0.004898665996734053
2025-06-06,6+12+18,18,292,0.004324542001995724
2025-06-07,6+12+18,0,382,0.003315957997983787
2025-06-07,6+12+18,6,392,0.005095082997286227
2025-06-07,6+12+18,12,308,0.004413999995449558
2025-06-07,6+12+18,18,326,0.004304125002818182
2025-06-08,6+12+18,0,358,0.0030831670010229573
2025-06-08,6+12+18,6,361,0.005225957997026853
2025-06-08,6+12+18,12,336,0.00462708299892256
2025-06-08,6+12+18,18,313,0.004495624998526182
2025-06-09,6+12+18,0,352,0.0031356670006061904
2025-06-09,6+12+18,6,341,0.0047618749958928674
2025-06-09,6+12+18,12,322,0.0046795000016572885
2025-06-09,6+12+18,18,305,0.004572916994220577
2025-06-10,6+12+18,0,357,0.003105208001215942
2025-06-10,6+12+18,6,357,0.004691082998760976
2025-06-10,6+12+18,12,351,0.004949166999722365
2025-06-10,6+12+18,18,309,0.004745874997752253
2025-06-11,6+12+18,0,359,0.002976916999614332
2025-06-11,6+12+18,6,400,0.00479720799921779
2025-06-11,6+12+18,12,343,0.004526083001110237
2025-06-11,6+12+18,18,334,0.00481887500063749
2025-06-12,6+12+18,0,362,0.0030736249973415397
2025-06-12,6+12+18,6,395,0.004818832996534184
2025-06-12,6+12+18,12,349,0.004733207999379374
2025-06-12,6+12+18,18,300,0.004440999997314066
2025-06-13,6+12+18,0,383,0.0030902919970685616
2025-06-13,6+12+18,6,317,0.004575124999973923
2025-06-13,6+12+18,12,323,0.004986957996152341
2025-06-13,6+12+18,18,289,0.004331792006269097
2025-06-14,6+12+18,0,386,0.0030504169990308583
2025-06-14,6+12+18,6,375,0.005062500000349246
2025-06-14,6+12+18,12,323,0.004549791003228165
2025-06-14,6+12+18,18,338,0.004669375004596077
2025-06-15,6+12+18,0,359,0.00306129200180294
2025-06-15,6+12+18,6,356,0.004952458999468945
2025-06-15,6+12+18,12,327,0.004451542001334019
2025-06-15,6+12+18,18,303,0.004353999996965285
2025-06-16,6+12+18,0,358,0.0032573339994996786
2025-06-16,6+12+18,6,385,0.004905875000986271
2025-06-16,6+12+18,12,337,0.004588666997733526
2025-06-16,6+12+18,18,306,0.0044847499957541
2025-06-17,6+12+18,0,356,0.0030669999978272244
2025-06-17,6+12+18,6,389,0.005034875001001637
2025-06-17,6+12+18,12,340,0.004620166997483466
2025-06-17,6+12+18,18,309,0.004978334000043105
2025-06-18,6+12+18,0,350,0.002967375003208872
2025-06-18,6+12+18,6,463,0.00533141699997941
2025-06-18,6+12+18,12,356,0.0047195829974953085
2025-06-18,6+12+18,18,358,0.004756833004648797
2025-06-19,6+12+18,0,351,0.0029667909984709695
2025-06-19,6+12+18,6,367,0.004853625003306661
2025-06-19,6+12+18,12,345,0.005050250001659151
2025-06-19,6+12+18,18,303,0.0043193749952479266
2025-06-20,6+12+18,0,370,0.002994875001604669
2025-06-20,6+12+18,6,318,0.004714166992926039
2025-06-20,6+12+18,12,323,0.004628916998626664
2025-06-20,6+12+18,18,291,0.0045403749973047525
2025-06-21,6+12+18,0,373,0.0030089170031715184
2025-06-21,6+12+18,6,401,0.0055257920030271634
2025-06-21,6+12+18,12,314,0.004488541999307927
2025-06-21,6+12+18,18,340,0.004543625000223983
2025-06-22,6+12+18,0,350,0.003389041004993487
2025-06-22,6+12+18,6,441,0.005401125003118068
2025-06-22,6+12+18,12,353,0.004744917001517024
2025-06-22,6+12+18,18,353,0.004680500001995824
2025-06-23,6+12+18,0,351,0.002999333002662752
2025-06-23,6+12+18,6,440,0.005383249997976236
2025-06-23,6+12+18,12,340,0.0047812079938012175
2025-06-23,6+12+18,18,355,0.0049697089998517185
2025-06-24,6+12+18,0,349,0.00301995799964061
2025-06-24,6+12+18,6,342,0.004650249997212086
2025-06-24,6+12+18,12,312,0.005087459001515526
2025-06-24,6+12+18,18,295,0.004397166994749568
2025-06-25,6+12+18,0,345,0.0029079169980832376
2025-06-25,6+12+18,6,452,0.0052900000009685755
2025-06-25,6+12+18,12,347,0.00487887500639772
2025-06-25,6+12+18,18,322,0.004417749994900078
2025-06-26,6+12+18,0,353,0.0030947499981266446
2025-06-26,6+12+18,6,375,0.005135500003234483
2025-06-26,6+12+18,12,334,0.004895833000773564
2025-06-26,6+12+18,18,290,0.004391708003822714
2025-06-27,6+12+18,0,384,0.003208542002539616
2025-06-27,6+12+18,6,324,0.0045730420024483465
2025-06-27,6+12+18,12,334,0.004618667000613641
2025-06-27,6+12+18,18,288,0.0045519580016843975
2025-06-28,6+12+18,0,384,0.003319584000564646
2025-06-28,6+12+18,6,395,0.005029625004681293
2025-06-28,6+12+18,12,325,0.004557624997687526
2025-06-28,6+12+18,18,333,0.0046862500021234155
2025-06-29,6+12+18,0,355,0.0031370419965242036
2025-06-29,6+12+18,6,441,0.005404083000030369
2025-06-29,6+12+18,12,358,0.004695499999797903
2025-06-29,6+12+18,18,351,0.004638999998860527
2025-06-30,6+12+18,0,360,0.0029744169951300137
2025-06-30,6+12+18,6,342,0.004983291997632477
2025-06-30,6+12+18,12,328,0.005025459002354182
2025-06-30,6+12+18,18,299,0.004457458002434578
2025-07-01,6+12+18,0,348,0.0029353339996305294
2025-07-01,6+12+18,6,374,0.005001207995519508
2025-07-01,6+12+18,12,331,0.004730749998998363
2025-07-01,6+12+18,18,298,0.004619084000296425
2025-07-02,6+12+18,0,345,0.0030191670011845417
2025-07-02,6+12+18,6,443,0.005898916002479382
2025-07-02,6+12+18,12,380,0.004615166995790787
2025-07-02,6+12+18,18,359,0.004724250000435859
2025-07-03,6+12+18,0,352,0.0032581670020590536
2025-07-03,6+12+18,6,373,0.004899999999906868
2025-07-03,6+12+18,12,341,0.004629750001186039
2025-07-03,6+12+18,18,295,0.004389542002172675
2025-07-04,6+12+18,0,366,0.0028310410052654333
2025-07-04,6+12+18,6,368,0.004710834000434261
2025-07-04,6+12+18,12,309,0.004578542000672314
2025-07-04,6+12+18,18,294,0.0047506669943686575
2025-07-05,6+12+18,0,354,0.002822415997798089
2025-07-05,6+12+18,6,437,0.005125416995724663
2025-07-05,6+12+18,12,323,0.0049121670017484576
2025-07-05,6+12+18,18,342,0.0044867500037071295
2025-07-06,6+12+18,0,342,0.002792208004393615
2025-07-06,6+12+18,6,432,0.005266708001727238
2025-07-06,6+12+18,12,354,0.005125458003021777
2025-07-06,6+12+18,18,344,0.004504791999352165
2025-07-07,6+12+18,0,342,0.0029990830007591285
2025-07-07,6+12+18,6,413,0.005453249999845866
2025-07-07,6+12+18,12,354,0.004833332997804973
2025-07-07,6+12+18,18,336,0.004587333001836669
2025-07-08,6+12+18,0,348,0.0029253750035422854
2025-07-08,6+12+18,6,409,0.00535150000359863
2025-07-08,6+12+18,12,365,0.004757250004331581
2025-07-08,6+12+18,18,343,0.004581458000757266
2025-07-09,6+12+18,0,352,0.003203666004992556
2025-07-09,6+12+18,6,421,0.005188165996514726
2025-07-09,6+12+18,12,356,0.004915332996461075
2025-07-09,6+12+18,18,352,0.004721249999420252
2025-07-10,6+12+18,0,338,0.0028728329998557456
2025-07-10,6+12+18,6,345,0.004750291001982987
2025-07-10,6+12+18,12,341,0.0050618329987628385
2025-07-10,6+12+18,18,292,0.004529499994532671
2025-07-11,6+12+18,0,370,0.0028882080005132593
2025-07-11,6+12+18,6,341,0.004922207997879013
2025-07-11,6+12+18,12,317,0.004651499999454245
2025-07-11,6+12+18,18,298,0.0046287500008475035
2025-07-12,6+12+18,0,345,0.0027893749938812107
2025-07-12,6+12+18,6,439,0.0054926669981796294
2025-07-12,6+12+18,12,316,0.004532957995252218
2025-07-12,6+12+18,18,325,0.004288083000574261
2025-07-13,6+12+18,0,347,0.002758707996690646
2025-07-13,6+12+18,6,345,0.0049086660001194105
2025-07-13,6+12+18,12,316,0.004773958004079759
2025-07-13,6+12+18,18,304,0.004373499999928754
2025-07-14,6+12+18,0,341,0.002911208001023624
2025-07-14,6+12+18,6,387,0.005685374999302439
2025-07-14,6+12+18,12,338,0.0046275409986265
2025-07-14,6+12+18,18,340,0.004617291000613477
2025-07-15,6+12+18,0,330,0.0030267500042100437
2025-07-15,6+12+18,6,312,0.004793957996298559
2025-07-15,6+12+18,12,298,0.0044432080030674115
2025-07-15,6+12+18,18,280,0.004573791004077066
2025-07-16,6+12+18,0,333,0.002892624994274229
2025-07-16,6+12+18,6,319,0.0047303749961429276
2025-07-16,6+12+18,12,307,0.004847958000027575
2025-07-16,6+12+18,18,277,0.0046868329955032095
2025-07-17,6+12+18,0,346,0.002998500000103377
2025-07-17,6+12+18,6,340,0.00479066700063413
2025-07-17,6+12+18,12,332,0.00471879199903924
2025-07-17,6+12+18,18,290,0.004485625002416782
2025-07-18,6+12+18,0,362,0.0027856669985339977
2025-07-18,6+12+18,6,389,0.00507008299609879
2025-07-18,6+12+18,12,328,0.004842708993237466
2025-07-18,6+12+18,18,326,0.004310582997277379
2025-07-19,6+12+18,0,363,0.0028150419966550544
2025-07-19,6+12+18,6,365,0.0051917079981649294
2025-07-19,6+12+18,12,335,0.004702082995208912
2025-07-19,6+12+18,18,330,0.004586834002111573
2025-07-20,6+12+18,0,338,0.0029393330041784793
2025-07-20,6+12+18,6,337,0.005223457999818493
2025-07-20,6+12+18,12,319,0.004597582999849692
2025-07-20,6+12+18,18,287,0.004462791002879385
2025-07-21,6+12+18,0,337,0.003096833999734372
2025-07-21,6+12+18,6,306,0.004781832998560276
2025-07-21,6+12+18,12,309,0.004595541002345271
2025-07-21,6+12+18,18,281,0.0043543339997995645
2025-07-22,6+12+18,0,314,0.003018625000549946
2025-07-22,6+12+18,6,351,0.004842291004024446
2025-07-22,6+12+18,12,307,0.004572833000565879
2025-07-22,6+12+18,18,284,0.0045007500011706725
2025-07-23,6+12+18,0,314,0.003062125004362315
2025-07-23,6+12+18,6,291,0.0043624999962048605
2025-07-23,6+12+18,12,294,0.004675084004702512
2025-07-23,6+12+18,18,273,0.004614000004949048
2025-07-24,6+12+18,0,311,0.00280837500031339
2025-07-24,6+12+18,6,301,0.004599499996402301
2025-07-24,6+12+18,12,297,0.004599416999553796
2025-07-24,6+12+18,18,289,0.004585916998621542
2025-07-25,6+12+18,0,334,0.0027208750034333207
2025-07-25,6+12+18,6,394,0.0050528339997981675
2025-07-25,6+12+18,12,336,0.004799999995157123
2025-07-25,6+12+18,18,327,0.00455412500014063
2025-07-26,6+12+18,0,357,0.002784875003271736
2025-07-26,6+12+18,6,385,0.0052254159963922575
2025-07-26,6+12+18,12,345,0.004941958002746105
2025-07-26,6+12+18,18,325,0.004345917004684452
2025-07-27,6+12+18,0,322,0.0028732919963658787
2025-07-27,6+12+18,6,318,0.004734583999379538
2025-07-27,6+12+18,12,312,0.0046387499969569035
2025-07-27,6+12+18,18,283,0.004571625002427027
2025-07-28,6+12+18,0,318,0.0028472920021158643
2025-07-28,6+12+18,6,398,0.005471208001836203
2025-07-28,6+12+18,12,314,0.004540665999229532
2025-07-28,6+12+18,18,317,0.004484375000174623
2025-07-29,6+12+18,0,301,0.003041999996639788
2025-07-29,6+12+18,6,398,0.005103583003801759
2025-07-29,6+12+18,12,302,0.004541541995422449
2025-07-29,6+12+18,18,300,0.004398834003950469
2025-07-30,6+12+18,0,312,0.003017374998307787
2025-07-30,6+12+18,6,393,0.005162708002899308
2025-07-30,6+12+18,12,328,0.004707333995611407
2025-07-30,6+12+18,18,326,0.005141458001162391
2025-07-31,6+12+18,0,318,0.0027990840026177466
2025-07-31,6+12+18,6,326,0.004684542000177316
2025-07-31,6+12+18,12,312,0.004600041997036897
2025-07-31,6+12+18,18,284,0.00466233299812302
2025-08-01,6+12+18,0,338,0.002779166999971494
2025-08-01,6+12+18,6,323,0.004839625005843118
2025-08-01,6+12+18,12,333,0.004997416996047832
2025-08-01,6+12+18,18,308,0.0045118750058463775
2025-08-02,6+12+18,0,367,0.0029334999999264255
2025-08-02,6+12+18,6,386,0.005206207999435719
2025-08-02,6+12+18,12,332,0.004671249997045379
2025-08-02,6+12+18,18,323,0.004490624996833503
2025-08-03,6+12+18,0,329,0.0026845829997910187
2025-08-03,6+12+18,6,331,0.005119417000969406
2025-08-03,6+12+18,12,295,0.004418958000314888
2025-08-03,6+12+18,18,282,0.004624624998541549
2025-08-04,6+12+18,0,330,0.002849457996489946
2025-08-04,6+12+18,6,302,0.005015916998672765
2025-08-04,6+12+18,12,293,0.004506457997194957
2025-08-04,6+12+18,18,289,0.004592541001329664
2025-08-05,6+12+18,0,337,0.0029500000018742867
2025-08-05,6+12+18,6,317,0.004751208005473018
2025-08-05,6+12+18,12,299,0.004463708995899651
2025-08-05,6+12+18,18,281,0.004455832997336984
2025-08-06,6+12+18,0,335,0.0030528330025845207
2025-08-06,6+12+18,6,379,0.005034374997194391
2025-08-06,6+12+18,12,311,0.004524208001384977
2025-08-06,6+12+18,18,309,0.00486133399681421
2025-08-07,6+12+18,0,331,0.0028804579997085966
2025-08-07,6+12+18,6,312,0.004628165996109601
2025-08-07,6+12+18,12,309,0.004767374994116835
2025-08-07,6+12+18,18,289,0.0042680420010583475
2025-08-08,6+12+18,0,343,0.0027714579991879873
2025-08-08,6+12+18,6,289,0.0047123330004978925
2025-08-08,6+12+18,12,315,0.005251167000096757
2025-08-08,6+12+18,18,290,0.004301541994209401
2025-08-09,6+12+18,0,349,0.002831916994182393
2025-08-09,6+12+18,6,348,0.005330708001565654
2025-08-09,6+12+18,12,318,0.004448166000656784
2025-08-09,6+12+18,18,312,0.004349292001279537
2025-08-10,6+12+18,0,341,0.003012791996297892
2025-08-10,6+12+18,6,288,0.0049409999992349185
2025-08-10,6+12+18,12,297,0.004373124997073319
2025-08-10,6+12+18,18,282,0.004563333000987768
2025-08-11,6+12+18,0,345,0.0035854169982485473
2025-08-11,6+12+18,6,335,0.004692333001003135
2025-08-11,6+12+18,12,321,0.0045371250016614795
2025-08-11,6+12+18,18,285,0.004544084004010074
2025-08-12,6+12+18,0,332,0.002838874999724794
2025-08-12,6+12+18,6,322,0.004816458000277635
2025-08-12,6+12+18,12,313,0.004578084000968374
2025-08-12,6+12+18,18,289,0.004656332996091805
2025-08-13,6+12+18,0,340,0.0027909170021303
2025-08-13,6+12+18,6,382,0.004916499994578771
2025-08-13,6+12+18,12,330,0.005158959000254981
2025-08-13,6+12+18,18,309,0.004572416000883095
2025-08-14,6+12+18,0,342,0.0027976670025964268
2025-08-14,6+12+18,6,312,0.004743417004647199
2025-08-14,6+12+18,12,296,0.005002584002795629
2025-08-14,6+12+18,18,289,0.0043412500017439015
2025-08-15,6+12+18,0,376,0.0030152919935062528
2025-08-15,6+12+18,6,297,0.004599791995133273
2025-08-15,6+12+18,12,320,0.004737832998216618
2025-08-15,6+12+18,18,291,0.004297207997296937
2025-08-16,6+12+18,0,361,0.0029276249988470227
2025-08-16,6+12+18,6,360,0.004968583001755178
2025-08-16,6+12+18,12,323,0.004651125003874768
2025-08-16,6+12+18,18,321,0.00445962500089081
2025-08-17,6+12+18,0,344,0.0028580420039361343
2025-08-17,6+12+18,6,309,0.004968583001755178
2025-08-17,6+12+18,12,303,0.00468850000470411
2025-08-17,6+12+18,18,290,0.004482083997572772
2025-08-18,6+12+18,0,344,0.003381624999747146
2025-08-18,6+12+18,6,316,0.004672458002460189
2025-08-18,6+12+18,12,295,0.0044270840007811785
2025-08-18,6+12+18,18,283,0.004631374999007676
2025-08-19,6+12+18,0,344,0.0029724170017288998
2025-08-19,6+12+18,6,333,0.004568958000163548
2025-08-19,6+12+18,12,314,0.004670792004617397
2025-08-19,6+12+18,18,299,0.004754458001116291
2025-08-20,6+12+18,0,343,0.00310837500001071
2025-08-20,6+12+18,6,381,0.004827165997994598
2025-08-20,6+12+18,12,304,0.00486554199596867
2025-08-20,6+12+18,18,318,0.004667207998863887
2025-08-21,6+12+18,0,345,0.002931499999249354
2025-08-21,6+12+18,6,308,0.004547374999674503
2025-08-21,6+12+18,12,304,0.005274041002849117
2025-08-21,6+12+18,18,289,0.004310666998208035
2025-08-22,6+12+18,0,355,0.0028404170006979257
2025-08-22,6+12+18,6,291,0.004814874999283347
2025-08-22,6+12+18,12,319,0.004699749995779712
2025-08-22,6+12+18,18,290,0.004451832995982841
2025-08-23,6+12+18,0,348,0.002805208998324815
2025-08-23,6+12+18,6,356,0.004998291995434556
2025-08-23,6+12+18,12,331,0.004657292003685143
2025-08-23,6+12+18,18,320,0.004600333995767869
2025-08-24,6+12+18,0,336,0.003036624999367632
2025-08-24,6+12+18,6,372,0.005111040998599492
2025-08-24,6+12+18,12,347,0.004654458003642503
2025-08-24,6+12+18,18,313,0.00428670799738029
2025-08-25,6+12+18,0,362,0.0030627080050180666
2025-08-25,6+12+18,6,300,0.004334791003202554
2025-08-25,6+12+18,12,304,0.004499125003349036
2025-08-25,6+12+18,18,285,0.004875959006312769
2025-08-26,6+12+18,0,332,0.0028801250009564683
2025-08-26,6+12+18,6,385,0.004779084003530443
2025-08-26,6+12+18,12,317,0.004668874993512873
2025-08-26,6+12+18,18,328,0.004858291998971254
2025-08-27,6+12+18,0,350,0.0028154999963589944
2025-08-27,6+12+18,6,402,0.005087375000584871
2025-08-27,6+12+18,12,306,0.004663042003812734
2025-08-27,6+12+18,18,302,0.004600833999575116
2025-08-28,6+12+18,0,340,0.002871707998565398
2025-08-28,6+12+18,6,324,0.004944916996464599
2025-08-28,6+12+18,12,320,0.005109208002977539
2025-08-28,6+12+18,18,287,0.004308834002586082
2025-08-29,6+12+18,0,364,0.002841207999153994
2025-08-29,6+12+18,6,369,0.004803999996511266
2025-08-29,6+12+18,12,323,0.004472207998333033
2025-08-29,6+12+18,18,311,0.00450420800189022
2025-08-30,6+12+18,0,360,0.002977750002173707
2025-08-30,6+12+18,6,366,0.005209791997913271
2025-08-30,6+12+18,12,317,0.004391500006022397
2025-08-30,6+12+18,18,315,0.004448541003512219
2025-08-31,6+12+18,0,343,0.002965749998111278
2025-08-31,6+12+18,6,383,0.005161084001883864
2025-08-31,6+12+18,12,306,0.004480957999476232
2025-08-31,6+12+18,18,316,0.004707250001956709
2025-09-01,6+12+18,0,351,0.0033620419999351725
2025-09-01,6+12+18,6,313,0.004437375006091315
2025-09-01,6+12+18,12,299,0.004733708999992814
2025-09-01,6+12+18,18,288,0.00494983300450258
2025-09-02,6+12+18,0,345,0.0029048750002402812
2025-09-02,6+12+18,6,330,0.004620125000656117
2025-09-02,6+12+18,12,300,0.004585458998917602
2025-09-02,6+12+18,18,291,0.004498250003962312
2025-09-03,6+12+18,0,341,0.0028967089965590276
2025-09-03,6+12+18,6,376,0.005132708996825386
2025-09-03,6+12+18,12,321,0.004945500004396308
2025-09-03,6+12+18,18,323,0.004266500000085216
2025-09-04,6+12+18,0,339,0.00282024999614805
2025-09-04,6+12+18,6,300,0.004649208000046201
2025-09-04,6+12+18,12,305,0.005001375000574626
2025-09-04,6+12+18,18,289,0.004251165999448858
2025-09-05,6+12+18,0,338,0.002773999993223697
2025-09-05,6+12+18,6,283,0.004498707996390294
2025-09-05,6+12+18,12,313,0.004544082999927923
2025-09-05,6+12+18,18,287,0.00443999999697553
2025-09-06,6+12+18,0,343,0.002938249999715481
2025-09-06,6+12+18,6,366,0.005311499997333158
2025-09-06,6+12+18,12,312,0.004420124998432584
2025-09-06,6+12+18,18,319,0.004432707995874807
2025-09-07,6+12+18,0,337,0.0029280830058269203
2025-09-07,6+12+18,6,398,0.005047166996519081
2025-09-07,6+12+18,12,306,0.004560790999676101
2025-09-07,6+12+18,18,326,0.004715583003417123
2025-09-08,6+12+18,0,335,0.0031504170037806034
2025-09-08,6+12+18,6,324,0.004626250003639143
2025-09-08,6+12+18,12,315,0.00456595799914794
2025-09-08,6+12+18,18,294,0.004883041998255067
2025-09-09,6+12+18,0,325,0.0030045000021345913
2025-09-09,6+12+18,6,397,0.005072457999631297
2025-09-09,6+12+18,12,320,0.0046965420042397454
2025-09-09,6+12+18,18,346,0.004755374997330364
2025-09-10,6+12+18,0,339,0.0028769170021405444
2025-09-10,6+12+18,6,391,0.005121125002915505
2025-09-10,6+12+18,12,338,0.004970250003680121
2025-09-10,6+12+18,18,332,0.004603165994922165
2025-09-11,6+12+18,0,335,0.0028625420018215664
2025-09-11,6+12+18,6,316,0.0048358749991166405
2025-09-11,6+12+18,12,305,0.0045196659993962385
2025-09-11,6+12+18,18,300,0.004489833998377435
2025-09-12,6+12+18,0,340,0.0028699590038741007
2025-09-12,6+12+18,6,288,0.004587209004967008
2025-09-12,6+12+18,12,323,0.004729207998025231
2025-09-12,6+12+18,18,288,0.0043957079979008995
2025-09-13,6+12+18,0,342,0.003021791002538521
2025-09-13,6+12+18,6,352,0.00504308300151024
2025-09-13,6+12+18,12,317,0.004648832997190766
2025-09-13,6+12+18,18,334,0.0047447909964830615
2025-09-14,6+12+18,0,343,0.0029842500007362105
2025-09-14,6+12+18,6,331,0.004923207998217549
2025-09-14,6+12+18,12,311,0.004553082995698787
2025-09-14,6+12+18,18,298,0.004634958000679035
2025-09-15,6+12+18,0,341,0.0029690000010305084
2025-09-15,6+12+18,6,391,0.004847416996199172
2025-09-15,6+12+18,12,342,0.004908791997877415
2025-09-15,6+12+18,18,372,0.0050060840003425255
2025-09-16,6+12+18,0,363,0.0030883330036886036
2025-09-16,6+12+18,6,325,0.0044917919949512
2025-09-16,6+12+18,12,318,0.0048749170018709265
2025-09-16,6+12+18,18,299,0.004507957994064782
2025-09-17,6+12+18,0,353,0.002925125001638662
2025-09-17,6+12+18,6,332,0.0044831670020357706
2025-09-17,6+12+18,12,331,0.005038041002990212
2025-09-17,6+12+18,18,307,0.004305459005990997
2025-09-18,6+12+18,0,356,0.002969832996313926
2025-09-18,6+12+18,6,348,0.0054799580029794015
2025-09-18,6+12+18,12,321,0.004475208996154834
2025-09-18,6+12+18,18,305,0.004413041002408136
2025-09-19,6+12+18,0,348,0.003129707998596132
2025-09-19,6+12+18,6,296,0.00511608299711952
2025-09-19,6+12+18,12,316,0.004456916998606175
2025-09-19,6+12+18,18,292,0.004352707997895777
2025-09-20,6+12+18,0,344,0.003028875005838927
2025-09-20,6+12+18,6,363,0.004817665998416487
2025-09-20,6+12+18,12,330,0.00466029200470075
2025-09-20,6+12+18,18,327,0.004722917001345195
2025-09-21,6+12+18,0,365,0.0030953329987823963
2025-09-21,6+12+18,6,364,0.004666541994083673
2025-09-21,6+12+18,12,311,0.004488791004405357
2025-09-21,6+12+18,18,303,0.004582541005220264
2025-09-22,6+12+18,0,370,0.002983958002005238
2025-09-22,6+12+18,6,432,0.0052069579978706315
2025-09-22,6+12+18,12,412,0.005062374999397434
2025-09-22,6+12+18,18,424,0.00521691600442864
2025-09-23,6+12+18,0,365,0.003015999995113816
2025-09-23,6+12+18,6,335,0.004671166003390681
2025-09-23,6+12+18,12,313,0.004923874999803957
2025-09-23,6+12+18,18,306,0.004517499997746199
2025-09-24,6+12+18,0,353,0.002939124999102205
2025-09-24,6+12+18,6,400,0.00512029200035613
2025-09-24,6+12+18,12,364,0.004834125000343192
2025-09-24,6+12+18,18,333,0.004470749998290557
2025-09-25,6+12+18,0,374,0.0029950000025564805
2025-09-25,6+12+18,6,367,0.005315041998983361
2025-09-25,6+12+18,12,319,0.004414333001477644
2025-09-25,6+12+18,18,306,0.004366459004813805
2025-09-26,6+12+18,0,374,0.003210250004485715
2025-09-26,6+12+18,6,300,0.004590166994603351
2025-09-26,6+12+18,12,321,0.0045272909992490895
2025-09-26,6+12+18,18,296,0.004555041996354703
2025-09-27,6+12+18,0,344,0.002905082998040598
2025-09-27,6+12+18,6,360,0.0046283330011647195
2025-09-27,6+12+18,12,360,0.004624083994713146
2025-09-27,6+12+18,18,351,0.0049648339991108514
2025-09-28,6+12+18,0,369,0.0030230840056901798
2025-09-28,6+12+18,6,376,0.005107791999762412
2025-09-28,6+12+18,12,361,0.004862916001002304
2025-09-28,6+12+18,18,305,0.004563791997497901
2025-09-29,6+12+18,0,376,0.0030817500010016374
2025-09-29,6+12+18,6,363,0.004910542003926821
2025-09-29,6+12+18,12,355,0.00481983400095487
2025-09-29,6+12+18,18,332,0.004447124993021134
2025-09-30,6+12+18,0,373,0.002954166993731633
2025-09-30,6+12+18,6,471,0.005893458001082763
2025-09-30,6+12+18,12,439,0.005233333999058232
2025-09-30,6+12+18,18,444,0.004899207997368649
2025-10-01,6+12+18,0,369,0.0032653330054017715
2025-10-01,6+12+18,6,340,0.004679208002926316
2025-10-01,6+12+18,12,317,0.004458041999896523
2025-10-01,6+12+18,18,305,0.004389375004393514
2025-10-02,6+12+18,0,366,0.0034271249969606288
2025-10-02,6+12+18,6,356,0.0047192079946398735
2025-10-02,6+12+18,12,349,0.004635167002561502
2025-10-02,6+12+18,18,336,0.004582417001074646
2025-10-03,6+12+18,0,341,0.0028337920011836104
2025-10-03,6+12+18,6,339,0.004651041999750305
2025-10-03,6+12+18,12,317,0.004753625005832873
2025-10-03,6+12+18,18,318,0.0048170419977395795
2025-10-04,6+12+18,0,374,0.002998124997247942
2025-10-04,6+12+18,6,385,0.004939917002047878
2025-10-04,6+12+18,12,463,0.005483834000187926
2025-10-04,6+12+18,18,438,0.005085459000838455
2025-10-05,6+12+18,0,382,0.003071000006457325
2025-10-05,6+12+18,6,398,0.005315000002156012
2025-10-05,6+12+18,12,360,0.0048471249974682
2025-10-05,6+12+18,18,349,0.004443666999577545
2025-10-06,6+12+18,0,356,0.002883416003896855
2025-10-06,6+12+18,6,485,0.0056906250028987415
2025-10-06,6+12+18,12,457,0.00513758300076006
2025-10-06,6+12+18,18,414,0.005023999998229556
2025-10-07,6+12+18,0,372,0.003147167000861373
2025-10-07,6+12+18,6,349,0.0047222919965861365
2025-10-07,6+12+18,12,331,0.0045668329985346645
2025-10-07,6+12+18,18,304,0.004740999997011386
2025-10-08,6+12+18,0,368,0.003167333001329098
2025-10-08,6+12+18,6,461,0.005214374999923166
2025-10-08,6+12+18,12,452,0.005056750000221655
2025-10-08,6+12+18,18,432,0.005091500002890825
2025-10-09,6+12+18,0,360,0.002944665997347329
2025-10-09,6+12+18,6,346,0.004869332995440345
2025-10-09,6+12+18,12,343,0.004945208995195571
2025-10-09,6+12+18,18,308,0.004473583001527004
2025-10-10,6+12+18,0,355,0.0028650840031332336
2025-10-10,6+12+18,6,320,0.004496042005484924
2025-10-10,6+12+18,12,313,0.005077916997834109
2025-10-10,6+12+18,18,311,0.00430887499533128
2025-10-11,6+12+18,0,355,0.0028323750011622906
2025-10-11,6+12+18,6,353,0.004848125005082693
2025-10-11,6+12+18,12,385,0.004697165997640695
2025-10-11,6+12+18,18,340,0.004912416996376123
2025-10-12,6+12+18,0,374,0.0031008330042823218
2025-10-12,6+12+18,6,456,0.005817749995912891
2025-10-12,6+12+18,12,410,0.004920291998132598
2025-10-12,6+12+18,18,420,0.005075624998426065
2025-10-13,6+12+18,0,368,0.0032474999970872886
2025-10-13,6+12+18,6,421,0.005147374999069143
2025-10-13,6+12+18,12,401,0.0048682080014259554
2025-10-13,6+12+18,18,429,0.004937625002639834
2025-10-14,6+12+18,0,371,0.002990291999594774
2025-10-14,6+12+18,6,447,0.0055178339971462265
2025-10-14,6+12+18,12,450,0.005443082998681348
2025-10-14,6+12+18,18,479,0.0052100829998380505
2025-10-15,6+12+18,0,371,0.003123291004158091
2025-10-15,6+12+18,6,469,0.005798582998977508
2025-10-15,6+12+18,12,458,0.005090291997476015
2025-10-15,6+12+18,18,422,0.004990665998775512
2025-10-16,6+12+18,0,373,0.003020374999323394
2025-10-16,6+12+18,6,381,0.005320832999132108
2025-10-16,6+12+18,12,354,0.004534583997156005
2025-10-16,6+12+18,18,336,0.004374708994873799
2025-10-17,6+12+18,0,337,0.003068791003897786
2025-10-17,6+12+18,6,342,0.0048435829958179966
2025-10-17,6+12+18,12,326,0.004690249996201601
2025-10-17,6+12+18,18,320,0.004679584002587944
2025-10-18,6+12+18,0,367,0.0032488750002812594
2025-10-18,6+12+18,6,365,0.004861958004767075
2025-10-18,6+12+18,12,409,0.004893333003565203
2025-10-18,6+12+18,18,357,0.0050232089997734874
2025-10-19,6+12+18,0,368,0.002974583003378939
2025-10-19,6+12+18,6,457,0.005530624999664724
2025-10-19,6+12+18,12,410,0.005092790997878183
2025-10-19,6+12+18,18,422,0.0049785830051405355
2025-10-20,6+12+18,0,364,0.00296791699656751
2025-10-20,6+12+18,6,356,0.004903958004433662
2025-10-20,6+12+18,12,319,0.004655999997339677
2025-10-20,6+12+18,18,300,0.004350375005742535
2025-10-21,6+12+18,0,363,0.0030166669967002235
2025-10-21,6+12+18,6,395,0.004726166996988468
2025-10-21,6+12+18,12,354,0.00471083299635211
2025-10-21,6+12+18,18,328,0.00470058399514528
2025-10-22,6+12+18,0,372,0.0031088749965419993
2025-10-22,6+12+18,6,489,0.005410833997302689
2025-10-22,6+12+18,12,457,0.0049849999995785765
2025-10-22,6+12+18,18,449,0.005267291999189183
2025-10-23,6+12+18,0,373,0.003121916997770313
2025-10-23,6+12+18,6,391,0.004820333000679966
2025-10-23,6+12+18,12,334,0.00473624999722233
2025-10-23,6+12+18,18,332,0.004599457999574952
2025-10-24,6+12+18,0,353,0.002819874993292615
2025-10-24,6+12+18,6,354,0.00475383300363319
2025-10-24,6+12+18,12,346,0.004952041999786161
2025-10-24,6+12+18,18,312,0.004622958993422799
2025-10-25,6+12+18,0,374,0.003033458997379057
2025-10-25,6+12+18,6,380,0.005034375004470348
2025-10-25,6+12+18,12,380,0.005026207996706944
2025-10-25,6+12+18,18,364,0.00459841699921526
2025-10-26,6+12+18,0,368,0.0030766250056331046
2025-10-26,6+12+18,6,469,0.005610249994788319
2025-10-26,6+12+18,12,449,0.004939207996358164
2025-10-26,6+12+18,18,448,0.004942916995787527
2025-10-27,6+12+18,0,363,0.002983832993777469
2025-10-27,6+12+18,6,499,0.00595966699620476
2025-10-27,6+12+18,12,463,0.005070166997029446
2025-10-27,6+12+18,18,456,0.005462916000396945
2025-10-28,6+12+18,0,369,0.0030841660045553
2025-10-28,6+12+18,6,412,0.0049087079969467595
2025-10-28,6+12+18,12,373,0.004727625004306901
2025-10-28,6+12+18,18,327,0.004826249998586718
2025-10-29,6+12+18,0,369,0.0031627079952158965
2025-10-29,6+12+18,6,445,0.005215500001213513
2025-10-29,6+12+18,12,473,0.005536500000744127
2025-10-29,6+12+18,18,469,0.0048938330000964925
2025-10-30,6+12+18,0,365,0.003002750003361143
2025-10-30,6+12+18,6,356,0.005126958996697795
2025-10-30,6+12+18,12,330,0.004792833002284169
2025-10-30,6+12+18,18,307,0.004376666001917329
2025-10-31,6+12+18,0,373,0.003238709003198892
2025-10-31,6+12+18,6,367,0.00516300000163028
2025-10-31,6+12+18,12,360,0.004599250001774635
2025-10-31,6+12+18,18,317,0.004571207995468285
2025-11-01,6+12+18,0,371,0.003034416993614286
2025-11-01,6+12+18,6,358,0.004829249999602325
2025-11-01,6+12+18,12,386,0.004960416998073924
2025-11-01,6+12+18,18,379,0.0049944589991355315
2025-11-02,6+12+18,0,383,0.0031016249995445833
2025-11-02,6+12+18,6,523,0.0053918340054224245
2025-11-02,6+12+18,12,451,0.005314041998644825
2025-11-02,6+12+18,18,463,0.005258291996142361
2025-11-03,6+12+18,0,372,0.003306875005364418
2025-11-03,6+12+18,6,475,0.005506458001036663
2025-11-03,6+12+18,12,457,0.005354166001779959
2025-11-03,6+12+18,18,469,0.00505962500028545
2025-11-04,6+12+18,0,355,0.0029847080004401505
2025-11-04,6+12+18,6,516,0.005965000003925525
2025-11-04,6+12+18,12,433,0.0051669160020537674
2025-11-04,6+12+18,18,516,0.0061659170023631305
2025-11-05,6+12+18,0,367,0.0031917919986881316
2025-11-05,6+12+18,6,475,0.005471208001836203
2025-11-05,6+12+18,12,528,0.005777166996267624
2025-11-05,6+12+18,18,477,0.005369708997022826
2025-11-06,6+12+18,0,370,0.0030471670033875853
2025-11-06,6+12+18,6,446,0.005318832998455036
2025-11-06,6+12+18,12,375,0.00480112499644747
2025-11-06,6+12+18,18,334,0.00447399999393383
2025-11-07,6+12+18,0,380,0.002975165996758733
2025-11-07,6+12+18,6,395,0.005025874997954816
2025-11-07,6+12+18,12,374,0.00488000000041211
2025-11-07,6+12+18,18,329,0.00434829099685885
2025-11-08,6+12+18,0,371,0.0032581670020590536
2025-11-08,6+12+18,6,379,0.005018666997784749
2025-11-08,6+12+18,12,417,0.004970124995452352
2025-11-08,6+12+18,18,402,0.004833874998439569
2025-11-09,6+12+18,0,378,0.003085834003286436
2025-11-09,6+12+18,6,482,0.005677499997545965
2025-11-09,6+12+18,12,525,0.0057387080014450476
2025-11-09,6+12+18,18,544,0.006493375003628898
2025-11-10,6+12+18,0,364,0.0032619169942336157
2025-11-10,6+12+18,6,527,0.005786374997114763
2025-11-10,6+12+18,12,450,0.0051032919946010225
2025-11-10,6+12+18,18,473,0.005319957999745384
2025-11-11,6+12+18,0,368,0.003045749996090308
2025-11-11,6+12+18,6,356,0.004715625000244472
2025-11-11,6+12+18,12,342,0.004825167001399677
2025-11-11,6+12+18,18,326,0.00442579200171167
2025-11-12,6+12+18,0,362,0.0029779579999740236
2025-11-12,6+12+18,6,492,0.005567166997934692
2025-11-12,6+12+18,12,432,0.005014040994865354
2025-11-12,6+12+18,18,458,0.005172457997105084
2025-11-13,6+12+18,0,370,0.0032884589963941835
2025-11-13,6+12+18,6,433,0.005185750000237022
2025-11-13,6+12+18,12,384,0.004725042002974078
2025-11-13,6+12+18,18,336,0.0047797919978620484
2025-11-14,6+12+18,0,370,0.003101125003013294
2025-11-14,6+12+18,6,371,0.004638958002033178
2025-11-14,6+12+18,12,357,0.00453820799884852
2025-11-14,6+12+18,18,335,0.004598499996063765
2025-11-15,6+12+18,0,376,0.0030363750047399662
2025-11-15,6+12+18,6,385,0.004828749995795079
2025-11-15,6+12+18,12,404,0.0053482920047827065
2025-11-15,6+12+18,18,381,0.004810000005818438
2025-11-16,6+12+18,0,388,0.003174124998622574
2025-11-16,6+12+18,6,529,0.005650792001688387
2025-11-16,6+12+18,12,551,0.006483833996753674
2025-11-16,6+12+18,18,484,0.005405417003203183
2025-11-17,6+12+18,0,363,0.003009209001902491
2025-11-17,6+12+18,6,392,0.005076041998108849
2025-11-17,6+12+18,12,333,0.004734832997201011
2025-11-17,6+12+18,18,295,0.004464416000701021
2025-11-18,6+12+18,0,358,0.0034576670004753396
2025-11-18,6+12+18,6,483,0.005259165998722892
2025-11-18,6+12+18,12,552,0.00588433400116628
2025-11-18,6+12+18,18,528,0.006177082999784034
2025-11-19,6+12+18,0,370,0.0031122080035856925
2025-11-19,6+12+18,6,522,0.005704333001631312
2025-11-19,6+12+18,12,555,0.00619649999862304
2025-11-19,6+12+18,18,522,0.005650291001074947
2025-11-20,6+12+18,0,365,0.0031014160049380735
2025-11-20,6+12+18,6,430,0.0051152500018361025
2025-11-20,6+12+18,12,377,0.004647375004424248
2025-11-20,6+12+18,18,335,0.00461708300281316
2025-11-21,6+12+18,0,373,0.003065832999709528
2025-11-21,6+12+18,6,399,0.005281707999529317
2025-11-21,6+12+18,12,368,0.004677500000980217
2025-11-21,6+12+18,18,342,0.004979541998181958
2025-11-22,6+12+18,0,375,0.003208874994015787
2025-11-22,6+12+18,6,390,0.004673666997405235
2025-11-22,6+12+18,12,432,0.004971291004039813
2025-11-22,6+12+18,18,403,0.0050209580003865995
2025-11-23,6+12+18,0,369,0.0030027499960851856
2025-11-23,6+12+18,6,534,0.0059255840023979545
2025-11-23,6+12+18,12,523,0.005840750003699213
2025-11-23,6+12+18,18,533,0.0059834999992745
2025-11-24,6+12+18,0,367,0.003099666995694861
2025-11-24,6+12+18,6,437,0.005338249997294042
2025-11-24,6+12+18,12,376,0.004685082996729761
2025-11-24,6+12+18,18,320,0.004674875002820045
2025-11-25,6+12+18,0,362,0.0030237920000217855
2025-11-25,6+12+18,6,479,0.005358333000913262
2025-11-25,6+12+18,12,450,0.005284749997372273
2025-11-25,6+12+18,18,541,0.005954791995463893
2025-11-26,6+12+18,0,361,0.003230084003007505
2025-11-26,6+12+18,6,482,0.005547082997509278
2025-11-26,6+12+18,12,540,0.005951124992861878
2025-11-26,6+12+18,18,479,0.005364166994695552
2025-11-27,6+12+18,0,370,0.0030456660024356097
2025-11-27,6+12+18,6,420,0.005106250006065238
2025-11-27,6+12+18,12,379,0.004743333003716543
2025-11-27,6+12+18,18,332,0.004417000003741123
2025-11-28,6+12+18,0,378,0.003138125000987202
2025-11-28,6+12+18,6,404,0.005025124999519903
2025-11-28,6+12+18,12,358,0.004936874996928964
2025-11-28,6+12+18,18,349,0.0046426250046351925
2025-11-29,6+12+18,0,382,0.003385167001397349
2025-11-29,6+12+18,6,414,0.004964874999132007
2025-11-29,6+12+18,12,458,0.0050972500030184165
2025-11-29,6+12+18,18,394,0.004678040997532662
2025-11-30,6+12+18,0,377,0.0033468749970779754
2025-11-30,6+12+18,6,529,0.005637333997583482
2025-11-30,6+12+18,12,548,0.005802207997476216
2025-11-30,6+12+18,18,470,0.005563416001677979
2025-12-01,6+12+18,0,357,0.0032845420064404607
2025-12-01,6+12+18,6,432,0.0049885420012287796
2025-12-01,6+12+18,12,368,0.005033124994952232
2025-12-01,6+12+18,18,313,0.004324833003920503
2025-12-02,6+12+18,0,365,0.0030659999974886887
2025-12-02,6+12+18,6,511,0.006291207995673176
2025-12-02,6+12+18,12,488,0.005366916993807536
2025-12-02,6+12+18,18,555,0.006025083996064495
2025-12-03,6+12+18,0,358,0.0034298340033274144
2025-12-03,6+12+18,6,522,0.005526917004317511
2025-12-03,6+12+18,12,509,0.005565833002037834
2025-12-03,6+12+18,18,528,0.0057893750054063275
2025-12-04,6+12+18,0,349,0.0032730829989304766
2025-12-04,6+12+18,6,402,0.004810749996977393
2025-12-04,6+12+18,12,356,0.004940792001434602
2025-12-04,6+12+18,18,337,0.004383125000458676
2025-12-05,6+12+18,0,373,0.0030927500047255307
2025-12-05,6+12+18,6,437,0.005434582999441773
2025-12-05,6+12+18,12,422,0.005554916999244597
2025-12-05,6+12+18,18,407,0.004807249999430496
2025-12-06,6+12+18,0,387,0.0032891670052777044
2025-12-06,6+12+18,6,440,0.005561999998462852
2025-12-06,6+12+18,12,478,0.0052670840013888665
2025-12-06,6+12+18,18,469,0.005304458005412016
2025-12-07,6+12+18,0,347,0.003388249999261461
2025-12-07,6+12+18,6,466,0.005388958001276478
2025-12-07,6+12+18,12,511,0.005427957999927457
2025-12-07,6+12+18,18,525,0.006153624999569729
2025-12-08,6+12+18,0,353,0.0030074590031290427
2025-12-08,6+12+18,6,437,0.005036041002313141
2025-12-08,6+12+18,12,359,0.004676583004766144
2025-12-08,6+12+18,18,301,0.004502249998040497
2025-12-09,6+12+18,0,347,0.003025957994395867
2025-12-09,6+12+18,6,392,0.004954291995090898
2025-12-09,6+12+18,12,358,0.004935208999086171
2025-12-09,6+12+18,18,315,0.004348916998424102
2025-12-10,6+12+18,0,341,0.0029847920013708062
2025-12-10,6+12+18,6,451,0.005570542001805734
2025-12-10,6+12+18,12,390,0.004726665996713564
2025-12-10,6+12+18,18,362,0.004619500003173016
2025-12-11,6+12+18,0,353,0.003046459001780022
2025-12-11,6+12+18,6,391,0.005073000000265893
2025-12-11,6+12+18,12,351,0.004611625001416542
2025-12-11,6+12+18,18,335,0.004584624999552034
2025-12-12,6+12+18,0,372,0.0032196250031120144
2025-12-12,6+12+18,6,386,0.004958416997396853
2025-12-12,6+12+18,12,327,0.004641250001441222
2025-12-12,6+12+18,18,294,0.004522542003542185
2025-12-13,6+12+18,0,388,0.0031371669974760152
2025-12-13,6+12+18,6,449,0.005214791002799757
2025-12-13,6+12+18,12,475,0.005691249993105885
2025-12-13,6+12+18,18,467,0.00542470899381442
2025-12-14,6+12+18,0,348,0.0030930419961805455
2025-12-14,6+12+18,6,469,0.005150541997863911
2025-12-14,6+12+18,12,414,0.0051561250002123415
2025-12-14,6+12+18,18,365,0.004650417002267204
2025-12-15,6+12+18,0,339,0.003053500004170928
2025-12-15,6+12+18,6,520,0.005657040994265117
2025-12-15,6+12+18,12,541,0.0059345000045141205
2025-12-15,6+12+18,18,542,0.005707582997274585
2025-12-16,6+12+18,0,345,0.0030390419997274876
2025-12-16,6+12+18,6,409,0.004922083004203159
2025-12-16,6+12+18,12,348,0.004820665999432094
2025-12-16,6+12+18,18,315,0.0044199999974807724
2025-12-17,6+12+18,0,351,0.0030107919956208207
2025-12-17,6+12+18,6,480,0.005332000000635162
2025-12-17,6+12+18,12,526,0.005867624997335952
2025-12-17,6+12+18,18,538,0.005726709001464769
2025-12-18,6+12+18,0,348,0.0029962500047986396
2025-12-18,6+12+18,6,425,0.005043833996751346
2025-12-18,6+12+18,12,369,0.005088375000923406
2025-12-18,6+12+18,18,340,0.0044568749945028685
2025-12-19,6+12+18,0,375,0.0033476250027888454
2025-12-19,6+12+18,6,444,0.005407166994700674
2025-12-19,6+12+18,12,456,0.00545695899927523
2025-12-19,6+12+18,18,432,0.00496933300019009
2025-12-20,6+12+18,0,381,0.0035291659951326437
2025-12-20,6+12+18,6,434,0.005280500001390465
2025-12-20,6+12+18,12,462,0.00537270800123224
2025-12-20,6+12+18,18,474,0.005463875000714324
2025-12-21,6+12+18,0,346,0.0029353749996516854
2025-12-21,6+12+18,6,506,0.005618041999696288
2025-12-21,6+12+18,12,523,0.006052708995412104
2025-12-21,6+12+18,18,529,0.005666917000780813
2025-12-22,6+12+18,0,356,0.0030587500004912727
2025-12-22,6+12+18,6,464,0.005459667001559865
2025-12-22,6+12+18,12,396,0.005006499995943159
2025-12-22,6+12+18,18,375,0.004589500000292901
2025-12-23,6+12+18,0,347,0.0029195000024628825
2025-12-23,6+12+18,6,418,0.005427749994851183
2025-12-23,6+12+18,12,370,0.004562917005387135
2025-12-23,6+12+18,18,361,0.0045625420025317
2025-12-24,6+12+18,0,334,0.003156124999804888
2025-12-24,6+12+18,6,412,0.004842125003051478
2025-12-24,6+12+18,12,366,0.004850834004173521
2025-12-24,6+12+18,18,368,0.004790874998434447
2025-12-25,6+12+18,0,339,0.002892374999646563
2025-12-25,6+12+18,6,435,0.0048861670002224855
2025-12-25,6+12+18,12,368,0.004873459001828451
2025-12-25,6+12+18,18,336,0.004665833999752067
2025-12-26,6+12+18,0,376,0.003208083006029483
2025-12-26,6+12+18,6,419,0.004986583997379057
2025-12-26,6+12+18,12,435,0.005298542004311457
2025-12-26,6+12+18,18,427,0.004835459003516007
2025-12-27,6+12+18,0,384,0.0030439580004895106
2025-12-27,6+12+18,6,424,0.005273916998703498
2025-12-27,6+12+18,12,455,0.005428500000562053
2025-12-27,6+12+18,18,430,0.0050888339974335395
2025-12-28,6+12+18,0,337,0.0030079170028329827
2025-12-28,6+12+18,6,507,0.00581179100117879
2025-12-28,6+12+18,12,512,0.005452874996990431
2025-12-28,6+12+18,18,539,0.005875666996871587
2025-12-29,6+12+18,0,343,0.0031275000001187436
2025-12-29,6+12+18,6,518,0.005572207999648526
2025-12-29,6+12+18,12,492,0.005965832999208942
2025-12-29,6+12+18,18,504,0.005738207997637801
2025-12-30,6+12+18,0,336,0.0029417080004350282
2025-12-30,6+12+18,6,489,0.005902917000639718
2025-12-30,6+12+18,12,457,0.005946457997197285
2025-12-30,6+12+18,18,500,0.00562674999673618
2025-12-31,6+12+18,0,354,0.003046917001483962
2025-12-31,6+12+18,6,452,0.005440375003672671
2025-12-31,6+12+18,12,524,0.005700375004380476
2025-12-31,6+12+18,18,504,0.005767875001765788
