date,combo,total_cost,plan_cost,up_cost,down_cost,emergency_cost,emergency_kwh,waste_kwh,start_soc,end_soc
2025-02-01,none,34500.69335745857,34500.69335745857,0.0,0.0,0.0,0.0,22485.906000166666,6000.000000000002,6000.000000000001
2025-02-02,none,57679.213486827924,57146.319533940106,0.0,0.0,532.893952887819,94.37887961111119,8043.818627277781,6000.000000000001,6000.0
2025-02-03,none,59031.448321291704,57924.82369767334,0.0,0.0,1106.6246236183656,250.3835802222232,7577.225825222224,6000.0,5999.999999999999
2025-02-04,none,60137.66632818257,59443.33866714092,0.0,0.0,694.3276610416538,192.21206786111125,8058.688266027781,5999.999999999999,6000.000000000004
2025-02-05,none,59602.63296573051,55210.53911637048,0.0,0.0,4392.0938493600315,1303.9349733055562,3919.9941600555553,6000.000000000004,6000.000000000003
2025-02-06,none,60073.57507838578,59029.03395057961,0.0,0.0,1044.5411278061765,240.61543322222133,8659.66798663889,6000.000000000003,6000.000000000002
2025-02-07,none,33034.45745060229,33034.45745060229,0.0,0.0,0.0,0.0,22997.560894250004,6000.000000000002,6000.0
2025-02-08,none,27983.603098192907,27983.603098192907,0.0,0.0,0.0,0.0,15278.043585499996,6000.0,6000.000000000001
2025-02-09,none,58321.26002987879,55329.61845653265,0.0,0.0,2991.6415733461376,683.0406521944442,4863.475041444446,6000.000000000001,6000.000000000002
2025-02-10,none,53580.98188848538,52149.01404358106,0.0,0.0,1431.9678449043208,284.79484216666697,5338.859820666669,6000.000000000002,6000.000000000001
2025-02-11,none,56827.30105630534,52936.63560763686,0.0,0.0,3890.6654486684815,1020.1453148888904,5850.029451055556,6000.000000000001,6000.0
2025-02-12,none,54373.57432961519,52574.22150227157,0.0,0.0,1799.3528273436236,382.25515541666664,4960.814482083332,6000.0,6000.000000000003
2025-02-13,none,52497.084210494715,48366.66928921356,0.0,0.0,4130.414921281152,979.5933510833329,4144.579755583334,6000.000000000003,6000.0
2025-02-14,none,27686.953356995742,27686.953356995742,0.0,0.0,0.0,0.0,16959.237363166663,6000.0,6000.0
2025-02-15,none,28144.109198268503,28144.109198268503,0.0,0.0,0.0,0.0,18293.676575249996,6000.0,6000.000000000001
2025-02-16,none,55476.312128409125,51920.948902472504,0.0,0.0,3555.363225936622,812.3516147499996,4711.302232916668,6000.000000000001,6000.000000000002
2025-02-17,none,55116.39728698345,51240.351914342,0.0,0.0,3876.0453726414485,893.3647045000013,8811.3203345,6000.000000000002,6000.000000000001
2025-02-18,none,61232.04743023125,45187.18150765235,0.0,0.0,16044.865922578898,4208.002071666662,1705.255961249999,6000.000000000001,6000.000000000002
2025-02-19,none,60668.25456470637,45369.44350426971,0.0,0.0,15298.811060436663,3932.437585999999,809.7274671666672,6000.000000000002,6000.000000000001
2025-02-20,none,55113.35049383118,46928.34106375737,0.0,0.0,8185.0094300738165,1871.2869184166661,3772.4002184166675,6000.000000000001,6000.0000000000055
2025-02-21,none,24483.02417345631,24409.78354049381,0.0,0.0,73.24063296250024,22.07214477777785,15335.93920211111,6000.0000000000055,6000.0
2025-02-22,none,25133.117482206195,25071.706817372862,0.0,0.0,61.41066483333342,28.723416666666708,14094.165220916666,6000.0,5999.999999999998
2025-02-23,none,58932.57712296836,45405.08822347299,0.0,0.0,13527.488899495369,3133.677974694444,2153.5319836944454,5999.999999999998,6000.000000000002
2025-02-24,none,56163.866182557045,43938.32418724743,0.0,0.0,12225.541995309617,3490.6547634999984,2400.440156666667,6000.000000000002,6000.0
2025-02-25,none,51517.334162970365,44692.92252951264,0.0,0.0,6824.411633457729,1715.0309330277764,5195.0719686111115,6000.0,6000.0
2025-02-26,none,69183.6388595026,40003.944450885974,0.0,0.0,29179.694408616615,7338.461875666664,741.8351320833335,6000.0,6000.000000000003
2025-02-27,none,61682.141800378085,41232.11010812395,0.0,0.0,20450.031692254142,4636.697650999999,1396.1875158333344,6000.000000000003,6000.000000000002
2025-02-28,none,23684.32251575852,22894.42028802353,0.0,0.0,789.9022277349882,229.47978447222266,14622.774535805556,6000.000000000002,6000.000000000001
2025-03-01,none,26266.73703365638,26266.73703365638,0.0,0.0,0.0,0.0,20925.803869333333,6000.000000000001,6000.0
2025-03-02,none,56771.31822281245,46493.89630515499,0.0,0.0,10277.421917657462,2417.6929268333315,1968.3443239999997,6000.0,6000.0
2025-03-03,none,59375.45368867896,48120.806016900686,0.0,0.0,11254.647671778275,2684.325435333333,5124.032350750002,6000.0,6000.000000000003
2025-03-04,none,60265.75293010851,42372.75430417664,0.0,0.0,17892.99862593187,4753.619975333335,1053.363503250001,6000.000000000003,6000.0
2025-03-05,none,49473.28865129092,44360.24532352094,0.0,0.0,5113.043327769978,1157.0316384444427,4065.6291017777794,6000.0,6000.0
2025-03-06,none,54337.767308975424,41168.56488453131,0.0,0.0,13169.202424444113,3162.442846388889,1298.4146013055567,6000.0,6000.000000000002
2025-03-07,none,24448.002400632802,24448.002400632802,0.0,0.0,0.0,0.0,19237.321487916666,6000.000000000002,5999.999999999999
2025-03-08,none,22153.45511409678,22153.45511409678,0.0,0.0,0.0,0.0,17235.50248516666,5999.999999999999,6000.000000000003
2025-03-09,none,52196.12529916466,43248.33057006416,0.0,0.0,8947.7947291005,1907.8784195833332,6323.979866666668,6000.000000000003,6000.000000000002
2025-03-10,none,60257.241028878416,40931.58657020161,0.0,0.0,19325.654458676803,4576.502464138888,1060.168618388889,6000.000000000002,6000.0
2025-03-11,none,70935.7649117441,36853.09660853417,0.0,0.0,34082.668303209924,8761.92604786111,1304.3004540277782,6000.0,6000.0
2025-03-12,none,47157.45972976847,42375.27852205976,0.0,0.0,4782.181207708707,1213.763814027777,4850.103141611111,6000.0,6000.0
2025-03-13,none,57524.122347642,42206.84972066122,0.0,0.0,15317.272626980774,3518.650813472221,2109.159174972221,6000.0,6000.0
2025-03-14,none,21773.109885716367,21773.109885716367,0.0,0.0,0.0,0.0,19819.39995313889,6000.0,6000.000000000002
2025-03-15,none,21698.259096480746,21609.261072180954,0.0,0.0,88.99802429979185,41.642628750000085,15173.43633925,6000.000000000002,5999.999999999998
2025-03-16,none,52989.32754336714,40607.56461257929,0.0,0.0,12381.762930787849,3034.571652611111,2545.231757194444,5999.999999999998,6000.000000000003
2025-03-17,none,51189.312896529256,37328.14647395938,0.0,0.0,13861.16642256988,3137.2389798611093,4304.861701861111,6000.000000000003,6000.000000000002
2025-03-18,none,47897.93683563492,43029.73950190305,0.0,0.0,4868.197333731873,1117.1889089166662,7231.509643583335,6000.000000000002,6000.000000000002
2025-03-19,none,61387.85544252631,35344.723979324044,0.0,0.0,26043.131463202262,6471.759781583334,1242.8656088333337,6000.000000000002,6000.0
2025-03-20,none,58465.720814113796,40197.73791778459,0.0,0.0,18267.982896329213,4356.312520222224,4459.013958222222,6000.0,6000.000000000002
2025-03-21,none,20950.777247436876,20908.941388599374,0.0,0.0,41.83585883750051,10.946064583333467,22151.676112166664,6000.000000000002,6000.0
2025-03-22,none,21517.987933280325,21517.987933280325,0.0,0.0,0.0,0.0,19130.71313916666,6000.0,6000.0
2025-03-23,none,45760.84025677966,40663.64238860005,0.0,0.0,5097.197868179614,1281.8689117777778,6058.006536027779,6000.0,6000.000000000002
2025-03-24,none,46359.83788268962,37912.176421782955,0.0,0.0,8447.661460906664,2199.107208722222,3794.357076555556,6000.000000000002,6000.000000000002
2025-03-25,none,48710.078362201195,42493.741107095346,0.0,0.0,6216.337255105851,1579.4807835000004,7395.508398416667,6000.000000000002,6000.000000000001
2025-03-26,none,48708.494102416465,36928.04552315439,0.0,0.0,11780.448579262078,2814.107644694442,4143.729444944447,6000.000000000001,6000.000000000001
2025-03-27,none,45045.607255194394,38867.10284961466,0.0,0.0,6178.504405579733,1628.865526666666,3678.3998910000028,6000.000000000001,6000.0
2025-03-28,none,20861.086977143364,20747.052052972642,0.0,0.0,114.03492417072331,23.16577300000023,23563.64588963889,6000.0,6000.0
2025-03-29,none,19734.068941822385,19734.068941822385,0.0,0.0,0.0,0.0,24986.249520611113,6000.0,6000.0
2025-03-30,none,46373.22707175966,37866.82094888107,0.0,0.0,8506.406122878596,2131.6123364722216,6744.9747198055575,6000.0,6000.000000000002
2025-03-31,none,60909.27536577493,33318.17132959574,0.0,0.0,27591.10403617919,6980.183332305554,982.0828135555556,6000.000000000002,5999.999999999996
2025-04-01,none,49617.222284317104,39258.310695032895,0.0,0.0,10358.911589284206,2646.02548286111,5651.006122777777,5999.999999999996,6000.000000000002
2025-04-02,none,51601.17009591469,37569.4035316747,0.0,0.0,14031.766564239988,3328.2052273611084,2511.159778277778,6000.000000000002,6000.000000000003
2025-04-03,none,42968.36392911304,39146.41242377242,0.0,0.0,3821.951505340621,994.3430345833325,6179.238709500003,6000.000000000003,6000.000000000002
2025-04-04,none,19395.561191930363,19364.045354892864,0.0,0.0,31.51583703750026,7.5631958333333955,25803.37696880555,6000.000000000002,6000.000000000002
2025-04-05,none,23771.348882242848,19072.634435043696,0.0,0.0,4698.714447199151,1068.6129626944441,20759.040929944436,6000.000000000002,6000.000000000002
2025-04-06,none,44391.8307785389,35970.35916875675,0.0,0.0,8421.471609782142,2004.355053277778,5165.763807277779,6000.000000000002,6000.000000000002
2025-04-07,none,53929.92564277293,32030.188618355714,0.0,0.0,21899.737024417213,5430.687962277776,2190.05007036111,6000.000000000002,6000.0
2025-04-08,none,44002.43506643973,37033.877469920844,0.0,0.0,6968.557596518884,1511.269642972221,5507.2951390555545,6000.0,6000.000000000002
2025-04-09,none,52529.680396915064,36193.07635829,0.0,0.0,16336.604038625059,4128.468368944443,1942.7373025277766,6000.000000000002,6000.000000000001
2025-04-10,none,44151.490356741066,36080.133010500365,0.0,0.0,8071.357346240701,1845.2656402222206,3291.5250076388897,6000.000000000001,6000.000000000004
2025-04-11,none,18096.771224796674,18094.44335764373,0.0,0.0,2.327867152945028,0.6032547500001328,25172.466527972225,6000.000000000004,6000.000000000001
2025-04-12,none,19738.86038549512,19738.86038549512,0.0,0.0,0.0,0.0,23547.47126158333,6000.000000000001,5999.999999999999
2025-04-13,none,48770.2527526144,33649.95978150477,0.0,0.0,15120.29297110963,3503.8334957500006,2189.848776416667,5999.999999999999,6000.0
2025-04-14,none,40891.42128936552,35949.41444484191,0.0,0.0,4942.006844523609,1352.349854472221,5230.904808388888,6000.0,5999.999999999999
2025-04-15,none,49679.3608924293,31039.918223141343,0.0,0.0,18639.442669287957,4313.291955861115,2687.5114360277785,5999.999999999999,5999.999999999998
2025-04-16,none,46807.8572484091,34233.317151487645,0.0,0.0,12574.540096921457,2977.4519056111103,2174.547652944443,5999.999999999998,6000.0
2025-04-17,none,52565.50783264157,32004.531429486357,0.0,0.0,20560.97640315521,5024.837436666668,1280.6769014166666,6000.0,6000.000000000001
2025-04-18,none,19606.04478202945,18225.787882023076,0.0,0.0,1380.2569000063747,354.81632449999995,24722.527899083332,6000.000000000001,6000.000000000001
2025-04-19,none,18178.74796728904,17784.624991902707,0.0,0.0,394.1229753863337,110.81615558333345,23898.504682888888,6000.000000000001,6000.000000000002
2025-04-20,none,50762.078537393594,32256.43512754275,0.0,0.0,18505.64340985084,4460.543530777779,2912.526248194445,6000.000000000002,6000.000000000005
2025-04-21,none,41361.99333221154,33837.03321640802,0.0,0.0,7524.960115803526,1797.9457827777771,7496.185532444441,6000.000000000005,6000.000000000004
2025-04-22,none,56102.80312450792,30799.20928573829,0.0,0.0,25303.593838769626,6662.164000583334,2823.756851333334,6000.000000000004,6000.000000000002
2025-04-23,none,58094.63028529157,29761.060010888013,0.0,0.0,28333.57027440355,7274.091845083332,2391.559878083333,6000.000000000002,6000.000000000002
2025-04-24,none,41694.70005822488,30427.26954900197,0.0,0.0,11267.430509222911,2905.8334601388888,3296.4145608888894,6000.000000000002,5999.999999999998
2025-04-25,none,17881.321955185264,17875.24748001711,0.0,0.0,6.074475168152762,3.272003861111102,28084.98317597222,5999.999999999998,6000.000000000001
2025-04-26,none,17870.280746502816,17658.445261529236,0.0,0.0,211.83548497358157,42.43183469444409,29815.967182222215,6000.000000000001,6000.000000000002
2025-04-27,none,50367.39653035419,29740.318490371075,0.0,0.0,20627.07803998312,4697.8707913888875,2522.5779480833367,6000.000000000002,5999.999999999999
2025-04-28,none,47385.390733297696,35230.295848570444,0.0,0.0,12155.094884727256,2629.389273138888,3142.986248138891,5999.999999999999,6000.000000000002
2025-04-29,none,45772.375986868225,30567.32478837181,0.0,0.0,15205.051198496418,3353.515702944441,3994.2843456944447,6000.000000000002,6000.0
2025-04-30,none,48754.482716322396,29593.51934577479,0.0,0.0,19160.963370547608,5002.222151333333,2326.9742628055615,6000.0,6000.000000000002
2025-05-01,none,55872.1020928549,30660.552342228184,0.0,0.0,25211.549750626713,5494.711393500001,1728.810541416667,6000.000000000002,5999.999999999999
2025-05-02,none,19428.83415583675,19130.53683890114,0.0,0.0,298.29731693561064,90.19327488888871,17566.323826777774,5999.999999999999,6000.000000000001
2025-05-03,none,18764.992775376177,18108.900422157523,0.0,0.0,656.092353218652,132.01213013888872,21856.814903611106,6000.000000000001,5999.999999999998
2025-05-04,none,48715.039786292975,32314.372382505542,0.0,0.0,16400.667403787433,3653.9641607500002,3244.4783768333323,5999.999999999998,6000.0
2025-05-05,none,51347.348795049256,34036.317336732696,0.0,0.0,17311.031458316564,4366.753497472222,2184.8500402222217,6000.0,6000.000000000004
2025-05-06,none,61714.84228788822,29913.754810719278,0.0,0.0,31801.08747716894,7391.874650666665,703.2811380277722,6000.000000000004,6000.000000000002
2025-05-07,none,60133.9580662756,32454.875916389967,0.0,0.0,27679.08214988563,6543.576687944442,1007.5594889444444,6000.000000000002,5999.999999999998
2025-05-08,none,47722.69733732008,34902.76171795244,0.0,0.0,12819.935619367641,2838.365106166667,2948.8924075000014,5999.999999999998,6000.0
2025-05-09,none,19273.520526705415,19268.191910230416,0.0,0.0,5.328616474999992,1.394195833333331,23337.90531491666,6000.0,5999.999999999999
2025-05-10,none,19059.517930766207,18934.10464154379,0.0,0.0,125.41328922241782,42.061496055555914,19531.81546861111,5999.999999999999,6000.000000000004
2025-05-11,none,49215.26213022288,33973.79257515204,0.0,0.0,15241.469555070838,3309.4132563888897,2164.2121092222224,6000.000000000004,6000.000000000001
2025-05-12,none,54119.2043297353,30713.02817224456,0.0,0.0,23406.17615749074,5585.39733272222,1184.3278124722228,6000.000000000001,5999.999999999999
2025-05-13,none,46196.961249826214,35350.22389352202,0.0,0.0,10846.737356304187,2418.9285124722205,5967.194442638891,5999.999999999999,6000.0
2025-05-14,none,45713.848147291625,35379.13351778628,0.0,0.0,10334.714629505346,2481.4981575555553,4452.412913222222,6000.0,6000.0
2025-05-15,none,44786.33523686425,35831.179030394575,0.0,0.0,8955.156206469681,2514.902939999996,3586.008441416665,6000.0,6000.0
2025-05-16,none,20260.632055806647,20177.043469952812,0.0,0.0,83.58858585383324,21.40706869444442,29414.117408472222,6000.0,6000.0
2025-05-17,none,19971.23515072972,19971.23515072972,0.0,0.0,0.0,0.0,21633.367373083332,6000.0,6000.000000000001
2025-05-18,none,40842.43786382367,37284.2338745308,0.0,0.0,3558.2039892928674,979.6940789722206,6498.629452472223,6000.000000000001,6000.0
2025-05-19,none,39897.97479391923,33910.08541476411,0.0,0.0,5987.889379155124,1313.983551972222,6964.796240305557,6000.0,6000.000000000003
2025-05-20,none,49780.00014743261,33826.66431869028,0.0,0.0,15953.335828742333,3912.897832722222,2061.450678138889,6000.000000000003,6000.000000000002
2025-05-21,none,49930.21401130261,32437.91935316436,0.0,0.0,17492.294658138253,4242.464712777775,2182.693334444445,6000.000000000002,6000.000000000004
2025-05-22,none,43475.07798860838,34701.139961213776,0.0,0.0,8773.938027394604,2685.4352694444424,4288.629682027778,6000.000000000004,5999.999999999998
2025-05-23,none,19985.299064902676,19985.299064902676,0.0,0.0,0.0,0.0,25738.356046499994,5999.999999999998,6000.0
2025-05-24,none,20682.05512052527,20682.05512052527,0.0,0.0,0.0,0.0,28929.137011166666,6000.0,6000.000000000004
2025-05-25,none,39503.904258268456,35127.93942199622,0.0,0.0,4375.9648362722355,1069.8375721666666,7439.5792175,6000.000000000004,6000.0
2025-05-26,none,50428.3150165742,34426.00800774776,0.0,0.0,16002.307008826432,4417.290942472219,2410.8744893888897,6000.0,6000.0
2025-05-27,none,44543.13389217826,32749.82201350318,0.0,0.0,11793.311878675075,2795.297015305554,2623.0680553055563,6000.0,6000.0
2025-05-28,none,39560.69913338024,36513.33170108842,0.0,0.0,3047.367432291821,830.4093249444447,5617.985777527778,6000.0,6000.0
2025-05-29,none,46660.36928815467,36402.5750265118,0.0,0.0,10257.794261642868,2492.8039816666646,4839.5365415000015,6000.0,6000.000000000001
2025-05-30,none,21232.29786192042,21190.13171848792,0.0,0.0,42.166143432499915,19.37337166666663,26918.77753777778,6000.000000000001,6000.000000000004
2025-05-31,none,23346.056771165244,23152.522980065245,0.0,0.0,193.53379109999992,90.52094999999997,28025.03741386111,6000.000000000004,6000.0
2025-06-01,none,62807.324582959074,46280.32456074274,0.0,0.0,16527.000022216333,4316.555391166665,5287.426541250001,6000.0,6000.0
2025-06-02,none,65318.593967780245,48250.74299148815,0.0,0.0,17067.850976292095,4507.849638055555,10021.693415305557,6000.0,6000.000000000001
2025-06-03,none,63305.34063056426,44489.317549286236,0.0,0.0,18816.02308127802,4742.817428666668,5333.467534416668,6000.000000000001,6000.000000000002
2025-06-04,none,63981.16940171835,52488.858754576206,0.0,0.0,11492.310647142142,3472.152715472223,13904.32104313889,6000.000000000002,6000.0
2025-06-05,none,62810.59751564845,45924.26753211487,0.0,0.0,16886.329983533575,4260.0680524166655,4671.773566583336,6000.0,6000.0
2025-06-06,none,31134.503491699354,31075.909088025397,0.0,0.0,58.59440367395837,27.260002083333347,19494.13064691667,6000.0,6000.000000000001
2025-06-07,none,34097.21567144795,33977.74833416637,0.0,0.0,119.46733728158372,59.300271750000206,25319.06733308333,6000.000000000001,6000.0
2025-06-08,none,54210.78008478521,46907.291813295175,0.0,0.0,7303.488271490039,1871.995348694444,9308.024775361111,6000.0,6000.0
2025-06-09,none,56705.620986077214,53773.45745138901,0.0,0.0,2932.163534688203,980.1346410277766,11262.789440777779,6000.0,6000.0
2025-06-10,none,53915.32335659644,50032.073447579736,0.0,0.0,3883.249909016705,1197.044099333333,5903.645269833332,6000.0,6000.0
2025-06-11,none,59724.816057529,55175.182348843446,0.0,0.0,4549.633708685559,1214.0447071666672,7210.017639083338,6000.0,6000.0
2025-06-12,none,55643.537463850975,54151.65091434474,0.0,0.0,1491.8865495062328,478.6115448611103,9284.685641611115,6000.0,6000.0
2025-06-13,none,32690.02150314449,32690.02150314449,0.0,0.0,0.0,0.0,24284.97204316667,6000.0,6000.000000000002
2025-06-14,none,33442.21072979115,33418.65966195707,0.0,0.0,23.55106783408312,11.106374833333234,28070.95798275,6000.000000000002,6000.0000000000055
2025-06-15,none,54823.30394158476,51866.07705414764,0.0,0.0,2957.2268874371252,794.40468375,8321.332970250001,6000.0000000000055,6000.0
2025-06-16,none,55588.118622243004,54212.32826031989,0.0,0.0,1375.790361923112,383.954728777778,9050.915902361112,6000.0,6000.000000000004
2025-06-17,none,56941.51537671272,55461.529695361976,0.0,0.0,1479.9856813507395,403.51923675000046,9108.534063750001,6000.000000000004,6000.0
2025-06-18,none,56975.82310595125,55967.399864152205,0.0,0.0,1008.4232417990419,303.1217964999999,13615.686598000002,6000.0,6000.0
2025-06-19,none,55015.85691718421,52978.35484868378,0.0,0.0,2037.5020685004274,493.8752782499991,12253.986850666666,6000.0,5999.999999999998
2025-06-20,none,33044.45703129943,33044.45703129943,0.0,0.0,0.0,0.0,30485.106092583334,5999.999999999998,6000.000000000002
2025-06-21,none,30583.440294628843,30583.440294628843,0.0,0.0,0.0,0.0,28725.695212583334,6000.000000000002,6000.000000000001
2025-06-22,none,52939.07836049283,52499.70847337939,0.0,0.0,439.3698871134425,140.55521772222176,12548.002538638888,6000.000000000001,6000.0
2025-06-23,none,54531.20023804844,54345.16684200903,0.0,0.0,186.03339603941612,85.80359266666642,13657.276846500003,6000.0,6000.0
2025-06-24,none,62259.159747152094,61937.35903283587,0.0,0.0,321.8007143162215,115.31357008333305,15408.114593166665,6000.0,6000.0
2025-06-25,none,56116.197284059526,55020.922423924654,0.0,0.0,1095.274860134873,229.1609239999994,12880.46696516667,6000.0,6000.0
2025-06-26,none,53624.64278751703,53482.30407693671,0.0,0.0,142.33871058031997,49.85131972222237,12194.182956222221,6000.0,6000.000000000002
2025-06-27,none,33964.090573786045,33964.090573786045,0.0,0.0,0.0,0.0,32811.40074041666,6000.000000000002,6000.000000000002
2025-06-28,none,33301.17583344676,33301.17583344676,0.0,0.0,0.0,0.0,30385.14344766666,6000.000000000002,6000.000000000001
2025-06-29,none,54402.666798497696,52173.517835361694,0.0,0.0,2229.1489631359987,559.6701743888882,10341.008336638888,6000.000000000001,6000.000000000002
2025-06-30,none,56701.513607088855,56140.63671137414,0.0,0.0,560.8768957147076,185.48107886111103,14257.772432694444,6000.000000000002,6000.0
2025-07-01,none,73487.19376289591,48676.71920163918,0.0,0.0,24810.47456125673,7330.4672345555555,2231.310622638888,6000.0,6000.0
2025-07-02,none,63738.708817798,45952.19848411312,0.0,0.0,17786.510333684877,5329.81153072222,2107.8674659722233,6000.0,6000.0
2025-07-03,none,70120.66128475522,51517.34529073307,0.0,0.0,18603.315994022152,5314.4995606111115,3400.6801923611115,6000.0,6000.000000000002
2025-07-04,none,29707.298655238326,27982.133698639063,0.0,0.0,1725.1649565992614,669.688315222222,14865.394239555551,6000.000000000002,6000.0
2025-07-05,none,30141.331558481295,28430.809781739543,0.0,0.0,1710.5217767417507,754.1068197500001,15719.528683370367,6000.0,5999.999999999998
2025-07-06,none,81229.64924747375,48077.399612752735,0.0,0.0,33152.24963472102,8488.083248944442,869.094620527777,5999.999999999998,6000.0
2025-07-07,none,59352.207630207464,50774.668430342266,0.0,0.0,8577.539199865196,2548.530811722222,6006.431411055556,6000.0,6000.0
2025-07-08,none,60062.89095914055,54207.411154787085,0.0,0.0,5855.479804353469,1495.3608759722215,7543.275607138892,6000.0,6000.0
2025-07-09,none,58908.34439388433,53633.530215793304,0.0,0.0,5274.814178091023,1253.8703732499985,8617.852777250004,6000.0,6000.0
2025-07-10,none,57732.69715342912,49119.26852035354,0.0,0.0,8613.42863307559,2246.7626497222204,3236.70528855556,6000.0,6000.0
2025-07-11,none,33282.581322256316,33252.89538190632,0.0,0.0,29.685940350000244,13.629908333333447,19074.57523833333,6000.0,6000.0
2025-07-12,none,31119.090899738527,30869.225806978902,0.0,0.0,249.8650927596255,105.22607391666679,16357.01500875,6000.0,6000.000000000002
2025-07-13,none,55329.81653697087,52557.67388223849,0.0,0.0,2772.142654732386,695.632313583333,9439.815151916668,6000.000000000002,6000.000000000002
2025-07-14,none,57452.82941033686,48287.585207633485,0.0,0.0,9165.244202703376,2060.962911194445,4201.976353277778,6000.000000000002,6000.0
2025-07-15,none,54958.47961924056,52860.81864783671,0.0,0.0,2097.6609714038473,530.6922772222229,8258.625342138888,6000.0,6000.000000000002
2025-07-16,none,62048.91943825285,51251.73940159893,0.0,0.0,10797.180036653921,3250.9240076944416,7340.442949861112,6000.000000000002,6000.0
2025-07-17,none,62812.466864743736,49191.74376887896,0.0,0.0,13620.723095864778,3230.7995074166674,4386.673537000001,6000.0,6000.000000000004
2025-07-18,none,35516.691277104896,35516.691277104896,0.0,0.0,0.0,0.0,23089.000675666663,6000.000000000004,6000.000000000003
2025-07-19,none,35194.59192164118,35190.96749495785,0.0,0.0,3.624426683333351,1.695241666666675,25500.092382833333,6000.000000000003,6000.0
2025-07-20,none,56198.870726684334,51740.32073613229,0.0,0.0,4458.549990552039,1027.4626840555547,8111.020826472222,6000.0,6000.0
2025-07-21,none,56456.77966831545,52671.00622173498,0.0,0.0,3785.7734465804733,922.3315654166672,6525.959994749999,6000.0,6000.0
2025-07-22,none,59082.51474492147,52683.29227306195,0.0,0.0,6399.222471859528,1702.6294476388891,6985.465242972223,6000.0,6000.0
2025-07-23,none,59261.24980623093,59042.353678812186,0.0,0.0,218.8961274187487,59.81652499999968,14172.390259666665,6000.0,6000.0
2025-07-24,none,58631.79182303649,58528.367819969906,0.0,0.0,103.4240030665832,26.35328141666662,13818.847188750002,6000.0,6000.0
2025-07-25,none,34666.8547278992,34629.08391003256,0.0,0.0,37.77081786663877,10.949650055555523,25867.435993499996,6000.0,6000.0
2025-07-26,none,35141.42789808296,35141.42789808296,0.0,0.0,0.0,0.0,25696.169521416665,6000.0,6000.0
2025-07-27,none,63576.197580165346,52970.553137632865,0.0,0.0,10605.64444253248,2440.022016027777,8803.30099036111,6000.0,6000.000000000004
2025-07-28,none,63704.311211278284,55002.10967439212,0.0,0.0,8702.20153688616,2144.017520111109,7277.044589277779,6000.000000000004,6000.000000000002
2025-07-29,none,64930.679888056664,54031.71594116033,0.0,0.0,10898.96394689634,2907.290113277776,8258.05838452778,6000.000000000002,6000.0000000000055
2025-07-30,none,71747.15174090333,49896.610152093315,0.0,0.0,21850.54158881001,5852.1636413333335,6044.392642999999,6000.0000000000055,6000.000000000002
2025-07-31,none,62711.52736408904,51924.68995402052,0.0,0.0,10786.837410068514,2732.817226305555,6505.119552722224,6000.000000000002,6000.0
2025-08-01,none,34199.52105110437,34199.52105110437,0.0,0.0,0.0,0.0,30232.888239833334,6000.0,6000.0
2025-08-02,none,36394.605182319814,36394.605182319814,0.0,0.0,0.0,0.0,34920.054052249994,6000.0,6000.0
2025-08-03,none,49736.47564370556,45795.62598979489,0.0,0.0,3940.849653910671,1042.1219265833338,5441.4133506666685,6000.0,6000.0
2025-08-04,none,54521.81299973788,48897.87405153453,0.0,0.0,5623.938948203348,1304.7249693055523,7577.315290972225,6000.0,6000.000000000002
2025-08-05,none,56070.89417421262,47279.111083522235,0.0,0.0,8791.783090690387,2499.322193111111,6876.63673102778,6000.000000000002,6000.0
2025-08-06,none,58443.10280860582,52072.74824711955,0.0,0.0,6370.354561486271,1366.253719777776,9373.685350944448,6000.0,6000.0
2025-08-07,none,52038.860412800765,50850.8865574971,0.0,0.0,1187.973855303669,315.8067496388897,14643.547414555554,6000.0,6000.000000000002
2025-08-08,none,31381.518704408547,31381.518704408547,0.0,0.0,0.0,0.0,32484.82074577778,6000.000000000002,6000.0
2025-08-09,none,31632.594916175807,31632.594916175807,0.0,0.0,0.0,0.0,29180.964928333335,6000.0,6000.000000000001
2025-08-10,none,54398.75903956608,47861.541469552845,0.0,0.0,6537.217570013235,1389.183885916666,6890.957034250002,6000.000000000001,6000.0
2025-08-11,none,51420.85268191259,45999.44069005773,0.0,0.0,5421.41199185486,1371.4851030000002,6072.313345583335,6000.0,6000.000000000002
2025-08-12,none,52346.151784068,49457.55504800177,0.0,0.0,2888.5967360662307,749.5823602777768,8151.08196477778,6000.000000000002,6000.0
2025-08-13,none,57157.420712790445,44976.338632409956,0.0,0.0,12181.082080380489,2760.552429250001,4169.941047250001,6000.0,6000.0
2025-08-14,none,54677.44588107917,46621.57179871337,0.0,0.0,8055.8740823658045,1904.2349606944447,4802.83915086111,6000.0,6000.0
2025-08-15,none,32170.749108850752,32170.749108850752,0.0,0.0,0.0,0.0,31468.552558166666,6000.0,6000.0
2025-08-16,none,33459.92155968916,33459.92155968916,0.0,0.0,0.0,0.0,32755.372901749997,6000.0,6000.0
2025-08-17,none,50786.9393449473,47510.546437195335,0.0,0.0,3276.392907751968,664.2876542499994,9664.083241333334,6000.0,6000.000000000002
2025-08-18,none,49813.15323974012,46722.328193870926,0.0,0.0,3090.8250458691937,861.4279568333332,5607.772475250004,6000.000000000002,6000.000000000004
2025-08-19,none,50672.93211066739,45617.18628116494,0.0,0.0,5055.745829502451,1397.7266218888858,4805.347040222222,6000.000000000004,6000.000000000002
2025-08-20,none,55505.74757936368,50020.544928796924,0.0,0.0,5485.2026505667545,1236.3599473333343,6573.990594333336,6000.000000000002,6000.0
2025-08-21,none,49827.43431690207,47610.2252212101,0.0,0.0,2217.209095691972,502.9015236944444,6625.627302194446,6000.0,6000.0
2025-08-22,none,31063.9227116639,31027.792108815665,0.0,0.0,36.13060284823598,16.690186694444378,25663.451269351848,6000.0,6000.000000000002
2025-08-23,none,29754.90972174556,29574.82088265045,0.0,0.0,180.0888390951108,55.07643522222213,23172.51297980555,6000.000000000002,6000.0
2025-08-24,none,51478.99878717308,45861.44568770315,0.0,0.0,5617.553099469931,1399.7425254722225,4739.358719388892,6000.0,6000.0
2025-08-25,none,60269.485247327364,59029.39898106101,0.0,0.0,1240.0862662663571,411.6963446388885,18282.110291138888,6000.0,6000.0
2025-08-26,none,55127.315953899306,46387.40173547613,0.0,0.0,8739.914218423179,2382.3532275,4474.897829166666,6000.0,6000.000000000002
2025-08-27,none,62394.29300108449,46807.413489537794,0.0,0.0,15586.879511546693,4007.6588530277777,5016.225468777778,6000.000000000002,6000.0
2025-08-28,none,67283.03357203072,45082.03907895021,0.0,0.0,22200.9944930805,5589.433056555556,2540.7614361388887,6000.0,6000.0
2025-08-29,none,32626.32845845937,32626.32845845937,0.0,0.0,0.0,0.0,26769.042533,6000.0,6000.000000000002
2025-08-30,none,32115.151398204427,32105.665084371092,0.0,0.0,9.486313833333433,4.495883333333381,29923.09389775,6000.000000000002,5999.999999999998
2025-08-31,none,60853.01135517769,46091.262712274096,0.0,0.0,14761.748642903594,3432.1441318055577,4336.091274138891,5999.999999999998,6000.000000000002
2025-09-01,none,51058.106756281864,51058.106756281864,0.0,0.0,0.0,0.0,23942.931660416667,6000.000000000002,6000.000000000002
2025-09-02,none,45373.26187710394,45084.685961022566,0.0,0.0,288.57591608137227,71.83534008333268,13390.570902833335,6000.000000000002,6000.0
2025-09-03,none,46182.23008906734,46107.308483271554,0.0,0.0,74.92160579579202,17.9668039722223,14177.908466222221,6000.0,6000.0
2025-09-04,none,45812.995592062136,45287.44115217265,0.0,0.0,525.5544398894878,105.16475211111137,13066.54317094445,6000.0,6000.0
2025-09-05,none,28818.813698794514,28767.65293559768,0.0,0.0,51.16076319683276,18.008012388888687,36899.56142872222,6000.0,6000.000000000001
2025-09-06,none,28601.860207872283,28601.860207872283,0.0,0.0,0.0,0.0,36073.33328508333,6000.000000000001,6000.000000000002
2025-09-07,none,46584.129882170586,42920.81473120913,0.0,0.0,3663.3151509614545,770.6791321111104,9547.779984277782,6000.000000000002,6000.000000000002
2025-09-08,none,48540.04968509771,46769.91412483575,0.0,0.0,1770.135560261958,443.60861647222214,11918.358368722222,6000.000000000002,6000.000000000002
2025-09-09,none,44898.05363190263,41043.924253580146,0.0,0.0,3854.1293783224846,1041.914567583333,8282.49097972222,6000.000000000002,5999.999999999998
2025-09-10,none,47818.65100871208,47664.754428601664,0.0,0.0,153.89658011041598,40.80550624999984,11081.315166249999,5999.999999999998,6000.0
2025-09-11,none,50569.65550950731,47841.30859378553,0.0,0.0,2728.3469157217874,503.65427172222144,18850.610371138893,6000.0,6000.0
2025-09-12,none,28463.78458410959,28432.073486091882,0.0,0.0,31.711098017708412,14.210664583333369,32121.642382305552,6000.0,6000.0
2025-09-13,none,28203.377274376584,28203.377274376584,0.0,0.0,0.0,0.0,35320.284644527776,6000.0,6000.000000000002
2025-09-14,none,51074.41665185865,50858.652348258445,0.0,0.0,215.76430360020709,92.9550511666663,15815.918558833335,6000.000000000002,5999.999999999998
2025-09-15,none,43657.842428080214,39987.18328393795,0.0,0.0,3670.659144142263,997.5495245277781,4998.093289333336,5999.999999999998,6000.000000000002
2025-09-16,none,48936.994145174394,47475.33827625327,0.0,0.0,1461.6558689211245,483.2627317499997,13109.19157775,6000.000000000002,6000.0
2025-09-17,none,47665.09750676719,45856.88184098859,0.0,0.0,1808.2156657785983,623.0477488611116,8946.806866194445,6000.0,6000.000000000004
2025-09-18,none,50578.11813205074,40379.796630710945,0.0,0.0,10198.321501339795,2674.579518916665,3550.1958765,6000.000000000004,6000.000000000002
2025-09-19,none,26307.474675201967,26307.474675201967,0.0,0.0,0.0,0.0,24474.976294166663,6000.000000000002,6000.0
2025-09-20,none,26687.214448073722,26669.6247170441,0.0,0.0,17.589731029625337,8.048378416666822,25507.71896466666,6000.0,6000.000000000004
2025-09-21,none,45696.65415721028,44571.817492720154,0.0,0.0,1124.8366644901225,374.8375199166664,9447.671616333333,6000.000000000004,6000.000000000002
2025-09-22,none,51344.493771726615,44972.82460133258,0.0,0.0,6371.66917039404,1886.9257846666655,9368.498189000002,6000.000000000002,6000.000000000002
2025-09-23,none,50441.327715947606,43903.71223119652,0.0,0.0,6537.615484751084,1576.9512308333333,5873.4699897499995,6000.000000000002,6000.000000000002
2025-09-24,none,57998.501678781286,38485.13173814653,0.0,0.0,19513.36994063476,6258.65951325,2182.5349358055573,6000.000000000002,6000.000000000001
2025-09-25,none,51935.64106452257,41873.10539703,0.0,0.0,10062.53566749257,2682.1198813611113,5515.87046836111,6000.000000000001,6000.000000000002
2025-09-26,none,26305.801768242025,26305.801768242025,0.0,0.0,0.0,0.0,23870.85315241667,6000.000000000002,6000.000000000002
2025-09-27,none,26771.592874395865,24284.563460890782,0.0,0.0,2487.029413505082,721.6634657777772,21097.793308194443,6000.000000000002,6000.0
2025-09-28,none,51156.35260881205,41996.77591184548,0.0,0.0,9159.576696966571,2564.972158777775,2709.926579694445,6000.0,6000.000000000003
2025-09-29,none,52570.60190904916,44201.0911959115,0.0,0.0,8369.510713137663,2206.6281948333326,6134.236360166667,6000.000000000003,5999.999999999999
2025-09-30,none,59255.53546902987,44162.84435068522,0.0,0.0,15092.691118344654,4334.952360166667,4683.1331119999995,5999.999999999999,6000.000000000001
2025-10-01,none,42229.3339486532,41419.81692345128,0.0,0.0,809.5170252019143,368.4517401666657,13789.362214750001,6000.000000000001,6000.000000000002
2025-10-02,none,47135.18242871874,46223.783504702784,0.0,0.0,911.3989240159568,420.5349591666661,18342.177696500003,6000.000000000002,6000.000000000002
2025-10-03,none,22835.8833371249,22835.8833371249,0.0,0.0,0.0,0.0,29003.358946083332,6000.000000000002,6000.000000000002
2025-10-04,none,26863.967545812575,26863.967545812575,0.0,0.0,0.0,0.0,30942.580175249997,6000.000000000002,6000.000000000002
2025-10-05,none,45959.14665129932,44801.836303237564,0.0,0.0,1157.310348061761,494.3357398055547,14337.972790472224,6000.000000000002,6000.000000000003
2025-10-06,none,50253.11343238753,38422.96051658364,0.0,0.0,11830.15291580389,3447.666148916666,3113.1041633333357,6000.000000000003,6000.000000000002
2025-10-07,none,42770.72865229178,40824.39367203884,0.0,0.0,1946.3349802529435,616.8587498055556,5282.531130638892,6000.000000000002,6000.0
2025-10-08,none,41231.27919183127,39303.75932542198,0.0,0.0,1927.5198664092861,493.1744043333325,3964.0220255000004,6000.0,6000.000000000001
2025-10-09,none,46229.168664838726,45619.79187177452,0.0,0.0,609.3767930642057,225.50272191666613,14084.541319166667,6000.000000000001,6000.000000000002
2025-10-10,none,24802.950708722343,24802.950708722343,0.0,0.0,0.0,0.0,30531.28175525,6000.000000000002,6000.000000000001
2025-10-11,none,24947.805142920788,24929.24162145087,0.0,0.0,18.563521469916548,8.686576499999944,26135.660761888885,6000.000000000001,6000.0
2025-10-12,none,44221.41730003743,41388.45413602986,0.0,0.0,2832.9631640075645,729.0688854166655,5738.785470166667,6000.0,6000.0
2025-10-13,none,43692.40216952317,42693.52442573511,0.0,0.0,998.8777437880651,270.87356008333245,8674.430114333336,6000.0,6000.0
2025-10-14,none,47368.04195516652,44992.67929747295,0.0,0.0,2375.3626576935685,628.300582638889,8221.795971055555,6000.0,6000.000000000002
2025-10-15,none,47643.892777600995,45938.16111069333,0.0,0.0,1705.7316669076656,446.5299234166663,8746.169241250002,6000.000000000002,6000.000000000001
2025-10-16,none,47127.051666794156,43789.11831362216,0.0,0.0,3337.933353171996,909.1808683888871,4485.74076613889,6000.000000000001,6000.000000000003
2025-10-17,none,24326.484501865027,22625.345202195414,0.0,0.0,1701.1392996696109,349.17349474999986,21453.75071586111,6000.000000000003,6000.000000000002
2025-10-18,none,25654.184635916205,25654.184635916205,0.0,0.0,0.0,0.0,24919.96930675,6000.000000000002,6000.000000000003
2025-10-19,none,47744.93740589566,45313.14434180729,0.0,0.0,2431.7930640883683,551.9609451111098,5331.087743944446,6000.000000000003,6000.000000000004
2025-10-20,none,50204.9577502171,48748.10625099911,0.0,0.0,1456.8514992179882,425.03549005555556,9143.59331238889,6000.000000000004,6000.000000000002
2025-10-21,none,50312.90011733823,47697.20963539081,0.0,0.0,2615.690481947413,800.5192974722211,6691.878337888889,6000.000000000002,6000.000000000002
2025-10-22,none,51082.968125587475,45232.31304327393,0.0,0.0,5850.655082313551,1433.0735545833318,4704.204076416669,6000.000000000002,6000.000000000002
2025-10-23,none,55534.45187168196,52427.591667902096,0.0,0.0,3106.86020377986,630.0169894166665,16927.918023583334,6000.000000000002,6000.0
2025-10-24,none,24332.49967871281,24323.730924746145,0.0,0.0,8.768753966666457,4.139133333333234,21458.87878466666,6000.0,6000.000000000001
2025-10-25,none,26707.29112205092,26707.29112205092,0.0,0.0,0.0,0.0,25455.80245433333,6000.000000000001,6000.0000000000055
2025-10-26,none,51564.86274701403,48791.6828861674,0.0,0.0,2773.1798608466256,610.5309223333331,10233.784433666666,6000.0000000000055,6000.000000000003
2025-10-27,none,48423.63143663403,44418.43279995896,0.0,0.0,4005.198636675073,950.697109777778,4780.118839277779,6000.000000000003,6000.000000000002
2025-10-28,none,53546.02819253068,44313.115301953214,0.0,0.0,9232.912890577463,2391.568018916664,3618.750113249999,6000.000000000002,5999.999999999999
2025-10-29,none,54913.08944718047,48851.77346433617,0.0,0.0,6061.315982844302,1248.9313824444437,6387.760659277779,5999.999999999999,6000.000000000001
2025-10-30,none,50974.38097996858,43956.5586020629,0.0,0.0,7017.822377905677,1901.571144666665,3797.5455483333344,6000.000000000001,6000.000000000002
2025-10-31,none,28362.87357962317,28362.87357962317,0.0,0.0,0.0,0.0,22585.900834750002,6000.000000000002,6000.0000000000055
2025-11-01,none,26003.352697588223,26001.147510938223,0.0,0.0,2.2051866500000274,1.031425000000013,19814.64644225,6000.0000000000055,5999.999999999997
2025-11-02,none,53811.25722194075,48415.24731479757,0.0,0.0,5396.0099071431805,1387.300311916666,5376.650015833335,5999.999999999997,6000.0
2025-11-03,none,53671.377182666314,51702.96834348323,0.0,0.0,1968.4088391830796,570.4963525277772,9444.767526611111,6000.0,6000.000000000001
2025-11-04,none,52504.201198188806,48297.88838916767,0.0,0.0,4206.312809021136,907.4527309999995,6406.027638999999,6000.000000000001,6000.000000000003
2025-11-05,none,55555.783750471186,54009.36400321344,0.0,0.0,1546.4197472577403,480.93272805555625,12094.764841305554,6000.000000000003,6000.000000000002
2025-11-06,none,53203.29168711091,50575.52791566595,0.0,0.0,2627.7637714449584,687.6220379722218,5722.019619555556,6000.000000000002,6000.000000000004
2025-11-07,none,27927.06859413317,27927.06859413317,0.0,0.0,0.0,0.0,22347.075811749997,6000.000000000004,6000.0
2025-11-08,none,30086.9402994215,30084.068769438167,0.0,0.0,2.871529983333241,1.3430916666666235,25952.066680916665,6000.0,6000.000000000005
2025-11-09,none,54157.57483472884,52628.87101113495,0.0,0.0,1528.7038235938912,395.61215066666693,8015.54573033333,6000.000000000005,6000.000000000003
2025-11-10,none,56455.45545355271,53412.347052743855,0.0,0.0,3043.108400808861,752.3779628888888,6847.018564555555,6000.000000000003,6000.000000000003
2025-11-11,none,56839.42679320332,55635.560687978694,0.0,0.0,1203.8661052246212,325.02944099999934,11513.3855045,6000.000000000003,6000.0
2025-11-12,none,54241.94743076918,52969.80851240601,0.0,0.0,1272.1389183631686,274.32664663888966,8715.415881138888,6000.0,6000.0
2025-11-13,none,57402.96829236831,51535.885314179344,0.0,0.0,5867.08297818896,1521.5739244444444,6260.214921361114,6000.0,6000.000000000003
2025-11-14,none,30315.34666913766,30315.34666913766,0.0,0.0,0.0,0.0,22119.97701475,6000.000000000003,5999.999999999998
2025-11-15,none,34114.223277440484,34114.223277440484,0.0,0.0,0.0,0.0,27453.042177249998,5999.999999999998,6000.000000000002
2025-11-16,none,55025.98381102563,53300.78545736477,0.0,0.0,1725.19835366086,437.7590831666662,5774.491813750001,6000.000000000002,6000.000000000005
2025-11-17,none,53103.15983506388,51358.37139977119,0.0,0.0,1744.7884352926897,521.5067526111102,4687.780782694446,6000.000000000005,5999.999999999998
2025-11-18,none,54557.28699625129,53601.944144519475,0.0,0.0,955.342851731814,332.5232443333317,5742.288960583335,5999.999999999998,6000.000000000004
2025-11-19,none,54736.52673965339,53066.99952198629,0.0,0.0,1669.5272176670958,504.9000644722221,4604.264806305556,6000.000000000004,6000.0
2025-11-20,none,54750.31106122457,52662.25253382715,0.0,0.0,2088.058527397419,542.3028285555555,4858.823430805556,6000.0,6000.000000000003
2025-11-21,none,30525.048397511506,30525.048397511506,0.0,0.0,0.0,0.0,20876.24238475,6000.000000000003,6000.000000000002
2025-11-22,none,34758.674998913484,34758.674998913484,0.0,0.0,0.0,0.0,26604.726188916662,6000.000000000002,5999.999999999998
2025-11-23,none,54911.47224852609,53356.00240604539,0.0,0.0,1555.4698424807068,411.6430041944441,5077.706044361112,5999.999999999998,5999.999999999998
2025-11-24,none,54770.2270136857,52796.9794129418,0.0,0.0,1973.247600743899,497.2214608055548,5378.313880555555,5999.999999999998,6000.000000000004
2025-11-25,none,61822.43496880076,60865.75995402778,0.0,0.0,956.6750147729744,316.1719735277784,14023.487106277778,6000.000000000004,6000.000000000002
2025-11-26,none,57876.476733823394,57035.80176121846,0.0,0.0,840.6749726049306,260.3246588333334,8667.441637500002,6000.000000000002,6000.000000000002
2025-11-27,none,55884.19687570058,55104.06640351645,0.0,0.0,780.1304721841263,198.81622916666709,6761.5704000000005,6000.000000000002,6000.0000000000055
2025-11-28,none,32464.55048590041,32464.55048590041,0.0,0.0,0.0,0.0,22039.103548416664,6000.0000000000055,6000.000000000002
2025-11-29,none,38998.46666229337,38995.98522822671,0.0,0.0,2.4814340666665826,1.160633333333294,28506.803393583334,6000.000000000002,6000.000000000002
2025-11-30,none,59101.96343970608,57083.48787716382,0.0,0.0,2018.475562542262,518.6410090277773,5757.766881777778,6000.000000000002,6000.000000000005
2025-12-01,none,68995.97466553851,60172.32271684802,0.0,0.0,8823.651948690484,3020.6389645277773,5382.6488759444455,6000.000000000005,6000.000000000003
2025-12-02,none,71363.36020180526,62302.45323248201,0.0,0.0,9060.906969323258,2874.6382426111127,6418.012932027777,6000.000000000003,6000.000000000001
2025-12-03,none,71819.49425646095,56039.70399215986,0.0,0.0,15779.790264301086,4980.516214694444,1136.0092709444439,6000.000000000001,6000.0
2025-12-04,none,72447.2539098635,62209.24110516576,0.0,0.0,10238.012804697748,2979.903516861111,7610.233684611112,6000.0,6000.000000000002
2025-12-05,none,38328.28182034515,38234.64307691794,0.0,0.0,93.63874342720794,42.80186341666649,20470.429703916663,6000.000000000002,6000.0
2025-12-06,none,40110.89995784474,40091.78816540699,0.0,0.0,19.11179243774999,8.883411416666661,20910.450720583332,6000.0,5999.999999999996
2025-12-07,none,69195.89072200723,64990.20859997619,0.0,0.0,4205.682122031036,1279.4471872777794,9327.450354277778,5999.999999999996,6000.0
2025-12-08,none,67420.74832713444,65251.53433217165,0.0,0.0,2169.2139949627895,725.1158913333328,9123.217945249999,6000.0,6000.000000000001
2025-12-09,none,67636.90152460583,64729.150276247776,0.0,0.0,2907.751248358054,757.1702202499996,8873.78629916667,6000.000000000001,6000.000000000002
2025-12-10,none,65487.92290803125,62145.39860494033,0.0,0.0,3342.524303090915,1007.2399865277769,4524.169683111113,6000.000000000002,6000.000000000001
2025-12-11,none,66017.85634158611,64478.822539749955,0.0,0.0,1539.0338018361651,444.93692433333285,9803.97788075,6000.000000000001,6000.000000000001
2025-12-12,none,39994.18161149483,39994.18161149483,0.0,0.0,0.0,0.0,21278.0630615,6000.000000000001,6000.0
2025-12-13,none,41097.24798570025,41093.93280290025,0.0,0.0,3.315182799999824,1.5505999999999176,22362.187909416665,6000.0,6000.000000000007
2025-12-14,none,64677.79380240612,61517.25706485077,0.0,0.0,3160.536737555357,804.0591835277771,3223.087677111116,6000.000000000007,6000.0
2025-12-15,none,65158.789665296026,62397.775828004844,0.0,0.0,2761.0138372911797,833.138894916666,3909.9002655833337,6000.0,6000.0
2025-12-16,none,67263.65610751646,66632.44919038613,0.0,0.0,631.2069171303315,168.19349433333264,8480.228400250002,6000.0,6000.0
2025-12-17,none,67922.15453535704,66735.31569476238,0.0,0.0,1186.8388405946644,308.64927933333286,10629.002951666665,6000.0,6000.000000000002
2025-12-18,none,64593.640365581814,63739.737640897234,0.0,0.0,853.902724684583,326.4789125833329,6736.734044083335,6000.000000000002,6000.000000000002
2025-12-19,none,39918.594816126395,39918.594816126395,0.0,0.0,0.0,0.0,21505.9026035,6000.000000000002,6000.000000000003
2025-12-20,none,42101.06349229787,42101.06349229787,0.0,0.0,0.0,0.0,24482.687096,6000.000000000003,6000.000000000003
2025-12-21,none,66821.64018539648,65612.80424357811,0.0,0.0,1208.8359418183734,247.1576179999995,8110.6386956666665,6000.000000000003,6000.000000000001
2025-12-22,none,66808.53009158465,65557.59076876902,0.0,0.0,1250.9393228156277,272.4459105000003,7808.442106166668,6000.000000000001,6000.0
2025-12-23,none,67740.52405067936,67107.16768030927,0.0,0.0,633.3563703700886,142.37166216666753,11719.702581333335,6000.0,6000.0
2025-12-24,none,67108.16857340842,66378.93882462947,0.0,0.0,729.2297487789534,160.83165099999917,9794.733102000002,6000.0,6000.0
2025-12-25,none,64610.1874380052,63502.059522147676,0.0,0.0,1108.12791585753,298.77634933333354,6480.591610750002,6000.0,6000.000000000004
2025-12-26,none,41194.689645937484,41194.689645937484,0.0,0.0,0.0,0.0,23270.552101999998,6000.000000000004,6000.000000000002
2025-12-27,none,42428.48745075344,42428.48745075344,0.0,0.0,0.0,0.0,24820.82464283333,6000.000000000002,6000.000000000004
2025-12-28,none,66543.05191440614,65719.12511725593,0.0,0.0,823.926797150211,165.60427408333368,10099.867688166665,6000.000000000004,6000.0
2025-12-29,none,65068.15949907324,64603.86802067816,0.0,0.0,464.2914783950803,124.88797749999947,8541.314675,6000.0,6000.0000000000055
2025-12-30,none,65172.618519633295,65062.812613978625,0.0,0.0,109.80590565466677,29.47541708333324,9970.23366575,6000.0000000000055,6000.000000000002
2025-12-31,none,66388.35300585057,65421.537924029115,0.0,0.0,966.8150818214633,272.32842347222254,8766.60216980556,6000.000000000002,6000.0
2025-02-01,6,34390.633310904566,34235.17896962684,0.0,0.0,155.45434127772904,72.90758404166661,23810.051570234566,6558.878626050003,5616.198273183798
2025-02-02,6,60647.95748770576,57328.79593272306,0.0,0.0,3319.161554982701,618.4268112500012,7991.973854395064,5616.198273183798,6868.108705583337
2025-02-03,6,63046.02795315331,57512.52809875645,0.0,0.0,5533.499854396861,1164.0703227500032,8243.809746899511,6868.108705583337,6671.26866527778
2025-02-04,6,64493.29482912332,59124.4764740224,0.0,0.0,5368.818355100919,1159.3586525416656,8429.358695261664,6671.26866527778,6852.983105125009
2025-02-05,6,58920.081480810884,54805.42313580448,383.2375557734757,0.0,3731.420789232926,822.9945949722212,3699.7778869305575,6852.983105125009,6204.324553125001
2025-02-06,6,63716.20619970616,58931.888976932736,0.0,0.0,4784.317222773424,983.8478652222223,9205.131109233886,6204.324553125001,6565.036152819448
2025-02-07,6,33038.12974449016,32766.020290063992,0.0,0.0,272.1094544261646,81.6496373333328,24180.227687673858,6565.036152819448,5667.388557299086
2025-02-08,6,28794.754799275936,28141.741360783708,0.0,0.0,653.0134384922278,162.07673191666652,16408.104826175222,5667.388557299086,5689.16060898288
2025-02-09,6,59396.97301430044,55477.40531810623,544.1849224389026,0.0,3375.3827737553097,703.3508573888896,5270.8707007052535,5689.16060898288,6238.5556766249965
2025-02-10,6,63511.605389589866,52035.594072439024,0.0,0.0,11476.011317150838,2465.356868444448,7761.772996217076,6238.5556766249965,6396.561598111117
2025-02-11,6,61787.30447549751,52748.16770240012,0.0,0.0,9039.13677309739,1902.312576555553,6606.2992749410205,6396.561598111117,6555.746859833329
2025-02-12,6,60834.91334412158,52310.193659470686,0.0,0.0,8524.719684650892,1780.537085239031,6344.381816583332,6555.746859833329,6539.251941555557
2025-02-13,6,55230.62019255355,48110.47103428852,0.0,0.0,7120.149158265024,1596.461759388888,4882.459876982171,6539.251941555557,6204.222687611113
2025-02-14,6,27806.804828713633,27589.85681474152,0.0,0.0,216.9480139721116,76.97481572222244,17955.376581735938,6204.222687611113,5905.51419780278
2025-02-15,6,28961.086721658263,28189.031948002048,0.0,0.0,772.0547736562158,222.4119741527796,18606.42992451389,5905.51419780278,6343.845355765741
2025-02-16,6,65040.19946236436,51757.50364026903,0.0,0.0,13282.695822095331,2858.6210977916676,7106.004444072182,6343.845355765741,6195.6726675138925
2025-02-17,6,56523.58439077721,51147.320431642904,0.0,0.0,5376.263959134303,1151.6969513333333,9447.596269512345,6195.6726675138925,6152.999686325616
2025-02-18,6,62059.61415473075,45114.4386567871,51.00785385926045,0.0,16894.167644084395,3896.631115638884,1397.9418302222207,6152.999686325616,6158.213737500006
2025-02-19,6,64029.907341161634,45294.221661740536,0.0,0.0,18735.685679421098,4549.159295388888,1359.7959713100095,6158.213737500006,6214.6279243472245
2025-02-20,6,58412.56277614836,46826.29740950384,837.7386015485315,0.0,10748.52676509599,2327.88808672222,5039.176871390433,6214.6279243472245,6113.012263875002
2025-02-21,6,25367.800259268613,24356.052487480352,0.0,0.0,1011.747771788262,332.9456834722219,16405.893105599454,6113.012263875002,5874.22720300093
2025-02-22,6,25551.346033582096,25131.504794968307,0.0,0.0,419.8412386137915,162.66624916666672,13521.958223264399,5874.22720300093,7022.080383817595
2025-02-23,6,57267.881307098665,44919.70740128757,144.06077594596047,0.0,12204.113129865138,2842.686963250004,1868.9356149583336,7022.080383817595,6068.466129375001
2025-02-24,6,61231.17911405823,43905.77234640347,0.0,0.0,17325.406767654757,3731.7360067916597,2442.776474046288,6068.466129375001,6509.548360791669
2025-02-25,6,54588.591754590554,44450.82357425685,759.0749457902921,0.0,9378.693234543407,2181.894187402774,6707.583213382715,6509.548360791669,5990.6683074375005
2025-02-26,6,65523.95607129758,40008.38115227208,1158.4949943429247,0.0,24357.07992468258,5951.656792972226,792.2871910555551,5990.6683074375005,6026.857845000003
2025-02-27,6,62535.68375135924,41219.34069492895,65.74289299554495,0.0,21250.60016343475,4758.361399944436,1430.4450669461548,6026.857845000003,6167.0033898750025
2025-02-28,6,23950.577124801974,22815.59468800253,0.0,0.0,1134.9824367994456,330.0457775277782,14970.193249768516,6167.0033898750025,6091.8344493777795
2025-03-01,6,27540.675451817744,26223.0748548911,0.0,0.0,1317.6005969266432,384.2748706111092,22384.66333104165,6091.8344493777795,5716.230709999077
2025-03-02,6,64475.6664279711,46628.812837589874,116.67549517789885,0.0,17730.178095203322,3877.395146277775,2846.981202211411,5716.230709999077,6711.613038486114
2025-03-03,6,70008.65578124924,47782.79369463261,277.2943246238773,0.0,21948.56776199275,4838.256955861105,7694.250652678324,6711.613038486114,6291.664379999998
2025-03-04,6,61801.92291752361,42234.08409506331,145.43251122205254,0.0,19422.40631123825,4931.501959708337,981.958646374999,6291.664379999998,6348.8846863402705
2025-03-05,6,56426.69573970097,44194.40805907143,0.0,0.0,12232.287680629535,2607.959338694444,5432.5458808288795,6348.8846863402705,6513.794506500004
2025-03-06,6,60473.350753025145,40924.450425445975,0.0,0.0,19548.90032757917,4515.466096194447,2287.180329795445,6513.794506500004,6496.53460351389
2025-03-07,6,26153.82608537233,24212.479487032717,0.0,0.0,1941.3465983396113,489.4422656944444,22036.720988021603,6496.53460351389,4467.371386400003
2025-03-08,6,24125.60504953307,22878.18550907339,0.0,0.0,1247.4195404596808,354.15526266666683,18432.167430788926,4467.371386400003,5640.440699179632
2025-03-09,6,63702.55283775068,43419.28104208753,0.0,0.0,20283.271795663146,4470.144670388889,9065.953806743657,5640.440699179632,6193.524080041669
2025-03-10,6,62612.86516969972,40839.57662147957,562.3147922282394,0.0,21210.97375599191,5049.13579769444,1829.759471926958,6193.524080041669,6240.138301222229
2025-03-11,6,55120.14864028875,36738.92418731974,5081.8584240936725,0.0,13299.366028875345,3083.0668367499934,1800.7576654166694,6240.138301222229,6206.25540075
2025-03-12,6,64642.42069601921,42277.215537636504,0.0,0.0,22365.205158382705,5134.676214527777,8816.900812982849,6206.25540075,6305.540147250002
2025-03-13,6,58793.46686953279,42061.586664099894,0.0,0.0,16731.8802054329,3740.0276963055517,2284.4638970706465,6305.540147250002,6387.8270981481455
2025-03-14,6,22044.297503612954,21590.184771089822,0.0,0.0,454.1127325231307,180.53253816666637,21828.637733878775,6387.8270981481455,4841.35394781389
2025-03-15,6,23337.66832890088,22156.96373925452,0.0,0.0,1180.7045896463624,407.67016511111154,16037.464481733885,4841.35394781389,5904.082664481943
2025-03-16,6,50564.92565098239,40653.16797687727,997.0395740248302,0.0,8914.718100080294,2071.2566559722227,3046.8065272222225,5904.082664481943,6072.967209000002
2025-03-17,6,60825.56847850822,37293.45461981372,0.0,0.0,23532.1138586945,5345.763760791668,6251.052871319454,6072.967209000002,6228.290058180557
2025-03-18,6,52797.0857159514,42921.20026201921,0.0,0.0,9875.88545393219,2096.859107499996,8418.119423705757,6228.290058180557,6327.673513530869
2025-03-19,6,50825.48987558567,35188.954951568056,3611.2200728470903,0.0,12025.314851170519,3055.78245497222,2157.9020530658427,6327.673513530869,5924.829737240744
2025-03-20,6,63859.96477695253,40233.47720160091,0.0,0.0,23626.487575351624,5352.250149541671,5614.093125400549,5924.829737240744,6019.128821069446
2025-03-21,6,21743.95107913277,20901.29923329392,0.0,0.0,842.6518458388475,208.95449216666677,24702.926591484564,6019.128821069446,4159.475851033333
2025-03-22,6,25585.222895168547,22348.629246118056,0.0,0.0,3236.593649050492,848.5795209269688,21979.907614833333,4159.475851033333,4606.2321224660545
2025-03-23,6,48862.20059268146,41327.102999517076,0.0,0.0,7535.097593164385,1770.6830021388876,6872.168279008232,4606.2321224660545,6014.287941975312
2025-03-24,6,48611.644354325224,37905.38329914825,605.981575285533,0.0,10100.279479891438,2423.7228861388876,4682.5709397006185,6014.287941975312,6036.5662710000015
2025-03-25,6,60681.26979077113,42476.355876694346,260.9497815907281,0.0,17943.964132486057,4179.686531333333,10744.160957153632,6036.5662710000015,5965.011178125002
2025-03-26,6,43748.944527119995,36944.680764132514,73.32100338788153,0.0,6730.942759599602,1689.3957016388877,2922.045175674728,5965.011178125002,6104.063934146605
2025-03-27,6,47153.37191761281,38817.62623025763,933.9847094345341,0.0,7401.7609779206505,1809.7512261666689,4903.856447560702,6104.063934146605,6000.388652250005
2025-03-28,6,21818.63318356993,20746.86873866139,0.0,0.0,1071.7644449085433,281.96080722222257,26232.25059037929,6000.388652250005,4356.031466493514
2025-03-29,6,21314.680348538368,20429.068563709618,0.0,0.0,885.61178482875,238.35245069444446,26923.38459913271,4356.031466493514,4807.308789251238
2025-03-30,6,48918.56283482963,38434.37448644312,272.6084208070779,0.0,10211.579927579432,2494.836173277776,7484.15224536043,4807.308789251238,5964.142002562503
2025-03-31,6,47176.102231572164,33335.187941490796,6764.983926868736,0.0,7075.93036321263,1786.3239775277762,3373.265445444451,5964.142002562503,6015.408676500002
2025-04-01,6,46857.99964364625,39250.98472539472,2532.77688104393,0.0,5074.2380372076,1428.9434566111142,6825.645468380995,6015.408676500002,5881.528665375001
2025-04-02,6,45599.59645611831,37625.73006954808,3159.548169012324,0.0,4814.318217557899,1297.7745359999963,3459.994026083339,5881.528665375001,5896.049614125001
2025-04-03,6,46924.85480538227,39195.835057234544,403.4638897099637,0.0,7325.555858437758,1821.4265238611138,7679.197103443426,5896.049614125001,5938.8557476875
2025-04-04,6,20538.335989788215,19388.379544428193,0.0,0.0,1149.9564453600228,282.02765175000053,27908.350832633925,5938.8557476875,4686.456569774992
2025-04-05,6,21980.975109656676,19595.68311797864,0.0,0.0,2385.2919916780356,586.6527789166652,21757.857015233527,4686.456569774992,4907.828604617597
2025-04-06,6,49532.344658592505,36490.054105336036,260.3831031632402,0.0,12781.907450093224,3060.4511868750046,6458.285673006689,4907.828604617597,6029.429953875004
2025-04-07,6,43337.57935406683,32016.20194725746,3215.2848125473956,0.0,8106.092594261972,1948.5053526666695,1993.8115574166661,6029.429953875004,5985.777660750002
2025-04-08,6,47979.393906115656,37040.63940210426,440.49617100504275,0.0,10498.25833300636,2321.7690011111054,6868.278140300753,5985.777660750002,5996.612886375002
2025-04-09,6,47576.50644797689,36194.68674264572,1303.8236574157163,0.0,10077.996047915458,2379.479422861108,1978.9006231111134,5996.612886375002,5992.426218750001
2025-04-10,6,44767.34106443025,36083.73392271911,1229.3028153115292,0.0,7454.30432639961,1692.2521936666662,4929.740541083335,5992.426218750001,5982.973438874999
2025-04-11,6,18545.43022836273,18101.18329474795,0.0,0.0,444.24693361477995,106.63030911111159,26827.990764785998,5982.973438874999,4796.625958200001
2025-04-12,6,20900.498043531872,20217.83210914606,0.0,0.0,682.6659343858137,186.57285922222246,25524.545379245712,4796.625958200001,4760.36934636898
2025-04-13,6,51320.81364631464,34239.8969366201,0.0,0.0,17080.916709694542,3949.4895504166698,2639.3829123240826,4760.36934636898,6074.546635030867
2025-04-14,6,53027.34375214849,35913.97166136446,416.681461266279,0.0,16696.690629517743,3967.0379869583267,8619.75657839814,6074.546635030867,5929.264270687503
2025-04-15,6,41365.85625341188,31073.486256462864,2941.528459234885,0.0,7350.841537714139,1593.7345298888888,3083.097880888888,5929.264270687503,6064.441938750006
2025-04-16,6,44040.01954383419,34202.678589719726,2943.7827096658,0.0,6893.558244448661,1590.562781680553,3350.5650101075125,6064.441938750006,5966.043899062504
2025-04-17,6,44336.13310128,32020.63794003104,3810.4714061739096,0.0,8505.023755075055,1862.7943056388892,3194.7431328888892,5966.043899062504,5995.2730378125
2025-04-18,6,18570.65983890077,18227.660184475924,0.0,0.0,342.99965442484563,69.7001938055553,25773.746121938275,5995.2730378125,5032.804145930553
2025-04-19,6,20852.45787207997,18170.243443751984,0.0,0.0,2682.2144283279854,709.5380580277777,26078.226844128592,5032.804145930553,4988.702345519446
2025-04-20,6,44024.66971470283,32737.493458263794,1187.2439561497654,0.0,10099.93230028927,2287.5485328750055,2242.502204458332,4988.702345519446,5978.0157365625
2025-04-21,6,47289.91740841134,33847.48551232458,540.0808422934981,0.0,12902.35105379326,3034.9282730555515,9276.9264822037,5978.0157365625,5909.522455499999
2025-04-22,6,41299.35841787281,30842.155960194294,4628.027532270684,0.0,5829.174925407837,1351.265873583334,2874.2240364166682,5909.522455499999,5966.432628750003
2025-04-23,6,43708.12441414198,29776.982133984264,4756.680757208892,0.0,9174.461522948826,2269.502102805554,2849.3947891388916,5966.432628750003,5930.614159874999
2025-04-24,6,43476.77713228123,30460.196984910177,329.6861551433333,0.0,12686.893992227722,3086.2794979722225,3998.130160215027,5930.614159874999,6006.584040749998
2025-04-25,6,18466.714668863235,17872.644347825782,0.0,0.0,594.0703210374509,151.53614669444434,30680.888267105263,6006.584040749998,4098.915158700007
2025-04-26,6,20206.9543766672,18412.371372438975,0.0,0.0,1794.5830042282255,425.47082869444523,31899.379273251376,4098.915158700007,4756.57546645
2025-04-27,6,49137.40512127602,30329.089689103945,2287.56579589022,0.0,16520.749636281853,3757.4623674444456,4124.901641777776,4756.57546645,6112.893112500001
2025-04-28,6,44116.951778266084,35176.62144541627,2328.859376798773,0.0,6611.470956051038,1406.8379392499978,4632.910976750003,6112.893112500001,5989.3892446875
2025-04-29,6,41576.05622764942,30572.333064879313,876.9561754047395,0.0,10126.766987365361,2286.6220865833316,3392.2140354139237,5989.3892446875,6031.244863125002
2025-04-30,6,44525.61817433199,29580.629103909996,1316.231998924883,0.0,13628.75707149711,3334.4438844166634,2065.7222734166653,6031.244863125002,6051.014738249998
2025-05-01,6,54014.507179362816,30636.473385774185,2451.2675921163436,0.0,20926.766201472285,4780.901406166662,3022.9530734444434,6051.014738249998,5968.048217812499
2025-05-02,6,21745.780296351426,19143.192620307786,0.0,0.0,2602.5876760436404,584.7410063055559,19456.24028731086,5968.048217812499,5058.100165877326
2025-05-03,6,22952.950355667857,18482.48345374954,0.0,0.0,4470.4669019183175,838.9517552361107,24599.531938687232,5058.100165877326,4520.4522906833345
2025-05-04,6,52310.50796585655,33018.74997318292,924.8646175168774,0.0,18366.893375156753,4530.056577777779,4993.646310116597,4520.4522906833345,5916.180206250003
2025-05-05,6,55513.964241672234,34076.168992005616,0.0,0.0,21437.79524966662,4669.774984972224,3077.5699218895807,5916.180206250003,5669.506587332408
2025-05-06,6,52241.680548097094,30069.68401280975,5429.617184898013,0.0,16742.379350389336,3846.3042874722255,3175.8483478888847,5669.506587332408,5891.938200000002
2025-05-07,6,47390.01201389833,32505.881085989968,4506.483702148867,0.0,10377.647225759505,2241.1512043749995,1951.5514580416657,5891.938200000002,5953.998517284261
2025-05-08,6,51308.16526530811,34924.63286734585,658.1821546861526,0.0,15725.350243276105,3542.863701266975,4225.583001868825,5953.998517284261,5945.861562151389
2025-05-09,6,20205.974547613478,19289.606369321435,0.0,0.0,916.3681782920416,176.26268441666662,26298.66464717832,5945.861562151389,3674.6163797250015
2025-05-10,6,20873.00159217554,19877.323772651667,0.0,0.0,995.6778195238741,262.8702585416665,22790.58550120079,3674.6163797250015,3547.3275350999984
2025-05-11,6,48050.508497609575,35142.79749421148,3052.7126936946743,0.0,9854.99830970342,2162.5727470138836,4096.738777349457,3547.3275350999984,5651.619329129939
2025-05-12,6,45286.39509787089,30877.34772200494,7167.133057046247,0.0,7241.914318819702,1544.6336873333312,5645.485294976856,5651.619329129939,5631.795969097222
2025-05-13,6,46217.41176233523,35525.2844544368,1217.4738059807255,0.0,9474.6535019177,2028.6046740138916,7956.449146567909,5631.795969097222,5326.709623858329
2025-05-14,6,45151.266964789516,35699.39454687151,2400.430769478348,0.0,7051.44164843966,1534.580319083332,8185.633515890957,5326.709623858329,4933.468966973147
2025-05-15,6,43807.66675696034,36337.37297463179,4076.67521359877,0.0,3393.618568729775,888.479014138888,8082.248175560695,4933.468966973147,5188.653160495371
2025-05-16,6,20927.995708792147,20497.826842927632,0.0,0.0,430.16886586451454,152.7734493472224,31959.041694212967,5188.653160495371,4055.9816420999996
2025-05-17,6,21766.707104990302,20740.96392643826,0.0,0.0,1025.7431785520412,219.06542859722202,24481.48445280693,4055.9816420999996,3858.6326072249967
2025-05-18,6,41772.75508710873,38304.46955856695,1555.1126681058743,0.0,1913.172860435906,640.2017030694436,7413.30392655487,3858.6326072249967,5805.5460109800915
2025-05-19,6,39189.32991138054,34002.53748354369,893.2626474735674,0.0,4293.529780363282,900.199000625001,7415.447183255658,5805.5460109800915,5995.466031988426
2025-05-20,6,43208.63615204669,33828.81996859267,4261.97885793676,0.0,5117.837325517259,1128.4579278611102,5412.659926215025,5995.466031988426,4974.043789856482
2025-05-21,6,43055.50737623878,32922.06380962371,6700.976322125123,0.0,3432.4672444899497,890.6737620848738,8070.39648055555,4974.043789856482,4516.629244376387
2025-05-22,6,41424.216005639515,35405.45870181147,1500.2143680539089,0.0,4518.542935774138,1048.0671816111112,6502.846207944438,4516.629244376387,4415.924372625006
2025-05-23,6,20787.361313034206,20612.617913451497,0.0,0.0,174.74339958270772,28.623750833333233,29156.719960149865,4415.924372625006,3219.659469449999
2025-05-24,6,21784.937709966245,21784.937709966245,0.0,0.0,0.0,0.0,31970.121344724797,3219.659469449999,3473.4878532000002
2025-05-25,6,40542.094005891006,36332.231504594754,1614.4639378708098,0.0,2595.398563425441,672.6916341111105,9933.909417987643,3473.4878532000002,4739.683477255561
2025-05-26,6,44305.64311652637,35024.6023504385,4123.867044295157,0.0,5157.173721792715,1418.9168691666655,5635.546682545268,4739.683477255561,5345.309160184262
2025-05-27,6,44367.24603879742,33058.594457482504,8111.172639605003,0.0,3197.4789417099196,837.214221569447,9888.047189069439,5345.309160184262,5950.137891590277
2025-05-28,6,39357.97866784635,36537.038363520114,1817.9466783418197,0.0,1002.9936259844194,371.4599154166675,8114.983252225307,5950.137891590277,4822.341574475001
2025-05-29,6,45594.11077496487,36962.97128799786,6390.025689632055,0.0,2241.1137973349573,654.527501194444,10295.925411027774,4822.341574475001,5929.30035
2025-05-30,6,21260.25038254092,21218.08423910842,0.0,0.0,42.166143432499915,19.37337166666663,30063.966999932956,5929.30035,3435.4391577750002
2025-05-31,6,24561.464110614477,24227.38489461983,0.0,0.0,334.07921599464623,156.28708554166684,30488.28924196536,3435.4391577750002,4224.618662325001
2025-06-01,6,59665.78943859694,47125.81479214705,5463.20930128148,0.0,7076.765345168409,2334.044012055554,7651.682243571505,4224.618662325001,5709.875233687499
2025-06-02,6,60061.04864726255,48388.68119982717,2955.394918173204,0.0,8716.972529262173,2650.0971209027775,10723.460745319277,5709.875233687499,5699.042102812498
2025-06-03,6,59741.18434988393,44632.40630951572,9734.92148077878,0.0,5373.856559589435,1790.798260833334,10579.435044916669,5699.042102812498,5717.039933624999
2025-06-04,6,67485.76558998512,52623.39054613383,2643.8546923404656,0.0,12218.520351510822,3631.7683506111084,17101.964636353907,5717.039933624999,5560.305472551856
2025-06-05,6,58914.99534323085,46133.31785244271,9063.216530392463,0.0,3718.460960395672,1366.4501208611098,8989.655393777783,5560.305472551856,5627.0706439398145
2025-06-06,6,31500.237062994584,31253.216278534455,0.0,0.0,247.02078446012746,86.04432713888951,22383.914529386155,5627.0706439398145,3740.180688149998
2025-06-07,6,35547.777164115396,35054.590874196016,0.0,0.0,493.1862899193773,157.24015133333398,28927.232533025723,3740.180688149998,3860.372305275
2025-06-08,6,54848.24991637575,47926.6961149632,4079.225535311903,0.0,2842.328266100655,795.5609117222225,13851.462915175587,3860.372305275,4203.059182799996
2025-06-09,6,57699.245512353424,54629.23155452675,1100.5724288021693,0.0,1969.4415290245092,779.3801079166658,12777.667301786363,4203.059182799996,5155.678205786107
2025-06-10,6,55996.17633215266,50433.76443515824,3941.7943251093816,0.0,1620.6175718850352,620.9534127916671,8981.278922219142,5155.678205786107,5172.000549388881
2025-06-11,6,62264.06362777517,55569.10208727329,3729.287498316527,0.0,2965.6740421853506,790.7350238750009,11736.283927648145,5172.000549388881,4191.720466350004
2025-06-12,6,59477.611284696184,55012.83358522912,3511.4228411457316,0.0,953.3548583213324,350.9009229999997,13700.45667501338,4191.720466350004,4591.483148040744
2025-06-13,6,33360.51737486239,33360.51737486239,0.0,0.0,0.0,0.0,28446.341171372602,4591.483148040744,2615.8365855
2025-06-14,6,35056.44084192215,35032.88977408807,0.0,0.0,23.55106783408312,11.106374833333234,32812.32913701938,2615.8365855,2008.3102473749952
2025-06-15,6,58992.60665798983,53771.24644565502,4995.627018333047,0.0,225.73319400176356,47.47360794444444,15332.583189814824,2008.3102473749952,3350.3754510000017
2025-06-16,6,61161.33507088418,55475.454392014224,5172.832401871279,0.0,513.048276998681,201.30354205555568,15534.545683790126,3350.3754510000017,4046.8863678791677
2025-06-17,6,63778.077030100256,56391.80099888994,6705.776330953664,0.0,680.4997002566445,241.4098897638885,16748.913573838476,4046.8863678791677,3945.8423582925984
2025-06-18,6,63451.3661869015,56945.958977150374,6044.034990017433,0.0,461.37221973369265,167.91391699999946,21344.56436650411,3945.8423582925984,3659.6173530462947
2025-06-19,6,58483.2231353589,54093.69771141133,3778.5559617964027,0.0,610.9694621511651,178.25169463888824,16719.96191297908,3659.6173530462947,4567.124884848611
2025-06-20,6,33726.571794559975,33726.571794559975,0.0,0.0,0.0,0.0,34933.77314042248,4567.124884848611,2356.6070780250016
2025-06-21,6,32315.694049171267,32315.694049171267,0.0,0.0,0.0,0.0,34116.55704409945,2356.6070780250016,1504.7068366499989
2025-06-22,6,59911.584551839944,54646.10389862404,4923.525412575563,0.0,341.95524064034544,117.46990281944407,19145.110099828533,1504.7068366499989,3691.4921140847196
2025-06-23,6,57111.48171127673,55445.27711060032,1420.4182343367586,0.0,245.78636633965152,96.134246819444,18300.923985817382,3691.4921140847196,3195.206119914356
2025-06-24,6,64588.909449926156,63274.6505075168,1013.0438939118806,0.0,301.21504849747197,110.37340549999988,19418.28989841426,3195.206119914356,3073.7381409546365
2025-06-25,6,59461.550580649324,56416.275592548336,2912.551520124315,0.0,132.7234679766662,39.571620611110916,18580.142198150545,3073.7381409546365,2936.13580642501
2025-06-26,6,57650.254381384264,54943.43116146556,2699.803078153668,0.0,7.020141765042109,3.1940937500002065,18967.59708591667,2936.13580642501,2548.3019161500033
2025-06-27,6,35608.3338555302,35608.3338555302,0.0,0.0,0.0,0.0,38989.24969437551,2548.3019161500033,1294.7043182250034
2025-06-28,6,35546.803314988225,35546.803314988225,0.0,0.0,0.0,0.0,35945.06755969204,1294.7043182250034,1200.0
2025-06-29,6,59988.20885246812,54465.8678353617,5329.084872428744,0.0,193.25614467767346,85.4248627638888,16980.35522525361,1200.0,3363.5466065365695
2025-06-30,6,58513.88481094595,57397.468494183726,529.6452572322379,0.0,586.7710595299847,192.37301948611088,17395.317885618315,3363.5466065365695,3702.3984041694443
2025-07-01,6,72455.8950344313,49771.61747537998,16739.78648605594,0.0,5944.491072995378,2632.461002333334,11819.454582083335,3702.3984041694443,5280.432292500001
2025-07-02,6,65121.23550658592,46294.492664850615,12933.810037473193,0.0,5892.9328042621155,2619.0414012916654,11314.101522375004,5280.432292500001,5338.9419069375
2025-07-03,6,75694.68359538152,51831.78239393005,17280.970330936787,0.0,6581.930870514681,2751.6453324166673,15406.64243083334,5338.9419069375,5172.913599300005
2025-07-04,6,38060.12674575563,28315.04537127629,8602.416252337047,0.0,1142.665122142292,530.3935352500001,24085.658481066355,5172.913599300005,4979.485271222226
2025-07-05,6,33977.474993586635,28841.597001998147,4153.778189764762,0.0,982.0998018237215,449.93130849999966,19798.842260643003,4979.485271222226,4980.381465637968
2025-07-06,6,73981.00615238247,48562.55132605732,20735.136847242964,0.0,4683.317979082196,2040.4417299166669,13128.564878166668,4980.381465637968,5251.118283305556
2025-07-07,6,60593.98266440529,51130.919336568455,6428.529391562496,0.0,3034.5339362743375,1351.5267061527766,10616.417793958339,5251.118283305556,5380.3546485162005
2025-07-08,6,59543.768419532295,54502.131191576875,3713.563438278078,0.0,1328.0737896773448,552.3444058333323,9594.998356345332,5380.3546485162005,5247.120519976857
2025-07-09,6,61325.324106689266,53991.684501559874,5542.100192238167,0.0,1791.5394128912205,565.5331580833326,12641.566912083345,5247.120519976857,5533.190863787038
2025-07-10,6,60705.8809047458,49341.221536872705,10012.006512435328,0.0,1352.652855437766,605.2887542777785,10068.023953805552,5533.190863787038,5450.529353334254
2025-07-11,6,33756.7445518187,33512.519443403806,214.53916806489568,0.0,29.685940350000244,13.629908333333447,21408.065503419235,5450.529353334254,4087.600358563891
2025-07-12,6,34274.69660686464,31657.430587799317,2617.2660190653287,0.0,0.0,0.0,20848.33659114712,4087.600358563891,4306.439825978707
2025-07-13,6,56326.00149933689,53364.13541857998,2454.7167652950825,0.0,507.1493154618317,187.34534749999966,11165.331966221196,4306.439825978707,5629.946670740738
2025-07-14,6,56849.910952133534,48463.525007177974,6685.673926470047,0.0,1700.7120184855135,510.6324133055557,8100.689407888894,5629.946670740738,5549.145682412037
2025-07-15,6,58695.41407860922,53075.17539793276,1735.1744432407768,0.0,3885.064237435676,1008.8763071666657,11304.2352487157,5549.145682412037,4690.15698316389
2025-07-16,6,59592.71271404375,51875.16785396308,1148.8794826831268,0.0,6568.665377397544,1981.790620527774,7545.17922825515,4690.15698316389,5368.851588966669
2025-07-17,6,58014.46532963122,49491.94054013205,7507.783558634343,0.0,1014.7412308648301,250.7482853055548,9089.39941840123,5368.851588966669,5028.627521838891
2025-07-18,6,35969.981807066484,35969.981807066484,0.0,0.0,0.0,0.0,26777.39243254389,5028.627521838891,2902.1166179250067
2025-07-19,6,38695.82137605442,36496.825178760155,0.0,0.0,2198.996197294259,508.37760484722105,29355.424189255325,2902.1166179250067,3163.0446209250013
2025-07-20,6,57040.221735645435,53092.98540733014,2781.582382483561,0.0,1165.6539458317347,283.5722150138886,10424.747590116258,3163.0446209250013,5007.635344499536
2025-07-21,6,61032.478634128725,53143.18206049269,2047.2025825820494,0.0,5842.093991053982,1442.4909446666657,9766.712602904652,5007.635344499536,4744.41421569723
2025-07-22,6,64248.717350028935,53280.8400255077,10965.615561389568,0.0,2.2617631316664557,0.5145633333332853,17351.985481194442,4744.41421569723,4577.574066822225
2025-07-23,6,65958.27036740778,59719.48418227131,0.0,0.0,6238.786185136471,1273.1913465277776,17971.703234581964,4577.574066822225,4367.159389300928
2025-07-24,6,61338.70375360781,59305.86612460669,606.8472818021361,0.0,1425.9903471989867,325.36326444444455,15564.326253739026,4367.159389300928,5378.282961813895
2025-07-25,6,35081.69444706374,34877.032740311304,0.0,0.0,204.6617067524364,55.49019649999975,30042.982171218962,5378.282961813895,2479.629632175003
2025-07-26,6,36800.59945023538,36800.59945023538,0.0,0.0,0.0,0.0,30002.07904562311,2479.629632175003,2408.1761744250016
2025-07-27,6,61746.78655118022,54684.18675008329,2893.46419751234,0.0,4169.1356035845965,965.7276110416667,10981.80964416564,2408.1761744250016,4750.094544663887
2025-07-28,6,62037.994657115356,55596.94790992078,2744.18165263262,0.0,3696.8650945619493,1005.4276323631661,10597.10593912037,4750.094544663887,3897.353069883335
2025-07-29,6,59778.27838913737,55033.44754631941,3812.152988907549,0.0,932.677853910411,201.65037165277812,11699.101723998454,3897.353069883335,4137.043482513891
2025-07-30,6,60041.60719820409,50783.87374426753,8205.203937146025,0.0,1052.5295167905379,343.71689000000254,10903.975494134771,4137.043482513891,4519.560737278699
2025-07-31,6,59279.63963284494,52629.49281567192,2659.744653366156,0.0,3990.4021638068684,954.318765833335,9067.70189144137,4519.560737278699,4567.956946852772
2025-08-01,6,35677.43219864714,34773.81653482771,0.0,0.0,903.6156638194298,185.50576866666654,34599.771683908955,4567.956946852772,2431.01072782499
2025-08-02,6,38123.17842825826,38085.3650723343,0.0,0.0,37.813355923957815,6.028434583333251,39761.68397275412,2431.01072782499,2099.047151851854
2025-08-03,6,51817.733346654146,47651.8918433245,3232.2750097449684,0.0,933.5664935846784,245.79350419444347,9764.544755402272,2099.047151851854,4371.975289074072
2025-08-04,6,52000.47044833767,49673.07517197953,1762.4011716934897,0.0,564.9941046646512,143.2952613055552,11900.392126465025,4371.975289074072,3453.875866356482
2025-08-05,6,52760.05370924233,48492.77551672232,2617.2895830782545,0.0,1649.988609441762,350.76474027777743,10923.374564861111,3453.875866356482,3722.921221500004
2025-08-06,6,56128.37669875023,53157.83889448938,0.0,0.0,2970.53780426085,666.2637622777736,10683.190604081268,3722.921221500004,4326.662924902322
2025-08-07,6,54560.544953763034,51647.701675652024,1493.504030492521,0.0,1419.3392476184854,323.10015384722226,18238.8050159309,4326.662924902322,4062.0751732078725
2025-08-08,6,32232.200871802015,32232.200871802015,0.0,0.0,0.0,0.0,38228.270977305896,4062.0751732078725,1213.2639694500008
2025-08-09,6,34033.8300276905,33782.04950116683,0.0,0.0,251.780526523667,62.577921583333406,34889.314848478905,1213.2639694500008,1199.9999999999998
2025-08-10,6,54312.58581483532,50153.891469552844,0.0,0.0,4158.694345282479,1143.260776549038,9416.10821855504,1199.9999999999998,3619.3424068504683
2025-08-11,6,51663.65214377995,47134.030502072856,1401.8134407710693,0.0,3127.808200936026,712.1323511111109,9832.523289916666,3619.3424068504683,3139.609838400003
2025-08-12,6,54777.48171273355,50821.42154524657,1805.372072659421,0.0,2150.6880948275584,571.3077043888868,12019.044117850479,3139.609838400003,3715.2384990750065
2025-08-13,6,52150.3516668279,46065.10076746311,1381.1344598802625,0.0,4704.116439484526,1062.5734654027792,7123.933873844649,3715.2384990750065,3684.505602727315
2025-08-14,6,53344.06310731852,47725.020843454455,3657.1315735653984,0.0,1961.9106902986653,423.585442236112,10531.620018142996,3684.505602727315,3682.392983333795
2025-08-15,6,33221.55063654769,33183.426096706025,0.0,0.0,38.12453984166674,17.83187083333337,36333.690474611445,3682.392983333795,1947.412048800007
2025-08-16,6,35440.03084082173,35216.195564848385,0.0,0.0,223.8352759733457,43.569679749999814,38296.487447101856,1947.412048800007,1262.6923841249984
2025-08-17,6,53765.455542264055,49772.86678519946,102.96068640952593,0.0,3889.628070655065,788.9705870555549,12303.666308763719,1262.6923841249984,3985.0534126074085
2025-08-18,6,50994.86933380799,47682.148779690426,803.4921181821637,0.0,2509.2284359354044,627.3076318611115,9144.173021582306,3985.0534126074085,3654.7263108259317
2025-08-19,6,53105.09416553962,46734.86651862469,0.0,0.0,6370.227646914929,1496.804956000002,6696.504410274696,3654.7263108259317,4507.848920793515
2025-08-20,6,58239.06875531054,50730.93432691175,1736.4077654463401,0.0,5771.726662952443,1401.9571168611094,10708.040639421117,4507.848920793515,3913.495227961581
2025-08-21,6,55379.40211447828,48604.2426683809,1035.2996430502817,0.0,5739.859803047096,1341.0127016111105,10679.313405966052,3913.495227961581,4095.252829113892
2025-08-22,6,33084.332676339334,31799.122415741593,0.0,0.0,1285.210260597742,241.9758534722219,30729.04852897719,4095.252829113892,1904.9238497250017
2025-08-23,6,33109.21258349393,31466.356918461137,0.0,0.0,1642.8556650327919,403.8104033888889,28500.107797972225,1904.9238497250017,1901.4214527749982
2025-08-24,6,60422.44323715238,47817.15329741079,273.5847343207556,0.0,12331.70520542083,2826.947887777777,9012.340416105957,1901.4214527749982,3832.034901751855
2025-08-25,6,62271.78855268662,60062.34541301271,0.0,0.0,2209.4431396739174,603.37604661111,21585.54532618554,3832.034901751855,4055.276028603699
2025-08-26,6,53198.6453514835,47313.59672311037,1126.415994825947,0.0,4758.6326335471795,1141.434642638892,6887.750875549382,4055.276028603699,4237.523788880556
2025-08-27,6,55505.33548534566,47646.747975575105,5911.957116621544,0.0,1946.630393149014,426.9829885555557,10485.744699661518,4237.523788880556,3920.6636486796374
2025-08-28,6,60493.69147198167,46072.63081750898,6555.08840942592,0.0,7865.972245046767,2046.695344236112,7458.145327606484,3920.6636486796374,4105.74421540417
2025-08-29,6,33815.38954555529,33521.41106626575,0.0,0.0,293.9784792895424,93.96827375000026,31118.76290218724,4105.74421540417,2553.6806975999993
2025-08-30,6,33801.62598701405,33672.69813441649,0.0,0.0,128.9278525975629,60.50197716666685,33513.93967766839,2553.6806975999993,3145.2002570995323
2025-08-31,6,56786.24772927031,47452.45698938052,834.7889480648278,0.0,8499.001791824963,2106.9574145277757,6501.583908797841,3145.2002570995323,3933.374455256946
2025-09-01,6,55857.93677996214,52042.62414160851,0.0,0.0,3815.312638353629,819.5190548888868,30578.414231000337,3933.374455256946,1822.8437029796316
2025-09-02,6,50170.31511742309,47078.69382729533,0.0,0.0,3091.6212901277604,607.9269506666687,16857.56876968108,1822.8437029796316,3736.5274239953696
2025-09-03,6,48983.72987483,47185.896877648884,0.0,0.0,1797.83299718112,420.7448806111113,17947.664064192395,3736.5274239953696,3446.9898254606433
2025-09-04,6,49898.097571847735,46504.39634780529,0.0,0.0,3393.7012240424456,814.0937351666655,17037.384936281203,3446.9898254606433,3523.6224806999976
2025-09-05,6,30060.601139094757,29870.06152394188,0.0,0.0,190.5396151528752,69.11976241666662,41627.854517271946,3523.6224806999976,2283.0472046250025
2025-09-06,6,30450.137924787745,30320.92694346689,0.0,0.0,129.210981320854,60.442531499999916,40962.605351875696,2283.0472046250025,2147.6602893541667
2025-09-07,6,48328.06501238247,44759.23545260849,1741.6800067268812,0.0,1827.1495530471016,350.6390852361107,14091.51371653087,2147.6602893541667,3721.9377142847234
2025-09-08,6,49879.325538600126,47855.47477937591,0.0,0.0,2023.850759224213,524.9012481805551,14747.5307489345,3721.9377142847234,3930.103364901395
2025-09-09,6,46355.81892102304,42029.94736335329,1738.339220685814,0.0,2587.532336983936,563.1737077500024,11287.82483118485,3930.103364901395,4447.056743453234
2025-09-10,6,55947.56025870962,48404.1416953078,0.0,0.0,7543.418563401825,1655.5361509166678,16345.811081771591,4447.056743453234,3270.494656869453
2025-09-11,6,52114.27668547152,49142.612147801934,0.0,0.0,2971.6645376695865,568.0998628888894,22219.530743291158,3270.494656869453,3494.6361576000013
2025-09-12,6,29737.929667288812,29617.80805311161,0.0,0.0,120.12161417720051,35.01237372222197,37157.12192475857,3494.6361576000013,2058.522426900002
2025-09-13,6,30069.992408284248,30069.992408284248,0.0,0.0,0.0,0.0,41290.48606402709,2058.522426900002,1200.0
2025-09-14,6,55248.44333976875,53151.00234825845,0.0,0.0,2097.440991510305,509.09384212499833,19502.903903544582,1200.0,3903.19225023488
2025-09-15,6,43814.56542177684,40986.12440968682,0.0,0.0,2828.441012090023,725.0682981944439,6600.143095227024,3903.19225023488,4362.612313734876
2025-09-16,6,50271.651716507215,48255.005535935066,0.0,0.0,2016.646180572151,572.5312540138883,14344.712751377218,4362.612313734876,5314.263123744607
2025-09-17,6,48599.78244146832,46183.06878707241,0.0,0.0,2416.713654395913,661.7417371111114,10853.795012898667,5314.263123744607,4595.302516180553
2025-09-18,6,49483.32310313833,41048.470663826156,5063.86148869303,0.0,3370.990950619144,689.1687491666679,9930.384775599792,4595.302516180553,4390.826998035188
2025-09-19,6,27087.350626022362,27067.673468673864,0.0,0.0,19.677157348500074,9.264198375000035,28234.64188669134,4390.826998035188,2988.5485634226907
2025-09-20,6,28476.43566821553,28095.71347323159,0.0,0.0,380.72219498393974,127.18592345833395,29743.151709070982,2988.5485634226907,2701.394955786577
2025-09-21,6,47962.58725141839,46145.150703854175,0.0,0.0,1817.4365475642107,474.3812296250004,10719.997564341047,2701.394955786577,5295.565172959734
2025-09-22,6,51776.15430951667,45307.913849540084,197.76899696808064,0.0,6270.471463008509,1840.1110447500016,9854.244688163237,5295.565172959734,5844.752306987964
2025-09-23,6,51224.34534341153,43977.52388435192,0.0,0.0,7246.8214590596135,1692.5588941944447,6218.926080306241,5844.752306987964,5882.15735898241
2025-09-24,6,49077.60847066801,38541.159367137,4229.063166862333,0.0,6307.385936668684,1935.772417027779,3080.2837629444457,5882.15735898241,5939.133096000001
2025-09-25,6,52308.80672703417,41902.044228387334,3092.0277723411286,0.0,7314.734726305705,2098.565070236111,8383.377508694448,5939.133096000001,6021.640429125003
2025-09-26,6,27175.011265518442,26295.5369913604,0.0,0.0,879.4742741580403,249.06354974999988,25914.091666037035,6021.640429125003,4808.249025866669
2025-09-27,6,26243.801380591925,24848.11170111247,0.0,0.0,1395.689679479457,487.0822530833333,21475.9464629808,4808.249025866669,5511.01000221204
2025-09-28,6,55394.21991445383,42229.28948301452,7416.569932599545,0.0,5748.360498839762,1675.2657036666646,9507.427028333335,5511.01000221204,6003.949420125002
2025-09-29,6,55700.16844150862,44199.213466054294,209.15075175375466,0.0,11291.804223700572,2854.4550344166646,7222.750717401921,6003.949420125002,5971.627477500002
2025-09-30,6,52036.98901359034,44176.33390888272,2213.347022212264,0.0,5647.308082495359,1628.03246488889,3979.9452809583327,5971.627477500002,5961.516810937499
2025-10-01,6,42974.230413887686,41438.11354189555,713.1637004690471,0.0,822.9531715230814,372.38280249999923,14351.396079166667,5961.516810937499,6013.65459375
2025-10-02,6,47197.47277230118,46217.291503963206,71.76394198305927,0.0,908.4173263549153,418.98968958333285,19007.536382154663,6013.65459375,5990.264801625
2025-10-03,6,23652.452659064093,22840.478350757898,0.0,0.0,811.9743083061933,174.86687324999968,30620.87424354938,5990.264801625,5016.9294953870385
2025-10-04,6,27588.665244205768,27331.718336064412,0.0,0.0,256.94690814135413,120.35870379166664,32935.15780799383,5016.9294953870385,4947.569188910187
2025-10-05,6,47681.118096621045,45302.61030607311,503.6482918119155,0.0,1874.859498736016,638.0819273333321,15387.957471909638,4947.569188910187,5970.328224562502
2025-10-06,6,43722.98703557763,38437.067797372205,4030.8777793960935,0.0,1255.0414588093304,464.32532888888807,5213.961721888888,5970.328224562502,5988.395531250002
2025-10-07,6,43301.620116685575,40829.91095223675,780.1355351427773,0.0,1691.5736293060504,551.6585654027785,5772.611069238508,5988.395531250002,6063.597804375004
2025-10-08,6,40811.55525308593,39273.52210265303,690.5827132488979,0.0,847.4504371840027,282.1685250555548,4346.433695041675,6063.597804375004,5988.637232062498
2025-10-09,6,46851.09915606681,45625.19423666391,139.08647479893938,0.0,1086.818444603963,318.2443833055538,14795.52637713993,5988.637232062498,5981.132106374997
2025-10-10,6,24973.303867402425,24811.904572463718,0.0,0.0,161.399294938708,74.9123158333332,31245.608367249995,5981.132106374997,5889.560257304631
2025-10-11,6,25320.578091447147,24981.663685983607,0.0,0.0,338.9144054635415,158.85374424999992,27425.339798628593,5889.560257304631,5507.748370796292
2025-10-12,6,44010.28796891229,41622.52060615629,335.4263722688143,0.0,2052.3409904871896,567.7860932499989,6074.3842330000025,5507.748370796292,6085.369588500003
2025-10-13,6,47282.92344639773,42652.93592915827,962.4155498697165,0.0,3667.571967369738,839.7983869166644,9976.648174489377,6085.369588500003,6142.104920055556
2025-10-14,6,53814.69540779421,44925.116302704315,1323.3647496791045,0.0,7566.214355410792,1802.8850920000004,10772.013538180727,6142.104920055556,5972.693264250003
2025-10-15,6,50202.75154991136,45951.14394650158,252.9249398999193,0.0,3998.68266350986,943.7948266111105,9746.377315872083,5972.693264250003,5977.4312789999985
2025-10-16,6,47680.6100744776,43799.84848663983,1810.818723695185,0.0,2069.942864142582,535.0342548611111,5705.524698524689,5977.4312789999985,5954.208450000001
2025-10-17,6,22990.183745323582,22646.958813795416,0.0,0.0,343.2249315281667,160.65064366666667,22067.926735637517,5954.208450000001,5366.112391626851
2025-10-18,6,26136.29517370056,25954.893303021767,0.0,0.0,181.40187067879248,84.93367900000038,25900.066645039107,5366.112391626851,5516.26875099259
2025-10-19,6,47719.0841197912,45543.15416425137,16.737383445651858,0.0,2159.1925720941767,496.8830678333312,5340.380482111972,5516.26875099259,5997.729476062498
2025-10-20,6,50326.298140684354,48749.18575899118,0.0,0.0,1577.1123816931697,421.7798763611125,9514.368385396781,5997.729476062498,6007.117635652779
2025-10-21,6,49459.791622913195,47693.82559506211,653.9593476674776,0.0,1112.0066801836042,373.50702708333483,6792.163239653981,6007.117635652779,5997.0190815000005
2025-10-22,6,51692.744727594894,45233.730304414086,648.7337648400758,0.0,5810.28065834073,1276.039965180554,5231.71040897634,5997.0190815000005,5966.6810521874995
2025-10-23,6,56326.131006438,52443.432976534285,310.128737653181,0.0,3572.5692922505314,737.6499423749982,18427.229184148826,5966.6810521874995,5989.910530312503
2025-10-24,6,24666.091957586163,24328.520059691145,0.0,0.0,337.57189789501774,74.60206595833267,22678.849823949582,5989.910530312503,5367.133794587501
2025-10-25,6,27301.774826100886,27008.30575429453,0.0,0.0,293.46907180635367,119.90288049999998,26929.46329796502,5367.133794587501,5395.670267181022
2025-10-26,6,52125.23106167154,49079.11098673732,407.5575627987536,0.0,2638.5625121354637,600.77620222222,11250.695944011317,5395.670267181022,5979.630525000002
2025-10-27,6,51712.50587341597,44428.11735368396,4790.215956348069,0.0,2494.172563383937,566.6352946666649,9218.816965833339,5979.630525000002,5982.3917624999995
2025-10-28,6,50156.96366345531,44321.48704064905,4203.867219503939,0.0,1631.6094033023148,370.36036687500035,5727.40194113889,5982.3917624999995,5961.062389312499
2025-10-29,6,54998.100789892065,48870.28613501748,162.21460291984693,0.0,5965.600051954735,1209.3157664722253,6323.4406300240025,5961.062389312499,6169.281754537047
2025-10-30,6,50331.89904732704,43876.074532322455,1682.8055233239338,0.0,4773.018991680652,1145.0143389722243,4574.592971350134,6169.281754537047,6052.560448500008
2025-10-31,6,28630.991435750417,28337.88400638633,0.0,0.0,293.1074293640837,81.78371825000016,23979.38273520885,6052.560448500008,5322.325228075002
2025-11-01,6,26501.637940765955,26323.42355836454,0.0,0.0,178.21438240141688,83.2901157500001,20723.332090378935,5322.325228075002,5657.836268345372
2025-11-02,6,56293.32090708611,48577.927160103136,4770.321885194477,0.0,2945.0718617885004,645.645079916667,9380.788593833335,5657.836268345372,5959.988337749999
2025-11-03,6,53642.06292089073,51721.99166601298,869.2483539905188,0.0,1050.8229008872192,358.5608695555551,10164.97815224314,5959.988337749999,5930.517462750002
2025-11-04,6,54587.05532076385,48330.92347548909,2439.1940248995443,0.0,3816.937820375212,826.2294914583315,8494.198581750003,5930.517462750002,5993.450852062499
2025-11-05,6,55705.327311173816,54012.47775921617,226.4825649547247,0.0,1466.3669870029216,450.13648300000114,12692.358613856311,5993.450852062499,5969.657170874999
2025-11-06,6,55525.237178280324,50589.95424520216,2923.3867342580957,0.0,2011.8961988200679,553.5046654999995,7981.721347083336,5969.657170874999,5966.507625000001
2025-11-07,6,28023.093438835756,27942.992357758172,0.0,0.0,80.1010810775833,37.571948583333324,23056.46172572222,5966.507625000001,5729.284016612958
2025-11-08,6,30366.11764227193,30212.77917976185,0.0,0.0,153.33846251008245,65.21227866666646,27050.496699055555,5729.284016612958,5784.869985081482
2025-11-09,6,54203.50976029441,52731.15338156122,346.56799394150306,0.0,1125.7883847916796,315.5487876388886,8319.70253190604,5784.869985081482,5978.015653874997
2025-11-10,6,58930.18345391323,53422.79938797373,3528.336375391106,0.0,1979.0476905483965,483.466372486111,10137.39124811111,5978.015653874997,5970.4829420625
2025-11-11,6,57073.230608602076,55649.59440919143,0.0,0.0,1423.6361994106458,367.7024930555542,11838.14525822462,5970.4829420625,6071.725019416667
2025-11-12,6,58280.524483139954,52935.707250396685,3823.841713296413,0.0,1520.9755194468494,318.3077896944453,11945.110846763888,6071.725019416667,6036.195403125001
2025-11-13,6,55233.50242525157,51518.67641084913,2673.6698100336744,0.0,1041.1562043687645,285.43228430555564,7470.997204833335,6036.195403125001,5953.047281250001
2025-11-14,6,30338.795427153913,30337.670078418912,0.0,0.0,1.125348735000016,0.5308248750000075,23498.392975214498,5953.047281250001,5178.082629528705
2025-11-15,6,34553.86929388943,34505.2472699371,0.0,0.0,48.622023952333045,22.781798499999866,28672.563237168386,5178.082629528705,5662.333656000927
2025-11-16,6,58903.696324932476,53461.327044695,3802.672406027731,0.0,1639.6968742097479,417.4799699444437,8817.562467194446,5662.333656000927,5997.868437000003
2025-11-17,6,59793.26909202774,51359.38483955752,7449.301636746295,0.0,984.582615723918,327.96890033333364,11440.41640291666,5997.868437000003,6035.349315750011
2025-11-18,6,55878.32647104833,53585.13750873122,854.1341077338253,0.0,1439.0548545832876,421.1014445277765,6575.65202893622,6035.349315750011,5977.6848382499975
2025-11-19,6,62640.85713273646,53077.609141667206,8641.34331985684,0.0,921.9046712124175,325.9639730000001,11982.209918999997,5977.6848382499975,5911.170656250001
2025-11-20,6,56884.033689305645,52704.485951816736,3256.616412132946,0.0,922.9313253559586,272.92126899999994,7447.472692083335,5911.170656250001,5953.336031250002
2025-11-21,6,30799.750254190843,30547.234522209426,232.60358427766698,0.0,19.91214770374988,9.391919916666609,22199.789458248975,5953.336031250002,5433.850337775925
2025-11-22,6,35091.30352524642,35027.925143650165,0.0,0.0,63.37838159625,29.643770625000002,27118.811612193065,5433.850337775925,6168.379146125467
2025-11-23,6,59841.377937037076,53275.94747645973,5306.19611565093,0.0,1259.2343449264163,351.3798151666665,9354.738910333335,6168.379146125467,5990.436445125
2025-11-24,6,56912.148724215534,52801.52635197626,2964.4693732631386,0.0,1146.1529989761393,313.631662,7715.17784175,5990.436445125,5969.298924000003
2025-11-25,6,61875.732680284564,60880.35661005045,215.9040228198432,0.0,779.4720474142775,274.18098426388883,14423.261281048524,5969.298924000003,5972.583138937501
2025-11-26,6,59947.79689882661,57048.836955494735,1935.0496508292827,0.0,963.9102925025888,287.72955979166613,10087.324249500005,5972.583138937501,6043.918814624998
2025-11-27,6,58928.83714634724,55083.18544709642,3184.351479625763,0.0,661.3002196250611,172.17725091666648,9474.244144250011,6043.918814624998,5990.036128687502
2025-11-28,6,32469.2877531611,32469.2877531611,0.0,0.0,0.0,0.0,23355.177063301446,5990.036128687502,5180.853634205559
2025-11-29,6,39773.017681454694,39385.689914607734,0.0,0.0,387.3277668469588,181.7736094166669,30490.21090722908,5180.853634205559,5369.734702273148
2025-11-30,6,62859.99464425066,57383.264188359324,4397.972976271767,0.0,1078.7574796195731,301.65127454166725,8952.22051534722,5369.734702273148,5987.147654812502
2025-12-01,6,73895.20776149168,60178.43329296551,8261.635551769783,0.0,5455.138916756396,2221.640420402778,11031.678003694446,5987.147654812502,5776.014297407411
2025-12-02,6,74703.34749738034,62408.94599041464,7617.392071722608,0.0,4677.009435243088,1934.5949271666677,11193.263886583332,5776.014297407411,5758.82997398148
2025-12-03,6,73972.41179563927,56154.36694119689,13986.621880740015,0.0,3831.422973702376,1636.0670630277777,9890.18776427777,5758.82997398148,5743.1164519444455
2025-12-04,6,73695.7086358206,62331.37496095795,7246.903885935354,0.0,4117.429788927293,1691.8892152222224,11811.745092829908,5743.1164519444455,5640.804165925927
2025-12-05,6,38505.20832806637,38405.42074069605,6.1488439431147555,0.0,93.63874342720794,42.80186341666649,20271.008301345337,5640.804165925927,6230.2251393749975
2025-12-06,6,40034.94421808099,39982.328901919704,0.0,0.0,52.61531616129168,24.564377250000007,20835.62798620298,6230.2251393749975,6271.9567897499965
2025-12-07,6,70548.61272576122,64860.90825516061,3737.0746526227053,0.0,1950.629817977917,821.0967678333333,11725.017108691698,6271.9567897499965,5797.573789444445
2025-12-08,6,72770.63942434426,65347.77674939023,6107.9719629668525,0.0,1314.8907119871858,544.2448756666662,14079.363176111106,5797.573789444445,5831.636747407408
2025-12-09,6,68954.16675722333,64809.19764934152,3311.355098080746,0.0,833.6140098010682,354.97415230555544,10957.04656455557,5831.636747407408,5895.4122972222185
2025-12-10,6,71845.4449860475,62195.12424718324,8856.617307184504,0.0,793.7034316797614,359.16864119444347,11412.787887777777,5895.4122972222185,5833.274968055557
2025-12-11,6,68218.34711972244,64558.09102993776,3071.805593794067,0.0,588.4504959906243,226.8675743333331,11992.123485585395,5833.274968055557,5794.298175000002
2025-12-12,6,40286.015288402676,40091.98140140317,194.03388699950403,0.0,0.0,0.0,21258.979172263887,5794.298175000002,6313.875856875003
2025-12-13,6,43160.41452968398,40944.71306283691,2173.5066048324793,0.0,42.19486201458324,19.735669791666623,24216.101980288586,6313.875856875003,6229.131879375003
2025-12-14,6,69615.89862216818,61408.31758575681,7825.572417732908,0.0,382.00861867845856,136.1486463333331,9345.919839916669,6229.131879375003,5897.217639814815
2025-12-15,6,71334.85939148265,62446.643130141776,8748.649553103278,0.0,139.56670823758253,56.95514779166626,10897.531150958333,5897.217639814815,5885.459693796299
2025-12-16,6,68964.2816807625,66686.90674263565,2199.783454644735,0.0,77.59148348212302,32.251859499999455,10068.273036527782,5885.459693796299,5942.672630833338
2025-12-17,6,68434.16258178937,66762.57167394728,1163.2382822225763,0.0,508.35262561950026,168.69715374999998,11504.674951765779,5942.672630833338,5879.22397575
2025-12-18,6,70822.48211477278,63797.15993064898,6576.459325982838,0.0,448.8628581409583,206.70735966666666,12051.110221166664,5879.22397575,5825.048805750002
2025-12-19,6,40021.25927318298,40001.77438948148,0.0,0.0,19.48488370150006,9.162464250000028,20913.755262194456,5825.048805750002,6654.991169934261
2025-12-20,6,41795.044084221576,41789.927683635746,0.0,0.0,5.1164005858334,2.393077916666698,23880.587977556926,6654.991169934261,6991.835545638889
2025-12-21,6,67899.58990016795,65141.77963791484,2265.9582840995513,0.0,491.8519781535636,129.65447400000005,9728.282166805555,6991.835545638889,5980.1647017592595
2025-12-22,6,68721.59115267103,65567.02135112148,2843.864064572288,0.0,310.7057369772491,104.90002341666627,10250.999044638895,5980.1647017592595,5976.075681388891
2025-12-23,6,68055.39672234515,67118.54236468003,696.1217247278466,0.0,240.73263293727484,61.687463208334066,12295.006895968108,5976.075681388891,5969.17038092593
2025-12-24,6,67465.43990020636,66393.59659574257,316.52351132076734,0.0,755.3197931430182,165.34569474999955,10167.881445310186,5969.17038092593,6005.6876951250015
2025-12-25,6,65561.95862939104,63499.3553390988,1530.4784925953154,0.0,532.1247976969184,138.0449745000003,7898.341263416666,6005.6876951250015,5960.8793375625
2025-12-26,6,41213.28934755638,41213.28934755638,0.0,0.0,0.0,0.0,22077.089343476,5960.8793375625,7391.288077569443
2025-12-27,6,41802.05832491215,41767.89396416465,0.0,0.0,34.164360747499884,15.979588749999948,23456.74447626269,7391.288077569443,7628.907238620372
2025-12-28,6,66695.64492431551,64945.768137683976,1367.902115701741,0.0,381.97467092979184,84.98029745833333,11118.224311220165,7628.907238620372,5937.126760092593
2025-12-29,6,68151.24487232183,64633.76075329636,3136.0600589575133,0.0,381.42406006795426,103.29793741666572,11536.492332416667,5937.126760092593,5985.034571812499
2025-12-30,6,66893.5074339657,65069.92784366911,1726.802759062759,0.0,96.7768312338336,26.594096250000007,11267.069275472231,5985.034571812499,5994.01906875
2025-12-31,6,66542.85636651084,65424.38152456453,111.3503348564185,0.0,1007.1245070898824,280.1737513333343,8811.981945266118,5994.01906875,6010.580041500002
2025-02-01,12,37728.310511508826,36793.04335745858,0.0,0.0,935.2671540502474,267.3704456249995,26584.06255961539,1200.0,3043.08694584383
2025-02-02,12,61486.0680534317,58556.32397382676,0.0,0.0,2929.744079604942,518.9554065277783,9783.644749717947,3043.08694584383,4992.661899609874
2025-02-03,12,61789.302301043375,58404.128559914636,0.0,0.0,3385.173741128742,720.8550107500014,7604.853124947531,4992.661899609874,6602.30195301389
2025-02-04,12,63728.03379596819,59157.21267344366,0.0,0.0,4570.821122524536,995.5224430000011,10494.058461648156,6602.30195301389,4804.30293915463
2025-02-05,12,61943.033333787025,55779.52377256186,0.0,0.0,6163.509561225164,1610.8364318055546,3826.102937693073,4804.30293915463,6448.7305285833345
2025-02-06,12,63616.867209397664,58815.80319301205,0.0,0.0,4801.064016385615,1045.8259516250007,11029.325263376035,6448.7305285833345,4912.529529244448
2025-02-07,12,35277.524778141255,33551.91422473424,0.0,0.0,1725.6105534070166,261.09991629166603,29092.89259942747,4912.529529244448,1200.0
2025-02-08,12,31273.35404935178,30275.953098192906,0.0,0.0,997.4009511588748,147.22960091666664,21147.674425346704,1200.0,1200.0000000000014
2025-02-09,12,60537.33944933733,57621.968456532646,450.72258928333997,0.0,2464.648403521342,503.7158273055547,5425.891588132372,1200.0000000000014,5678.7403605808695
2025-02-10,12,55630.22486294796,52301.755154367114,0.0,0.0,3328.4697085808457,694.0945502361124,6056.616195520403,5678.7403605808695,5832.871573509105
2025-02-11,12,62037.80984490043,53016.0958895207,0.0,0.0,9021.713955379735,1988.8735049166667,8624.447709581613,5832.871573509105,4757.227018225008
2025-02-12,12,61200.47104464572,53165.65754791158,0.0,0.0,8034.813496734141,1702.4864947083288,6623.700029440835,4757.227018225008,5858.522550476083
2025-02-13,12,52322.812714493724,48433.93395660388,269.426462449582,0.0,3619.452295440258,820.172626694446,6427.5769349012335,5858.522550476083,3997.6344956638886
2025-02-14,12,30256.122893557025,28640.76158301236,0.0,0.0,1615.3613105446625,247.87167158333267,22958.71923326851,3997.6344956638886,1200.0000000000007
2025-02-15,12,31761.90542539899,30436.4591982685,0.0,0.0,1325.446227130487,266.26416444444476,24168.48482264506,1200.0000000000007,1290.96703854815
2025-02-16,12,64652.08984912706,54169.725691007945,0.0,0.0,10482.36415811911,2341.425840916667,8226.887098177811,1290.96703854815,4529.884113181481
2025-02-17,12,62030.59686545474,51940.23052568777,0.0,0.0,10090.366339766966,2207.9223943055604,11793.646781349466,4529.884113181481,4697.348776566659
2025-02-18,12,61109.13113653087,45807.17947456339,463.61670928053104,0.0,14838.334952686952,3622.3557887499983,1530.9095324999985,4697.348776566659,6183.31102125
2025-02-19,12,58404.128671871425,45282.28929761096,1008.662851953921,0.0,12113.176522306549,3059.0398332638847,870.3837873472229,6183.31102125,6098.324008125
2025-02-20,12,56001.199272464655,46881.593460338816,0.0,0.0,9119.60581212584,2067.4619912222224,6156.647675481145,6098.324008125,4069.0106161324106
2025-02-21,12,26501.137359652275,25329.49880993198,0.0,0.0,1171.6385497202946,209.93089508333398,21218.44127035905,4069.0106161324106,1199.9999999999995
2025-02-22,12,28891.82428593799,27363.999565054713,0.0,0.0,1527.8247208832754,411.9975108611106,19548.001197540805,1199.9999999999995,1758.6679718756204
2025-02-23,12,65690.82313402099,47429.83626494456,0.0,0.0,18260.98686907642,4174.639250083334,5162.668401789445,1758.6679718756204,4427.166162858953
2025-02-24,12,59664.755951174775,44687.19926089705,0.0,0.0,14977.556690277728,3822.774976416665,5207.22242486385,4427.166162858953,3858.3683405453735
2025-02-25,12,57667.60634253183,45713.28450365868,45.17754548854182,0.0,11909.144293384601,2883.0800234166672,6649.664899513384,3858.3683405453735,5866.053506481479
2025-02-26,12,62972.74565615559,40067.62856708217,2382.22862446657,0.0,20522.888464606847,4998.205524722219,881.4685978055571,5866.053506481479,6021.131145000001
2025-02-27,12,59718.35071330949,41222.06342262895,477.9413424758982,0.0,18018.345948204646,4046.029259138888,3565.264929507207,6021.131145000001,3991.441113518516
2025-02-28,12,26097.496252346522,23847.44265114995,0.0,0.0,2250.0536011965723,500.5326675694409,20592.706236392485,3991.441113518516,1199.9999999999986
2025-03-01,12,36988.90303433478,28559.087033656382,0.0,0.0,8429.816000678396,1451.3804120555546,28289.26499501028,1199.9999999999986,1200.0000000000014
2025-03-02,12,70068.55150393018,48786.246305154986,0.0,0.0,21282.305198775204,4706.623482749997,6767.303834246904,1200.0000000000014,3958.0081106745365
2025-03-03,12,68083.4834560476,49093.551252010555,0.0,0.0,18989.932204037043,4138.731414138889,10595.956723137186,3958.0081106745365,2611.6289934606425
2025-03-04,12,64810.79586134151,43988.99564530245,0.0,0.0,20821.800216039064,5231.878039111101,3362.402329392302,2611.6289934606425,4419.057624427471
2025-03-05,12,61823.38904198679,45112.98817000237,0.0,0.0,16710.40087198442,3664.203329097218,10003.32118587379,4419.057624427471,3222.1043229310217
2025-03-06,12,61505.268259571894,42492.99901817028,0.0,0.0,19012.26924140161,4310.3035145277745,7044.455285205753,3222.1043229310217,1995.585229759262
2025-03-07,12,29501.23189333205,26352.370360006214,0.0,0.0,3148.861533325833,504.3112174166667,25624.05224961214,1995.585229759262,1200.0000000000016
2025-03-08,12,26567.047738044086,24430.895559281475,0.0,0.0,2136.15217876261,378.8185696388889,23387.200313077163,1200.0000000000016,1199.9999999999986
2025-03-09,12,60429.489171111956,45540.680570064156,0.0,0.0,14888.808601047796,3172.926868000004,11812.98952284535,1199.9999999999986,2497.9389853009206
2025-03-10,12,64207.35226870526,42602.22379624247,0.0,0.0,21605.128472462795,4935.348740777774,5017.433580296811,2497.9389853009206,2820.3262588388893
2025-03-11,12,70025.06889647193,38369.58065680918,907.994236479685,0.0,30747.49400318307,7505.437803194442,4497.069792371055,2820.3262588388893,3255.9908777910514
2025-03-12,12,56254.26183486851,43683.51488247563,0.0,0.0,12570.746952392874,2844.0370310833323,10256.277424819615,3255.9908777910514,2852.0434096067966
2025-03-13,12,56455.88003975765,43708.17297086917,685.3695074463487,0.0,12062.337561442131,2648.908134027776,6244.098620596709,2852.0434096067966,2246.220892437961
2025-03-14,12,25817.944792063783,23552.00549866114,0.0,0.0,2265.9392934026437,370.4153361388885,25960.2390305535,2246.220892437961,1200.0000000000005
2025-03-15,12,25655.264032722735,23887.430851487527,0.0,0.0,1767.8331812352085,300.16572911111115,21165.71368520782,1200.0000000000005,1199.9999999999995
2025-03-16,12,56461.48612630927,42899.91461257929,0.0,0.0,13561.57151372998,3203.748879833332,6798.4664022455345,1199.9999999999995,2532.3117590157476
2025-03-17,12,53326.414336466216,38982.31914139084,228.33156761764667,0.0,14115.76362745772,3104.4231151944437,8971.511463917695,2532.3117590157476,1944.2723979740745
2025-03-18,12,53819.61279989381,44965.58302327347,0.0,0.0,8854.029776620338,1949.4565148333345,11710.715794328187,1944.2723979740745,2817.5284696577173
2025-03-19,12,57288.53765631091,36862.545370827655,2008.026028818238,0.0,18417.966256665015,4531.902503027779,7058.145921734565,2817.5284696577173,1260.3972736888945
2025-03-20,12,66892.41674305986,42461.157623687606,0.0,0.0,24431.25911937226,5693.386877388887,11338.348995234224,1260.3972736888945,1259.2165774632733
2025-03-21,12,24779.124166331916,23082.618035892167,0.0,0.0,1696.50613043975,275.80962366666677,28116.04439784259,1259.2165774632733,1199.9999999999995
2025-03-22,12,23752.59280983125,23752.59280983125,0.0,0.0,0.0,0.0,24807.237050812757,1199.9999999999995,1200.0
2025-03-23,12,49320.42645832288,42955.99238860005,25.253949183537713,0.0,6339.180120539297,1555.8786419444448,10896.397905496913,1200.0,2028.4079215854922
2025-03-24,12,46729.39772283805,39807.719027343504,787.6757501626147,0.0,6134.0029453319385,1586.3273534583332,8269.780266846365,2028.4079215854922,2015.9237557882732
2025-03-25,12,53254.36720881732,44395.26362807276,291.17424770945166,0.0,8567.92933303511,2110.3379477222243,12122.539182575445,2015.9237557882732,2595.3246467703675
2025-03-26,12,53737.53221924938,38552.08034199815,0.0,0.0,15185.451877251227,3544.3185031666644,9827.444862868317,2595.3246467703675,1656.3773375152732
2025-03-27,12,50102.665965913664,40940.848104944846,0.0,0.0,9161.817860968818,2325.6067785416617,9388.284068027948,1656.3773375152732,1588.6777552922836
2025-03-28,12,23033.993547765727,22837.589193471787,0.0,0.0,196.4043542939388,31.26451137500021,29223.648846326643,1588.6777552922836,1200.0000000000014
2025-03-29,12,22182.365296882945,21923.73032694489,0.0,0.0,258.63496993805546,40.924925222222186,30644.880283153296,1200.0000000000014,1200.0000000000027
2025-03-30,12,53286.991695048426,40159.170948881074,350.49449481139595,0.0,12777.326251355951,3115.3340737222197,11421.398597475312,1200.0000000000027,2861.059146353703
2025-03-31,12,56949.02972415814,34810.9738878899,1337.0728625447832,0.0,20800.98297372346,5182.331279305554,6188.89816126166,2861.059146353703,1379.325662364508
2025-04-01,12,50477.00551602602,41464.7637027603,593.1152913914033,0.0,8419.126521874321,2164.534042083333,9961.242945582646,1379.325662364508,2149.607414868209
2025-04-02,12,50897.43495663844,39406.89157995283,1412.8925692532162,0.0,10077.650807432394,2443.93829159722,7560.295162483539,2149.607414868209,1847.4576077842603
2025-04-03,12,47029.08209552211,41128.63022964376,70.6562963150337,0.0,5829.795569563317,1447.9356578472184,11368.751597258752,1847.4576077842603,1848.8456140004625
2025-04-04,12,22212.804119303077,21221.089268339783,0.0,0.0,991.7148509632934,157.10320769444473,31643.083008032925,1848.8456140004625,1199.999999999999
2025-04-05,12,25944.078961543153,21193.657857412647,0.0,0.0,4750.421104130505,1043.691644916665,26420.108059491762,1199.999999999999,1200.0000000000002
2025-04-06,12,45636.17852869393,38262.70916875675,836.1737374078966,0.0,6537.295622529281,1578.5938127500003,10144.220067483548,1200.0000000000002,1723.2617385419737
2025-04-07,12,44645.2225043521,34070.90844974917,3501.2530952316124,0.0,7073.0609593713125,1831.0425560555568,6632.135153677993,1723.2617385419737,2280.780068789806
2025-04-08,12,50099.71047501984,38808.53381697053,0.0,0.0,11291.176658049313,2503.294916798351,10545.833441470511,2280.780068789806,2425.7515173265406
2025-04-09,12,55614.520166318456,37898.29138149059,66.40846095747986,0.0,17649.820323870386,4386.99364736111,4331.967733742119,2425.7515173265406,4188.597502018673
2025-04-10,12,47835.33423755379,36942.805335370795,163.61767337489118,0.0,10728.911228808101,2442.780790222223,8006.998244873802,4188.597502018673,2376.0546581666645
2025-04-11,12,21121.242395589416,19633.641128493116,0.0,0.0,1487.601267096298,255.2831816666677,31077.27056906584,2376.0546581666645,1199.999999999999
2025-04-12,12,22521.319839065276,21858.9300516059,0.0,0.0,662.3897874593745,115.09573016666658,29333.196212819952,1199.999999999999,1200.000000000001
2025-04-13,12,46667.70259188497,35942.309781504766,1242.532198681875,0.0,9482.860611698325,2198.621883527778,7021.1527337949265,1200.000000000001,1639.4171548595637
2025-04-14,12,48937.32296522693,38031.28362766418,355.3949115097082,0.0,10550.64442605304,2530.545234472221,10401.422250040463,1639.4171548595637,2599.2741174209873
2025-04-15,12,44731.51075254467,32657.77851603736,1626.8556932384793,0.0,10446.876543268832,2429.379869305556,6863.702779104934,2599.2741174209873,2245.692887705561
2025-04-16,12,44360.12551606614,36024.78025827668,1712.0208374580247,0.0,6623.32442033143,1649.2153449027774,6106.943655243489,2245.692887705561,2594.7750163697488
2025-04-17,12,53149.66692734876,33621.980290783395,530.7822717345647,0.0,18996.9043648308,4446.073732305558,5023.8438916790055,2594.7750163697488,2777.9203649430588
2025-04-18,12,21443.8652058979,19583.11929190078,0.0,0.0,1860.7459139971197,370.71339102777677,30390.538057648148,2777.9203649430588,1200.000000000001
2025-04-19,12,20309.459146241643,19931.061540036906,0.0,0.0,378.3976062047353,68.69456038888887,29455.628357272286,1200.000000000001,1199.9999999999995
2025-04-20,12,45226.39733630409,34548.08262504806,3018.3297729212136,0.0,7659.984938334817,1823.105184472222,6649.677755946853,1199.9999999999995,3220.0343798200574
2025-04-21,12,45085.95805254317,35162.45678285403,365.52276427933475,0.0,9557.978505409803,2256.804399777774,11941.909452981134,3220.0343798200574,2612.3122225938323
2025-04-22,12,46251.12690159148,32413.186857436278,3920.7643446314987,0.0,9917.175699523701,2726.242250722224,6549.345995175588,2612.3122225938323,2917.8788638614155
2025-04-23,12,47042.03080831404,31224.472012928592,4146.9340395701,0.0,11670.624755815352,3216.122890472219,6978.26698015449,2917.8788638614155,2382.9225231179057
2025-04-24,12,40877.386336827854,32147.336111975234,2888.1124045383676,0.0,5841.937820314254,1518.2845515555564,8763.417931935184,2382.9225231179057,2621.297601944448
2025-04-25,12,20544.689941466,19251.902054058362,0.0,0.0,1292.7878874076384,204.59574148611102,33986.3273404964,2621.297601944448,1200.0
2025-04-26,12,21085.594081469564,19701.94283579714,0.0,0.0,1383.6512456724236,218.45326661111108,35682.84476563323,1200.0,1199.9999999999989
2025-04-27,12,51555.25334302716,32020.278911922618,593.1646674290129,0.0,18941.809763675526,4367.642544291662,6845.1186503503095,1199.9999999999989,2179.4266243222205
2025-04-28,12,48998.62025129111,37053.5004955201,246.0503250452626,0.0,11699.069430725749,2541.1587413888874,7308.269275618146,2179.4266243222205,2331.3473685300896
2025-04-29,12,44127.671771149675,32309.359328841092,1668.9474807964586,0.0,10149.364961512127,2188.6361055277775,8831.180218175075,2331.3473685300896,1736.204040099379
2025-04-30,12,50316.86298369709,31591.992037025477,266.7171586947113,0.0,18458.1537879769,4642.710402874998,6825.313714534303,1736.204040099379,1998.6996296580232
2025-05-01,12,57651.96465483813,32560.32075271277,229.99418383454145,0.0,24861.64971829081,5226.712420583333,5792.392050698217,1998.6996296580232,2277.1919912577205
2025-05-02,12,25570.235224084725,20743.800833129833,0.0,0.0,4826.434390954893,788.5858026388894,23889.198668025718,2277.1919912577205,1199.9999999999995
2025-05-03,12,26740.462249088196,20202.654107504535,0.0,0.0,6537.8081415836605,1022.4114176111101,28401.456435141976,1199.9999999999995,1200.0
2025-05-04,12,54238.558909518586,34606.72238250554,195.38685519848684,0.0,19436.449671814564,4237.556909069446,8637.613305766461,1200.0,1766.1919578682096
2025-05-05,12,55266.33533449787,36057.46138891383,0.0,0.0,19208.87394558404,4477.0913325555475,7419.744368659442,1766.1919578682096,1391.6670565370446
2025-05-06,12,58297.804368310455,32099.817479619607,2476.3451870514555,0.0,23721.64170163939,5379.346296055556,5722.264549273135,1391.6670565370446,1931.4097604166725
2025-05-07,12,57320.47945869878,34387.58038797214,2025.8999045145165,0.0,20906.999166212117,4891.687191569442,6960.547397350309,1931.4097604166725,1482.0277562180545
2025-05-08,12,47596.19995113672,37060.02042272399,935.272896918265,0.0,9600.906631494461,2036.6322282361116,8100.578602738164,1482.0277562180545,1276.5065716967572
2025-05-09,12,23881.862634548976,21308.689654353624,0.0,0.0,2573.1729801953525,405.74168776388865,29386.48780067009,1276.5065716967572,1200.0000000000023
2025-05-10,12,23712.949295541228,21047.682609266703,0.0,0.0,2665.2666862745245,439.45770302777737,25571.386361385805,1200.0000000000023,1200.000000000002
2025-05-11,12,48132.59210364471,36266.142575152044,1400.8068319910576,0.0,10465.642696501603,2233.5986459583273,7394.666995674382,1200.000000000002,1199.9999999999998
2025-05-12,12,48677.72681208309,32989.19462349986,3566.936452354151,0.0,12121.59573622908,2816.0113639722213,7309.160939940331,1199.9999999999998,1286.0582742370318
2025-05-13,12,45137.536827046155,37601.35198016248,2204.6061178268815,0.0,5331.578729056795,1148.776097555556,12031.526717382716,1286.0582742370318,1200.0000000000011
2025-05-14,12,50908.388793256745,37671.483517786284,0.0,0.0,13236.905275470459,3066.9433682222248,10497.10189410854,1200.0000000000011,1200.0000000000023
2025-05-15,12,48491.54464412029,38117.27599443593,0.0,0.0,10374.268649684358,2642.3518423611067,9128.982960269546,1200.0000000000023,1200.0
2025-05-16,12,23192.962424747166,22181.020889940373,0.0,0.0,1011.9415348067929,168.67320477777798,35220.1591400391,1200.0,1200.0
2025-05-17,12,24740.047484194416,21983.307319814645,0.0,0.0,2756.740164379773,433.05272094444376,27698.41808906378,1200.0,1199.999999999999
2025-05-18,12,42983.214371913426,39576.5838745308,903.6161801550297,0.0,2503.0143172275925,766.2198353888878,12158.353832227716,1199.999999999999,1244.0268366953692
2025-05-19,12,41705.68326420325,36181.346559987025,1102.9213916377198,0.0,4421.415312578512,936.5042905,12646.162028026745,1244.0268366953692,1460.5775263509288
2025-05-20,12,45168.761387285434,35994.197683568185,3112.487954149711,0.0,6062.0757495675325,1374.3131736666678,8583.127228249998,1460.5775263509288,1199.9999999999995
2025-05-21,12,48324.22013319854,34714.66102345239,2140.234450513555,0.0,11469.324659232596,2716.4680124166666,8129.062409083333,1199.9999999999995,1200.0000000000014
2025-05-22,12,44165.730048972095,36987.484839880985,1756.8328103794427,0.0,5421.412398711672,1667.2380916111088,10838.801563299381,1200.0000000000014,1200.0000000000011
2025-05-23,12,22298.020381921186,22022.13569986327,0.0,0.0,275.8846820579157,44.17963666666651,31257.345289840872,1200.0000000000011,1200.0
2025-05-24,12,23020.268538015378,22687.984013455545,0.0,0.0,332.2845245598327,53.228544180555446,34640.81198628858,1200.0,1200.0000000000018
2025-05-25,12,41301.3694978288,37420.28942199622,1092.887313338817,0.0,2788.192762493757,742.6344010972225,13240.15621922376,1200.0000000000018,1200.0000000000002
2025-05-26,12,50352.81141224043,36713.87727629955,2414.4211413302446,0.0,11224.51299461063,2918.4808660972203,9406.30711051389,1200.0000000000002,1200.0000000000002
2025-05-27,12,48008.66744463894,35024.62485314706,1891.369411890481,0.0,11092.67317960139,2586.9875137083322,9657.98768916975,1200.0000000000002,1474.0066458972199
2025-05-28,12,41351.50677845132,38674.43251770365,1691.178419020665,0.0,985.895841727003,356.9987915000008,11957.175682046294,1474.0066458972199,1200.0000000000002
2025-05-29,12,45988.815572818414,38694.925026511795,2274.3181112695625,0.0,5019.572435037059,1315.2233470277752,11114.813402054524,1200.0000000000002,1333.9041290481516
2025-05-30,12,23215.45534191691,23173.28919848441,0.0,0.0,42.166143432499915,19.37337166666663,32550.931376893,1333.9041290481516,1200.0000000000032
2025-05-31,12,25618.833101112374,25285.654740186874,0.0,0.0,333.1783609255001,113.07283266666667,33665.37187078189,1200.0000000000032,1199.999999999999
2025-06-01,12,70071.11834478608,48572.674560742744,647.6764293387196,0.0,20850.76735470462,5131.2817475,11648.806989399187,1199.999999999999,1550.4941159861075
2025-06-02,12,64921.19251674236,50375.20630993081,1024.8690223275987,0.0,13521.117184483955,3641.229660861116,14687.67983312484,1550.4941159861075,1709.9964646296278
2025-06-03,12,60838.47886655548,46537.37924272865,1723.3528454739615,0.0,12577.74677835286,3239.1084893611105,10115.742923489031,1709.9964646296278,1358.8592181972206
2025-06-04,12,63810.434741884426,54705.11518905974,1163.5524225133495,0.0,7941.767130311338,2619.908019194442,19322.88662893587,1358.8592181972206,1200.000000000002
2025-06-05,12,59062.12552391857,48216.61753211486,4230.125572615081,0.0,6615.382419188625,1895.5488504999992,10634.91824432562,1200.000000000002,1231.6256942375003
2025-06-06,12,35243.63721718405,33353.11038048563,0.0,0.0,1890.5268366984187,320.77102838888925,25443.51281806791,1231.6256942375003,1199.9999999999998
2025-06-07,12,37254.69096161255,36270.09833416637,0.0,0.0,984.5926274461846,194.04904202777857,31281.528501465706,1199.9999999999998,1200.0000000000007
2025-06-08,12,56295.445338919,49199.64181329517,3389.2881170344453,0.0,3706.515408589379,934.4812268750005,16458.0810351929,1200.0000000000007,1200.0000000000002
2025-06-09,12,59273.27772224639,56065.80745138901,372.41735653375025,0.0,2835.0529143236326,930.466426972221,16684.620776372427,1200.0000000000002,1209.3500324074093
2025-06-10,12,58417.314468440614,52319.944782056584,3426.2661040526696,0.0,2671.1035823313564,852.7888878055549,13599.033966675925,1209.3500324074093,1200.5264217722258
2025-06-11,12,61922.154844036355,57467.28019281455,442.53401061418117,0.0,4012.340640607626,1054.6007365416654,12657.597688472912,1200.5264217722258,1200.0000000000002
2025-06-12,12,58729.821035091605,56444.00091434474,1182.4608333948709,0.0,1103.359287351997,362.90008458333284,15332.859328761324,1200.0000000000002,1227.0345798148157
2025-06-13,12,35376.54052811453,34969.421939413194,0.0,0.0,407.11858870133494,61.884144750000246,30120.0966489201,1227.0345798148157,1200.000000000001
2025-06-14,12,35845.10416048444,35711.00966195707,0.0,0.0,134.0944985273719,27.83245027777724,33881.49526325892,1200.000000000001,1199.9999999999993
2025-06-15,12,58128.318697450246,54158.42705414764,1602.4010041221213,0.0,2367.4906391804857,610.266874472222,15048.684138780867,1199.9999999999993,1199.9999999999984
2025-06-16,12,58318.66563065872,56504.678260319895,626.4022337075015,0.0,1187.5851366313198,351.8706595277778,14699.527250858031,1199.9999999999984,1247.6038428703705
2025-06-17,12,59875.01330204424,57731.07745462707,754.2152067138463,0.0,1389.72064070332,383.8156191388888,14930.526372358021,1247.6038428703705,1272.3309652777787
2025-06-18,12,59571.329362741104,58225.10333178414,359.66328737458286,0.0,986.5627435823744,299.8805631666664,19285.18010962243,1272.3309652777787,1233.5827907407406
2025-06-19,12,61960.675285297126,55254.61869191897,6034.884219628557,0.0,671.1723737496019,193.35245831944383,21837.682214751032,1233.5827907407406,1323.4589131018527
2025-06-20,12,35403.9025342916,35277.67021192364,0.0,0.0,126.23232236795498,20.111725666666132,36125.14713441426,1323.4589131018527,1200.0000000000014
2025-06-21,12,32944.617551917654,32868.27679109099,0.0,0.0,76.340760826667,11.290506666666715,34265.78740227023,1200.0000000000014,1200.0000000000005
2025-06-22,12,58647.67272552842,54792.05847337939,3416.2443650355945,0.0,439.36988711344225,140.5552177222217,20595.376357764402,1200.0000000000005,1211.2364595370377
2025-06-23,12,57742.83352406326,56632.134577890785,932.6260501754274,0.0,178.07289599704097,81.67791241666635,19871.080575851338,1211.2364595370377,1265.9342750462972
2025-06-24,12,64732.91104625575,64198.12651508869,212.98381685083558,0.0,321.80071431622173,115.31357008333316,20944.274843820986,1265.9342750462972,1232.8328538324097
2025-06-25,12,61864.76559426767,57297.545486938936,4447.386887556824,0.0,119.83321977191525,36.517783083332915,21662.342475916674,1232.8328538324097,1200.0000000000011
2025-06-26,12,59137.72311980417,55774.65407693671,3332.9744456190783,0.0,30.094597248375663,13.606754166666974,20513.443899000005,1200.0000000000011,1200.0000000000011
2025-06-27,12,36253.421650749064,36253.421650749064,0.0,0.0,0.0,0.0,38618.824717349795,1200.0000000000011,1200.0000000000005
2025-06-28,12,35592.16668341801,35592.16668341801,0.0,0.0,0.0,0.0,36001.01163868947,1200.0000000000005,1200.0000000000014
2025-06-29,12,61909.32635464189,54465.86783536169,7208.105681067686,0.0,235.35283821250718,98.57582329166658,21152.898474649177,1200.0000000000014,1225.0214653240737
2025-06-30,12,59227.85403562851,58421.00142948392,208.61234839342387,0.0,598.2402577511658,193.90586427777765,19796.84571440741,1225.0214653240737,1234.1416704629655
2025-07-01,12,69466.68359230903,50952.71534148742,10337.798108747447,0.0,8176.17014207416,3359.276024486112,10526.06648426441,1234.1416704629655,1995.0305163425921
2025-07-02,12,63049.10308502792,47863.728866785015,8133.137372317221,0.0,7052.236845925681,2977.9216782083313,10182.866237596712,1995.0305163425921,2218.0218979629612
2025-07-03,12,68741.04276438722,53322.062801608816,8104.667954868132,0.0,7314.312007910279,2906.959721972223,11304.319762904319,2218.0218979629612,1787.3685216666672
2025-07-04,12,33550.24845930149,29883.71715741275,1851.2832387767812,0.0,1815.248063111958,638.8660032916669,22587.449783458324,1787.3685216666672,1200.0000000000002
2025-07-05,12,33018.543434455685,30600.970899100314,522.8376923936581,0.0,1894.7348429617136,647.3656707427982,21762.714568787032,1200.0000000000002,1201.9660685185202
2025-07-06,12,79575.85381083057,50368.807865932366,10383.479274440993,0.0,18823.566670457207,5385.670592763889,9791.555280512346,1201.9660685185202,1851.6091354166676
2025-07-07,12,63768.73229936259,52754.89765447768,5591.230496838771,0.0,5422.60414804614,1819.6076571666667,13541.473003593626,1851.6091354166676,1889.006725462968
2025-07-08,12,63234.09765199057,56169.72693329032,5098.056696192352,0.0,1966.3140225078898,709.4048671666665,15069.201181113684,1889.006725462968,1537.7957065740773
2025-07-09,12,60649.60532077137,55764.07607234432,3746.769053962478,0.0,1138.7601944645692,444.614836458333,14727.612520724457,1537.7957065740773,1843.5901512736104
2025-07-10,12,60150.04316257558,51103.338837893476,4268.2192979101255,0.0,4778.485026771983,1312.2221890277758,10054.263897781388,1843.5901512736104,1514.6574484259268
2025-07-11,12,35412.512662895555,35382.82672254556,0.0,0.0,29.685940350000244,13.629908333333447,24505.46087465278,1514.6574484259268,1200.0000000000027
2025-07-12,12,35202.279812794935,33024.11787282214,2101.665172156131,0.0,76.49676781666706,34.520202083333515,24239.22377608333,1200.0000000000027,1200.0
2025-07-13,12,58222.25466399119,54850.023882238485,1663.4758161283344,0.0,1708.7549656243732,485.3158616388889,14579.694729037386,1200.0,2144.830883622225
2025-07-14,12,57746.69870936361,50127.36121437844,6016.08505080209,0.0,1603.2524441830815,485.45325820833307,11169.579728260802,2144.830883622225,2026.1765551263923
2025-07-15,12,58117.18058918396,54757.430077931174,1204.2738825528768,0.0,2155.476628699906,572.5081165277788,14189.035125043207,2026.1765551263923,1313.1414482972218
2025-07-16,12,59982.02733416297,53489.89464786455,3315.2439303770875,0.0,3176.888755921331,1046.21427011111,13086.348724353913,1313.1414482972218,1600.9285193398155
2025-07-17,12,58899.32956539964,51292.04900811519,5793.237118011905,0.0,1814.0434392725424,508.468222773663,11485.71344716152,1600.9285193398155,1411.7046689814813
2025-07-18,12,37886.59815930142,37684.542020207045,0.0,0.0,202.0561390943746,40.50032854166659,28768.33871169341,1411.7046689814813,1200.0000000000016
2025-07-19,12,37305.977613730305,37302.353187046974,0.0,0.0,3.624426683333351,1.695241666666675,31112.423959684846,1200.0000000000016,1199.9999999999995
2025-07-20,12,59524.87574022532,54032.67073613229,2350.657254552086,0.0,3141.5477495409414,709.2419514444438,14490.364495216054,1199.9999999999995,1435.2817407055559
2025-07-21,12,59736.31313812566,54850.65626793701,2566.501774856104,0.0,2319.1550953325404,611.8522662499997,13169.414259060697,1435.2817407055559,1308.826302905098
2025-07-22,12,60254.153788920004,54923.514473970405,1339.206809668436,0.0,3991.4325052811614,960.1585495694451,12869.915189231482,1308.826302905098,1200.0000000000002
2025-07-23,12,64937.943372283924,61334.703678812184,530.0919441821873,0.0,3073.147749289551,677.6683680277768,20460.89446759276,1200.0000000000002,1357.1590752314858
2025-07-24,12,62579.809518637565,60745.438622934016,516.4704303150493,0.0,1317.900465388501,292.6299277083335,19364.634284415813,1357.1590752314858,1679.6089868055583
2025-07-25,12,36618.35599177961,36558.87440535385,0.0,0.0,59.48158642576304,14.41727001388874,31437.370976130653,1679.6089868055583,1200.0000000000005
2025-07-26,12,37408.49457301789,37408.49457301789,0.0,0.0,0.0,0.0,31280.356560677123,1200.0000000000005,1199.9999999999995
2025-07-27,12,60983.92614579727,55262.903137632864,3529.3849861892927,0.0,2191.6380219751104,510.4971023888889,15111.213910373455,1199.9999999999995,1265.7162340749996
2025-07-28,12,65833.73162074253,57262.9815982702,1250.9973049827122,0.0,7319.7527174896195,1776.9542246111096,13216.916288603403,1265.7162340749996,1200.2628772685189
2025-07-29,12,63823.44943406078,56323.94002294871,1525.611506668061,0.0,5973.897904444011,1614.249659791666,13990.189110208332,1200.2628772685189,1199.9999999999993
2025-07-30,12,65682.71205269452,52188.96015209332,6668.2721510474985,0.0,6825.479749553711,1874.4560397499993,13716.894911613166,1199.9999999999993,1253.907597573144
2025-07-31,12,60533.618112550816,54191.21821478299,2604.1916967447405,0.0,3738.2082010230874,876.2414470694437,12515.593066205769,1253.907597573144,1278.603461802314
2025-08-01,12,36806.8230591062,36298.489672913885,0.0,0.0,508.3333861923131,81.12668880555566,35898.46653274126,1278.603461802314,1200.0
2025-08-02,12,38783.235936328965,38671.0900077438,0.0,0.0,112.1459285851667,22.47863872222223,40653.331491958845,1200.0,1200.000000000001
2025-08-03,12,51646.9612215351,48081.59628215904,4.3059544352867265,0.0,3561.058984940778,914.5838528888887,10666.833986972226,1200.000000000001,1200.0
2025-08-04,12,57180.70611344278,51190.224051534526,0.0,0.0,5990.482061908251,1368.5545182916667,13019.117413075619,1200.0,1200.0000000000002
2025-08-05,12,57355.71957204626,49571.46108352224,0.0,0.0,7784.258488524021,2079.077027277777,11795.432887845334,1200.0000000000002,1199.999999999999
2025-08-06,12,61187.26620912897,54365.098247119546,0.0,0.0,6822.1679620094255,1435.998640305554,15055.200690549731,1199.999999999999,1200.0000000000016
2025-08-07,12,55502.80356821298,53143.2365574971,1277.9222966553243,0.0,1081.64471406055,275.9363124722239,20946.16870375343,1200.0000000000016,1199.999999999999
2025-08-08,12,33796.10489800805,33588.888755721804,0.0,0.0,207.21614228625037,32.09186355555562,38110.21446679989,1199.999999999999,1200.0
2025-08-09,12,34176.2547254631,33788.34546533243,0.0,0.0,387.9092601306661,60.166290749999916,34860.672376650204,1200.0,1199.999999999999
2025-08-10,12,57583.831362245575,50153.891469552844,0.0,0.0,7429.93989269273,1553.1992624166653,12591.588820959878,1199.999999999999,1206.9208687037049
2025-08-11,12,52767.73441058744,48288.47559394865,1641.6820295671164,0.0,2837.57678707168,699.7295836944443,12113.271334611112,1206.9208687037049,1200.0000000000005
2025-08-12,12,54672.236594654525,51749.90504800177,905.7276181677514,0.0,2016.6039284850056,525.5432132222209,14105.567467168381,1200.0000000000005,1200.0000000000039
2025-08-13,12,55633.247060061825,47268.68863240995,3105.57230251303,0.0,5258.986125138847,1249.3761301944446,11051.486392222221,1200.0000000000039,1200.0000000000014
2025-08-14,12,56673.876626890975,48913.92179871336,0.0,0.0,7759.954828177617,1732.1495691111108,10009.392491795781,1200.0000000000014,1200.0
2025-08-15,12,34466.80260407894,34360.04014812377,0.0,0.0,106.76245595516687,15.674327583333366,37098.10533698079,1200.0,1200.0000000000014
2025-08-16,12,36798.49168483123,35570.779349951954,0.0,0.0,1227.7123348792734,189.84280936111043,38551.89493058642,1200.0000000000014,1200.0
2025-08-17,12,53524.92379863397,49802.89643719533,482.65626129842633,0.0,3239.371100140208,617.8036145000026,15320.424485651583,1200.0,1200.000000000005
2025-08-18,12,52510.09594945603,49014.67819387092,0.0,0.0,3495.4177555851156,829.7515863611121,10905.939035976344,1200.000000000005,1200.0000000000005
2025-08-19,12,52589.30723515412,47909.53628116494,165.2792458525231,0.0,4514.491708136655,1234.1498278611075,10181.874681194447,1200.0000000000005,1200.0
2025-08-20,12,59522.519989604676,52312.89492879692,0.0,0.0,7209.625060807752,1554.7217166944447,12510.12327115365,1200.0,1200.0000000000005
2025-08-21,12,53045.989020005596,49902.5752212101,64.57755300443381,0.0,3078.8362457910607,666.6785013472231,12288.480712820305,1200.0000000000005,1200.0
2025-08-22,12,35986.394436483744,33168.88678913898,0.0,0.0,2817.5076473447634,438.97408747222204,31698.11741859328,1200.0,1199.999999999999
2025-08-23,12,32088.292585265393,31801.182790020393,0.0,0.0,287.1097952449983,56.24114358333304,28735.631777888888,1199.999999999999,1199.9999999999995
2025-08-24,12,53739.97400089558,48153.13417329002,505.0550141637005,0.0,5081.784813441858,1285.768698638888,10421.039996440843,1199.9999999999995,1201.9784351388892
2025-08-25,12,63457.06469963858,61320.80131062948,0.0,0.0,2136.2633890090924,567.2843090277772,24257.8441762428,1201.9784351388892,1209.320917314815
2025-08-26,12,53350.73657799149,48675.12317595634,198.67084811522898,0.0,4476.942553919922,1233.9291364722203,8964.868227541156,1209.320917314815,1235.3933495379626
2025-08-27,12,56531.400499545765,49082.81007510911,4151.293918199357,0.0,3297.2965062372996,983.2393893333333,11482.208222583331,1235.3933495379626,1200.0000000000023
2025-08-28,12,60417.97932189011,47374.38907895021,5422.5199678618865,0.0,7621.070275078009,1930.9052846111103,9181.015800861114,1200.0000000000023,1200.0000000000052
2025-08-29,12,35784.555422019475,34901.701703981176,0.0,0.0,882.8537180382993,133.40686283333343,32518.901881570644,1200.0000000000052,1200.000000000001
2025-08-30,12,35451.616607277785,34315.23533439111,0.0,0.0,1136.3812728866742,173.88096650000114,35806.17328766563,1200.000000000001,1200.0000000000018
2025-08-31,12,63565.724746292784,48383.61271227409,0.0,0.0,15182.112034018695,3389.2317140555588,9714.202797067905,1200.0000000000018,1200.0000000000036
2025-09-01,12,53350.456756281856,53350.456756281856,0.0,0.0,0.0,0.0,29575.105858712788,1200.0000000000036,1200.0000000000002
2025-09-02,12,47441.5854577667,47377.03596102257,0.0,0.0,64.54949674412538,22.7206957916668,18721.16477154578,1200.0000000000002,1199.9999999999982
2025-09-03,12,48529.775811197076,48399.65848327156,0.0,0.0,130.11732792551337,26.469411194444326,19707.121550852535,1199.9999999999982,1200.000000000004
2025-09-04,12,48438.64729888549,47579.79115217265,0.0,0.0,858.8561467128391,173.6825672222235,18774.1893614928,1200.000000000004,1199.9999999999993
2025-09-05,12,31620.74240662369,30972.484593534024,0.0,0.0,648.2578130896663,96.15601274999995,42740.228637889915,1199.9999999999993,1199.999999999999
2025-09-06,12,31058.827393891213,30835.320813246235,0.0,0.0,223.50658064497935,34.7765580416667,41824.99944066614,1199.999999999999,1199.9999999999995
2025-09-07,12,48731.39965668391,45213.16473120914,0.0,0.0,3518.2349254747724,729.7345850972212,14914.347742181591,1199.9999999999995,1199.9999999999993
2025-09-08,12,49906.745480084974,49062.264124835754,620.4642671243889,0.0,224.01708812483295,98.0142602222221,17457.167987472225,1199.9999999999993,1200.0000000000011
2025-09-09,12,45577.00137824146,43336.190626978,1388.9752055424583,0.0,851.835545721,329.84787976388907,14568.475587736111,1200.0000000000011,1200.0000000000082
2025-09-10,12,50488.00449265854,49957.104428601655,81.0433623433842,0.0,449.85670171349847,107.84405074999962,16481.733684500003,1200.0000000000082,1200.0000000000018
2025-09-11,12,52862.00550950731,50133.65859378553,0.0,0.0,2728.3469157217874,503.65427172222144,24605.002230283433,1200.0000000000018,1200.0000000000027
2025-09-12,12,30708.522568534132,30708.522568534132,0.0,0.0,0.0,0.0,37864.12550121502,1200.0000000000027,1200.0000000000005
2025-09-13,12,30478.40062991568,30478.40062991568,0.0,0.0,0.0,0.0,41074.90985115586,1200.0000000000005,1199.9999999999995
2025-09-14,12,53391.741732448034,53151.00234825845,0.0,0.0,240.73938418958213,96.6600030416663,21292.114424638377,1199.9999999999995,1200.0000000000005
2025-09-15,12,45193.04400719164,42279.533283937955,1020.641005289391,0.0,1892.8697179642882,463.3073625277777,11228.661949000003,1200.0000000000005,1199.9999999999989
2025-09-16,12,51423.93900705565,49767.68827625328,0.0,0.0,1656.2507308023733,495.9066827916664,18803.999160083844,1199.9999999999989,1199.9999999999968
2025-09-17,12,50002.91526596207,48149.23184098859,0.0,0.0,1853.6834249734754,607.2713366944452,14552.75524748457,1199.9999999999968,1199.9999999999995
2025-09-18,12,52805.35152523533,42672.14663071095,1240.4309014631262,0.0,8892.77399306125,2196.151475777776,10123.800206694446,1199.9999999999995,1199.9999999999986
2025-09-19,12,28966.158415122383,28583.41534110183,0.0,0.0,382.7430740205527,59.51988087499956,30244.43287260854,1199.9999999999986,1199.999999999999
2025-09-20,12,29729.1702415708,28946.28986414355,0.0,0.0,782.8803774272478,121.92934483333312,31310.196541638892,1199.999999999999,1200.0000000000007
2025-09-21,12,48337.87272159494,46864.16749272015,0.0,0.0,1473.7052288747866,403.694585152778,14939.597284010459,1200.0000000000007,1200.0000000000011
2025-09-22,12,54132.15553766764,47265.174601332576,0.0,0.0,6866.980936335063,1897.9853111944442,14361.07899761368,1200.0000000000011,1746.9544339787085
2025-09-23,12,52772.413662082916,45934.071057320725,0.0,0.0,6838.34260476219,1565.5800430833324,10347.347534817553,1746.9544339787085,2024.7375928944484
2025-09-24,12,53973.997426624825,40382.43243115008,4089.126110665751,0.0,9502.438884808995,3268.8957459722214,6250.1037621255155,2024.7375928944484,3642.6501780537046
2025-09-25,12,51814.55123296574,42996.55668416234,1324.0338716937254,0.0,7493.960677109682,2101.9716598333353,8534.919702605457,3642.6501780537046,3995.85032049259
2025-09-26,12,29195.221383360906,27257.27155823041,0.0,0.0,1937.9498251304951,289.49681191666593,29850.667556240573,3995.85032049259,1199.9999999999995
2025-09-27,12,29045.684083500324,26563.020425990784,0.0,0.0,2482.6636575095395,447.8449553333332,26445.211163953703,1199.9999999999995,1199.9999999999993
2025-09-28,12,51597.25746348401,44289.12591184548,1708.2812973650057,0.0,5599.850254273528,1641.7005507499998,6623.0829166749,1199.9999999999993,3264.4741795620357
2025-09-29,12,53270.088395541905,45505.27253808084,189.11288896790802,0.0,7575.702968493155,1993.6645637499996,8683.713425632366,3264.4741795620357,3651.0315757035514
2025-09-30,12,59491.95787826558,45282.290261007336,225.45549419993716,0.0,13984.212123058307,3955.5772997777785,7335.901676297335,3651.0315757035514,3438.5650614290007
2025-10-01,12,43457.54563222595,42640.79822020616,29.850122657122657,0.0,786.8972893626643,354.630755624999,17698.515134614725,3438.5650614290007,2552.456790721288
2025-10-02,12,48980.88775225361,47868.309158738004,244.38820366815634,0.0,868.1903898474566,398.141316166666,23306.23638592953,2552.456790721288,1857.4423116416665
2025-10-03,12,24801.08794072744,24801.08794072744,0.0,0.0,0.0,0.0,34668.98735413477,1857.4423116416665,1200.000000000001
2025-10-04,12,29156.317545812577,29156.317545812577,0.0,0.0,0.0,0.0,36532.215860819444,1200.000000000001,1200.0000000000005
2025-10-05,12,48731.53625345562,47094.18630323757,617.783160118123,0.0,1019.5667900999217,441.35004020833276,17606.733075251206,1200.0000000000005,3409.9639455796264
2025-10-06,12,47640.17005489844,39657.60996881276,1751.456049061907,0.0,6231.104037023777,1945.4003639999994,7240.452044216061,3409.9639455796264,2957.4155778291592
2025-10-07,12,44644.27386972,42275.3490258365,1803.677461851095,0.0,565.2473820324033,256.63545313888926,8778.721304599792,2957.4155778291592,3994.085518935192
2025-10-08,12,42359.45715390875,40259.26356798418,320.8119705303044,0.0,1779.3816153942687,441.98403670833306,7083.730224428494,3994.085518935192,3366.5390375671313
2025-10-09,12,47646.37889228871,46875.19360504383,85.91215376100268,0.0,685.2731334838734,223.81824930555524,17846.74117601098,3366.5390375671313,2809.497700515739
2025-10-10,12,26319.638523469817,26319.638523469817,0.0,0.0,0.0,0.0,36194.29010915946,2809.497700515739,1199.999999999999
2025-10-11,12,27466.2036844575,27217.68011215346,0.0,0.0,248.52357230404093,42.82885983333318,31844.68881048971,1199.999999999999,1200.0000000000014
2025-10-12,12,46039.3761482313,43680.80413602986,207.51975803386165,0.0,2151.0522541675723,573.9672535833372,8309.656444972225,1200.0000000000014,3704.5780790249955
2025-10-13,12,46588.068847505914,43787.381057081046,0.0,0.0,2800.6877904248677,624.1497244999985,11861.450117922312,3704.5780790249955,3531.391874214506
2025-10-14,12,48594.05420925855,46169.299691806664,253.6503230069834,0.0,2171.1041944449007,564.3606409722222,10141.327545148844,3531.391874214506,4579.674576762036
2025-10-15,12,48582.75260187489,46614.289670911174,28.79954520768662,0.0,1939.6633857560284,490.811452222222,11180.096235134435,4579.674576762036,4098.758789419133
2025-10-16,12,47995.52213110711,44694.643704402566,240.20243803672298,0.0,3060.67598866782,837.5026657361077,7290.377377106302,4098.758789419133,3627.613006376081
2025-10-17,12,25073.01956679739,23750.941415824615,594.7255411044023,0.0,727.3526098683707,110.01358816666601,27712.14084094445,3627.613006376081,1200.0000000000014
2025-10-18,12,28094.99011312352,27937.60179785102,0.0,0.0,157.38831527249891,23.433779458333163,30721.381837301964,1200.0000000000014,1199.9999999999995
2025-10-19,12,50513.67638487572,47605.49434180729,0.0,0.0,2908.1820430684293,651.8065907916638,6162.081758313956,1199.9999999999995,5451.27990896003
2025-10-20,12,50895.2267610278,49009.05798323314,0.0,0.0,1886.168777794658,515.4318299722228,9452.844666733541,5451.27990896003,6033.9013499999965
2025-10-21,12,50376.555155443915,47681.09142687415,91.70459076418446,0.0,2603.7591378055795,789.0576976388876,7403.437590300075,6033.9013499999965,5519.414607731477
2025-10-22,12,50587.81229114851,45460.825088370664,451.2869874467035,0.0,4675.700215331144,1106.686354861109,6446.056476279139,5519.414607731477,4564.174055762667
2025-10-23,12,56391.46313960572,53111.11397663664,439.908276415942,0.0,2840.440886553141,556.5520107500006,21199.000997470837,4564.174055762667,2583.746035661119
2025-10-24,12,27648.24709385498,25951.679814373896,0.0,0.0,1696.567279481087,259.69306200000057,27369.468912444434,2583.746035661119,1199.9999999999986
2025-10-25,12,30584.773200346834,28999.641122050918,0.0,0.0,1585.1320782959165,238.86275933333332,31380.637817884774,1199.9999999999986,1200.0000000000032
2025-10-26,12,53913.482397759486,51084.0328861674,608.0517687189016,0.0,2221.397742873186,497.8283516944424,11776.722543715356,1200.0000000000032,4884.256586256182
2025-10-27,12,49801.60429289114,44949.350636391435,2397.9332316143104,0.0,2454.320424885395,558.5225896111123,7049.1619982246375,4884.256586256182,5527.483354770052
2025-10-28,12,51539.09669220051,44537.78572693214,4443.8148820392435,0.0,2557.4960832291235,709.7772963333327,6765.066268299384,5527.483354770052,5468.958880616669
2025-10-29,12,55053.46615521579,49104.30804173145,163.57704280114194,0.0,5785.581070683202,1195.1125411250018,6591.2391828245945,5468.958880616669,5984.8193155208355
2025-10-30,12,51061.70618350722,43963.77617416138,2224.5354369174847,0.0,4873.3945724283585,1243.772082666667,8809.353454371912,5984.8193155208355,2813.300267515283
2025-10-31,12,30563.714424776656,29882.716051750864,0.0,0.0,680.9983730257925,105.13561175000012,28445.19067728704,2813.300267515283,1199.9999999999984
2025-11-01,12,28583.004922127988,28293.111157834945,0.0,0.0,289.8937642930433,43.68605591666693,25541.14166375857,1199.9999999999984,1200.0000000000005
2025-11-02,12,55323.191981544165,50707.59731479757,254.02439695167124,0.0,4361.570269794923,1090.919269999998,6827.295346888883,1200.0000000000005,4597.645914382418
2025-11-03,12,54049.359840458055,52370.524575656156,357.57190583129136,0.0,1321.2633589706077,416.0275626944439,9828.854558450603,4597.645914382418,5738.55542033396
2025-11-04,12,53987.56184610785,48422.1907621,762.8291744342024,0.0,4802.541909573644,996.0487472083346,8815.537290962104,5738.55542033396,4583.525134571608
2025-11-05,12,57077.51722305936,54683.655847356116,1136.146867806881,0.0,1257.7145078963645,408.8816457083358,12479.549275702158,4583.525134571608,7216.203744149073
2025-11-06,12,53182.1320662273,49998.02167219254,1111.5033822881896,0.0,2072.6070117465715,556.0668746805559,9342.09854964404,7216.203744149073,3390.3957754161984
2025-11-07,12,29387.049394635524,29171.069457459274,0.0,0.0,215.97993717625081,31.595038041666783,27998.404921766974,3390.3957754161984,1200.0000000000014
2025-11-08,12,33051.05915029629,32376.418769438165,0.0,0.0,674.6403808581244,180.9768480833332,31536.22210802846,1200.0000000000014,1435.0435380410488
2025-11-09,12,56449.31332617254,54808.63515641329,542.0908123089648,0.0,1098.587357450287,309.9676849999988,8422.245651737998,1435.0435380410488,5979.599681249997
2025-11-10,12,56080.53201270033,53422.04627095844,436.6331916835943,0.0,2221.8525500582978,585.638347597222,7689.895225160999,5979.599681249997,5402.572920454174
2025-11-11,12,57100.2226077785,55919.702358629125,52.74552343010627,0.0,1127.7747257192655,308.2881236111115,11606.931815103224,5402.572920454174,5992.927213125001
2025-11-12,12,54298.510673190496,52973.17122963247,44.3862109273281,0.0,1280.9532326306999,275.11045295833355,10150.379524297146,5992.927213125001,4772.595900647539
2025-11-13,12,57577.351434344084,52119.9904029038,4498.974872646506,0.0,958.3861587937799,269.1266953333337,12268.059550721195,4772.595900647539,2882.081871542594
2025-11-14,12,31943.58852046026,31802.311534540302,0.0,0.0,141.2769859199593,21.035025000000132,27857.509343880654,2882.081871542594,1200.000000000001
2025-11-15,12,36615.13851090661,36406.57327744048,0.0,0.0,208.565233466125,63.00019204166654,32805.75807740672,1200.000000000001,1591.3228249629647
2025-11-16,12,60061.34898227213,55405.69182420751,3259.8423932361175,0.0,1395.8147648284976,365.6502041111104,7810.851083027783,1591.3228249629647,7050.034713437965
2025-11-17,12,55820.146333718076,50859.72159298301,3900.3218989539864,0.0,1060.1028417810712,354.5822372222226,7192.415934805555,7050.034713437965,7233.316450880253
2025-11-18,12,55691.06570841036,53016.31697099619,1992.9996598133575,0.0,681.7490776008136,255.06724177777627,6320.9019046944495,7233.316450880253,7950.000000000001
2025-11-19,12,57193.786867532435,52141.29952198629,3760.028508355249,0.0,1292.458837190891,411.4615370555565,6376.326795555553,7950.000000000001,8249.499431631784
2025-11-20,12,55811.143849350185,51594.48997008981,3312.222361798579,0.0,904.4315174617944,269.2168169166671,9811.777774929014,8249.499431631784,3821.2029392236095
2025-11-21,12,31563.171304000316,31563.171304000316,0.0,0.0,0.0,0.0,26473.37570563992,3821.2029392236095,1200.0000000000048
2025-11-22,12,37343.379099706355,37051.02499891348,0.0,0.0,292.3541007928738,122.76027017043947,30975.659309329218,1200.0000000000048,2535.7661857533953
2025-11-23,12,57344.6558116739,55008.52040306951,909.4441934760582,0.0,1426.6912151283334,386.69443194444443,5867.1153321111115,2535.7661857533953,5981.773747909723
2025-11-24,12,56176.588617693735,52805.64498324117,2179.8585787164234,0.0,1191.0850557361396,323.54977977777776,7133.967839527776,5981.773747909723,5969.298924
2025-11-25,12,61864.431873799294,60880.356610050454,0.0,0.0,984.0752637488408,321.5291158888891,15002.966785135286,5969.298924,5294.88753412084
2025-11-26,12,60003.86532181797,57371.21364080649,1837.0897612807091,0.0,795.5619197307644,243.04708516666676,9097.79184239301,5294.88753412084,7949.999999999999
2025-11-27,12,55637.774484827314,54178.366403516455,781.7170010979635,0.0,677.6910802129023,169.9881626111112,9519.303235198558,7949.999999999999,4152.456865851855
2025-11-28,12,34007.68563020937,33344.46189422241,0.0,0.0,663.2237359869596,99.16267845833352,27843.56132129887,4152.456865851855,1200.0000000000011
2025-11-29,12,41932.24888225522,41288.335228226715,0.0,0.0,643.9136540285007,252.36467408333334,33799.816600050064,1200.0000000000011,1933.4836369475272
2025-11-30,12,62680.803379951125,59024.49921506595,2470.3133186803434,0.0,1185.9908462048284,320.99922313888885,7540.379332555553,1933.4836369475272,5980.2745910625
2025-12-01,12,77143.2195842943,60181.70105294175,8903.222898572825,0.0,8058.295632779722,2824.590111972222,10447.419431722225,5980.2745910625,8550.0
2025-12-02,12,76737.27977484884,61092.153232482015,8193.809877873508,0.0,7451.316664493322,2563.2712454166676,10797.328842750012,8550.0,8550.0
2025-12-03,12,73981.47153507301,54829.40399215986,11452.167647300237,0.0,7699.899895612906,2814.1866960555562,8393.215385638892,8550.0,5931.1806840740755
2025-12-04,12,75620.980535277,62241.96086659321,4566.597102397369,0.0,8812.422566286416,2700.6753135277772,11020.91985944393,5931.1806840740755,5507.682028312501
2025-12-05,12,38597.107245089006,38468.741133438045,0.0,0.0,128.36611165095775,59.0686631666664,25214.875904700624,5507.682028312501,1940.9443498296275
2025-12-06,12,42399.21978829443,42029.2258218386,207.76913947246055,0.0,162.22482698337504,75.86854825,20047.865508898445,1940.9443498296275,7331.914378984263
2025-12-07,12,72420.80185528763,64357.79123190488,5549.775088029968,0.0,2513.235535352779,945.9145888611113,11750.22117767181,7331.914378984263,8550.0
2025-12-08,12,72183.48188759448,64041.23433217165,6516.893855657004,0.0,1625.353699765818,619.5469290555551,12543.868246305556,8550.0,8550.0
2025-12-09,12,71070.07512633082,63518.85027624778,6276.5832925203995,0.0,1274.6415575626504,460.69232618055514,11932.484777388894,8550.0,8550.0
2025-12-10,12,69383.82430469926,60935.09860494034,5635.362064795785,0.0,2813.3636349631356,849.7735264444433,7686.888918027775,8550.0,8222.11294741852
2025-12-11,12,66486.54942401915,63424.05029835777,2488.1398606086295,0.0,574.3592650527482,222.79387324999948,11550.410800937247,8222.11294741852,5734.702146374999
2025-12-12,12,40134.58164556937,40120.31600212387,0.0,0.0,14.265643445499906,6.7021969999999556,23973.859387146436,5734.702146374999,3685.3473272444435
2025-12-13,12,42279.47666350293,42196.97959684709,0.0,0.0,82.49706665583304,38.58609291666653,21699.782076083335,3685.3473272444435,6618.011087442912
2025-12-14,12,71658.68617096017,61223.67446867787,8231.617232519371,0.0,2203.39446976292,635.0641322361104,8308.298885819453,6618.011087442912,8550.0
2025-12-15,12,69409.59520906796,61187.47582800484,5879.25788894599,0.0,2342.861492117138,731.7888639999995,7317.784134666665,8550.0,8549.999999999998
2025-12-16,12,69273.5028560855,65422.149190386146,3760.7141996018154,0.0,90.63946609754001,35.845767583332645,9878.347509194446,8549.999999999998,8550.0
2025-12-17,12,68747.87746699511,65525.01569476238,2755.535302591996,0.0,467.3264696407471,163.5915118333328,12006.382970000002,8550.0,6992.7204655305595
2025-12-18,12,68292.84919340667,63268.29299325873,4551.160170844474,0.0,473.3960293034577,213.12629508333316,9718.775506583346,6992.7204655305595,6854.5321609268585
2025-12-19,12,39828.99956321882,39512.74355040645,0.0,0.0,316.2560128123739,97.06135524999974,23619.095253432788,6854.5321609268585,4407.441727783644
2025-12-20,12,43029.3461709317,42859.34712147841,0.0,0.0,169.99904945329243,78.32190258333361,22752.76350656173,4407.441727783644,8051.88012573148
2025-12-21,12,70799.9128394005,64638.77910393947,5748.219147280943,0.0,412.9145881800831,117.72340870833318,11076.27498852778,8051.88012573148,8550.0
2025-12-22,12,68604.80421206912,64347.29076876902,3688.839815482971,0.0,568.6736278171333,149.08738333333463,9400.897883999998,8550.0,8550.0
2025-12-23,12,68294.52949161695,65896.86768030927,1786.0818813294768,0.0,611.5799299782088,137.90773841666658,11976.23926133334,8550.0,8048.629644465438
2025-12-24,12,67502.49816759411,65406.45549660469,1556.8957919808847,0.0,539.1468790085348,123.7975566666654,9929.866192666675,8048.629644465438,7900.851705497224
2025-12-25,12,66266.89643092734,62599.67219650683,3046.9856709024602,0.0,620.2385635180483,171.50287104166787,9096.021469124995,7900.851705497224,5964.213318562501
2025-12-26,12,41264.92744502768,41211.704224812056,0.0,0.0,53.22322021562555,20.348249083333485,27061.598547651927,5964.213318562501,2973.131643062027
2025-12-27,12,45152.400113930016,43871.93052536979,0.0,0.0,1280.46958856023,293.5514561250001,25747.317574411187,2973.131643062027,5899.7403723833295
2025-12-28,12,67914.1768369532,65766.79300020834,1522.3453238538038,0.0,625.0385128910419,127.37260479166667,10378.290791385287,5899.7403723833295,7719.5582831152815
2025-12-29,12,67433.75794355577,63787.49208432423,3122.574793781815,0.0,523.6910654497289,137.78101754166664,9836.255207958333,7719.5582831152815,8248.58487417685
2025-12-30,12,65537.02979807951,63995.48385532741,1371.862935893062,0.0,169.68300685904316,42.60240208333357,9989.873156243815,8248.58487417685,8026.245904541669
2025-12-31,12,68025.02541794968,64459.67194997485,2679.179893676727,0.0,886.1735742981115,255.25763070833432,9755.69444676389,8026.245904541669,7950.0
2025-02-01,18,39568.81274367473,35664.900384469496,0.0,0.0,3903.9123592052315,586.7534597083336,25840.827966833334,3557.367299907407,4050.1831404166674
2025-02-02,18,59358.83203011898,58075.015509294695,0.0,0.0,1283.816520824283,210.78850227777866,9398.888235943417,4050.1831404166674,4972.8259164898145
2025-02-03,18,60062.16350212919,58413.57269187791,0.0,0.0,1648.5908102512735,369.22982263888804,7113.5937480555585,4972.8259164898145,6580.984785430552
2025-02-04,18,60286.70023493375,59167.33122232322,0.0,0.0,1119.3690126105316,243.19043623611176,9557.830868208866,6580.984785430552,4771.869931602304
2025-02-05,18,60632.41226045771,55794.99049232951,0.0,0.0,4837.421768128206,1389.1246272222206,4263.783991360244,4771.869931602304,5817.592957267448
2025-02-06,18,60701.59713904169,59115.75836567434,0.0,0.0,1585.838773367349,351.7221275555555,10761.03287254836,5817.592957267448,4250.609158414814
2025-02-07,18,39391.78074677417,33867.55021537176,0.0,0.0,5524.230531402414,833.6245909166664,26699.07238516667,4250.609158414814,3939.3849259259277
2025-02-08,18,35320.00049038894,28965.248146369857,0.0,0.0,6354.752344019087,954.987440083334,19003.294728916662,3939.3849259259277,4047.8551444444456
2025-02-09,18,59963.817746176726,56259.42679250425,0.0,0.0,3704.3909536724727,811.6888669444447,4897.23851106345,4047.8551444444456,6131.945666840118
2025-02-10,18,54238.8687865127,52086.28120931341,0.0,0.0,2152.587577199287,444.8173099583353,6173.152051424915,6131.945666840118,5445.061425468972
2025-02-11,18,58199.03569529162,53200.54802895524,0.0,0.0,4998.4876663363775,1191.8012093055572,6224.899558603052,5445.061425468972,5861.551550598922
2025-02-12,18,55762.96091663494,52640.046048381264,0.0,0.0,3122.914868253677,657.0342846666651,4734.479550916665,5861.551550598922,6499.829152569445
2025-02-13,18,52963.5958054117,48129.18371812727,0.0,0.0,4834.412087284429,1093.4012430000007,6718.830051827679,6499.829152569445,3829.2224525217575
2025-02-14,18,34184.95080033182,28721.243827185062,0.0,0.0,5463.706973146753,827.7324958333336,20713.66156566666,3829.2224525217575,3874.0462518518516
2025-02-15,18,34568.44266729755,29156.978872800188,0.0,0.0,5411.463794497368,817.1298445833322,22127.836783166662,3874.0462518518516,3773.6699666666655
2025-02-16,18,57000.82531620038,52981.787288402134,0.0,0.0,4019.0380277982476,899.3951132499999,6128.203735500011,3773.6699666666655,4826.507801936104
2025-02-17,18,56624.7220628046,51798.76458864243,0.0,0.0,4825.957474162171,1073.7915819166667,10382.908277541668,4826.507801936104,4784.689121076389
2025-02-18,18,62347.18504201365,45765.518130232245,0.0,0.0,16581.666911781398,4295.575152833329,1643.7960797513706,4784.689121076389,6158.987841398767
2025-02-19,18,61081.378607307815,45293.85361834245,0.0,0.0,15787.524988965364,4019.1861092083313,1099.767206136308,6158.987841398767,5837.709193842601
2025-02-20,18,55393.19600333979,47005.501325929305,0.0,0.0,8387.694677410484,1912.0368279999993,5935.352687038408,5837.709193842601,4120.304614143216
2025-02-21,18,29459.97359760171,25305.031572880827,0.0,0.0,4154.942024720885,641.6989113611126,18948.951322027777,4120.304614143216,3799.9422000000022
2025-02-22,18,30392.981630473598,26119.95063393747,0.0,0.0,4273.030996536126,659.7777605833335,17810.026028166667,3799.9422000000022,3698.363188888887
2025-02-23,18,60416.8114915989,46501.91488176065,0.0,0.0,13914.896609838255,3200.1683987777756,3637.205953147119,3698.363188888887,4740.022121362038
2025-02-24,18,57034.134328687185,44537.96696869107,0.0,0.0,12496.167359996118,3527.2646622499983,4565.431427641972,4740.022121362038,4108.040812663894
2025-02-25,18,52470.400901232184,45594.02039520529,0.0,0.0,6876.380506026893,1723.2523337361092,5584.933473420953,4108.040812663894,5662.421881558643
2025-02-26,18,69474.41874966581,40164.44409186493,0.0,0.0,29309.974657800885,7359.863650874999,1410.1395848568236,5662.421881558643,5425.532994552472
2025-02-27,18,62225.775276834465,41505.32023238424,0.0,0.0,20720.455044450227,4683.624223416666,3434.286460280183,5425.532994552472,4229.788080061726
2025-02-28,18,27879.07776666513,23734.307291030775,0.0,0.0,4144.7704756343555,735.0353333888881,18349.014508055552,4229.788080061726,3547.387677777778
2025-03-01,18,34522.624563478974,27435.713211198356,0.0,0.0,7086.911352280618,1074.631693499999,24753.9156695,3547.387677777778,4066.5035851851853
2025-03-02,18,59566.53014723726,47414.80742835499,0.0,0.0,12151.722718882273,2802.620679416664,4356.628140333332,4066.5035851851853,4266.877578097224
2025-03-03,18,61695.46333689205,48946.13874548164,0.0,0.0,12749.324591410405,2944.520756250001,8254.424496664966,4266.877578097224,3487.0294408348686
2025-03-04,18,62722.11568980684,43570.57501250655,0.0,0.0,19151.540677300283,5009.1844820000015,2635.801633037394,3487.0294408348686,4862.385130858014
2025-03-05,18,51413.984837850105,44901.57640288466,0.0,0.0,6512.408434965442,1391.9158599861105,7292.55281175207,4862.385130858014,3361.5971165495284
2025-03-06,18,56254.55555771401,42426.3283069447,0.0,0.0,13828.227250769312,3225.7243121388874,5473.873645289095,3361.5971165495284,2349.062535145372
2025-03-07,18,30665.35740694907,26183.6723803314,0.0,0.0,4481.685026617671,681.0918922500006,22802.0961635,2349.062535145372,3921.833944444444
2025-03-08,18,27571.670919406668,23137.039213380463,0.0,0.0,4434.631706026204,675.5712139166659,20839.322095749994,3921.833944444444,3872.316596296296
2025-03-09,18,53693.96393733512,44262.02682776745,0.0,0.0,9431.937109567669,1971.1903681250003,9881.125243296818,3872.316596296296,2893.6144487481447
2025-03-10,18,62076.47125483721,42413.03886369999,0.0,0.0,19663.43239113722,4581.127768638888,4389.164419041148,2893.6144487481447,3037.8223141296353
2025-03-11,18,72604.7316895,38265.617542380205,0.0,0.0,34339.11414711979,8778.534294194444,4041.624207610083,3037.8223141296353,3589.8363054203687
2025-03-12,18,48816.38381924652,43523.96897210275,0.0,0.0,5292.4148471437675,1296.4300178194433,7860.802325400199,3589.8363054203687,3398.3779861412086
2025-03-13,18,59432.56051643158,43447.03597417308,0.0,0.0,15985.524542258503,3628.1757170972214,5934.97476068879,3398.3779861412086,2681.525990589812
2025-03-14,18,27080.11027622274,23345.0421081065,0.0,0.0,3735.0681681162405,562.2169753333319,23498.028048472224,2681.525990589812,3663.246903703703
2025-03-15,18,27230.139214825875,22715.958292749543,0.0,0.0,4514.180922076333,714.9750969166666,18950.344487416667,3663.246903703703,3677.5085037036974
2025-03-16,18,54124.200791220355,41714.35749319823,0.0,0.0,12409.84329802213,3047.019390444443,6172.995691262853,3677.5085037036974,2760.4484400273213
2025-03-17,18,52885.518589604646,38873.252119626326,0.0,0.0,14012.266469978316,3159.7822361111093,8589.236523673868,2760.4484400273213,2175.71146563241
2025-03-18,18,49953.12650638617,44854.723709865124,0.0,0.0,5098.402796521046,1151.1235122500009,10595.995071293046,2175.71146563241,3031.081299366817
2025-03-19,18,62910.57704827323,36760.467118226705,0.0,0.0,26150.109930046532,6488.0012461666665,6211.16561366461,3031.081299366817,1563.719835582409
2025-03-20,18,60907.23162711003,42315.86611654061,0.0,0.0,18591.365510569423,4384.585707763891,9701.488499266294,1563.719835582409,1325.5504805978373
2025-03-21,18,27934.690678968327,23051.13154320429,0.0,0.0,4883.559135764038,736.6902456666662,26063.439659916665,1325.5504805978373,3585.904407407409
2025-03-22,18,25646.00754061013,22620.002702468595,0.0,0.0,3026.004838141537,457.8856602499993,22746.240782749996,3585.904407407409,3617.434833333332
2025-03-23,18,46873.91762755773,41799.143808803754,20.840281729165547,0.0,5053.93353702481,1269.056842277778,10617.305662451305,3617.434833333332,1895.0371833910472
2025-03-24,18,48247.00376785083,39871.60361093865,0.0,0.0,8375.400156912185,2164.979576638888,8311.13296044153,1895.0371833910472,1909.3753314084877
2025-03-25,18,50537.71426724349,44446.30032335068,178.01091509187088,0.0,5913.403028800936,1507.054530833334,11281.529646922154,1909.3753314084877,2522.2980354311726
2025-03-26,18,50295.89995187022,38587.01476418285,0.5994601914603499,0.0,11708.285727495911,2778.883612861109,8818.727698116261,2522.2980354311726,1761.0866714120339
2025-03-27,18,47076.849478359705,40890.6923340083,0.0,0.0,6186.157144351402,1607.7274991666663,8568.677337698567,1761.0866714120339,1586.9141750947495
2025-03-28,18,26986.56883582657,22838.428853599173,0.0,0.0,4148.139982227396,636.3104382083344,27263.91482984722,1586.9141750947495,3695.787842592595
2025-03-29,18,25039.75988564722,20740.584905354517,0.0,0.0,4299.174980292705,653.9319904166662,28782.166029361113,3695.787842592595,3634.832016666663
2025-03-30,18,47420.75989485299,38994.00844847181,252.2457075795874,0.0,8174.505738801594,2067.3779465833322,11260.990972316873,3634.832016666663,1998.0825663398175
2025-03-31,18,62857.569035875356,35223.18107508115,0.0,0.0,27634.387960794207,6980.355110638891,6042.141712512689,1998.0825663398175,1451.932656605247
2025-04-01,18,51720.47020648951,41429.98495251898,197.91911418374534,0.0,10092.566139786792,2596.374822194444,9891.099426425928,1451.932656605247,2233.591928616665
2025-04-02,18,53187.357300723015,39366.66299786732,278.92571464041237,0.0,13541.76858821528,3237.0869555833306,7277.121043849794,2233.591928616665,1761.6746510796315
2025-04-03,18,44915.009319563855,41169.72026590527,118.70136224268816,0.0,3626.5876914158935,950.9354136249995,10748.36677898869,1761.6746510796315,1905.296215174071
2025-04-04,18,25225.246244291193,21194.300321938397,0.0,0.0,4030.9459223527956,620.3060616666673,29573.455119638886,1905.296215174071,3617.7756092592626
2025-04-05,18,27162.740795088263,20049.841362798295,0.0,0.0,7112.899432289967,1439.337203527778,24569.288174111105,3617.7756092592626,3304.2337000000034
2025-04-06,18,45819.413804810225,37255.53593056786,0.0,0.0,8563.87787424237,2028.6260193611115,9943.1826565595,3304.2337000000034,1733.1499446970663
2025-04-07,18,55936.42824753378,34066.17199900088,0.0,0.0,21870.256248532904,5410.776775055553,6329.432105585741,1733.1499446970663,2260.251338754622
2025-04-08,18,45689.74688413167,38818.36707865738,17.69244586374628,0.0,6853.687359610551,1471.6050846388875,9341.157280652953,2260.251338754622,2522.278806451233
2025-04-09,18,53966.32819611688,37852.05480999986,32.273022738542664,0.0,16082.000363378476,4020.0225338333307,6018.944881136489,2522.278806451233,2249.2084525827145
2025-04-10,18,45918.833078429976,37869.91216171325,50.668371769788735,0.0,7998.252544946941,1824.5620777222189,7510.043701190673,2249.2084525827145,2208.8814702478385
2025-04-11,18,23500.284773415835,19712.546873190804,0.0,0.0,3787.7379002250323,580.8425657500007,29070.69177897222,2208.8814702478385,3439.2748814814795
2025-04-12,18,23462.158261917233,20799.340682848335,0.0,0.0,2662.8175790688992,406.10418266666716,27288.287375916665,3439.2748814814795,3420.690446296295
2025-04-13,18,49910.2725163493,34879.48315822473,87.20178765266053,0.0,14943.587570471918,3453.807647416667,6695.8940775881365,3420.690446296295,1941.1287386748447
2025-04-14,18,42832.0571796052,37886.76377901666,362.7241042428325,0.0,4582.569296345704,1282.4504213888872,9369.134985986622,1941.1287386748447,2385.5732126648168
2025-04-15,18,51211.95925347932,32759.903803965837,23.41283500575368,0.0,18428.642614507728,4275.75140952778,6977.077455258909,2385.5732126648168,2116.890104491984
2025-04-16,18,48401.19138416543,36086.47679143598,222.48975481010655,0.0,12092.224837919337,2878.095219361111,5633.455843963653,2116.890104491984,2903.7889032424346
2025-04-17,18,54057.980253653135,33474.855345755685,60.817599990203625,0.0,20522.307307907253,5017.655747583334,4855.885745780521,2903.7889032424346,2804.856087536419
2025-04-18,18,25726.689067026797,19570.405630836718,0.0,0.0,6156.283436190077,1093.6163114166657,28542.800159333332,2804.856087536419,3702.0678444444447
2025-04-19,18,23378.327659865266,18746.545076448565,0.0,0.0,4631.782583416701,762.5976966666656,27735.178908972222,3702.0678444444447,3587.156275925922
2025-04-20,18,51850.00560009457,33405.92336343794,173.31750737936667,0.0,18270.76472927726,4412.199087194446,6289.467443545618,3587.156275925922,2999.9568201672773
2025-04-21,18,42569.47796956359,35267.653856368066,522.1786014346039,0.0,6779.645511760915,1627.6025043888862,11162.46288592558,2999.9568201672773,2795.953471150311
2025-04-22,18,57252.79052185027,32325.422686097594,305.02578867520884,0.0,24622.342047077473,6518.316777916667,6456.506622842943,2795.953471150311,2746.694198727464
2025-04-23,18,59593.61591185956,31305.9749340507,287.2740940415632,0.0,28000.366883767296,7217.160612374999,6582.991011093619,2746.694198727464,2313.4865747351887
2025-04-24,18,43375.640788474455,32180.45705935379,123.08667638428419,0.0,11072.097052736379,2873.177920555554,7113.111403268003,2313.4865747351887,2594.291759351854
2025-04-25,18,24070.167182788144,19264.639809814536,0.0,0.0,4805.527372973607,736.3165333611105,32052.108973805553,2594.291759351854,3532.5022944444445
2025-04-26,18,24333.11225716713,18639.87657738581,0.0,0.0,5693.23567978132,883.9850016944424,33801.54611588888,3532.5022944444445,3632.5639629629604
2025-04-27,18,51150.7787276396,30862.542576334366,104.67965770928353,0.0,20183.556493595952,4622.868601430553,6561.6509514783975,3632.5639629629604,2347.5826364819454
2025-04-28,18,48861.08301314493,36972.95376569559,200.90830834635648,0.0,11687.220939102994,2527.594316847221,7047.65003108334,2347.5826364819454,2490.0889483333303
2025-04-29,18,47124.03329020228,32233.78069890144,115.84733000875309,0.0,14774.405261292086,3267.4456309444413,8747.588110945133,2490.0889483333303,1699.9701402243809
2025-04-30,18,50771.55430149009,31609.219243421605,0.0,0.0,19162.335058068486,5001.713237916667,6807.699098858378,1699.9701402243809,1967.8813439651185
2025-05-01,18,56774.15894851441,32574.99368095656,102.68437381108497,0.0,24096.48089374676,5067.990434166665,5361.285122484561,1967.8813439651185,2395.6678319444504
2025-05-02,18,30274.329674619745,20687.603792697428,0.0,0.0,9586.725881922315,1488.3108402222213,22211.421562111107,2395.6678319444504,3518.170181481479
2025-05-03,18,30133.461326934193,19107.01571366754,0.0,0.0,11026.445613266651,1700.4846446944443,26776.245293166663,3518.170181481479,3402.6393981481506
2025-05-04,18,47694.97324729916,33552.522154568294,603.0000834246905,0.0,13539.451009306173,2927.293535749999,7182.41414759173,3402.6393981481506,2089.379542435499
2025-05-05,18,52230.64381046586,35902.6545359061,196.3435365898979,0.0,16131.645737969864,4004.926901944443,6790.711000790801,2089.379542435499,1622.7182590271666
2025-05-06,18,61498.526369763815,31989.811434878477,623.502346221037,0.0,28885.212588664297,6602.866744666664,4692.409960126188,1622.7182590271666,1997.0486669753132
2025-05-07,18,61101.92749344745,34356.270629543666,266.7474626091682,0.0,26478.90940129461,6229.304124694439,5872.199487502057,1997.0486669753132,1466.143516095369
2025-05-08,18,48771.301705500984,37067.62897374276,358.42154265187867,0.0,11345.251189106348,2476.1652678333335,7912.358101554529,1466.143516095369,1378.0744914759239
2025-05-09,18,26299.176315982728,21260.51260440504,0.0,0.0,5038.6637115776875,761.5512737916666,27572.369263361106,1378.0744914759239,3265.5849587191356
2025-05-10,18,25349.24005574839,20070.250259559434,0.0,0.0,5278.989796188956,828.041025722222,23763.414667027777,3265.5849587191356,3297.459627314815
2025-05-11,18,49541.80814038392,35262.20687329557,340.365803675729,0.0,13939.23546341262,3006.7281240555576,7375.420480492283,3297.459627314815,1200.0000000000011
2025-05-12,18,55834.29507441054,32989.19462349986,341.26546468782044,0.0,22503.834986222857,5406.661512888886,6400.650413273151,1200.0000000000011,1307.3984008111102
2025-05-13,18,48092.15475426166,37591.1300595335,213.13884020827908,0.0,10287.885854519882,2315.9575914305547,11309.3617708642,1307.3984008111102,1200.0000000000002
2025-05-14,18,47872.420763980874,37671.483517786284,48.06478413887827,0.0,10152.872462055715,2416.442116722221,9745.48834695679,1200.0000000000002,1200.000000000001
2025-05-15,18,47026.36807673376,38117.27599443593,44.42874196221429,0.0,8864.663340335619,2478.134581041663,8905.4725382608,1200.000000000001,1200.0000000000005
2025-05-16,18,24819.271656502002,22181.020889940373,0.0,0.0,2638.2507665616267,413.73202480555585,33166.276898749995,1200.0000000000005,3392.776443518521
2025-05-17,18,26112.080143532898,21005.41332915423,0.0,0.0,5106.666814378666,777.7661012083332,25855.500919777776,3392.776443518521,3298.850986496917
2025-05-18,18,41993.02584482508,38571.98310298528,452.78348225423065,0.0,2968.259259585574,854.1919753611091,11941.587678753087,3298.850986496917,1200.0000000000005
2025-05-19,18,42175.92119728928,36202.43541476411,32.21328075510866,0.0,5941.272501770054,1302.057338638889,11967.786434138372,1200.0000000000005,1501.698116668521
2025-05-20,18,51830.8928778731,35974.50092080605,28.935393081120868,0.0,15827.456563985928,3866.7453653055545,7363.554033438271,1501.698116668521,1199.9999999999995
2025-05-21,18,51916.56686202087,34714.66102345239,18.800211928562632,0.0,17183.105626639917,4118.675758499998,7402.255336833334,1199.9999999999995,1200.0000000000014
2025-05-22,18,45912.62127803992,36987.484839880985,154.08177839296434,0.0,8771.05465976597,2684.9755854861114,9700.819114635802,1200.0000000000014,1200.000000000002
2025-05-23,18,23253.7103441816,22022.13569986327,0.0,0.0,1231.5746443183293,191.39750624999937,29482.5541665,1200.000000000002,3178.3696884259243
2025-05-24,18,22812.56101603927,21801.433390383172,0.0,0.0,1011.1276256561,155.00021879166604,32515.20456204167,3178.3696884259243,3313.628890277777
2025-05-25,18,40806.1160653229,36408.626326764585,213.49578253125026,0.0,4183.993956027068,1036.0997733333331,12850.346426382715,3313.628890277777,1200.0000000000011
2025-05-26,18,52667.74637150098,36713.87727629955,0.0,0.0,15953.869095201431,4394.42669247222,7698.176440638888,1200.0000000000011,1225.7412578703718
2025-05-27,18,46840.65756587774,35012.369154260996,124.09392731249935,0.0,11704.194484304242,2761.8460007222207,7769.06603450206,1225.7412578703718,1396.4058340703705
2025-05-28,18,41819.62311334464,38711.60330656871,60.91842158744963,0.0,3047.1013851884873,830.2838310277783,10982.548410617284,1396.4058340703705,1200.0000000000002
2025-05-29,18,49182.69634811317,38694.925026511795,326.74600896267464,0.0,10161.0253126387,2478.043391388887,10095.78078391152,1200.0000000000002,1407.3161298851874
2025-05-30,18,23220.52050607196,23138.46743942071,0.0,0.0,82.05306665125067,25.29746541666674,30516.912385694442,1407.3161298851874,3134.5806435185214
2025-05-31,18,25450.69289434237,24369.33393344179,0.0,0.0,1081.3589609005799,227.56468799999942,31712.039360194445,3134.5806435185214,3181.527916666664
2025-06-01,18,60740.132398771646,47624.15421657608,1075.1603696460877,0.0,12040.817812549481,3257.534408999997,9383.412573240572,3181.527916666664,1858.865540793209
2025-06-02,18,63453.128777850914,50227.49639744821,1582.7642408790418,0.0,11642.868139523665,3208.5489266388863,13677.669688062411,1858.865540793209,2276.401692438275
2025-06-03,18,62055.62441004667,46266.071138608306,1559.8789538003066,0.0,14229.674317638066,3697.5860950833353,9690.952548568936,2276.401692438275,1864.1520032740689
2025-06-04,18,62935.30352257836,54463.07994500793,1575.923088407296,0.0,6896.300489163137,2409.6259807638885,18989.07537275926,1864.1520032740689,1200.0000000000002
2025-06-05,18,62605.894058747675,48216.61753211487,1412.0341650265605,0.0,12977.242361606244,3391.8612428333327,9758.681753111114,1200.0000000000002,1298.0887897916666
2025-06-06,18,34468.83260701044,33321.27455771519,0.0,0.0,1147.5580492952529,193.92545341666715,23829.226456583336,1298.0887897916666,2494.33663888889
2025-06-07,18,37309.09928793272,35650.11108413859,0.0,0.0,1658.9882037941263,293.2016612500003,29717.85590925,2494.33663888889,2498.2734962963
2025-06-08,18,55108.44806553531,48577.76880856925,728.1548453751084,0.0,5802.524411590954,1505.2147014722211,14650.476753,2498.2734962963,1200.0000000000002
2025-06-09,18,58810.101081219844,56065.80745138901,944.381534504827,0.0,1799.9120953260033,731.2913519861105,16768.24132282922,1200.0000000000002,1257.5641605092594
2025-06-10,18,55991.620906641336,52296.8502146958,988.7938825795839,0.0,2705.976809365954,857.7486102499992,11369.319411439297,1257.5641605092594,1236.1294171018515
2025-06-11,18,61696.498633419855,57450.22635805166,786.7120166489083,0.0,3459.5602587192852,946.2499780416666,12679.563870902266,1236.1294171018515,1200.8333069907412
2025-06-12,18,58237.07955620166,56443.60176029617,792.8947239357817,0.0,1000.5830719697058,350.7882035416662,14832.85260884877,1200.8333069907412,1259.3063233333335
2025-06-13,18,35764.43866709582,34953.963774267824,0.0,0.0,810.4748928279978,120.476809333333,28454.700564416667,1259.3063233333335,2626.757357129632
2025-06-14,18,35814.92866161223,35027.6696452491,0.0,0.0,787.2590163631337,124.0066259722214,32242.86040944444,2626.757357129632,2615.923508641975
2025-06-15,18,56694.21015528681,53480.265617016776,288.88919871708134,0.0,2925.0553395529596,782.8087320833336,13788.372396463992,2615.923508641975,1202.5866832407412
2025-06-16,18,58430.496434557375,56503.43923904758,750.13846003963,0.0,1176.9187354701742,349.59418931944447,14679.150136701646,1202.5866832407412,1253.4689056018524
2025-06-17,18,59347.05635968772,57728.26808957869,290.7105941265428,0.0,1328.0776759824857,373.1804208055553,14474.114752105965,1253.4689056018524,1278.1941949074085
2025-06-18,18,59652.61870425279,58222.294844791555,443.7611158788532,0.0,986.5627435823744,299.8805631666664,19104.384193622427,1278.1941949074085,1263.0971787037035
2025-06-19,18,57553.06179885171,55240.48130008471,997.2699792892208,0.0,1315.3105194777777,373.2422503888885,17826.68209244804,1263.0971787037035,1341.9405205092596
2025-06-20,18,35316.00190983799,35268.81752197549,0.0,0.0,47.18438786250008,6.999612500000012,34493.273577305554,1341.9405205092596,2680.183845679014
2025-06-21,18,32703.603629477555,32161.347931000302,0.0,0.0,542.2556984772509,80.04565100000013,32760.322890805553,2680.183845679014,2731.945895679015
2025-06-22,18,54633.672380897195,54058.43833524482,135.86415853893448,0.0,439.36988711344253,140.5552177222218,17941.856362116254,2731.945895679015,1210.6631053703709
2025-06-23,18,56911.04547715381,56632.40921453662,100.56336662014678,0.0,178.07289599704097,81.67791241666635,18946.89087779321,1210.6631053703709,1282.0623413888895
2025-06-24,18,64868.04173143514,64190.40117131059,355.83984580833305,0.0,321.80071431622173,115.31357008333316,20872.122705409463,1282.0623413888895,1246.6639109259265
2025-06-25,18,58369.736835563504,57290.920410591134,0.0,0.0,1078.8164249723732,221.3403323333328,18195.721347111117,1246.6639109259265,1211.3981774691358
2025-06-26,18,55911.53306050931,55769.19434992899,0.0,0.0,142.33871058032022,49.851319722222485,17515.65675455556,1211.3981774691358,1213.1772611111107
2025-06-27,18,36500.87052412683,36247.10974267685,0.0,0.0,253.76078144998638,37.63988362500004,36535.67584320833,1213.1772611111107,3029.6645712963
2025-06-28,18,34784.99713482697,34716.61531013572,0.0,0.0,68.38182469125086,10.144166250000126,34162.23773280555,3029.6645712963,2940.425793827161
2025-06-29,18,55731.41500175254,53632.59430591231,200.74324798173845,0.0,1898.0774478584972,506.6514436944435,15709.102958238682,2940.425793827161,1217.1833889351858
2025-06-30,18,59041.62872236598,58424.75586807419,0.0,0.0,616.8728542917908,193.78292594444434,19511.826359361112,1217.1833889351858,1297.3125041666667
2025-07-01,18,71638.22832849399,50922.45651214334,4481.619765460624,0.0,16234.152050890028,5490.383460388889,6786.530400972224,1297.3125041666667,2327.884204999999
2025-07-02,18,61267.63660250219,47704.291949918115,4116.962785472031,0.0,9446.381867112048,3554.9529546388862,6410.3210255961985,2327.884204999999,2442.819867175923
2025-07-03,18,67829.65913856096,53214.384574355805,4219.826405740725,0.0,10395.44815846443,3557.0014581111113,8263.401833539096,2442.819867175923,2002.2923484259254
2025-07-04,18,32439.819003556524,29781.723861402887,0.0,0.0,2658.0951421536383,781.8221841805556,19833.277119347214,2002.2923484259254,1730.6492472222235
2025-07-05,18,32177.879724068494,30349.115477342566,0.0,0.0,1828.7642467259275,754.0920371249983,20664.363107689813,1730.6492472222235,1631.6490293209888
2025-07-06,18,78844.99617030588,50162.98972770798,4043.662179171097,0.0,24638.344263426807,6783.581045319442,5820.28507349897,1631.6490293209888,1892.2128345564824
2025-07-07,18,61083.293666677724,52735.44848258971,2798.9113524679224,0.0,5548.933831620098,1850.1257592500003,11345.938297924895,1892.2128345564824,1865.1573995370409
2025-07-08,18,62380.41039869702,56181.15076040884,2584.0195185138514,0.0,3615.240119774334,1075.2869617222218,13344.721622708848,1865.1573995370409,1603.794490370372
2025-07-09,18,61058.75373544723,55732.462654905896,2409.971310714318,0.0,2916.3197698270124,800.569529166666,13960.105073595683,1603.794490370372,1906.071702731942
2025-07-10,18,59974.789882137884,51073.41017474493,2536.3272361641652,0.0,6365.052471228785,1698.0632396944432,8923.138125708852,1906.071702731942,1569.1097356481469
2025-07-11,18,35529.070525386895,35356.85298154056,0.0,0.0,172.21754384633078,34.75584741666637,23532.327222624997,1569.1097356481469,2196.34143125
2025-07-12,18,32773.662398773646,32551.321500314018,0.0,0.0,222.34089845962512,92.14734058333329,20860.46243854167,2196.34143125,2107.5635224537054
2025-07-13,18,57401.47649762355,54415.30095498316,1929.8095766608276,0.0,1056.3659659795564,341.2288870277781,14216.543496616254,2107.5635224537054,2275.4601617592607
2025-07-14,18,59673.45660598136,50064.789790150804,2645.3056741537566,0.0,6963.361141676796,1683.5640101111126,9432.21982311111,2275.4601617592607,2184.787381452783
2025-07-15,18,57608.08961231843,54681.45549212083,1251.8036399522882,0.0,1674.8304802453076,445.707214861112,13956.532255790124,2184.787381452783,1378.3972391722211
2025-07-16,18,65044.56691012764,53458.63712403543,1127.2308967320855,0.0,10458.69888936013,3165.348047527775,12655.216101771603,1378.3972391722211,1660.3947427416683
2025-07-17,18,65916.34286446462,51263.564687105696,1343.9970269128075,0.0,13308.78115044611,3155.770925083334,10053.483413802469,1660.3947427416683,1458.5228084583343
2025-07-18,18,37851.920076783754,37662.28259589355,0.0,0.0,189.6374808902058,28.19847916666629,27273.468649208327,1458.5228084583343,2507.8487099537056
2025-07-19,18,36937.8676571967,36682.90375952035,0.0,0.0,254.96389767635486,38.96984408333344,29699.671867958332,2507.8487099537056,2501.1427229166648
2025-07-20,18,58905.436724891384,53409.42337185521,1125.893098246878,0.0,4370.120254789288,1011.4950552222213,13688.513420179013,2501.1427229166648,1491.0986377972229
2025-07-21,18,59684.167517005975,54823.9199742301,1167.2806242006743,0.0,3692.9669185751964,907.9217326388895,12369.87037534156,1491.0986377972229,1271.563414627317
2025-07-22,18,61622.90229447912,54941.36339745547,282.31642516412626,0.0,6399.222471859528,1702.6294476388891,12463.706185040126,1271.563414627317,1200.0000000000002
2025-07-23,18,61876.69429611822,61334.703678812184,323.0944898872906,0.0,218.89612741874845,59.816524999999565,19512.253734676953,1200.0000000000002,1344.79977962963
2025-07-24,18,61333.946259647164,60751.35872552731,479.16353105327596,0.0,103.4240030665832,26.35328141666662,18896.85348178498,1344.79977962963,1651.592890969908
2025-07-25,18,36609.94041714427,36572.16959927764,0.0,0.0,37.77081786663877,10.949650055555523,29714.880134958334,1651.592890969908,2850.987990972225
2025-07-26,18,36624.35704131591,36624.35704131591,0.0,0.0,0.0,0.0,29626.775042458336,2850.987990972225,2758.586458101853
2025-07-27,18,65418.89327718718,54516.54881066018,296.7000239945227,0.0,10605.64444253248,2440.022016027777,14221.109296885286,2758.586458101853,1263.5660779962961
2025-07-28,18,66201.88052250264,57264.01152303189,309.2895268898428,0.0,8628.579472580908,2132.1878319444427,12755.78758931173,1263.5660779962961,1204.9966736125004
2025-07-29,18,67220.63648139627,56321.672534499936,0.0,0.0,10898.96394689634,2907.290113277776,13528.107113694448,1204.9966736125004,1270.316226851854
2025-07-30,18,74051.46700073572,52155.278679431285,148.44309505792148,0.0,21747.74522624651,5835.8968825833335,11336.705030799894,1270.316226851854,1293.3936361050903
2025-07-31,18,64959.14181239471,54172.30440232619,0.0,0.0,10786.837410068514,2732.817226305555,11692.608189805558,1293.3936361050903,1362.049662500002
2025-08-01,18,36315.81946061748,36258.88981478279,0.0,0.0,56.92964583468722,8.440899374999958,34131.782396083334,1362.049662500002,2803.2000849537053
2025-08-02,18,38020.01622632833,37908.55096582298,0.0,0.0,111.4652605053497,16.548798291666003,38723.52530366667,2803.2000849537053,2918.234311342593
2025-08-03,18,51259.02608151479,47260.79369958591,0.0,0.0,3998.2323819288777,1050.6367740000003,10713.355843916668,2918.234311342593,1277.672986111109
2025-08-04,18,56868.85887544268,51153.0186911873,98.34450567703183,0.0,5617.495678578349,1301.6856911805526,12958.038849884262,1277.672986111109,1200.0000000000002
2025-08-05,18,58363.244174212625,49571.46108352224,0.0,0.0,8791.783090690387,2499.322193111111,12051.22570248611,1200.0000000000002,1376.382624305558
2025-08-06,18,60650.96553156346,54280.610970077185,0.0,0.0,6370.354561486271,1366.253719777776,14618.872636361115,1376.382624305558,1297.9400532407426
2025-08-07,18,54266.204945921825,53096.323271994785,0.0,0.0,1169.8816739270435,283.1955963055561,19876.552900388888,1297.9400532407426,1275.240771296297
2025-08-08,18,34380.82423953076,33553.14698095209,0.0,0.0,827.6772585786676,123.02166983333348,36439.51304061111,1275.240771296297,2868.5141203703697
2025-08-09,18,33935.413409685556,32996.85958916247,0.0,0.0,938.5538205230822,139.16959558333315,33037.03938058334,2868.5141203703697,2996.031640740741
2025-08-10,18,55827.17757453783,49294.038345278765,0.0,0.0,6533.13922925907,1368.8024514166664,12154.688058083333,2996.031640740741,1254.6898611111124
2025-08-11,18,53876.19296643132,48265.594246585504,0.0,0.0,5610.598719845818,1381.4114511944442,11316.529807111112,1254.6898611111124,1310.0480222222266
2025-08-12,18,54619.73227970827,51697.192045357326,0.0,0.0,2922.5402343509395,754.2785939722213,13464.748116527779,1310.0480222222266,1227.0704614197575
2025-08-13,18,59335.15967697681,47255.72188138989,0.0,0.0,12079.43779558692,2743.347026708333,9475.879266583335,1227.0704614197575,1211.3219016203686
2025-08-14,18,57025.96511104082,48908.49860783721,0.0,0.0,8117.4665032036155,1913.2614750694445,10112.101779194441,1211.3219016203686,1236.7746881944445
2025-08-15,18,36398.88939153376,34342.58442946081,0.0,0.0,2056.3049620729525,303.21599374999914,35593.608124,1236.7746881944445,2879.4375125000006
2025-08-16,18,36906.48340546928,34775.62947289017,0.0,0.0,2130.8539325791066,316.5054815000003,36885.80524054167,2879.4375125000006,2888.229417824077
2025-08-17,18,52679.50125686698,48994.572775475426,0.0,0.0,3684.928481391553,721.2694484166663,14961.459103833335,2888.229417824077,1303.2658500000011
2025-08-18,18,52248.07994193793,48965.213851720924,0.0,0.0,3282.866090217005,883.1002328749994,10893.947030666674,1303.2658500000011,1276.4789488425915
2025-08-19,18,53371.704229774085,47872.90286466934,0.0,0.0,5498.801365104746,1460.2216672222198,10075.69903763889,1276.4789488425915,1339.4182013888887
2025-08-20,18,58257.671523948295,52246.113610331646,0.0,0.0,6011.557913616649,1300.1006219166673,11811.53902954167,1339.4182013888887,1377.2506363425923
2025-08-21,18,52145.98215145047,49817.672166402,0.0,0.0,2328.309985048474,510.1660285277781,11888.93182765278,1377.2506363425923,1285.8814585648142
2025-08-22,18,35969.31780589807,33128.13126585784,0.0,0.0,2841.186540040228,429.6036352777765,29953.386160435188,1285.8814585648142,2818.1243231481485
2025-08-23,18,33396.556147336014,31032.9558352073,0.0,0.0,2363.6003121287126,377.3458193472218,27300.678901222218,2818.1243231481485,2897.1519956018515
2025-08-24,18,52975.3568077147,47340.73157032102,0.0,0.0,5634.625237393681,1402.276799638889,10047.349311055557,2897.1519956018515,1230.9744620370388
2025-08-25,18,62746.18888583632,61306.91221374527,0.0,0.0,1439.2766720910483,419.4561639305557,23512.736303555554,1230.9744620370388,1322.741266898153
2025-08-26,18,57369.89764189501,48620.79482850592,0.0,0.0,8749.102813389094,2373.7612541666663,9716.21733666255,1322.741266898153,1280.7116850777786
2025-08-27,18,65061.18156201732,49061.10259238554,0.0,0.0,16000.07896963178,4067.785026194445,10244.960979027777,1280.7116850777786,1383.0266625000027
2025-08-28,18,69037.42628918111,47286.719307612715,38.758618978628746,0.0,21711.94836258977,5448.848596805556,7754.2492530555555,1383.0266625000027,1200.0000000000034
2025-08-29,18,37434.14541089421,34901.701703981176,0.0,0.0,2532.443706913039,375.59886551388956,30838.540369055554,1200.0000000000034,3021.593736435186
2025-08-30,18,36644.487709500616,33450.70457480841,0.0,0.0,3193.783134692203,471.5975367499992,34063.18196441667,3021.593736435186,3044.829911203704
2025-08-31,18,62468.84670885199,47500.43401471872,0.0,0.0,14968.41269413327,3440.927154930556,9531.294204138892,3044.829911203704,1363.2371405092601
2025-09-01,18,53272.266165977926,53272.266165977926,0.0,0.0,0.0,0.0,28361.59164854167,1363.2371405092601,2216.303716898151
2025-09-02,18,47178.802396709725,46890.22648062836,0.0,0.0,288.57591608137227,71.83534008333268,17906.870142833337,2216.303716898151,2107.8156592592577
2025-09-03,18,48184.45885678216,47964.81478248637,0.0,0.0,219.64407429579214,39.46130397222232,18876.346132888888,2107.8156592592577,1929.3224074074046
2025-09-04,18,47851.30346866105,47230.4457190245,0.0,0.0,620.8577496365496,119.3120555694446,17807.50266127778,1929.3224074074046,1873.9123849537061
2025-09-05,18,32447.638309258567,30652.599359618616,0.0,0.0,1795.0389496399512,276.31060580555436,40255.83435547222,1873.9123849537061,3683.7366666666644
2025-09-06,18,30373.854475812936,29656.345821046853,0.0,0.0,717.508654766082,106.45746758333314,39365.28388044445,3683.7366666666644,3586.4891172839516
2025-09-07,18,47734.419916233004,44071.10476527155,0.0,0.0,3663.3151509614545,770.6791321111107,14381.000643652782,3586.4891172839516,1755.6807488425904
2025-09-08,18,50566.22860640211,48796.09304614015,0.0,0.0,1770.135560261958,443.60861647222214,16762.490505597223,1755.6807488425904,1743.556884953703
2025-09-09,18,47121.93039583829,43075.82687908518,0.0,0.0,4046.10351675311,1070.493591583333,13195.990248305552,1743.556884953703,1698.236765277779
2025-09-10,18,49893.06279260745,49718.4490180336,0.0,0.0,174.61377457385268,43.877223124999716,15993.057605833335,1698.236765277779,1671.8473451388884
2025-09-11,18,52635.990631185785,49907.643715464,0.0,0.0,2728.3469157217874,503.65427172222144,23691.122162805557,1671.8473451388884,1747.579490740739
2025-09-12,18,30849.680540712237,30447.813888775905,0.0,0.0,401.8666519363329,68.32324141666663,35403.63154997222,1747.579490740739,3539.396380555553
2025-09-13,18,29595.5123783734,29366.9439064378,0.0,0.0,228.56847193560165,34.22812058333295,38483.21527448611,3539.396380555553,3649.5898043981483
2025-09-14,18,52251.92084431292,51978.78726506773,0.0,0.0,273.13357924518624,101.46364733333303,20739.87767270833,3649.5898043981483,1664.3142395833338
2025-09-15,18,46261.95442347371,42057.12676317753,0.0,0.0,4204.827660296175,1070.4166907777774,10171.433171000004,1664.3142395833338,1458.734019907406
2025-09-16,18,51437.3818024018,49643.754680717626,0.0,0.0,1793.6271216841683,521.7709676666669,18326.83010533333,1458.734019907406,1371.3367129629657
2025-09-17,18,50132.2140826483,48067.161555479324,0.0,0.0,2065.052527168974,639.202215194445,14055.581807944447,1371.3367129629657,1467.4587310185211
2025-09-18,18,53717.37235031741,42544.033898553076,0.0,0.0,11173.338451764334,2818.6112219999977,8786.462321666668,1467.4587310185211,1467.8873236111117
2025-09-19,18,30312.292895988343,28455.87120980476,0.0,0.0,1856.421686183583,280.3579435,28067.232125166665,1467.8873236111117,3446.0393842592557
2025-09-20,18,30951.465719654545,27878.56159486193,0.0,0.0,3072.9041247926157,463.6232134166653,29269.92414133333,3446.0393842592557,3451.8922129629655
2025-09-21,18,47438.343740201264,45786.42989183641,0.0,0.0,1651.9138483648535,445.03068829166654,14620.188426583334,3451.8922129629655,1456.6774349537031
2025-09-22,18,53219.06106541513,47142.22610998976,0.0,0.0,6076.834955425373,1731.7291152499995,14137.573423531889,1456.6774349537031,1570.1415950018572
2025-09-23,18,52404.131533588166,46018.76440719064,0.0,0.0,6385.367126397524,1464.4605280833337,10182.4990873179,1570.1415950018572,2026.4009085194475
2025-09-24,18,59621.249014682595,40381.63570296571,78.7429562953163,0.0,19160.870355421568,6140.733097291666,5533.419713992797,2026.4009085194475,2915.624084845374
2025-09-25,18,53356.57479731907,43344.03708447391,0.0,0.0,10012.537712845158,2546.948417527779,10195.155489046305,2915.624084845374,1680.8236803777752
2025-09-26,18,34125.10249251343,28360.683609442207,0.0,0.0,5764.418883071229,866.0730250416666,27925.426895166667,1680.8236803777752,3583.147350694446
2025-09-27,18,34280.56177372385,25429.442122036708,0.0,0.0,8851.119651687142,1681.0035745694436,25488.50210969444,3583.147350694446,3313.2940451388886
2025-09-28,18,52250.6167876619,43277.62283538522,0.0,0.0,8972.993952276676,2441.779459194442,5732.935957805554,3313.2940451388886,3172.1221816583356
2025-09-29,18,53240.634812832264,45549.41679307881,241.5537267187571,0.0,7449.664293034699,1997.2196800833317,8561.265071039777,3172.1221816583356,3742.4085115225325
2025-09-30,18,60083.52952650129,45238.62223867873,66.42606515624374,0.0,14778.48122266632,4231.532102000001,8092.789031495891,3742.4085115225325,2869.9114171870306
2025-10-01,18,43711.69243332355,42912.59926603588,0.0,0.0,799.0931672876654,357.9538831249994,17323.005916485105,2869.9114171870306,2816.521744073136
2025-10-02,18,48644.11729963328,47742.086111035824,33.84079875000025,0.0,868.1903898474566,398.141316166666,23157.26425306276,2816.521744073136,1662.407203726852
2025-10-03,18,26406.863411873932,24893.946322662436,0.0,0.0,1512.9170892114973,225.17153033333295,32502.75014483333,1662.407203726852,3487.9040721296287
2025-10-04,18,29308.419263257798,28061.37027756485,0.0,0.0,1247.0489856929496,188.589558583332,34523.07121141667,3487.9040721296287,3357.146506388887
2025-10-05,18,47141.76142602451,46061.7266227955,9.6069362062495,0.0,1070.4278670227616,453.4599855555548,17496.10189369857,3357.146506388887,3125.4773766879584
2025-10-06,18,51570.184130816735,39793.5823305268,0.0,0.0,11776.601800289933,3412.057955166666,6901.471899633758,3125.4773766879584,2560.9825220101775
2025-10-07,18,44417.18021154029,42464.84402651797,0.0,0.0,1952.3361850223196,619.1349893888894,7316.484330325109,2560.9825220101775,4181.606471018517
2025-10-08,18,42037.055913562086,40169.76637207949,0.0,0.0,1867.289541482598,461.52033395833234,6832.523453103391,4181.606471018517,3392.851343736117
2025-10-09,18,47420.33658762387,46862.61924628462,0.0,0.0,557.7173413392475,196.9153789166662,17772.79366410957,3392.851343736117,2656.9825635458305
2025-10-10,18,27821.123479666538,26392.38824380446,0.0,0.0,1428.7352358620765,215.84765441666565,34042.76824966667,2656.9825635458305,3464.104992592591
2025-10-11,18,30274.75675416739,26135.498368311237,0.0,0.0,4139.258385856153,628.7904784166644,29856.29964380555,3464.104992592591,3680.887059259256
2025-10-12,18,45348.310037729716,42493.6324424883,0.0,0.0,2854.6775952414205,720.5759143333329,8380.08817208368,3680.887059259256,3621.89427682747
2025-10-13,18,44848.778003299645,43826.89472744233,0.0,0.0,1021.8832758573143,261.6539622499988,10499.25495057648,3621.89427682747,4353.6435065533915
2025-10-14,18,48130.19535722297,45776.62467818032,55.8738888187483,0.0,2297.696790223899,599.711092805555,9769.007897074076,4353.6435065533915,4608.4261496499985
2025-10-15,18,48323.64442677423,46600.57517064361,0.0,0.0,1723.069256130624,444.02355458333284,10389.200027405004,4608.4261496499985,4521.319826010497
2025-10-16,18,47656.29393150968,44493.08208994848,182.0735398359355,0.0,2981.1383017252656,832.3088752638869,7341.588321406898,4521.319826010497,3447.387078286572
2025-10-17,18,29380.383644554437,23836.628832079616,0.0,0.0,5543.754812474823,929.5693385833338,25284.98303636111,3447.387078286572,3513.885396296295
2025-10-18,18,29729.650535664376,26834.41291727063,0.0,0.0,2895.2376183937454,437.2277175833326,28451.48241766667,3513.885396296295,3687.8310444444464
2025-10-19,18,48850.46543602519,46415.00419490111,0.0,0.0,2435.4612411240832,552.6849432361076,6034.387503200964,3687.8310444444464,5367.899280009411
2025-10-20,18,50515.08329328763,49048.75642712797,0.0,0.0,1466.326866159657,405.68885672222245,9491.204824044586,5367.899280009411,5673.049369509871
2025-10-21,18,50453.80991687427,47852.65649626495,9.447562546869973,0.0,2591.7058580624525,790.3996228055537,7926.024574465708,5673.049369509871,4884.666419672531
2025-10-22,18,51421.577808780225,45763.03575346317,67.78020028125131,0.0,5590.761855035799,1370.595380249998,6046.278987368303,4884.666419672531,4768.691519771309
2025-10-23,18,56040.22445958379,53013.55914630451,28.999512932811744,0.0,2997.6658003464677,594.7194770416672,20578.496017260622,4768.691519771309,2696.7408261848823
2025-10-24,18,32595.522611353175,25897.66830450354,0.0,0.0,6697.854306849636,1017.0008563333349,25665.430704333332,2696.7408261848823,3577.381262962964
2025-10-25,18,34400.549880992075,27861.933698494948,0.0,0.0,6538.616182497126,987.8588946666667,29549.39794233333,3577.381262962964,3675.107488888893
2025-10-26,18,52558.70080756651,49899.623185088385,115.2181639040622,0.0,2543.859458574054,562.7910632916645,11523.23860799913,3675.107488888893,4852.26321856745
2025-10-27,18,48755.731437304894,44964.5830342299,98.7869742712475,0.0,3692.3614288037447,887.0361562777791,5148.951367854265,4852.26321856745,5658.544975325608
2025-10-28,18,53422.19824438695,44475.45819646229,145.61864953031792,0.0,8801.121398394338,2306.570783291664,4695.527760591558,5658.544975325608,5024.846969017596
2025-10-29,18,54944.17290648811,49315.75465742056,121.63984598905775,0.0,5506.778403078489,1106.981641777777,7263.697424781894,5024.846969017596,5142.746540939352
2025-10-30,18,51423.31492764578,44364.4064989601,0.0,0.0,7058.908428685674,1881.4798846666647,7470.650340932096,5142.746540939352,2683.556547675005
2025-10-31,18,35910.82832450719,29944.733549834516,0.0,0.0,5966.094774672671,906.8991200000005,26680.42093808333,2683.556547675005,3584.1248333333365
2025-11-01,18,30713.6409498131,27152.30179227231,0.0,0.0,3561.3391575407923,540.7782465000001,23607.330670416664,3584.1248333333365,3511.551029629631
2025-11-02,18,54544.80521273341,49601.34942830456,164.73188936062863,0.0,4778.723895068219,1227.7274852499988,6903.716101591559,3511.551029629631,4561.715548414822
2025-11-03,18,54191.56083320946,52387.6633602227,230.1438569653124,0.0,1573.7536160214534,477.7655979861104,9540.598134569445,4561.715548414822,5961.181966423611
2025-11-04,18,53984.57838199273,48316.34420757582,965.9616131402817,0.0,4702.272561276626,999.3965721666646,6384.429305166666,5961.181966423611,7479.460808329333
2025-11-05,18,54721.58912497685,53306.927657394044,208.88485764418738,0.0,1205.7766099386151,385.950553972223,12253.61940979732,7479.460808329333,5871.407912606022
2025-11-06,18,53074.8326933956,50636.66630921693,95.20945112436962,0.0,2342.956933054293,612.6567933055558,8724.228346177992,5871.407912606022,3276.601875242587
2025-11-07,18,33369.37244460055,29225.452897767216,0.0,0.0,4143.919546833333,622.3857579166665,26223.73788633333,3276.601875242587,3510.0633518518484
2025-11-08,18,33929.154662991656,31270.88182762541,0.0,0.0,2658.272835366248,396.5372308333329,29689.661686749998,3510.0633518518484,3412.14718518519
2025-11-09,18,55211.28083787482,53862.47711741479,354.94872268353026,0.0,993.8549977764967,289.96935708333376,8192.774744249997,3412.14718518519,5957.569228875001
2025-11-10,18,56073.41640526089,53432.520527148736,387.7847298890647,0.0,2253.11114822309,591.9633196805553,7425.497219596869,5957.569228875001,5519.938664068373
2025-11-11,18,56951.75074074054,55863.82322403059,203.22193454512268,0.0,884.7055821648332,253.0746545833333,11607.934423083334,5519.938664068373,5965.722848384259
2025-11-12,18,54283.9992044896,52986.10539371309,0.0,0.0,1297.8938107765061,278.415763305557,8964.989479839507,5965.722848384259,5780.099875725003
2025-11-13,18,57464.69080138831,51640.435606598534,334.9823876203121,0.0,5489.272807169455,1446.1608053611103,9852.114557175413,5780.099875725003,2859.1786138351854
2025-11-14,18,35163.16800075548,31813.259291724444,0.0,0.0,3349.9087090310395,506.8937274166663,25827.571655499996,2859.1786138351854,3569.5915777777795
2025-11-15,18,38230.83984337934,35272.58845788246,0.0,0.0,2958.251385496876,445.47469075000015,31294.013948,3569.5915777777795,3353.1513925925947
2025-11-16,18,56325.291945398705,54562.584997415805,338.88935735568845,0.0,1423.817590627213,370.73426316666576,5985.125671250003,3353.1513925925947,5942.840019168982
2025-11-17,18,53220.76577699904,51385.54779510185,0.0,0.0,1835.2179818971924,535.9681814444441,4909.206136787037,5942.840019168982,5819.211697822221
2025-11-18,18,54668.12847395113,53687.89893841044,232.2007261745577,0.0,748.0288093661294,279.40226879166573,5876.619377541667,5819.211697822221,5967.196006312501
2025-11-19,18,54702.08937312924,53082.5959985406,173.88909383587708,0.0,1445.6042807527624,450.9020079722219,4692.737484805558,5967.196006312501,5970.670376467592
2025-11-20,18,54663.30916435177,52676.19714039328,287.79393878437406,0.0,1699.3180851741236,462.7542404722217,7234.022917229425,5970.670376467592,3927.981669901853
2025-11-21,18,33071.769366305874,31512.142935039523,0.0,0.0,1559.6264312663548,234.77147595833344,24382.398517375,3927.981669901853,3491.054085185188
2025-11-22,18,39572.023439021556,35954.57237442666,0.0,0.0,3617.451064594898,549.3993672083336,30320.35959279166,3491.054085185188,3607.888107407406
2025-11-23,18,56036.62408851778,54496.066100494354,92.89752231384755,0.0,1447.6604657095847,390.7227194444447,5130.819242111112,3607.888107407406,5988.894977625001
2025-11-24,18,54737.017413463116,52802.259234135425,66.32649578962096,0.0,1868.431683538065,474.82810038888806,5409.46468513889,5988.894977625001,5990.629771125001
2025-11-25,18,61831.77404469817,60870.21497728957,22.71239459812608,0.0,938.8466728104717,311.64688602777767,14037.06236877778,5990.629771125001,5997.284947499999
2025-11-26,18,58050.31280090891,57037.09261784596,219.18038653592933,0.0,794.0397965270142,242.32842454166666,9180.736109702686,5997.284947499999,5626.370065773138
2025-11-27,18,56057.93790687392,55281.70668002276,33.52042153124685,0.0,742.7108053199152,188.69412924999995,9023.11015626234,5626.370065773138,3971.490918188896
2025-11-28,18,36635.40039077773,33430.852437108144,0.0,0.0,3204.5479536695843,478.41666070833344,25871.373825791663,3971.490918188896,3399.4219074074085
2025-11-29,18,43421.988481328655,40235.67260336457,0.0,0.0,3186.315877964088,481.3877544166673,32188.65247466667,3399.4219074074085,3568.5681925925974
2025-11-30,18,60234.46743665531,58242.342122014845,127.58112709217608,0.0,1864.5441875482857,484.81908636111086,6371.971888631185,3568.5681925925974,5477.621866133322
2025-12-01,18,73751.5950607629,60420.73275058344,5173.384303545441,0.0,8157.478006634027,2840.7253496111107,7901.316478527783,5477.621866133322,8100.127558057877
2025-12-02,18,73456.14830314684,61305.54272744323,4644.428656089642,0.0,7506.176919613959,2574.4534991111123,8509.91897352778,8100.127558057877,7950.000000000002
2025-12-03,18,74552.95741106156,55114.003992159865,4142.402113194357,0.0,15296.551305707333,4843.698208277778,3329.85134952778,7950.000000000002,7365.158939694451
2025-12-04,18,75780.71779169771,61561.047346117426,4898.773489068941,0.0,9320.896956511331,2793.7300151111103,9693.956977861113,7365.158939694451,8550.0
2025-12-05,18,37480.79518364378,37024.34307691795,0.0,0.0,456.4521067258315,97.2992267499996,24504.20204725,8550.0,2704.5092814814807
2025-12-06,18,42606.62491141447,41663.63272885884,0.0,0.0,942.9921825556248,338.22293308333303,21518.419907933116,2704.5092814814807,6029.7329045888955
2025-12-07,18,70374.63376095534,64976.0722556722,2742.3218587998535,0.0,2656.239646483279,974.6851753611113,10745.628572361114,6029.7329045888955,6564.360074351854
2025-12-08,18,70358.95323164074,64983.41808354597,3715.0420112886536,0.0,1660.493136806123,624.8623013749994,10428.747547791663,6564.360074351854,8550.0
2025-12-09,18,68265.92590403998,63518.85027624778,3099.5637437268942,0.0,1647.511884065304,530.6877369166664,9958.708575833336,8550.0,7861.850945683655
2025-12-10,18,67783.40764743001,61261.51063970439,3620.907489821876,0.0,2900.9895179037467,889.0987837777766,5742.604230361116,7861.850945683655,8550.000000000002
2025-12-11,18,65617.61773726331,63268.52253974995,1634.8063407119712,0.0,714.2888568013946,251.18272616666616,10913.061515083336,8550.000000000002,5804.574325124999
2025-12-12,18,40287.50845799334,40087.09566291596,0.0,0.0,200.41279507737516,29.847703000000024,25315.407137833336,5804.574325124999,2673.152177777779
2025-12-13,18,43570.36496705955,42680.76606192246,0.0,0.0,889.5989051370849,262.0636658333335,23579.032775578205,2673.152177777779,5455.852408149069
2025-12-14,18,67804.91677734662,61776.03177941535,3608.0561736099703,0.0,2420.8288243212946,678.3344287361103,4424.490419819448,5455.852408149069,8550.0
2025-12-15,18,66613.50241473464,61187.47582800484,2800.195225669251,0.0,2625.8313610605533,789.2991932499992,4599.25090391667,8550.0,8550.0
2025-12-16,18,68481.36268265086,65422.149190386146,2831.7447990687524,0.0,227.46869319595493,63.44627266666578,9131.866678583337,8550.0,8550.000000000002
2025-12-17,18,68523.15821274096,65525.01569476238,2451.4884360832475,0.0,546.6540818953331,179.43553316666657,11288.9230655,8550.000000000002,7950.000000000001
2025-12-18,18,64338.91663342263,62814.03764089724,1049.9989380429388,0.0,474.8800544824574,213.80579379166636,7471.705832791667,7950.000000000001,5851.662141187502
2025-12-19,18,41889.60795981292,39989.12122699959,0.0,0.0,1900.486732813336,287.59739941666703,25360.499226249998,5851.662141187502,3162.593455555555
2025-12-20,18,45891.4837718969,43453.943820542314,0.0,0.0,2437.539951354588,520.7761804166673,27072.60933480246,3162.593455555555,4541.344320971308
2025-12-21,18,69641.77699612918,66307.21633580813,2788.279229860406,0.0,546.2814304606458,140.01410566666652,8727.924915833333,4541.344320971308,8550.000000000002
2025-12-22,18,67325.72885015844,64347.29076876902,2137.5360629204765,0.0,840.9020184689373,198.75545712499968,7980.756790291671,8550.000000000002,8550.000000000002
2025-12-23,18,68137.48990790921,65896.86768030927,1749.939738046833,0.0,490.68248955311026,112.79206904166779,11808.441360708333,8550.000000000002,8247.85388804862
2025-12-24,18,67861.78153616177,65311.95679706507,1966.644488796505,0.0,583.1802503002014,132.13201124999875,9886.399582250004,8247.85388804862,8550.0
2025-12-25,18,63375.49436960283,62291.75952214767,253.31346836380698,0.0,830.421379091346,247.86920895833433,6634.179792874998,8550.0,5964.213318562501
2025-12-26,18,42202.705761642974,41211.704224812056,0.0,0.0,991.0015368309188,153.70925020833363,26751.271622208333,5964.213318562501,3429.247848148148
2025-12-27,18,46080.318891118324,43653.92134021064,0.0,0.0,2426.397550907687,450.8809884166665,28205.820469629118,3429.247848148148,3780.2016617180534
2025-12-28,18,69052.80602046035,66776.8420786949,1509.6744976631985,0.0,766.289444102252,154.07903704166682,10145.077273625,3780.2016617180534,8026.807872986105
2025-12-29,18,65622.71003558983,63641.73548625842,1369.5740698174059,0.0,611.4004795139997,155.58068004166682,8455.494427958332,8026.807872986105,8054.11477674306
2025-12-30,18,65999.88794996912,64087.727504876835,1709.2983195806378,0.0,202.86212551164542,49.876331249999794,9858.028637833333,8054.11477674306,8550.000000000004
2025-12-31,18,65882.26388390268,64211.23792402911,684.1540608475224,0.0,986.8718990260455,276.3817159722223,8758.945950638892,8550.000000000004,6979.8220262129535
2025-02-01,6+12,37728.310511508826,36793.04335745858,0.0,0.0,935.2671540502474,267.3704456249995,26975.694553368485,1200.0,3043.08694584383
2025-02-02,6+12,61846.24586591709,58556.32397382676,0.0,0.0,3289.9218920903313,589.1251479444451,10056.640133133926,3043.08694584383,4992.661899609874
2025-02-03,6+12,63429.42159822976,58404.128559914636,0.0,0.0,5025.2930383151215,1050.5978726111134,8224.839573056925,4992.661899609874,6602.30195301389
2025-02-04,6+12,64463.33474943701,59157.21267344366,0.0,0.0,5306.122075993351,1155.242707722224,10741.88236617062,6602.30195301389,4804.30293915463
2025-02-05,6+12,60348.795024405714,55779.52377256186,200.60540566795464,0.0,4368.665846175902,953.1812806666646,3379.8792040053186,4804.30293915463,6448.7305285833345
2025-02-06,6+12,65015.07590782299,58815.80319301205,0.0,0.0,6199.27271481094,1299.151538208334,11456.437752138721,6448.7305285833345,4912.529529244448
2025-02-07,6+12,35384.99796662654,33551.91422473424,0.0,0.0,1833.0837418923059,283.50388812499887,29477.150960159295,4912.529529244448,1200.0
2025-02-08,6+12,31603.873067966862,30275.953098192906,0.0,0.0,1327.919969773958,230.4653082916666,21582.496168451988,1200.0,1200.0000000000014
2025-02-09,6+12,61045.633748510365,57621.968456532646,0.0,0.0,3423.665291977718,724.5440427083327,5506.444805206887,1200.0000000000014,5678.740360580866
2025-02-10,6+12,58572.41575562797,52301.755154367114,1922.0513845580867,0.0,4348.6092167027655,880.376236347224,8352.69869126252,5678.740360580866,5832.871573509101
2025-02-11,6+12,62970.131759546246,53016.0958895207,0.0,0.0,9954.035870025547,2106.878636083332,8829.512664513713,5832.871573509101,4757.227018225008
2025-02-12,6+12,63989.115476828476,53165.65754791158,0.0,0.0,10823.457928916894,2256.3726403194405,7600.027892754279,4757.227018225008,5858.522550476083
2025-02-13,6+12,54389.22676653064,48433.93395660388,849.1176468257461,0.0,5106.175163101009,1122.0485387777796,7573.430395911182,5858.522550476083,3997.6344956638886
2025-02-14,6+12,30368.816751571718,28640.76158301236,0.0,0.0,1728.055168559357,275.81822363888824,23570.31245978669,3997.6344956638886,1200.0000000000007
2025-02-15,6+12,31891.697397111635,30436.4591982685,0.0,0.0,1455.2381988431343,298.8259610277785,24410.802422906374,1200.0000000000007,1290.96703854815
2025-02-16,6+12,69132.49469410558,54169.725691007945,0.0,0.0,14962.769003097632,3223.1778526666667,9361.97050340089,1290.96703854815,4529.884113181481
2025-02-17,6+12,63053.47086689077,51940.23052568777,0.0,0.0,11113.240341202994,2408.7333375555604,12466.299475760297,4529.884113181481,4697.348776566659
2025-02-18,6+12,60456.0721474943,45807.17947456339,715.5226476183435,0.0,13933.370025312564,3191.2856823888874,1420.6869344722204,4697.348776566659,6183.311021249998
2025-02-19,6+12,61172.40973217386,45282.28929761096,1008.2920756090335,0.0,14881.82835895387,3556.5687407222185,1517.014345254454,6183.311021249998,6098.3240081250015
2025-02-20,6+12,60234.23276426311,46881.593460338816,0.0,0.0,13352.639303924301,2939.3908618749992,7324.222535646094,6098.3240081250015,4069.0106161324106
2025-02-21,6+12,27043.995649531287,25329.49880993198,0.0,0.0,1714.496839599306,350.85584272222223,21714.690851393687,4069.0106161324106,1199.9999999999995
2025-02-22,6+12,29323.19714571887,27363.999565054713,0.0,0.0,1959.1975806641562,503.8214568888881,19862.394064473247,1199.9999999999995,1758.6679718756204
2025-02-23,6+12,64311.76423962586,47429.83626494456,124.12092321215862,0.0,16757.807051469135,3854.2658497361144,4911.382007128259,1758.6679718756204,4427.166162858953
2025-02-24,6+12,61127.99405006334,44687.19926089705,0.0,0.0,16440.79478916629,3567.450750777774,5204.627694424889,4427.166162858953,3858.3683405453735
2025-02-25,6+12,61204.44327077984,45713.28450365868,45.17754548854182,0.0,15445.981221632619,3573.6742184444433,7806.891871257209,3858.3683405453735,5866.053506481479
2025-02-26,6+12,62252.45229262522,40067.62856708217,2413.474721558424,0.0,19771.34900398463,4776.782291388889,881.4685978055571,5866.053506481479,6021.131145000001
2025-02-27,6+12,60647.1652182626,41222.06342262895,443.9174572265214,0.0,18981.184338407133,4254.043619916663,3784.8700462033603,6021.131145000001,3991.441113518516
2025-02-28,6+12,26988.8009420854,23847.44265114995,0.0,0.0,3141.3582909354473,696.259084305552,20920.84801902366,3991.441113518516,1199.9999999999986
2025-03-01,6+12,37492.199485775185,28559.087033656382,0.0,0.0,8933.112452118803,1573.3516231111096,28861.61532395215,1199.9999999999986,1200.0000000000014
2025-03-02,6+12,67822.74989382605,48786.246305154986,116.67549517789885,0.0,18919.828093493168,4126.598587791663,6168.397578371907,1200.0000000000014,3958.0081106745365
2025-03-03,6+12,72464.05402836745,49093.551252010555,0.0,0.0,23370.50277635689,5010.348326708332,11816.927355699767,3958.0081106745365,2611.6289934606425
2025-03-04,6+12,64021.61541268296,43988.99564530245,145.43251122205254,0.0,19887.187256158453,4886.805811236101,3108.6995488089688,2611.6289934606425,4419.057624427471
2025-03-05,6+12,63184.34703967099,45112.98817000237,0.0,0.0,18071.358869668624,3942.4808979166623,10463.605279047486,4419.057624427471,3222.1043229310217
2025-03-06,6+12,60074.45690167326,42492.99901817028,115.30241662292546,0.0,17466.155466880053,3944.0207864861086,6824.993835840711,3222.1043229310217,1995.585229759262
2025-03-07,6+12,31784.726182210776,26352.370360006214,0.0,0.0,5432.355822204559,1039.290965472223,26443.341973182098,1995.585229759262,1200.0000000000016
2025-03-08,6+12,26862.38499476482,24430.895559281475,0.0,0.0,2431.489435483347,456.44012925000004,23652.142649259094,1200.0000000000016,1199.9999999999986
2025-03-09,6+12,61020.316970467036,45540.680570064156,1333.3141642721898,0.0,14146.32223613069,3047.4387694166703,12932.023060923188,1199.9999999999986,2497.9389853009225
2025-03-10,6+12,61511.15283794726,42602.22379624247,1277.0744636072236,0.0,17631.85457809756,4149.578257583328,5444.873784772635,2497.9389853009225,2820.3262588388893
2025-03-11,6+12,61684.975492077036,38369.58065680918,3294.2357644988,0.0,20021.159070769056,4573.20661916666,4555.039766518172,2820.3262588388893,3255.9908777910514
2025-03-12,6+12,59639.957234872265,43683.51488247563,1869.7101091175764,0.0,14086.732243279053,3166.692636972221,12386.66238586419,3255.9908777910514,2852.0434096067966
2025-03-13,6+12,60409.88835040119,43708.17297086917,0.0,0.0,16701.71537953202,3629.914324361109,6790.566527322029,2852.0434096067966,2246.220892437961
2025-03-14,6+12,25945.52854742172,23552.00549866114,0.0,0.0,2393.5230487605804,403.673501930555,26281.222155295956,2246.220892437961,1200.0000000000005
2025-03-15,6+12,26266.110081873347,23887.430851487527,0.0,0.0,2378.67923038582,460.4572674722225,21548.759791235425,1200.0000000000005,1199.9999999999995
2025-03-16,6+12,55192.24055985271,42899.91461257929,663.5271061453301,0.0,11628.79884112809,2719.634956555554,7266.878626582973,1199.9999999999995,2532.3117590157476
2025-03-17,6+12,54520.78320330054,38982.31914139084,2195.102696743773,0.0,13343.361365165925,2973.743370791667,10853.939950931595,2532.3117590157476,1944.2723979740745
2025-03-18,6+12,57561.23063385303,44965.58302327347,0.0,0.0,12595.647610579563,2655.9168425555545,12997.675646697182,1944.2723979740745,2817.5284696577173
2025-03-19,6+12,54405.61807843635,36862.545370827655,2522.6256047198044,0.0,15020.447102888897,3686.473914694443,7058.145921734565,2817.5284696577173,1260.3972736888945
2025-03-20,6+12,59725.40796988996,42461.157623687606,1895.3128367888755,0.0,15368.93750941347,3402.2793484861095,10799.13717258025,1260.3972736888945,1259.2165774632733
2025-03-21,6+12,25812.20545251583,23082.618035892167,0.0,0.0,2729.5874166236663,517.4935995833333,28454.30482186008,1259.2165774632733,1199.9999999999995
2025-03-22,6+12,24613.0975611246,23752.59280983125,0.0,0.0,860.5047512933481,212.833545652778,25248.13703970662,1199.9999999999995,1200.0
2025-03-23,6+12,51009.704011793045,42955.99238860005,25.253949183537713,0.0,8028.45767400946,1874.107180055555,11425.284493985255,1200.0,2028.4079215854922
2025-03-24,6+12,50102.745044983625,39807.719027343504,787.6757501626147,0.0,9507.350267477508,2254.6911488194446,9114.095882963646,2028.4079215854922,2015.9237557882732
2025-03-25,6+12,55408.239940270185,44395.26362807276,555.2639108336563,0.0,10457.712401363762,2482.8204278055578,13004.499102807615,2015.9237557882732,2595.3246467703675
2025-03-26,6+12,47617.83488751018,38552.08034199815,73.32100338788153,0.0,8992.43354212415,2194.129613124999,8385.480835229428,2595.3246467703675,1656.3773375152732
2025-03-27,6+12,52970.29184319769,40940.848104944846,0.0,0.0,12029.443738252843,2870.0364707916638,10239.226469560868,1656.3773375152732,1588.6777552922836
2025-03-28,6+12,24002.258023520393,22837.589193471787,0.0,0.0,1164.6688300486046,281.58300504166664,29849.809757347906,1588.6777552922836,1200.0000000000014
2025-03-29,6+12,22979.31341016253,21923.73032694489,0.0,0.0,1055.5830832176387,237.80699633333325,31019.818041547667,1200.0000000000014,1200.0000000000027
2025-03-30,6+12,52662.361766119284,40159.170948881074,350.49449481139595,0.0,12152.696322426807,2924.249763499998,11384.543375948393,1200.0000000000027,2861.059146353703
2025-03-31,6+12,51166.46835597832,34810.9738878899,2912.7139204045466,0.0,13442.780547683877,3256.891365611108,6366.311932567216,2861.059146353703,1379.325662364508
2025-04-01,6+12,50011.17843324516,41464.7637027603,593.1152913914033,0.0,7953.299439093455,2048.27986427778,10083.543009113851,1379.325662364508,2149.607414868209
2025-04-02,6+12,49128.99394765379,39406.89157995283,1175.5832430541282,0.0,8546.519124646833,2111.0341638194413,7123.510954131173,2149.607414868209,1847.4576077842603
2025-04-03,6+12,48045.74740411736,41128.63022964376,295.95673675026984,0.0,6621.160437723336,1623.8397450138866,12049.40377924847,1847.4576077842603,1848.8456140004625
2025-04-04,6+12,23212.22185786339,21221.089268339783,0.0,0.0,1991.1325895236075,402.5935543611118,32051.906935941533,1848.8456140004625,1199.999999999999
2025-04-05,6+12,26104.793400572125,21193.657857412647,0.0,0.0,4911.1355431594775,1082.399979527776,26533.27480525514,1199.999999999999,1200.0000000000002
2025-04-06,6+12,47316.39659651501,38262.70916875675,1983.7935361395018,0.0,7069.893891618765,1704.6395105277788,11526.208683696164,1200.0000000000002,1723.2617385419737
2025-04-07,6+12,47586.802337970505,34070.90844974917,2005.436667353751,0.0,11510.457220867582,2692.108150444447,5726.996249733549,1723.2617385419737,2280.780068789808
2025-04-08,6+12,51387.52796986381,38808.53381697053,0.0,0.0,12578.994152893283,2796.8416801666617,11016.161703696846,2280.780068789808,2425.7515173265424
2025-04-09,6+12,50304.60479015197,37898.29138149059,999.2250712892309,0.0,11407.088337372152,2671.291415638887,3920.3362217558424,2425.7515173265424,4188.597502018673
2025-04-10,6+12,49519.93956638836,36942.805335370795,968.6522417276954,0.0,11608.481989289876,2612.4263038888885,9427.930065409657,4188.597502018673,2376.0546581666645
2025-04-11,6+12,21468.910908940066,19633.641128493116,0.0,0.0,1835.2697804469515,334.23535488889013,31198.50127947428,2376.0546581666645,1199.999999999999
2025-04-12,6+12,22729.061918250067,21858.9300516059,0.0,0.0,870.1318666441673,166.45056466666685,29561.32833713717,1199.999999999999,1200.000000000001
2025-04-13,6+12,48599.59423617761,35942.309781504766,1114.0628571393418,0.0,11543.22159753351,2731.0247176388903,7503.908829017149,1200.000000000001,1639.4171548595637
2025-04-14,6+12,50681.52156800055,38031.28362766418,355.3949115097082,0.0,12294.843028826665,2945.8654723333307,11205.822740419579,1639.4171548595637,2599.2741174209873
2025-04-15,6+12,45061.54949997326,32657.77851603736,1228.932652653017,0.0,11174.838331282883,2525.2853995277774,6522.559075993822,2599.2741174209873,2245.692887705561
2025-04-16,6+12,47281.11442977994,36024.78025827668,1250.1278414329938,0.0,10006.206330070267,2352.016282624997,6517.993771017669,2245.692887705561,2594.7750163697488
2025-04-17,6+12,47391.205165424064,33621.980290783395,2792.816129721793,0.0,10976.408744918874,2407.3577985000015,5829.79552037345,2594.7750163697488,2777.9203649430588
2025-04-18,6+12,21443.8652058979,19583.11929190078,0.0,0.0,1860.7459139971197,370.71339102777677,30464.293134638887,2777.9203649430588,1200.000000000001
2025-04-19,6+12,20352.98014717414,19931.061540036906,0.0,0.0,421.91860713723554,80.08153080555559,29678.641660490397,1200.000000000001,1199.9999999999995
2025-04-20,6+12,44600.30685858482,34548.08262504806,1863.6731909779448,0.0,8188.551042558811,1921.9430504027787,5423.874051044075,1199.9999999999995,3220.0343798200574
2025-04-21,6+12,45402.400304578434,35162.45678285403,365.52276427933475,0.0,9874.420757445074,2281.5289281111054,12017.52218413031,3220.0343798200574,2612.3122225938323
2025-04-22,6+12,44868.399338028816,32413.186857436278,3195.8690091464223,0.0,9259.343471446115,2173.510510972226,5519.6743925089195,2612.3122225938323,2917.8788638614155
2025-04-23,6+12,43527.89382956592,31224.472012928592,5025.16822618928,0.0,7278.253590448045,1832.7754887222186,6842.929226737824,2917.8788638614155,2382.9225231179057
2025-04-24,6+12,43395.69261975801,32147.336111975234,2783.189115888908,0.0,8465.167391893869,2026.1928541944453,9423.862270233545,2382.9225231179057,2621.297601944448
2025-04-25,6+12,20779.968847542084,19251.902054058362,0.0,0.0,1528.0667934837227,259.5098134444446,34134.976374878424,2621.297601944448,1200.0
2025-04-26,6+12,21126.49990196973,19701.94283579714,0.0,0.0,1424.5570661725906,228.1690364444445,35773.9119689988,1200.0,1199.9999999999989
2025-04-27,6+12,46802.923097684376,32020.278911922618,2988.223841911799,0.0,11794.420343849963,2673.7876658055534,8071.638739503088,1199.9999999999989,2179.4266243222205
2025-04-28,6+12,46219.12758683079,37053.5004955201,2002.2742653518746,0.0,7163.352825958817,1510.661885388887,8541.752555034811,2179.4266243222205,2331.3473685300896
2025-04-29,6+12,40051.79662929197,32309.359328841092,1728.19317384538,0.0,6014.244126605498,1327.583719000001,7909.2734935222925,2331.3473685300896,1736.204040099379
2025-04-30,6+12,46518.10529775192,31591.992037025477,888.434052073794,0.0,14037.679208652653,3482.267784458329,6038.805981145407,1736.204040099379,1998.6996296580232
2025-05-01,6+12,53984.353443017884,32560.32075271277,2888.3100075590482,0.0,18535.72268274607,3903.762299527777,7315.518879837097,1998.6996296580232,2277.1919912577205
2025-05-02,6+12,25625.53159622535,20743.800833129833,0.0,0.0,4881.730763095518,801.8558703472229,24067.574252450788,2277.1919912577205,1199.9999999999995
2025-05-03,6+12,26891.26758128503,20202.654107504535,0.0,0.0,6688.613473780494,1059.89361361111,28606.62191529835,1199.9999999999995,1200.0
2025-05-04,6+12,58619.022197987826,34606.72238250554,195.38685519848684,0.0,23816.912960283797,5572.603497097225,10133.1083864441,1200.0,1766.1919578682096
2025-05-05,6+12,55287.067576360816,36057.46138891383,0.0,0.0,19229.606187446992,4148.939939249994,7300.392443001011,1766.1919578682096,1391.6670565370446
2025-05-06,6+12,51151.99438280666,32099.817479619607,5153.0556240830265,0.0,13899.121279104034,3065.429719305558,5860.614012245363,1391.6670565370446,1931.4097604166725
2025-05-07,6+12,50151.27973503205,34387.58038797214,4213.996227965739,0.0,11549.703119094163,2414.4255908611094,7023.088167641976,1931.4097604166725,1482.0277562180545
2025-05-08,6+12,49556.567769297224,37060.02042272399,1682.9221050173437,0.0,10813.625241555896,2274.3028148055555,9299.45082125206,1482.0277562180545,1276.5065716967572
2025-05-09,6+12,23994.77323153527,21308.689654353624,0.0,0.0,2686.083577181644,427.99060599999973,29456.834134322864,1276.5065716967572,1200.0000000000023
2025-05-10,6+12,23902.517520815465,21047.682609266703,0.0,0.0,2854.834911548761,487.2529175555552,25866.672961817214,1200.0000000000023,1200.000000000002
2025-05-11,6+12,48232.73186129119,36266.142575152044,1690.875428233233,0.0,10275.713857905917,2246.502959902775,7865.879472104943,1200.000000000002,1199.9999999999998
2025-05-12,6+12,46820.43872273038,32989.19462349986,5289.560932503389,0.0,8541.683166727129,1810.195522402778,8648.772069204222,1199.9999999999998,1286.0582742370318
2025-05-13,6+12,48242.95169289291,37601.35198016248,1934.718812509652,0.0,8706.880900220774,1846.0931703055576,13096.86269583488,1286.0582742370318,1200.0000000000011
2025-05-14,6+12,47831.96961207195,37671.483517786284,1298.5661343597521,0.0,8861.919959925914,1955.6360019444464,11232.655276113002,1200.0000000000011,1200.0000000000023
2025-05-15,6+12,45593.519204517375,38117.27599443593,1648.769939905375,0.0,5827.473270176074,1442.4068094999977,10273.88736518621,1200.0000000000023,1200.0
2025-05-16,6+12,23230.836559500556,22181.020889940373,0.0,0.0,1049.8156695601817,178.03408830555574,35278.45913257853,1200.0,1200.0
2025-05-17,6+12,24740.047484194416,21983.307319814645,0.0,0.0,2756.740164379773,433.05272094444376,27772.29918019238,1200.0,1199.999999999999
2025-05-18,6+12,42893.14769690347,39576.5838745308,903.6161801550297,0.0,2412.9476422176404,737.5255104027765,12161.904064186045,1199.999999999999,1244.0268366953692
2025-05-19,6+12,41523.39545756674,36181.346559987025,934.7414277303873,0.0,4407.307469849319,917.7545544444447,12524.973078976855,1244.0268366953692,1460.577526350927
2025-05-20,6+12,45374.39561734769,35994.197683568185,3256.105613873682,0.0,6124.09231990582,1334.034646722222,8948.737901305554,1460.577526350927,1199.9999999999995
2025-05-21,6+12,43863.03103442547,34714.66102345239,5157.262460397133,0.0,3991.1075505759463,965.7586939166673,10095.748739749997,1199.9999999999995,1200.0000000000014
2025-05-22,6+12,43017.550847235005,36987.484839880985,1970.3895960226846,0.0,4059.6764113313293,950.6283010555547,10716.33543107716,1200.0000000000014,1200.0000000000011
2025-05-23,6+12,22697.299463294778,22022.13569986327,391.37835214359393,0.0,283.7854112879157,46.07565999999984,31994.349526305556,1200.0000000000011,1200.0
2025-05-24,6+12,23020.268538015378,22687.984013455545,0.0,0.0,332.2845245598327,53.228544180555446,34701.12145145267,1200.0,1200.0000000000018
2025-05-25,6+12,41385.99726151987,37420.28942199622,1092.887313338817,0.0,2872.8205261848343,736.2843914444447,13256.729091875506,1200.0000000000018,1200.0000000000002
2025-05-26,6+12,45622.66342873995,36713.87727629955,5953.851122555003,0.0,2954.935029885399,820.5483109583328,11589.156030375003,1200.0000000000002,1200.0000000000002
2025-05-27,6+12,43088.256838485075,35024.62485314706,4497.012398056804,0.0,3566.6195872812114,905.4557386250026,11313.521473253082,1200.0000000000002,1474.0066458972199
2025-05-28,6+12,41280.45925691023,38674.43251770365,1547.8364263675724,0.0,1058.190312839005,374.17053141666787,11935.182051685182,1474.0066458972199,1200.000000000002
2025-05-29,6+12,46680.13637785539,38694.925026511795,4013.719561101981,0.0,3971.491790241618,1036.0183295277761,13458.878466248965,1200.000000000002,1333.9041290481516
2025-05-30,6+12,23215.45534191691,23173.28919848441,0.0,0.0,42.166143432499915,19.37337166666663,32660.141782561037,1333.9041290481516,1200.0000000000032
2025-05-31,6+12,25618.833101112374,25285.654740186874,0.0,0.0,333.1783609255001,113.07283266666667,33937.947018206614,1200.0000000000032,1199.999999999999
2025-06-01,6+12,70615.92187890728,48572.674560742744,3586.2278766191325,0.0,18457.019441545395,4636.444924250001,13437.836813857522,1199.999999999999,1550.4941159861075
2025-06-02,6+12,64729.45191203717,50375.20630993081,1024.8690223275987,0.0,13329.376579778762,3599.667977138894,14756.179005596892,1550.4941159861075,1709.9964646296278
2025-06-03,6+12,63714.688261063,46537.37924272865,4599.56223998148,0.0,12577.74677835286,3239.1084893611105,12872.431081449933,1709.9964646296278,1358.8592181972206
2025-06-04,6+12,65584.68917500226,54705.11518905974,2977.3866484750697,0.0,7902.187337467451,2611.45802072222,21350.780288558642,1358.8592181972206,1200.0000000000002
2025-06-05,6+12,61118.408614164015,48216.61753211487,6457.000887956227,0.0,6444.790194092915,1856.436410472221,12484.467850547844,1200.0000000000002,1231.6256942375003
2025-06-06,6+12,35243.63721718405,33353.11038048563,0.0,0.0,1890.5268366984187,320.77102838888925,25580.11098173903,1231.6256942375003,1199.9999999999998
2025-06-07,6+12,37254.69096161255,36270.09833416637,0.0,0.0,984.5926274461846,194.04904202777857,31998.45619242455,1199.9999999999998,1200.0000000000007
2025-06-08,6+12,55644.00636583593,49199.64181329517,2757.917324058039,0.0,3686.4472284827125,929.8984802083338,16404.354604519718,1200.0000000000007,1200.0000000000002
2025-06-09,6+12,59104.630507218375,56065.80745138901,372.41735653375025,0.0,2666.4056992956203,891.8430075277769,16899.03309031619,1200.0000000000002,1209.3500324074093
2025-06-10,6+12,59413.86445184983,52319.944782056584,5048.191160289112,0.0,2045.7285095041354,720.496345444444,14762.267368273147,1209.3500324074093,1200.5264217722258
2025-06-11,6+12,63338.9770287503,57467.28019281455,4425.069163529972,0.0,1446.627672405774,475.25232999999946,15427.698140543216,1200.5264217722258,1200.0000000000002
2025-06-12,6+12,59253.10460673089,56444.00091434474,1705.7444050341617,0.0,1103.359287351997,362.90008458333284,16035.345887094658,1200.0000000000002,1227.0345798148157
2025-06-13,6+12,35376.54052811453,34969.421939413194,0.0,0.0,407.11858870133494,61.884144750000246,30218.894500522467,1227.0345798148157,1200.000000000001
2025-06-14,6+12,35845.10416048444,35711.00966195707,0.0,0.0,134.0944985273719,27.83245027777724,33908.56907485974,1200.000000000001,1199.9999999999993
2025-06-15,6+12,59661.55271167077,54158.42705414764,5230.914731111149,0.0,272.2109264119726,55.97336377777788,17942.05059141976,1199.9999999999993,1199.9999999999984
2025-06-16,6+12,61513.558542543484,56504.678260319895,4478.781735065198,0.0,530.0985471583896,204.94248563888902,18061.07357611352,1199.9999999999984,1247.6038428703705
2025-06-17,6+12,62884.00812024831,57731.07745462707,4322.082347062575,0.0,830.8483185586671,268.4546315416666,17835.01336559413,1247.6038428703705,1272.3309652777787
2025-06-18,6+12,61949.9760161007,58225.10333178414,3263.500464582863,0.0,461.3722197336924,167.91391699999934,21780.333088455758,1272.3309652777787,1233.5827907407406
2025-06-19,6+12,61655.95571616663,55254.61869191897,5826.017651671493,0.0,575.3193725761636,172.26651019444364,22062.833989719307,1233.5827907407406,1323.4589131018527
2025-06-20,6+12,35403.9025342916,35277.67021192364,0.0,0.0,126.23232236795498,20.111725666666132,36353.85264315054,1323.4589131018527,1200.0000000000014
2025-06-21,6+12,32944.617551917654,32868.27679109099,0.0,0.0,76.340760826667,11.290506666666715,34570.793813895754,1200.0000000000014,1199.9999999999986
2025-06-22,6+12,58434.81624355262,54792.05847337939,3300.802529532886,0.0,341.9552406403457,117.46990281944419,20679.687378392315,1199.9999999999986,1211.2364595370377
2025-06-23,6+12,57688.35600943743,56632.134577890785,810.4350652069991,0.0,245.78636633965152,96.134246819444,19869.757239420782,1211.2364595370377,1265.9342750462972
2025-06-24,6+12,66101.01127059817,64198.12651508869,1601.6697070120154,0.0,301.21504849747197,110.37340549999988,21942.478686513026,1265.9342750462972,1232.8328538324079
2025-06-25,6+12,61446.41058839734,57297.545486938936,4016.1416334817313,0.0,132.7234679766662,39.571620611110916,21361.82950806722,1232.8328538324079,1200.0000000000011
2025-06-26,6+12,59026.359702728376,55774.65407693671,3244.6854840266237,0.0,7.020141765042109,3.1940937500002065,20859.625401083344,1200.0000000000011,1200.0000000000011
2025-06-27,6+12,36253.421650749064,36253.421650749064,0.0,0.0,0.0,0.0,39248.50686495782,1200.0000000000011,1200.0000000000005
2025-06-28,6+12,35592.16668341801,35592.16668341801,0.0,0.0,0.0,0.0,36188.52312046588,1200.0000000000005,1200.0000000000014
2025-06-29,6+12,60843.52573662151,54465.86783536169,6167.128302416586,0.0,210.52959884323656,88.2003836388889,20264.3544002536,1200.0000000000014,1225.0214653240737
2025-06-30,6+12,60395.883960355364,58421.00142948392,1432.0744023443767,0.0,542.8081285270682,182.47042865277757,20928.441136472735,1225.0214653240737,1234.1416704629637
2025-07-01,6+12,72595.93908704938,50952.71534148742,15678.141143822217,0.0,5965.082601739743,2630.733574375,14529.0417341533,1234.1416704629637,1995.0305163425921
2025-07-02,6+12,65164.952550020505,47863.728866785015,11274.915193124192,0.0,6026.308490111293,2628.5901825694427,13158.443434457824,1995.0305163425921,2218.0218979629612
2025-07-03,6+12,74123.915363018,53322.062801608816,13802.603481446808,0.0,6999.2490799623765,2826.792743833334,16228.616968098766,2218.0218979629612,1787.3685216666672
2025-07-04,6+12,33480.48699394405,29883.71715741275,1781.5217734193407,0.0,1815.248063111958,638.8660032916669,22398.474076812236,1787.3685216666672,1200.0000000000002
2025-07-05,6+12,33029.71307556825,30600.970899100314,534.007333506223,0.0,1894.7348429617136,647.3656707427982,21427.658064644038,1200.0000000000002,1201.9660685185202
2025-07-06,6+12,74945.8138037796,50368.807865932366,19855.485064634617,0.0,4721.520873212613,2033.5721747083337,15882.652065790124,1201.9660685185202,1851.6091354166676
2025-07-07,6+12,63812.93743673749,52754.89765447768,8055.36852474026,0.0,3002.671257519546,1336.3467734444434,15500.783925704738,1851.6091354166676,1889.006725462968
2025-07-08,6+12,62993.54475660663,56169.72693329032,5699.995083927084,0.0,1123.82273938922,511.156262499999,15312.684763243484,1889.006725462968,1537.7957065740773
2025-07-09,6+12,62051.11946633588,55764.07607234432,5179.732671387565,0.0,1107.3107226039858,437.43295204166634,16043.97301297446,1537.7957065740773,1843.5901512736104
2025-07-10,6+12,60569.854542721274,51103.338837893476,8157.794044141017,0.0,1308.7216606867805,532.5016595555549,13093.10527122583,1843.5901512736104,1514.6574484259268
2025-07-11,6+12,35412.512662895555,35382.82672254556,0.0,0.0,29.685940350000244,13.629908333333447,24603.515048320478,1514.6574484259268,1200.0000000000027
2025-07-12,6+12,34086.88583466218,33024.11787282214,1062.7679618400334,0.0,0.0,0.0,23007.81070933333,1200.0000000000027,1200.0
2025-07-13,6+12,58018.29216887864,54850.023882238485,2049.843133429252,0.0,1118.4251532108997,313.5967897777773,14742.421941648496,1200.0,2144.830883622225
2025-07-14,6+12,58028.18197316639,50127.36121437844,6625.715981348886,0.0,1275.104777439069,439.1199073472223,11683.728723233024,2144.830883622225,2026.1765551263923
2025-07-15,6+12,58294.24764600764,54757.430077931174,1607.7632950457132,0.0,1929.0542730307538,557.9559423888902,14645.764546135455,2026.1765551263923,1313.1414482972218
2025-07-16,6+12,58936.336916163025,53489.89464786455,2985.2154088316465,0.0,2461.2268594668267,779.027112444442,12691.053064587453,1313.1414482972218,1600.9285193398155
2025-07-17,6+12,58581.41773537066,51292.04900811519,6077.3449180191055,0.0,1212.0238092363734,291.9443756347735,11788.24760002263,1600.9285193398155,1411.7046689814813
2025-07-18,6+12,38303.38275739055,37684.542020207045,0.0,0.0,618.8407371835075,141.6251256527779,28914.82320948422,1411.7046689814813,1200.0000000000016
2025-07-19,6+12,37305.977613730305,37302.353187046974,0.0,0.0,3.624426683333351,1.695241666666675,31151.45980103001,1200.0000000000016,1199.9999999999995
2025-07-20,6+12,58527.76179004346,54032.67073613229,2398.3293514176903,0.0,2096.7617024934825,499.7595968611103,14159.491269219823,1199.9999999999995,1435.2817407055559
2025-07-21,6+12,61089.52913395639,54850.65626793701,5021.477108195454,0.0,1217.395757823928,379.7293225277772,15271.253654477705,1435.2817407055559,1308.826302905098
2025-07-22,6+12,60982.75492976027,54923.514473970405,4324.200491838591,0.0,1735.0399639512716,413.4007497638891,15688.258934425929,1308.826302905098,1200.0000000000002
2025-07-23,6+12,67830.68853683729,61334.703678812184,530.0919441821873,0.0,5965.892913842915,1218.6116756111105,21520.570023102024,1200.0000000000002,1357.1590752314858
2025-07-24,6+12,62614.13618867305,60745.438622934016,516.4704303150493,0.0,1352.2271354239874,300.5942904861114,19612.568240635293,1357.1590752314858,1679.6089868055583
2025-07-25,6+12,36785.24688066541,36558.87440535385,0.0,0.0,226.37247531156066,58.957816458332964,31578.43005616083,1679.6089868055583,1200.0000000000005
2025-07-26,6+12,37408.49457301789,37408.49457301789,0.0,0.0,0.0,0.0,31444.940464966214,1200.0000000000005,1199.9999999999995
2025-07-27,6+12,60861.447783429,55262.903137632864,3125.2368403086975,0.0,2473.3078054874445,571.5694837222223,14886.63619258539,1199.9999999999995,1265.7162340749996
2025-07-28,6+12,62608.77339718995,57262.9815982702,1755.8987898588898,0.0,3589.893009060861,983.4722757381666,12869.050100161527,1265.7162340749996,1200.2628772685189
2025-07-29,6+12,61732.55883480621,56323.94002294871,4925.7946963053855,0.0,482.82411555211786,127.28274866666686,15962.112201583332,1200.2628772685189,1199.9999999999993
2025-07-30,6+12,61689.62859449324,52188.96015209332,8870.343318966019,0.0,630.3251234338982,177.46457886111168,15158.709802390942,1199.9999999999993,1253.907597573144
2025-07-31,6+12,60164.84336183734,54191.21821478299,3696.0875009930387,0.0,2277.537646061313,526.4265682916667,13225.27131867799,1253.907597573144,1278.603461802314
2025-08-01,6+12,36806.8230591062,36298.489672913885,0.0,0.0,508.3333861923131,81.12668880555566,35996.80508517541,1278.603461802314,1200.0
2025-08-02,6+12,39193.51086399676,38671.0900077438,0.0,0.0,522.4208562529594,102.48013055555572,40938.12103337654,1200.0,1200.000000000001
2025-08-03,6+12,51889.198130891724,48081.59628215904,308.23317461100004,0.0,3499.368674121691,831.1358927222211,11024.705092736602,1200.000000000001,1200.0
2025-08-04,6+12,56907.97392972546,51190.224051534526,742.7317365855043,0.0,4975.018141605422,1138.3200412361125,13922.531021023502,1200.0,1200.0000000000002
2025-08-05,6+12,53097.079418487374,49571.46108352224,1332.7256742074835,0.0,2192.8926607576477,477.3429597083323,12160.41429290294,1200.0000000000002,1199.999999999999
2025-08-06,6+12,56968.97165353078,54365.098247119546,0.0,0.0,2603.873406411234,576.8164980694421,14065.821198645579,1199.999999999999,1200.0000000000016
2025-08-07,6+12,56137.21930801325,53143.2365574971,1277.9222966553243,0.0,1716.0604538608263,396.31729062500136,21344.12358533556,1200.0000000000016,1199.999999999999
2025-08-08,6+12,33796.10489800805,33588.888755721804,0.0,0.0,207.21614228625037,32.09186355555562,38343.36626813357,1199.999999999999,1200.0
2025-08-09,6+12,34428.03525198676,33788.34546533243,0.0,0.0,639.6897866543331,122.74421233333332,35057.04089116564,1200.0,1199.999999999999
2025-08-10,6+12,53960.520353124506,50153.891469552844,0.0,0.0,3806.628883571666,949.4238586231154,11925.885040051442,1199.999999999999,1206.9208687037049
2025-08-11,6+12,52479.19561173779,48288.47559394865,1782.1558803580033,0.0,2408.564137431141,557.2397675277782,12164.51701011111,1206.9208687037049,1200.0000000000005
2025-08-12,6+12,55069.085673466274,51749.90504800177,905.7276181677514,0.0,2413.4530072967536,626.1134574722204,14205.327366240055,1200.0000000000005,1200.0000000000039
2025-08-13,6+12,53389.830963261964,47268.68863240995,2411.465088910557,0.0,3709.6772419414665,847.1730309722228,10435.551608624999,1200.0000000000039,1200.0000000000014
2025-08-14,6+12,54071.73416869902,48913.92179871336,3045.344431575339,0.0,2112.4679384103215,471.27315934722253,12506.243648507367,1200.0000000000014,1200.0
2025-08-15,6+12,34466.80260407894,34360.04014812377,0.0,0.0,106.76245595516687,15.674327583333366,37232.46585363924,1200.0,1200.0000000000014
2025-08-16,6+12,36890.367548922724,35570.779349951954,0.0,0.0,1319.5881989707739,212.56223961111056,38630.434214931076,1200.0000000000014,1200.0
2025-08-17,6+12,53775.76264739554,49802.89643719533,482.65626129842633,0.0,3490.2099489017755,681.0264656111134,15598.404089397813,1200.0,1200.000000000005
2025-08-18,6+12,52985.15098590113,49014.67819387092,480.2950471813466,0.0,3490.177744848863,833.1453017222225,11705.979629087455,1200.000000000005,1200.0000000000005
2025-08-19,6+12,52890.45524612539,47909.53628116494,646.3506618913304,0.0,4334.568303069119,991.0557921111093,10669.643967277776,1200.0000000000005,1200.0
2025-08-20,6+12,59210.17575195283,52312.89492879692,1312.482584460125,0.0,5584.798238695785,1245.4396020694444,13392.137676392314,1200.0,1200.0000000000005
2025-08-21,6+12,54280.64274745876,49902.5752212101,1111.2637143567247,0.0,3266.8038118919358,741.870121597223,13635.30909406482,1200.0000000000005,1200.0
2025-08-22,6+12,35989.37680250788,33168.88678913898,0.0,0.0,2820.490013368903,439.76579599999997,31809.356132936387,1200.0,1199.999999999999
2025-08-23,6+12,32088.292585265393,31801.182790020393,0.0,0.0,287.1097952449983,56.24114358333304,29029.359594979425,1199.999999999999,1199.9999999999995
2025-08-24,6+12,54227.119439928814,48153.13417329002,4103.556271789805,0.0,1970.4289948489861,504.40146797222224,13378.119005376537,1199.9999999999995,1201.9784351388892
2025-08-25,6+12,63948.855728947085,61320.80131062948,0.0,0.0,2628.0544183176034,672.9732048472209,24847.32050049623,1201.9784351388892,1209.320917314815
2025-08-26,6+12,53586.74644379433,48675.12317595634,257.32339787989747,0.0,4654.299869958097,1133.6887514722225,9019.07456505589,1209.320917314815,1235.3933495379626
2025-08-27,6+12,54691.592452458775,49082.81007510911,3217.3339923722806,0.0,2391.4483849773856,505.215980833334,10743.435188902778,1235.3933495379626,1200.0000000000023
2025-08-28,6+12,60300.102789883495,47374.38907895021,5121.548147561491,0.0,7804.165563371795,1966.9266120416657,9420.843313361114,1200.0000000000023,1200.0000000000052
2025-08-29,6+12,35784.555422019475,34901.701703981176,0.0,0.0,882.8537180382993,133.40686283333343,32747.639461577157,1200.0000000000052,1200.000000000001
2025-08-30,6+12,35451.616607277785,34315.23533439111,0.0,0.0,1136.3812728866742,173.88096650000114,35947.51236351492,1200.000000000001,1200.0
2025-08-31,6+12,56384.93854566521,48383.612712274095,1043.3835111108706,0.0,6957.9423222802425,1712.6583969861126,9426.02610515278,1200.0,1200.0000000000036
2025-09-01,6+12,54935.93583038914,53350.456756281856,0.0,0.0,1585.4790741072884,328.47829219444384,30677.78348001834,1200.0000000000036,1200.0000000000002
2025-09-02,6+12,50464.49299156175,47377.03596102257,0.0,0.0,3087.4570305391744,619.706836597224,19738.76484897548,1200.0000000000002,1199.9999999999982
2025-09-03,6+12,49619.95673647826,48399.65848327156,313.7887405916304,0.0,906.5095126150699,210.34100384722225,20533.335314938784,1199.9999999999982,1200.000000000004
2025-09-04,6+12,50421.96505515904,47579.79115217265,0.0,0.0,2842.1739029863893,683.8246286527778,19437.381328177988,1200.000000000004,1199.9999999999993
2025-09-05,6+12,31644.219983427272,30972.484593534024,0.0,0.0,671.735389893249,101.51741416666647,42948.88650427057,1199.9999999999993,1199.999999999999
2025-09-06,6+12,31058.827393891213,30835.320813246235,0.0,0.0,223.50658064497935,34.7765580416667,42047.15981861883,1199.999999999999,1199.9999999999995
2025-09-07,6+12,48683.357677294356,45213.16473120914,1196.4246969702938,0.0,2273.7682491149244,469.44986873610986,16322.93611397652,1199.9999999999995,1199.9999999999993
2025-09-08,6+12,51638.21661188106,49062.264124835754,2071.0542104615024,0.0,504.89827658380085,156.78837541666576,19418.800527172163,1199.9999999999993,1200.0000000000011
2025-09-09,6+12,46200.92056063112,43336.190626978,717.595900833998,0.0,2147.134032819121,477.74127875000215,13944.474359785672,1200.0000000000011,1200.0000000000082
2025-09-10,6+12,56614.12214177898,49957.104428601655,4364.83610353059,0.0,2292.181609646739,476.5818229722227,21118.902008543202,1200.0000000000082,1200.0000000000018
2025-09-11,6+12,52186.8242183361,50133.65859378553,0.0,0.0,2053.165624550571,388.83232850000024,24495.407311186726,1200.0000000000018,1200.0000000000027
2025-09-12,6+12,30807.30276448654,30708.522568534132,0.0,0.0,98.78019595240899,28.63609101388868,38208.974763510625,1200.0000000000027,1200.0000000000005
2025-09-13,6+12,30478.40062991568,30478.40062991568,0.0,0.0,0.0,0.0,41342.86689598439,1200.0000000000005,1199.9999999999995
2025-09-14,6+12,54289.93310426554,53151.00234825845,731.6351021006349,0.0,407.2956539064551,134.12585845833257,22758.451788287548,1199.9999999999995,1200.0000000000005
2025-09-15,6+12,44617.00470001214,42279.533283937955,610.2607728989353,0.0,1727.210643175245,464.8175080277771,10638.520933654665,1200.0000000000005,1199.9999999999989
2025-09-16,6+12,51423.93900705565,49767.68827625328,0.0,0.0,1656.2507308023733,495.9066827916664,18900.154769952154,1199.9999999999989,1199.9999999999968
2025-09-17,6+12,49063.5619223421,48149.23184098859,99.18979338760235,0.0,815.1402879659106,253.26440822222207,14356.993732029321,1199.9999999999968,1199.9999999999995
2025-09-18,6+12,48875.71217965454,42672.14663071095,4052.942329062704,0.0,2150.623219880885,453.2621478888884,12001.944945472223,1199.9999999999995,1199.9999999999986
2025-09-19,6+12,28966.158415122383,28583.41534110183,0.0,0.0,382.7430740205527,59.51988087499956,30399.410428580755,1199.9999999999986,1199.999999999999
2025-09-20,6+12,29729.1702415708,28946.28986414355,0.0,0.0,782.8803774272478,121.92934483333312,31483.265664802468,1199.999999999999,1200.0000000000007
2025-09-21,6+12,48337.87272159494,46864.16749272015,0.0,0.0,1473.7052288747866,403.694585152778,15212.901639504802,1200.0000000000007,1200.0000000000011
2025-09-22,6+12,54281.917856341846,47265.174601332576,149.76231867420728,0.0,6866.980936335063,1897.9853111944442,14488.35194511368,1200.0000000000011,1746.9544339787085
2025-09-23,6+12,52772.413662082916,45934.071057320725,0.0,0.0,6838.34260476219,1565.5800430833324,10384.739860058979,1746.9544339787085,2024.7375928944484
2025-09-24,6+12,50883.56331894308,40382.43243115008,5754.870737778611,0.0,4746.260150014387,1466.809546638889,6671.6377261532925,2024.7375928944484,3642.6501780537046
2025-09-25,6+12,52921.23781467949,42996.55668416234,2454.17406666445,0.0,7470.507063852702,2096.5179653194464,9836.19318403602,3642.6501780537046,3995.85032049259
2025-09-26,6+12,29215.10884029447,27257.27155823041,0.0,0.0,1957.837282064057,292.69235412499916,30080.551788118828,3995.85032049259,1200.0000000000014
2025-09-27,6+12,29045.684083500324,26563.020425990784,0.0,0.0,2482.6636575095395,447.8449553333332,26544.26188302778,1200.0000000000014,1199.9999999999993
2025-09-28,6+12,53514.36372930778,44289.12591184548,4075.8776124763153,0.0,5149.360204985985,1469.9284281388886,9051.428919897124,1199.9999999999993,3264.4741795620357
2025-09-29,6+12,54620.08169192251,45505.27253808084,1175.0709437267979,0.0,7939.738210114876,2048.2862694999994,9986.105409550752,3264.4741795620357,3651.0315757035514
2025-09-30,6+12,53764.872981852735,45282.290261007336,3107.1901484888126,0.0,5375.392572356582,1527.4645842361122,7731.005769095862,3651.0315757035514,3438.5650614290025
2025-10-01,6+12,43558.92507402646,42640.798220206154,131.22956445764342,0.0,786.8972893626643,354.630755624999,17783.494134614724,3438.5650614290025,2552.456790721288
2025-10-02,6+12,48980.88775225361,47868.309158738004,244.38820366815634,0.0,868.1903898474566,398.141316166666,23691.177251452507,2552.456790721288,1857.4423116416665
2025-10-03,6+12,24801.08794072744,24801.08794072744,0.0,0.0,0.0,0.0,34797.98562319856,1857.4423116416665,1200.000000000001
2025-10-04,6+12,29156.317545812577,29156.317545812577,0.0,0.0,0.0,0.0,37025.910015336936,1200.000000000001,1200.0000000000005
2025-10-05,6+12,49558.20054991433,47094.18630323757,1421.1914244339887,0.0,1042.8228222427686,446.64721229166605,18878.3385819724,1200.0000000000005,3409.9639455796264
2025-10-06,6+12,44838.76454336071,39657.60996881276,4138.699523214054,0.0,1042.4550513339013,357.60719858333294,8466.82021571606,3409.9639455796264,2957.4155778291592
2025-10-07,6+12,45467.75089448288,42275.3490258365,2625.5497275601556,0.0,566.8521410862229,257.0019201527782,9496.919982810523,2957.4155778291592,3994.085518935192
2025-10-08,6+12,42162.07764222506,40259.26356798418,1476.9028753367493,0.0,425.9111989041313,163.50310405555558,7974.17158865072,3994.085518935192,3366.5390375671313
2025-10-09,6+12,47663.063525962316,46875.19360504383,85.91215376100268,0.0,701.9577671574839,227.10745152777733,18176.712917268527,3366.5390375671313,2809.497700515739
2025-10-10,6+12,26319.638523469817,26319.638523469817,0.0,0.0,0.0,0.0,36526.12372866872,2809.497700515739,1199.999999999999
2025-10-11,6+12,27466.2036844575,27217.68011215346,0.0,0.0,248.52357230404093,42.82885983333318,32216.4194405288,1199.999999999999,1200.0000000000014
2025-10-12,6+12,46186.044667799346,43680.80413602986,185.49185001775527,0.0,2319.748681751738,609.8074231666702,8551.983241074766,1200.0000000000014,3704.5780790249955
2025-10-13,6+12,47690.97261378172,43787.381057081046,1359.129847560464,0.0,2544.4617091402133,576.4853215833314,13065.22527836215,3704.5780790249955,3531.391874214506
2025-10-14,6+12,50765.313502243254,46169.299691806664,3743.511114828465,0.0,852.5026956081242,303.90084700000017,12956.329876173526,3531.391874214506,4579.674576762036
2025-10-15,6+12,49757.66265785771,46614.289670911174,1431.2743012181104,0.0,1712.0986857284315,442.47726686111093,12393.065221674895,4579.674576762036,4098.758789419133
2025-10-16,6+12,48734.47922389321,44694.643704402566,2217.5027531353007,0.0,1822.33276635535,466.39437715277563,8735.254652790467,4098.758789419133,3627.613006376081
2025-10-17,6+12,24526.20957525632,23750.941415824615,0.0,0.0,775.268159431704,131.63612858333266,26871.584881859395,3627.613006376081,1200.0000000000014
2025-10-18,6+12,28094.99011312352,27937.60179785102,0.0,0.0,157.38831527249891,23.433779458333163,30828.201658623977,1200.0000000000014,1199.9999999999977
2025-10-19,6+12,50220.323432611665,47605.49434180729,0.0,0.0,2614.829090804382,592.4267823333307,6123.081103526747,1199.9999999999977,5451.27990896003
2025-10-20,6+12,50827.34017882687,49009.05798323314,0.0,0.0,1818.2821955937216,473.9348416388897,9583.347253596366,5451.27990896003,6033.9013499999965
2025-10-21,6+12,49441.777654569676,47681.09142687415,723.6898138119147,0.0,1036.9964138836142,351.1358723888893,7400.640568966741,6033.9013499999965,5519.414607731477
2025-10-22,6+12,52045.41471788953,45460.825088370664,3170.0793726646048,0.0,3414.5102568542584,690.9397811666653,8696.409018644365,5519.414607731477,4564.174055762664
2025-10-23,6+12,56532.86926976197,53111.11397663664,439.908276415942,0.0,2981.84701670939,585.7079138750004,22084.19242579234,4564.174055762664,2583.746035661119
2025-10-24,6+12,27648.24709385498,25951.679814373896,0.0,0.0,1696.567279481087,259.69306200000057,27650.868368462954,2583.746035661119,1199.9999999999986
2025-10-25,6+12,30584.773200346834,28999.641122050918,0.0,0.0,1585.1320782959165,238.86275933333332,31834.10981467696,1199.9999999999986,1200.0000000000032
2025-10-26,6+12,55048.23192353525,51084.0328861674,1729.9685930821624,0.0,2234.2304442856857,500.75852669444237,13468.694615837781,1200.0000000000032,4884.256586256182
2025-10-27,6+12,50653.96345816664,44949.350636391435,3275.240273102717,0.0,2429.37254867249,553.3391454166674,8152.460729030194,4884.256586256182,5527.483354770052
2025-10-28,6+12,50295.401791091885,44537.78572693214,3833.803462322705,0.0,1923.8126018370415,426.5657207083331,6133.262515938275,5527.483354770052,5468.958880616669
2025-10-29,6+12,54485.12443573082,49104.30804173145,638.228316593902,0.0,4742.588077405469,981.3200439583359,6663.16647917678,5468.958880616669,5984.8193155208355
2025-10-30,6+12,50710.50596415927,43963.77617416138,2105.5265830674953,0.0,4641.203206930388,1082.0380625555563,8640.718889638712,5984.8193155208355,2813.300267515283
2025-10-31,6+12,30563.714424776656,29882.716051750864,0.0,0.0,680.9983730257925,105.13561175000012,28666.414150872428,2813.300267515283,1199.9999999999984
2025-11-01,6+12,28583.004922127988,28293.111157834945,0.0,0.0,289.8937642930433,43.68605591666693,25764.292622544577,1199.9999999999984,1200.0000000000005
2025-11-02,6+12,56520.04775767474,50707.59731479757,2941.721846428348,0.0,2870.7285964488283,595.6760592499993,9032.630574722218,1200.0000000000005,4597.645914382418
2025-11-03,6+12,54016.11801507555,52370.524575656156,357.57190583129136,0.0,1288.021533588107,408.1522190833326,10040.142216777076,4597.645914382418,5738.55542033396
2025-11-04,6+12,54552.13770924055,48422.1907621,1366.0425790171203,0.0,4763.904368123435,987.2784747083343,9324.629012420435,5738.55542033396,4583.525134571608
2025-11-05,6+12,58483.539235283904,54683.655847356116,2560.5375745895535,0.0,1239.3458133382392,404.5760265416691,13845.429435731305,4583.525134571608,7216.203744149075
2025-11-06,6+12,54508.998302225285,49998.02167219254,2448.6356259080967,0.0,2062.3410041246543,553.6797086250002,10442.350183588485,7216.203744149075,3390.3957754161984
2025-11-07,6+12,29387.049394635524,29171.069457459274,0.0,0.0,215.97993717625081,31.595038041666783,28188.979425470676,3390.3957754161984,1200.0000000000014
2025-11-08,6+12,33051.05915029629,32376.418769438165,0.0,0.0,674.6403808581244,180.9768480833332,32119.482160039777,1200.0000000000014,1435.0435380410488
2025-11-09,6+12,57094.29546144648,54808.63515641329,1187.0729475829066,0.0,1098.587357450287,309.9676849999988,8989.611518433821,1435.0435380410488,5979.599681249999
2025-11-10,6+12,58152.466064330074,53422.04627095844,3124.086873901963,0.0,1606.3329194696728,403.7772052777776,10028.210777008218,5979.599681249999,5402.572920454174
2025-11-11,6+12,57100.2226077785,55919.702358629125,52.74552343010627,0.0,1127.7747257192655,308.2881236111115,11957.425681395056,5402.572920454174,5992.927213125001
2025-11-12,6+12,56121.42600910442,52973.17122963247,1827.8256868650344,0.0,1320.429092606915,283.9225894166668,11697.550865491761,5992.927213125001,4772.595900647539
2025-11-13,6+12,56609.183831107934,52119.9904029038,3569.1324169731574,0.0,920.0610112309748,260.8786839722227,11555.058646304526,4772.595900647539,2882.081871542592
2025-11-14,6+12,31943.58852046026,31802.311534540302,0.0,0.0,141.2769859199593,21.035025000000132,28069.699742954726,2882.081871542592,1200.000000000001
2025-11-15,6+12,36615.13851090661,36406.57327744048,0.0,0.0,208.565233466125,63.00019204166654,33377.288913518525,1200.000000000001,1591.3228249629647
2025-11-16,6+12,61053.94984616958,55405.69182420751,4284.016063395235,0.0,1364.2419585668313,358.4549757777771,8571.191976361115,1591.3228249629647,7050.034713437965
2025-11-17,6+12,58472.20873669069,50859.72159298301,6627.610724872651,0.0,984.8764188350303,328.0291058888895,9850.344433472217,7050.034713437965,7233.316450880253
2025-11-18,6+12,58328.06860250315,53016.31697099619,4640.060603282421,0.0,671.6910282245365,251.18408499999873,8531.105131075114,7233.316450880253,7950.000000000003
2025-11-19,6+12,61626.39334919237,52141.29952198629,8414.298738710659,0.0,1070.7950884954193,366.0826080000011,10283.953808166661,7950.000000000003,8249.499431631784
2025-11-20,6+12,56714.18491440203,51594.48997008981,4215.263426850428,0.0,904.4315174617944,269.2168169166671,10610.817895762348,8249.499431631784,3821.2029392236095
2025-11-21,6+12,31598.0963466379,31563.171304000316,34.925042637583715,0.0,0.0,0.0,26693.4210576965,3821.2029392236095,1200.0000000000048
2025-11-22,6+12,37343.379099706355,37051.02499891348,0.0,0.0,292.3541007928738,122.76027017043947,31387.18822120027,1200.0000000000048,2535.7661857533953
2025-11-23,6+12,60233.93184807657,55008.52040306951,4015.1759401858612,0.0,1210.2355048212082,341.96691724999994,8292.821702416666,2535.7661857533953,5981.773747909723
2025-11-24,6+12,56836.747212525166,52805.64498324117,2884.9878907523025,0.0,1146.114338531694,313.6237397777776,7736.69170286111,5981.773747909723,5969.298923999998
2025-11-25,6+12,61845.97589985839,60880.356610050454,0.0,0.0,965.6192898079382,317.3144609583336,15127.58503010356,5969.298923999998,5294.88753412084
2025-11-26,6+12,61804.89126486467,57371.21364080649,3592.6532205463477,0.0,841.0244035118403,253.1895124583333,10315.908892567906,5294.88753412084,7949.999999999999
2025-11-27,6+12,57515.75203572056,54178.366403516455,2669.265293228598,0.0,668.1203389755062,167.80281240277782,11047.019767490228,7949.999999999999,4152.456865851855
2025-11-28,6+12,34007.68563020937,33344.46189422241,0.0,0.0,663.2237359869596,99.16267845833352,28066.041254621916,4152.456865851855,1200.0000000000011
2025-11-29,6+12,41932.24888225522,41288.335228226715,0.0,0.0,643.9136540285007,252.36467408333334,34434.29047401681,1200.0000000000011,1933.4836369475272
2025-11-30,6+12,63583.32438213958,59024.49921506595,3532.9245477949066,0.0,1025.9006192787197,290.26995458333374,8258.39572795833,1933.4836369475272,5980.2745910625
2025-12-01,6+12,75710.40978649736,60181.70105294175,10073.569816799221,0.0,5455.138916756396,2221.640420402778,10799.526120361113,5980.2745910625,8550.0
2025-12-02,6+12,76118.7291776279,61092.153232482015,10349.566509902797,0.0,4677.009435243087,1934.5949271666677,11719.36474512501,8550.0,8550.0
2025-12-03,6+12,74674.35397252068,54829.40399215986,16013.527006658453,0.0,3831.4229737023757,1636.0670630277777,11328.737050944444,8550.0,5931.1806840740755
2025-12-04,6+12,74441.48363689512,62241.96086659321,8082.092981374612,0.0,4117.429788927294,1691.8892152222227,12508.371853593795,5931.1806840740755,5507.682028312501
2025-12-05,6+12,38597.107245089006,38468.741133438045,0.0,0.0,128.36611165095775,59.0686631666664,25294.933071101514,5507.682028312501,1940.9443498296275
2025-12-06,6+12,42399.21978829443,42029.2258218386,207.76913947246055,0.0,162.22482698337504,75.86854825,20097.25792834803,1940.9443498296275,7331.914378984263
2025-12-07,6+12,73264.83305433934,64357.79123190488,6956.412004456543,0.0,1950.629817977917,821.0967678333333,12704.339264386144,7331.914378984263,8550.0
2025-12-08,6+12,71963.1140022047,64041.23433217165,6646.6215025072015,0.0,1275.258167525853,538.5636049583329,12677.622043736112,8550.0,8550.0
2025-12-09,6+12,70408.8762195667,63518.85027624778,6121.009172303259,0.0,769.0167710156522,345.3970968888889,11637.378663722231,8550.0,8550.0
2025-12-10,6+12,71292.44837790607,60935.09860494034,9563.646341285965,0.0,793.7034316797611,359.16864119444335,10608.988691111108,8550.0,8222.11294741852
2025-12-11,6+12,68204.6677809726,63424.05029835777,4275.7953502844075,0.0,504.82213233041523,207.9482001666662,12907.270410585399,8222.11294741852,5734.702146374999
2025-12-12,6+12,40200.56967210187,40120.31600212387,65.98802653250006,0.0,14.265643445499906,6.7021969999999556,24094.92715853276,5734.702146374999,3685.3473272444435
2025-12-13,6+12,42279.47666350293,42196.97959684709,0.0,0.0,82.49706665583304,38.58609291666653,21812.330067788585,3685.3473272444435,6856.082724140437
2025-12-14,6+12,72853.16150838834,61110.66979845878,11462.062281489327,0.0,280.4294284402288,121.11435487499966,10705.18752512501,6856.082724140437,8550.0
2025-12-15,6+12,71624.75990770657,61187.47582800484,10302.77085851413,0.0,134.51322118758344,55.91959716666645,10565.242461999998,8550.0,8549.999999999998
2025-12-16,6+12,70489.03328658358,65422.149190386146,5001.7995965332275,0.0,65.084499664207,30.010634249999384,10933.723479194447,8549.999999999998,8550.0
2025-12-17,6+12,68815.98811661145,65525.01569476238,2904.565888455823,0.0,386.40653339324734,144.42071433333285,12208.91946058986,8550.0,6992.7204655305595
2025-12-18,6+12,70039.08635341114,63268.29299325873,6321.930502011456,0.0,448.8628581409583,206.70735966666666,11212.900114500011,6992.7204655305595,6854.5321609268585
2025-12-19,6+12,39828.99956321882,39512.74355040645,0.0,0.0,316.2560128123739,97.06135524999974,23757.10596273423,6854.5321609268585,4407.441727783644
2025-12-20,6+12,43029.3461709317,42859.34712147841,0.0,0.0,169.99904945329243,78.32190258333361,22972.574929435534,4407.441727783644,8051.88012573148
2025-12-21,6+12,70794.64405708677,64638.77910393947,5742.950364967213,0.0,412.9145881800831,117.72340870833318,11061.65865727778,8051.88012573148,8550.0
2025-12-22,6+12,70034.46288926924,64347.29076876902,5118.498492683089,0.0,568.6736278171333,149.08738333333463,10765.751993999998,8550.0,8550.0
2025-12-23,6+12,68048.87747367428,65896.86768030927,1540.4298633867973,0.0,611.5799299782088,137.90773841666658,11893.603653051447,8550.0,8048.629644465436
2025-12-24,6+12,67781.89826317091,65406.45549660469,1836.2958875576867,0.0,539.1468790085348,123.7975566666654,10243.697968268527,8048.629644465436,7900.851705497224
2025-12-25,6+12,66928.6518690851,62599.67219650683,3773.3421903602093,0.0,555.6374822180485,142.35075854166791,9856.156790791661,7900.851705497224,5964.213318562501
2025-12-26,6+12,41264.92744502768,41211.704224812056,0.0,0.0,53.22322021562555,20.348249083333485,27098.608763965025,5964.213318562501,2973.131643062027
2025-12-27,6+12,45152.400113930016,43871.93052536979,0.0,0.0,1280.46958856023,293.5514561250001,25839.197033567565,2973.131643062027,5899.740372383328
2025-12-28,6+12,68744.62055436407,65766.79300020836,2354.8912508659123,0.0,622.9363032897924,126.49393829166684,11065.869422331274,5899.740372383328,7719.5582831152815
2025-12-29,6+12,69105.23356947016,63787.49208432423,4794.050419696197,0.0,523.6910654497289,137.78101754166664,11492.020165458332,7719.5582831152815,8248.58487417685
2025-12-30,6+12,66201.41343786819,63995.48385532741,2036.2465756817332,0.0,169.68300685904316,42.60240208333357,10443.18721457715,8248.58487417685,8026.245904541669
2025-12-31,6+12,67426.84801814456,64459.67194997485,2081.0024938716074,0.0,886.1735742981115,255.25763070833432,9285.910738530009,8026.245904541669,7950.0
2025-02-01,6+18,40046.26713769089,36142.35477848566,0.0,0.0,3903.9123592052315,586.7534597083336,26343.594469732,2558.4489099851908,4050.1831404166674
2025-02-02,6+18,60847.09963864123,58075.015509294695,0.0,0.0,2772.084129346532,529.956328833334,10012.503705477375,4050.1831404166674,4972.8259164898145
2025-02-03,6+18,63611.01097902874,58413.57269187791,0.0,0.0,5197.438287150824,1100.7923057499997,8284.973236149513,4972.8259164898145,6568.45180468055
2025-02-04,6+18,63581.179946485245,59173.28021051922,0.0,0.0,4407.89973596603,958.2987920000005,10531.638932276086,6568.45180468055,4771.869931602304
2025-02-05,6+18,59808.831429750186,55794.99049232951,383.2375557734757,0.0,3630.6033816471963,812.0690091388876,4128.83406297599,4771.869931602304,5817.592957267446
2025-02-06,6+18,63305.17802511512,59115.75836567434,0.0,0.0,4189.419659440782,858.2147930138894,11636.244916518353,5817.592957267446,4250.609158414814
2025-02-07,6+18,39391.78074677417,33867.55021537176,0.0,0.0,5524.230531402414,833.6245909166664,28742.93721825617,4250.609158414814,2481.144985185189
2025-02-08,6+18,36347.55601292337,29662.2846502892,0.0,0.0,6685.27136263417,1038.223147458334,20994.139487253422,2481.144985185189,2620.075540740744
2025-02-09,6+18,60537.89318936024,56941.82234805857,560.6225010970455,0.0,3035.448340204621,636.8958983055563,5331.802964716231,2620.075540740744,6131.945666840118
2025-02-10,6+18,63398.73877195221,52086.28120931341,0.0,0.0,11312.457562638796,2432.4095719027814,8800.676499308662,6131.945666840118,5445.061425468972
2025-02-11,6+18,61022.39852894416,53200.54802895524,0.0,0.0,7821.850499988921,1686.1751752222215,7150.5516017385125,5445.061425468972,5861.551550598922
2025-02-12,6+18,61029.31880976517,52640.046048381264,0.0,0.0,8389.272761383909,1753.17422398903,6356.543088249999,5861.551550598922,6499.829152569445
2025-02-13,6+18,55638.87661792532,48129.18371812727,0.0,0.0,7509.692899798053,1653.642764555556,7604.830968143187,6499.829152569445,3829.2224525217575
2025-02-14,6+18,34297.64465834651,28721.243827185062,0.0,0.0,5576.400831161447,855.6790478888892,22417.543708069268,3829.2224525217575,2864.943784608339
2025-02-15,6+18,35450.519531218524,29639.266069225712,0.0,0.0,5811.253461992811,909.1189318194445,22433.416166117793,2864.943784608339,3773.669966666669
2025-02-16,6+18,66194.35396054917,52981.787288402134,0.0,0.0,13212.566672147033,2842.6116189583336,8616.028651405526,3773.669966666669,4826.507801936104
2025-02-17,6+18,57470.32325595062,51798.76458864243,0.0,0.0,5671.558667308194,1208.561390249999,11059.39583868844,4826.507801936104,4768.843894731016
2025-02-18,6+18,62375.97076087331,45773.07630319899,131.81371913951043,0.0,16471.08073853481,3821.3755719125465,1439.3539933888876,4768.843894731016,6092.7294012962975
2025-02-19,6+18,63699.799601215214,45325.355825586725,0.0,0.0,18374.44377562849,4475.418469138886,1704.5260279046502,6092.7294012962975,5837.709193842601
2025-02-20,6+18,58288.39247522824,47005.501325929305,837.7386015485315,0.0,10445.152547750406,2264.4852453055532,7198.299057237478,5837.709193842601,4120.304614143216
2025-02-21,6+18,29942.532472896346,25305.031572880827,0.0,0.0,4637.5009000155205,763.7649279722231,19781.349582182786,4120.304614143216,3480.4353508666727
2025-02-22,6+18,30688.48332532258,26272.639407062183,0.0,0.0,4415.843918260396,692.782436,18066.71772791975,3480.4353508666727,3698.363188888889
2025-02-23,6+18,58733.73542956831,46501.91488176064,144.06077594596047,0.0,12087.759771861713,2810.6848001666685,3314.895277877058,3698.363188888889,4740.022121362034
2025-02-24,6+18,60537.35953719069,44537.96696869108,0.0,0.0,15999.392568499616,3452.6625403333287,4802.942633563263,4740.022121362034,4108.040812663894
2025-02-25,6+18,55814.02012708834,45594.02039520529,693.0212265361059,0.0,9526.97850534695,2212.3339037361075,7066.339076317558,4108.040812663894,5662.421881558643
2025-02-26,6+18,65682.18357355753,40164.44409186493,1158.4949943429247,0.0,24359.244487349682,5951.5608788472255,1462.9360156068242,5662.421881558643,5425.532994552472
2025-02-27,6+18,62235.26101254135,41505.32023238424,202.1341230041569,0.0,20527.80665715295,4626.197805861106,3524.853578210904,5425.532994552472,4229.788080061726
2025-02-28,6+18,28102.385028362296,23734.307291030775,0.0,0.0,4368.077737331521,778.3984842777768,19009.439882277777,4229.788080061726,3111.2055060833322
2025-03-01,6+18,35365.74238165063,27644.180801748545,0.0,0.0,7721.561579902079,1216.2012504444424,25345.864344330752,3111.2055060833322,4066.5035851851853
2025-03-02,6+18,63834.15982359092,47414.80742835499,116.67549517789885,0.0,16302.676900058033,3603.213012444441,5363.188884835386,4066.5035851851853,4200.64534078565
2025-03-03,6+18,70406.00480771191,48977.73152267926,277.2943246238773,0.0,21150.978960408775,4630.655774969133,10669.951962731146,4200.64534078565,3438.2572059274617
2025-03-04,6+18,63236.524805669236,43593.882721655085,145.43251122205254,0.0,19497.209572792097,4944.89823716667,2670.752431366427,3438.2572059274617,4858.705337588264
2025-03-05,6+18,56711.61812175669,44903.32839334698,0.0,0.0,11808.289728409709,2504.937189527778,8836.678535094836,4858.705337588264,3361.5971165495284
2025-03-06,6+18,61239.13325235178,42426.3283069447,0.0,0.0,18812.804945407082,4296.609930194447,6678.312784112317,3361.5971165495284,2349.062535145372
2025-03-07,6+18,32549.58835266535,26183.6723803314,0.0,0.0,6365.915972333949,1143.6673267777783,23589.32298852058,2349.062535145372,3921.8339444444478
2025-03-08,6+18,28551.6028692021,23137.039213380463,0.0,0.0,5414.563655821634,904.7269995833325,21766.85173434722,3921.8339444444478,3412.368827572533
2025-03-09,6+18,64829.48441851273,44481.830755909774,0.0,0.0,20347.65366260296,4457.755236388889,12741.419372082142,3412.368827572533,2893.6144487481447
2025-03-10,6+18,63906.20073917751,42413.03886369999,562.3147922282394,0.0,20930.847083249282,4932.715972277773,5278.465765995883,2893.6144487481447,3037.8223141296353
2025-03-11,6+18,56252.879561523194,38265.617542380205,5116.601694838765,0.0,12870.660324304228,2957.1064754999943,4600.808018977371,3037.8223141296353,3589.83630542037
2025-03-12,6+18,65568.26745349902,43523.96897210275,0.0,0.0,22044.29848139627,5047.499393319444,11964.082569271943,3589.83630542037,3398.3779861412067
2025-03-13,6+18,59176.921293069376,43447.03597417308,0.0,0.0,15729.885318896298,3534.8642949305527,6180.717830050589,3398.3779861412067,2681.525990589812
2025-03-14,6+18,27479.509352827976,23345.0421081065,0.0,0.0,4134.467244721475,717.214968916665,24091.24344981944,2681.525990589812,3527.803699771916
2025-03-15,6+18,27905.275638109444,22780.2486668825,0.0,0.0,5125.0269712269455,875.266635277778,20513.296864658263,3527.803699771916,2553.9140037037037
2025-03-16,6+18,52060.27606716014,42251.393718808926,1002.126432131676,0.0,8806.755916219543,2043.0269007222223,6701.9172186085325,2553.9140037037037,2760.4484400273213
2025-03-17,6+18,62103.858599249696,38873.252119626326,0.0,0.0,23230.60647962337,5290.66764875,10686.665246923872,2760.4484400273213,2175.71146563241
2025-03-18,6+18,54205.101018413014,44854.723709865124,0.0,0.0,9350.377308547886,1963.535249499998,11942.131793665814,2175.71146563241,3031.0812993668187
2025-03-19,6+18,52439.58107196165,36760.467118226705,3716.8067490610706,0.0,11962.307204673874,3046.278517138887,7051.448220408434,3031.0812993668187,1563.7198355824103
2025-03-20,6+18,66211.17030939402,42315.86611654061,0.0,0.0,23895.30419285341,5370.72501991667,10865.947344694618,1563.7198355824103,1325.5504805978373
2025-03-21,6+18,28735.506665969675,23051.13154320429,0.0,0.0,5684.375122765385,934.6986732499995,27405.548292416664,1325.5504805978373,2644.266896873145
2025-03-22,6+18,29149.579464593633,23066.75703678919,0.0,0.0,6082.822427804445,1222.2127601769682,24323.75208075,2644.266896873145,3090.8288539845753
2025-03-23,6+18,49538.77350548563,42050.82619639542,24.93702130632002,0.0,7463.010287783889,1753.355193055555,11443.890582515092,3090.8288539845753,1895.0371833910472
2025-03-24,6+18,50499.61046020806,39871.60361093865,632.1176126632837,0.0,9995.889236606128,2378.7115303055543,9237.640227857855,1895.0371833910472,1909.3753314084872
2025-03-25,6+18,62603.08937469122,44446.30032335068,189.1217314890583,0.0,17967.667319851476,4173.84417175,14495.67501540912,1909.3753314084872,2522.2980354311726
2025-03-26,6+18,45224.81799994738,38587.01476418285,96.92550461905178,0.0,6540.877731145477,1628.723148513888,7690.631015193766,2522.2980354311726,1761.0866714120339
2025-03-27,6+18,49221.50585279701,40890.6923340083,922.7000597905542,0.0,7408.113458998149,1788.3355899166686,9788.280814675934,1761.0866714120339,1586.9141750947495
2025-03-28,6+18,27903.98034577201,22838.428853599173,0.0,0.0,5065.551492172841,876.1838842638899,28626.065234087626,1586.9141750947495,3023.996755845369
2025-03-29,6+18,26154.320931008693,21058.197837436404,0.0,0.0,5096.123093572289,850.8140615277772,30174.93868746605,3023.996755845369,2716.6840557975315
2025-03-30,6+18,49886.638035309814,39432.84597020985,265.0919447466781,0.0,10188.700120353285,2488.4885377916653,11849.99332644119,2716.6840557975315,1998.0825663398175
2025-03-31,6+18,49093.52764458127,35223.18107508115,6764.983926868736,0.0,7105.362642631383,1784.0383441944432,8446.262019566195,1998.0825663398175,1451.932656605247
2025-04-01,6+18,48911.17865909259,41429.98495251898,1914.0319171632232,0.0,5567.16178941039,1513.4254539166693,10534.546083334704,1451.932656605247,2233.591928616665
2025-04-02,6+18,47396.084669683965,39366.66299786732,2669.6587047528633,0.0,5359.762967063773,1392.4218243055516,7800.174521738686,2233.591928616665,1761.6746510796315
2025-04-03,6+18,48935.080422493054,41169.72026590527,123.3002435014692,0.0,7642.059913086315,1880.8996876944466,12019.848855223783,1761.6746510796315,1905.296215174071
2025-04-04,6+18,26323.56325471705,21194.300321938397,0.0,0.0,5129.262932778652,890.4024809166676,30484.518986916664,1905.296215174071,3187.90512915201
2025-04-05,6+18,24948.092988293738,20252.596939248884,0.0,0.0,4695.496049044853,918.5099543333328,25137.625048003076,3187.90512915201,2390.9985592592625
2025-04-06,6+18,50819.4923726347,37692.220858871566,260.3831031632402,0.0,12866.888410599886,3071.4851004166703,11251.96402357905,2390.9985592592625,1733.1499446970658
2025-04-07,6+18,45475.2659586768,34066.17199900088,3075.1506521955625,0.0,8333.943307480356,1980.45569677778,6082.811072307964,1733.1499446970658,2260.251338754622
2025-04-08,6+18,49798.45551807528,38818.36707865738,383.95233450341107,0.0,10596.13610491449,2318.977054361106,10692.945208481482,2260.251338754622,2522.278806451233
2025-04-09,6+18,49015.85944161299,37852.05480999986,1285.4333137171725,0.0,9878.371317895959,2283.997926638886,6026.360123942047,2522.278806451233,2249.2084525827145
2025-04-10,6+18,46512.81012462683,37869.91216171325,1183.5438729377179,0.0,7459.354089975858,1688.890349499999,9081.080377412896,2249.2084525827145,2208.8814702478385
2025-04-11,6+18,23846.483728549516,19712.546873190804,0.0,0.0,4133.936855358714,659.3874899166675,30132.02649309155,2208.8814702478385,2579.0853931351867
2025-04-12,6+18,24332.203291387057,21205.236163655616,0.0,0.0,3126.967127731442,504.8777735416673,28183.897713333332,2579.0853931351867,2862.63693524429
2025-04-13,6+18,51771.68142597563,35146.219326458,187.3351325990315,0.0,16438.1269669186,3821.859617361113,7205.91506127333,2862.63693524429,1941.1287386748447
2025-04-14,6+18,54932.68963704358,37886.76377901666,367.23046061020864,0.0,16678.695397416705,3964.187323624994,12468.346663245875,1941.1287386748447,2385.5732126648168
2025-04-15,6+18,42779.90967035731,32759.903803965837,3026.7943319885458,0.0,6993.211534402924,1527.4518311388879,7448.320226870019,2385.5732126648168,2116.890104491984
2025-04-16,6+18,46007.99457282957,36086.47679143598,2799.483222824334,0.0,7122.034558569256,1629.0368760972203,6686.071994293388,2116.890104491984,2903.7889032424346
2025-04-17,6+18,45668.747777168275,33474.855345755685,3890.8297546673593,0.0,8303.062676745234,1830.1522808472234,6749.9852529332975,2903.7889032424346,2804.856087536419
2025-04-18,6+18,24386.54595989104,19570.405630836718,0.0,0.0,4816.140329054319,749.9164599305543,29261.89336631944,2804.856087536419,2811.933661111113
2025-04-19,6+18,25425.889554613503,19166.5995187854,0.0,0.0,6259.290035828103,1175.5158266944431,28896.940475944437,2811.933661111113,3113.9078164074035
2025-04-20,6+18,44840.18044136216,33632.08354392562,1202.082638872168,0.0,10006.014258564373,2271.757859750006,5524.850224434507,3113.9078164074035,2999.9568201672773
2025-04-21,6+18,48522.35082188145,35267.653856368066,533.48366414627,0.0,12721.213301367121,2984.040766472218,12606.199888184838,2999.9568201672773,2795.953471150311
2025-04-22,6+18,42764.59335759637,32325.422686097594,4563.54230385089,0.0,5875.6283676478815,1349.427439916668,6387.0629219262755,2795.953471150311,2746.694198727464
2025-04-23,6+18,45198.31844168706,31305.9749340507,4516.474697946664,0.0,9375.868809689697,2302.7392442638866,6715.1910729825095,2746.694198727464,2313.4865747351887
2025-04-24,6+18,45182.49484493605,32180.45705935379,435.8230132201761,0.0,12566.214772362091,3065.2794029722213,7824.755318010807,2313.4865747351887,2594.291759351854
2025-04-25,6+18,24305.446088864228,19264.639809814536,0.0,0.0,5040.8062790496915,791.2306053194441,33405.02270198026,2594.291759351854,2460.0082245009335
2025-04-26,6+18,25648.18434420893,19106.920058222022,0.0,0.0,6541.264285986907,1114.69498411111,35289.89991527915,2460.0082245009335,2589.3933685185157
2025-04-27,6+18,49888.49219756097,31358.25779293354,2487.9448133924197,0.0,16042.289591235016,3656.784668652777,8313.952636339505,2589.3933685185157,2347.5826364819454
2025-04-28,6+18,45829.98945769351,36972.95376569559,2389.907199832528,0.0,6467.128492165391,1361.2228968749976,8498.706702777785,2347.5826364819454,2490.0889483333303
2025-04-29,6+18,43116.936343657086,32233.78069890144,959.3573492817725,0.0,9923.798295473873,2235.793963541665,8197.592572539612,2490.0889483333303,1699.9701402243809
2025-04-30,6+18,46177.69784395164,31609.219243421605,1503.7345703890483,0.0,13064.744030140988,3234.0094774444424,6610.1434939832,1699.9701402243809,1967.881343965118
2025-05-01,6+18,55608.1852989748,32574.99368095656,2294.569300878782,0.0,20738.622317139456,4543.1255689583295,6644.138372470671,1967.881343965118,2395.6678319444504
2025-05-02,6+18,30580.197207716956,20687.603792697428,0.0,0.0,9892.59341501953,1539.3817905972217,23100.28891972752,2395.6678319444504,2912.7483800092673
2025-05-03,6+18,30569.62168252004,19392.370737056553,0.0,0.0,11177.250945463484,1737.966840694444,27700.823111694444,2912.7483800092673,2766.936890315275
2025-05-04,6+18,52336.48286589342,33856.37654893484,985.3948248761487,0.0,17494.71149208243,4227.221917194445,8903.469711958329,2766.936890315275,2089.379542435499
2025-05-05,6+18,55380.19837630105,35902.6545359061,546.2841571260835,0.0,18931.25968326887,4096.748268888889,7307.626584494169,2089.379542435499,1622.7182590271666
2025-05-06,6+18,53340.39000617762,31989.811434878477,5396.8479990923215,0.0,15953.73057220683,3517.0416062222243,7065.340936403968,1622.7182590271666,1997.0486669753132
2025-05-07,6+18,49028.535552371424,34356.270629543666,4460.209297551841,0.0,10212.05562527592,2125.793555791665,6773.318938765946,1997.0486669753132,1466.143516095369
2025-05-08,6+18,53154.18308767963,37067.62897374276,651.778542283753,0.0,15434.775571653114,3389.012315666665,9143.587970298351,1466.143516095369,1378.0744914759239
2025-05-09,6+18,26934.562999957314,21260.51260440504,0.0,0.0,5674.050395552271,892.855248375,28480.87654869444,1378.0744914759239,2609.2926039978415
2025-05-10,6+18,25769.103465924123,20379.937273919626,0.0,0.0,5389.166192004496,856.996924083333,24940.058829492453,2609.2926039978415,2378.7624595470684
2025-05-11,6+18,48631.23480008668,35701.515357029,2875.5772842046667,0.0,10054.142158853017,2148.964301680553,8935.655404783956,2378.7624595470684,1200.0000000000011
2025-05-12,6+18,47388.9270534316,32989.19462349986,7174.009138115207,0.0,7225.723291816534,1524.401326694442,10433.722202078709,1200.0000000000011,1307.3984008111102
2025-05-13,6+18,48053.62546071086,37591.1300595335,1420.4232986077561,0.0,9042.072102569604,1940.7924342638912,12560.217279816361,1307.3984008111102,1200.0000000000002
2025-05-14,6+18,47000.993073616926,37671.483517786284,2493.5400548216007,0.0,6835.969501009044,1476.9281259166642,12323.265250317903,1200.0000000000002,1200.000000000001
2025-05-15,6+18,45583.654069457654,38117.27599443593,4121.103955560984,0.0,3345.2741194607474,871.5485285138882,12511.008896422318,1200.000000000001,1200.0000000000005
2025-05-16,6+18,24857.14579125539,22181.020889940373,0.0,0.0,2676.124901315016,423.09290833333364,34380.25311136574,1200.0000000000005,2352.667845449848
2025-05-17,6+18,26546.124598385537,21439.45778400687,0.0,0.0,5106.666814378666,777.7661012083332,26774.493432069445,2352.667845449848,2538.2507074501536
2025-05-18,6+18,42417.048795911025,38935.56178566218,1105.0966063984815,0.0,2376.390403850363,722.34195061111,12345.100743155177,2538.2507074501536,1200.0000000000005
2025-05-19,6+18,41371.44005319056,36202.43541476411,905.476825591641,0.0,4263.527812834809,892.1262887500011,12404.398097713476,1200.0000000000005,1501.698116668521
2025-05-20,6+18,45189.3800709122,35974.50092080605,4332.327358105693,0.0,4882.551792000453,1064.7694557777766,9580.147039535495,1501.698116668521,1199.9999999999995
2025-05-21,6+18,44605.61878059641,34714.66102345239,6797.469351656925,0.0,3093.4884054870945,760.519388083333,11674.840914749995,1199.9999999999995,1200.000000000001
2025-05-22,6+18,43236.247698045336,36987.484839880985,1641.769210917814,0.0,4606.993647246534,1062.1984705694445,10162.844158052469,1200.000000000001,1200.000000000002
2025-05-23,6+18,23291.046302908057,22022.13569986327,0.0,0.0,1268.9106030447876,198.0746924999994,30545.96737588889,1200.000000000002,2336.8543521228394
2025-05-24,6+18,23162.746945859693,22151.619320203594,0.0,0.0,1011.1276256561,155.00021879166604,33461.563304041665,2336.8543521228394,2516.18454112547
2025-05-25,6+18,40998.889900345865,36789.83702679712,1621.79578989831,0.0,2587.2570836504406,671.3927174444439,13869.488892716046,2516.18454112547,1200.0000000000011
2025-05-26,6+18,45935.9343107902,36713.87727629955,4123.867044295157,0.0,5098.189990195495,1392.7377858333325,10215.527617333335,1200.0000000000011,1200.0599532407434
2025-05-27,6+18,46158.85084722573,35024.59630874299,7862.561032880109,0.0,3271.6935056026277,843.1461783750024,14793.806730488168,1200.0599532407434,1396.4058340703705
2025-05-28,6+18,41424.2997021279,38711.60330656871,1709.7027695747743,0.0,1002.993625984419,371.45991541666734,12083.37106889506,1396.4058340703705,1200.0000000000002
2025-05-29,6+18,47293.331655252354,38694.925026511795,6242.103003709764,0.0,2356.303625030789,672.8158775833325,15200.953453439295,1200.0000000000002,1407.3161298851874
2025-05-30,6+18,23220.52050607196,23138.46743942071,0.0,0.0,82.05306665125067,25.29746541666674,31687.247858902774,1407.3161298851874,2176.5238848317886
2025-05-31,6+18,25903.689894063024,24822.330933162444,0.0,0.0,1081.3589609005799,227.56468799999942,32632.070760673698,2176.5238848317886,2598.8172889175876
2025-06-01,6+18,61433.50393615212,47902.689896640135,4493.313655740626,0.0,9037.500383771358,2668.6601122222205,11513.58850872874,2598.8172889175876,1858.865540793209
2025-06-02,6+18,61985.3894148093,50227.49639744821,2346.7601546059714,0.0,9411.13286275512,2743.9874947499975,14046.715274173353,1858.865540793209,2276.401692438275
2025-06-03,6+18,61692.23472680943,46266.071138608306,9056.769668587694,0.0,6369.393919613427,1952.110598083335,14426.742148235604,2276.401692438275,1864.1520032740689
2025-06-04,6+18,69203.19011293413,54463.07994500793,1818.7660857683386,0.0,12921.344082157862,3749.678190152775,21427.516165224275,1864.1520032740689,1200.0000000000002
2025-06-05,6+18,61153.65423189575,48216.61753211487,8074.02386052171,0.0,4863.012839259176,1558.0559510277772,13251.934940055558,1200.0000000000002,1298.0887897916666
2025-06-06,6+18,34554.56354202628,33321.27455771519,0.0,0.0,1233.2889843110872,207.850725083334,24710.394194163928,1298.0887897916666,1910.722671291669
2025-06-07,6+18,37614.64950506078,35929.66217461765,0.0,0.0,1684.9873304431264,299.4884770277781,31427.622516803494,1910.722671291669,1887.3807662638887
2025-06-08,6+18,55693.13153755235,48870.38642625477,4244.791460412426,0.0,2577.9536508851506,722.6197624166659,17200.43685452126,1887.3807662638887,1200.0000000000002
2025-06-09,6+18,58966.36695751095,56065.80745138901,951.2205279729553,0.0,1949.3389781489877,756.8498385416657,17010.392297726692,1200.0000000000002,1257.5641605092594
2025-06-10,6+18,57785.032943087914,52296.8502146958,3702.660994737979,0.0,1785.5217336541357,656.2024826666661,13265.55236580041,1257.5641605092594,1236.1294171018515
2025-06-11,6+18,63804.050971060235,57450.22635805166,3911.746618045061,0.0,2442.0779949635157,694.8188685416671,15065.827728902266,1236.1294171018515,1200.8333069907412
2025-06-12,6+18,60688.54363994489,56443.60176029617,3362.175072444843,0.0,882.7668072038737,327.46204937499976,17303.245588015438,1200.8333069907412,1259.3063233333335
2025-06-13,6+18,35764.43866709582,34953.963774267824,0.0,0.0,810.4748928279978,120.476809333333,29482.592184289264,1259.3063233333335,1957.177471418986
2025-06-14,6+18,36135.580669510506,35348.32165314737,0.0,0.0,787.2590163631337,124.0066259722214,33123.65498746382,1957.177471418986,2011.5313252499973
2025-06-15,6+18,59125.89709173024,53769.7035493529,5157.525464844745,0.0,198.66807753259997,40.08130155555614,17794.820685102884,2011.5313252499973,1202.5866832407412
2025-06-16,6+18,62134.61884118558,56503.43923904758,5111.747456140756,0.0,519.4321459972439,202.66601543055572,18608.867437118315,1202.5866832407412,1253.4689056018524
2025-06-17,6+18,64992.29757923147,57728.26808957869,6494.824135814946,0.0,769.205353837833,257.81943320833307,19619.546709508748,1253.4689056018524,1278.1941949074085
2025-06-18,6+18,64862.31597928299,58222.294844791555,6178.648914757745,0.0,461.3722197336924,167.91391699999934,24077.71195578909,1278.1941949074085,1263.0971787037035
2025-06-19,6+18,59584.72112765843,55240.48130008471,3868.966739781401,0.0,475.2730877923134,156.40250470833314,20330.33611527743,1263.0971787037035,1341.9405205092596
2025-06-20,6+18,35316.00190983799,35268.81752197549,0.0,0.0,47.18438786250008,6.999612500000012,35798.588527394706,1341.9405205092596,1733.6710789074054
2025-06-21,6+18,33155.47317741092,32613.217478933668,0.0,0.0,542.2556984772509,80.04565100000013,33845.17539915501,1733.6710789074054,1997.6405224074097
2025-06-22,6+18,59522.16304562207,54409.988663146236,4770.219141835489,0.0,341.95524064034544,117.46990281944407,21821.772183160836,1997.6405224074097,1210.6631053703709
2025-06-23,6+18,58638.86108902037,56632.40921453662,1760.6655081440954,0.0,245.78636633965152,96.134246819444,20600.94144240432,1210.6631053703709,1282.0623413888895
2025-06-24,6+18,65676.85261590786,64190.40117131059,1185.2363960997955,0.0,301.21504849747197,110.37340549999988,21536.68959674863,1282.0623413888895,1246.6639109259265
2025-06-25,6+18,60396.722605194474,57290.920410591134,2973.0787266266743,0.0,132.7234679766662,39.571620611110916,20543.65833306722,1246.6639109259265,1200.0000000000002
2025-06-26,6+18,58692.38356703167,55774.65407693671,2910.7093483299204,0.0,7.020141765042109,3.1940937500002065,20586.03984108334,1200.0000000000002,1200.0000000000007
2025-06-27,6+18,36507.18243219905,36253.421650749064,0.0,0.0,253.76078144998638,37.63988362500004,38206.416312417176,1200.0000000000007,2228.555873148152
2025-06-28,6+18,35167.916296904914,35099.534472213665,0.0,0.0,68.38182469125086,10.144166250000126,35475.471149830926,2228.555873148152,1808.576893018521
2025-06-29,6+18,59567.809096748555,54174.359503605825,5174.16937898439,0.0,219.2802141583397,89.60026412499977,19288.336771426442,1808.576893018521,1217.1833889351858
2025-06-30,6+18,59515.84185037413,58424.75586807419,529.6452572322379,0.0,561.4407250676932,182.34749031944426,20133.331742334358,1217.1833889351858,1236.642124777009
2025-07-01,6+18,73132.11106001282,50951.51762387099,16236.102363146452,0.0,5944.491072995376,2632.461002333334,14286.994601250004,1236.642124777009,2327.884204999999
2025-07-02,6+18,66001.69669611988,47704.291949918115,12429.377062931131,0.0,5868.027683270637,2596.5557084166658,13680.968897707311,2327.884204999999,2442.819867175923
2025-07-03,6+18,76509.03269640385,53214.384574355805,16589.874659101773,0.0,6704.773462946281,2772.8532415833342,18081.84709201132,2442.819867175923,2002.2923484259254
2025-07-04,6+18,39014.45527880454,29781.723861402887,6839.876944842981,0.0,2392.854472558667,724.8873602083336,27080.41318820834,2002.2923484259254,1730.6492472222235
2025-07-05,6+18,34144.06137530658,30349.115477342566,2450.5207856523148,0.0,1344.4251123117012,537.7675425138888,22810.223940041666,1730.6492472222235,1631.6490293209888
2025-07-06,6+18,74809.74765969311,50162.98972770798,19939.451399105852,0.0,4707.306532879279,2031.4506313750003,15981.844999554529,1631.6490293209888,1892.2128345564824
2025-07-07,6+18,61419.738922385106,52735.44848258971,5681.6191822758465,0.0,3002.6712575195456,1336.3467734444434,13743.993544758232,1892.2128345564824,1865.1573995370409
2025-07-08,6+18,61345.26847928082,56181.15076040884,3836.0439291946395,0.0,1328.0737896773448,552.3444058333323,13705.949597713647,1865.1573995370409,1603.794490370372
2025-07-09,6+18,62681.0944999332,55732.462654905896,5375.24075796358,0.0,1573.3910870637205,530.6614901666659,16321.682266262356,1603.794490370372,1906.071702731942
2025-07-10,6+18,61792.09021520151,51073.41017474493,9434.870431060104,0.0,1283.8096093964746,570.4549300277785,13821.611116736625,1906.071702731942,1569.1097356481469
2025-07-11,6+18,35529.070525386895,35356.85298154056,0.0,0.0,172.21754384633078,34.75584741666637,23634.35837587603,1569.1097356481469,2192.7621496250003
2025-07-12,6+18,35066.51735963901,32553.019272898142,2513.4980867408676,0.0,0.0,0.0,23428.703981625,2192.7621496250003,2107.5635224537054
2025-07-13,6+18,57311.55422780329,54415.30095498316,2332.145746791751,0.0,564.1075260283749,196.68769308333322,14611.461099726337,2107.5635224537054,2275.4601617592607
2025-07-14,6+18,58206.935534004886,50064.789790150804,6623.13348305253,0.0,1519.012260801554,481.70163427777766,11504.904753111114,2275.4601617592607,2184.787381452783
2025-07-15,6+18,60403.36183692385,54681.45549212083,1840.37494180046,0.0,3881.531403002552,1007.2086959166659,15035.97879818175,2184.787381452783,1378.3972391722211
2025-07-16,6+18,61173.199998731725,53458.63712403543,1127.2308967320855,0.0,6587.331977964213,1976.8054996944413,11649.25100183848,1378.3972391722211,1660.3947427416683
2025-07-17,6+18,59546.08477033868,51263.564687105696,7239.440807487987,0.0,1043.079275744996,259.81511922222137,12926.91404127469,1660.3947427416683,1458.5228084583343
2025-07-18,6+18,37851.920076783754,37662.28259589355,0.0,0.0,189.6374808902058,28.19847916666629,28005.28405433556,1458.5228084583343,2003.1793043287084
2025-07-19,6+18,39279.26349335925,36921.34413675791,0.0,0.0,2357.9193566013428,502.4073614305545,30775.803835130326,2003.1793043287084,2064.363849247685
2025-07-20,6+18,57713.33874645487,53618.640452342646,2929.04434828049,0.0,1165.6539458317347,283.5722150138886,14408.635510456792,2064.363849247685,1491.0986377972229
2025-07-21,6+18,62549.34773680253,54823.9199742301,1883.3337715184498,0.0,5842.093991053982,1442.4909446666657,13542.165506508565,1491.0986377972229,1271.563414627317
2025-07-22,6+18,65787.45993554639,54941.36339745547,10843.834774959254,0.0,2.2617631316664557,0.5145633333332853,21042.167093234573,1271.563414627317,1200.0000000000002
2025-07-23,6+18,67955.28402621532,61334.703678812184,381.7941622666676,0.0,6238.7861851364705,1273.1913465277773,21529.612896037725,1200.0000000000002,1344.79977962963
2025-07-24,6+18,62683.78781154254,60751.35872552731,506.438738816244,0.0,1425.9903471989867,325.36326444444455,19653.668818619684,1344.79977962963,1651.592890969908
2025-07-25,6+18,36776.83130603007,36572.16959927764,0.0,0.0,204.6617067524364,55.49019649999975,30790.322633427302,1651.592890969908,1999.8433205671258
2025-07-26,6+18,37028.338019478586,37028.338019478586,0.0,0.0,0.0,0.0,30752.343506581445,1999.8433205671258,1902.7166999652766
2025-07-27,6+18,61659.0545762408,54926.30183834949,2563.617134306714,0.0,4169.1356035845965,965.7276110416667,14685.520910555555,1902.7166999652766,1263.5660779962961
2025-07-28,6+18,63653.150366909744,57264.01152303189,2692.273749315902,0.0,3696.8650945619493,1005.4276323631661,13560.215755756177,1263.5660779962961,1204.9966736125004
2025-07-29,6+18,61171.63730206531,56321.672534499936,3986.7689142922363,0.0,863.1958532731339,190.7032793194449,15047.469230569443,1204.9966736125004,1200.0000000000005
2025-07-30,6+18,61480.460015268356,52188.96015209332,8236.897984118768,0.0,1054.601879056265,344.07397208333555,14505.698131966557,1200.0000000000005,1293.3936361050903
2025-07-31,6+18,60765.4691863113,54172.30440232619,2659.744653366156,0.0,3933.420130618951,945.2176584722238,12701.465592331273,1293.3936361050903,1296.6763091953721
2025-08-01,6+18,37250.45841243292,36289.9131027788,0.0,0.0,960.5453096541171,193.9466680416665,35241.88874432563,1296.6763091953721,2059.56426052638
2025-08-02,6+18,38373.43249212529,38261.96723161994,0.0,0.0,111.4652605053497,16.548798291666003,39407.61715958745,2059.56426052638,2582.8211713425953
2025-08-03,6+18,51544.04126048082,47420.78576736591,3092.475372015281,0.0,1030.7801210996333,261.42059819444296,13161.637383111118,2582.8211713425953,1277.672986111109
2025-08-04,6+18,53734.176724105484,51153.0186911873,2054.0833765333214,0.0,527.0746563848595,128.364048944444,14532.167194939817,1277.672986111109,1200.0000000000002
2025-08-05,6+18,53838.73927604225,49571.46108352224,2617.2895830782545,0.0,1649.988609441762,350.76474027777743,13678.742444652777,1200.0000000000002,1256.4933653518535
2025-08-06,6+18,57203.90174830236,54338.037925116005,39.57917245155453,0.0,2826.2846507348077,633.1470383194401,14149.504771681066,1256.4933653518535,1200.0000000000036
2025-08-07,6+18,56176.9410327251,53143.2365574971,1493.504030492521,0.0,1540.2004447354848,341.7822093194443,21370.735026356313,1200.0000000000036,1274.261745370369
2025-08-08,6+18,34381.2889505036,33553.61169192493,0.0,0.0,827.6772585786676,123.02166983333348,38006.53774263923,1274.261745370369,1668.0285097453725
2025-08-09,6+18,34756.56259355911,33566.22824651236,0.0,0.0,1190.3343470467491,201.74751716666657,34548.237470728905,1668.0285097453725,1812.6850226736096
2025-08-10,6+18,53963.6406201106,49860.415343692184,61.056283081556735,0.0,4042.168993336858,1106.3855157157054,12088.999804242798,1812.6850226736096,1208.2539839814815
2025-08-11,6+18,52767.06307986442,48287.837031730596,1444.0460727986263,0.0,3035.1799753351934,689.9103694444444,11989.02637925,1208.2539839814815,1200.0000000000016
2025-08-12,6+18,55762.26199216474,51749.90504800177,1782.4068660029175,0.0,2229.950078160061,583.8286668888873,14789.61084515604,1200.0000000000016,1227.0704614197575
2025-08-13,6+18,53214.98667336542,47255.72188138989,1540.9370698864282,0.0,4418.327722089103,1012.3841783194448,9918.646415902778,1227.0704614197575,1200.0000000000011
2025-08-14,6+18,54525.71747721461,48913.92179871336,3707.017378524778,0.0,1904.7782999764722,411.602185361111,13302.771687194436,1200.0000000000011,1200.0000000000005
2025-08-15,6+18,36416.34511019672,34360.04014812377,0.0,0.0,2056.3049620729525,303.21599374999914,36994.555651611445,1200.0000000000005,1786.511337731481
2025-08-16,6+18,37515.24593213583,35292.51613546522,0.0,0.0,2222.7297966706074,339.22491175000044,38098.628743060195,1786.511337731481,1899.49156135648
2025-08-17,6+18,53344.47227268861,49467.83997930559,146.91975972365393,0.0,3729.712533659369,747.8072812777768,15384.482794771951,1899.49156135648,1200.0
2025-08-18,6+18,52465.95022673214,49014.678193870925,803.4921181821637,0.0,2647.7799146790485,640.0821579027777,11875.021922361118,1200.0,1219.5466150462973
2025-08-19,6+18,54345.27196303465,47900.17345255776,0.0,0.0,6445.098510476884,1499.1725912777788,10354.386110739713,1219.5466150462973,1237.4151243981444
2025-08-20,6+18,60035.14994482661,52294.973084210214,1736.4077654463401,0.0,6003.769095170053,1406.2898468611106,13641.111147781205,1237.4151243981444,1296.9091646712945
2025-08-21,6+18,56890.80370022861,49856.15573133255,1035.2996430502817,0.0,5999.348325845777,1375.8070232777775,13861.343834495376,1296.9091646712945,1277.500743058641
2025-08-22,6+18,36290.00361321671,33132.108380960824,0.0,0.0,3157.8952322558816,514.5142961805543,31064.76018897719,1277.500743058641,2002.0807120081763
2025-08-23,6+18,35163.8728055952,31420.23979449739,0.0,0.0,3743.6330110978106,687.3654707638887,28553.466355499997,2002.0807120081763,2290.8581951259293
2025-08-24,6+18,60025.4163975435,47630.613097824695,290.89471621700176,0.0,12103.908583501807,2789.770491111111,11915.515898608017,2290.8581951259293,1200.0
2025-08-25,6+18,63447.984524582054,61321.74898106101,2.4522674187481996,0.0,2123.7832761022946,560.2595021111105,24702.77701187278,1200.0,1208.0844064351875
2025-08-26,6+18,54407.344260154336,48675.71546466768,1584.2919530428217,0.0,4147.33684244384,1043.8750528055573,10317.006657719132,1208.0844064351875,1280.7116850777786
2025-08-27,6+18,56943.66659439251,49061.10259238554,5911.957116621544,0.0,1970.6068853854213,421.8011572222231,13480.812705055556,1280.7116850777786,1231.4767387500056
2025-08-28,6+18,61656.266398751526,47359.31172108896,6563.757426558543,0.0,7733.197251104019,1965.3391234722226,10610.016613958334,1231.4767387500056,1200.0000000000034
2025-08-29,6+18,37512.59232357209,34901.701703981176,0.0,0.0,2610.8906195909135,397.3383452638894,32407.484035909467,1200.0000000000034,1834.9737900475325
2025-08-30,6+18,37207.567551987224,34013.78441729502,0.0,0.0,3193.783134692203,471.5975367499992,35042.550352125,1834.9737900475325,2382.0935250675975
2025-08-31,6+18,56937.62544735633,47817.38991376672,984.3750115023212,0.0,8135.860522087292,2009.6914279999985,9520.00240866667,2382.0935250675975,1200.0000000000002
2025-09-01,6+18,57451.415912974015,53350.45675628186,296.7109670696883,0.0,3804.2481896224617,817.88266522222,31431.510038533266,1200.0000000000002,1200.0
2025-09-02,6+18,50599.87961086701,47377.03596102257,175.9777487712535,0.0,3046.8659010731762,600.8008637222242,19762.5343088426,1200.0,1200.0
2025-09-03,6+18,50202.41378557729,48399.65848327156,39.291458622818524,0.0,1763.463843682911,410.86578565277784,20453.912177523664,1200.0,1200.0
2025-09-04,6+18,51133.35921492739,47579.79115217265,286.0951227362536,0.0,3267.4729400184906,794.0205597777772,19747.906335558982,1200.0,1200.0000000000002
2025-09-05,6+18,32739.840356780725,30972.484593534024,0.0,0.0,1767.3557632467011,263.6639948333322,42297.68850010528,1200.0000000000002,2017.6528050895072
2025-09-06,6+18,31164.409473212487,30446.900818446404,0.0,0.0,717.508654766082,106.45746758333314,41159.767316819445,2017.6528050895072,2171.3983647038585
2025-09-07,6+18,48382.16269659553,44747.86491451599,1824.6380794568795,0.0,1809.6597026226561,347.9234807916661,16934.539704625004,2171.3983647038585,1200.0000000000002
2025-09-08,6+18,51123.174923160215,49062.264124835754,129.55443664437283,0.0,1931.3563616800866,482.3322646805548,17808.859626991605,1200.0000000000002,1200.0
2025-09-09,6+18,47714.762527693456,43336.190626978,2031.645637234874,0.0,2346.92626348058,508.12421340278,14994.468882896777,1200.0,1200.0000000000002
2025-09-10,6+18,57591.126575455106,49957.10442860166,273.0669975053057,0.0,7360.955149348141,1628.0299005277784,18764.259770126533,1200.0000000000002,1200.0000000000002
2025-09-11,6+18,53135.14308062348,50133.65859378553,246.64294204282496,0.0,2754.8415447951284,534.2915425138895,24865.810565249492,1200.0000000000002,1200.0
2025-09-12,6+18,31198.79973662996,30708.522568534136,0.0,0.0,490.277168095825,89.12495055555524,37429.33968055023,1200.0,2019.5724554138933
2025-09-13,6+18,30317.07942777419,30088.51095583859,0.0,0.0,228.56847193560165,34.22812058333295,41059.35766398543,2019.5724554138933,1572.222994194442
2025-09-14,6+18,55123.13489254139,52972.70753403931,266.98647935874754,0.0,1883.440879143327,459.7336903333319,22598.006318125,1572.222994194442,1200.0
2025-09-15,6+18,45078.20089376563,42279.533283937955,0.0,0.0,2798.6676098276744,701.5555573888882,10092.59315271742,1200.0,1200.0
2025-09-16,6+18,51689.385466924905,49767.68827625328,57.2639286046811,0.0,1864.4332620669452,527.2142404722223,18901.813133662887,1200.0,1200.0000000000007
2025-09-17,6+18,50312.88331869392,48149.23184098859,87.69855218405647,0.0,2075.9529255212733,534.5528504722226,14545.168117571504,1200.0000000000007,1200.0
2025-09-18,6+18,50640.13188906674,42672.14663071095,5329.514538616156,0.0,2638.4707197396365,532.1203678888887,13459.15216547222,1200.0,1200.0
2025-09-19,6+18,30439.837027285415,28583.41534110183,0.0,0.0,1856.421686183583,280.3579435,29686.56454089711,1200.0,2128.1200104768513
2025-09-20,6+18,31577.449714112307,28504.545589319692,0.0,0.0,3072.9041247926157,463.6232134166653,30997.95531798765,2128.1200104768513,2052.4263648212964
2025-09-21,6+18,48189.33833563765,46455.855263970756,8.459905247477566,0.0,1725.0231664194175,436.30997358333343,15237.028864921293,2052.4263648212964,1200.0
2025-09-22,6+18,53622.91335999799,47265.174601332576,151.843949836832,0.0,6205.894808828585,1759.527971166667,14501.099844471875,1200.0,1570.1415950018572
2025-09-23,6+18,52755.340906832746,46018.76440719064,166.31932281934917,0.0,6570.257176822759,1499.937653902778,10398.455630528975,1570.1415950018572,2026.4009085194473
2025-09-24,6+18,51209.45335493789,40381.63570296571,3876.9640908296474,0.0,6950.853561142534,2041.728314319445,6307.239974381685,2026.4009085194473,2915.624084845374
2025-09-25,6+18,53515.0056632274,43344.03708447391,3092.0277723411286,0.0,7078.940806412363,1927.3262245277797,13045.80564014353,2915.624084845374,1680.8236803777752
2025-09-26,6+18,34125.10249251343,28360.683609442207,0.0,0.0,5764.418883071229,866.0730250416666,28163.366253248452,1680.8236803777752,3583.147350694446
2025-09-27,6+18,32022.205486430186,25429.442122036708,0.0,0.0,6592.763364393479,1066.1446912083334,25656.89058987963,3583.147350694446,2501.6547292253135
2025-09-28,6+18,56611.85605520857,43665.633296546555,7416.569932599545,0.0,5529.652826062473,1545.4906372083321,12527.359991591044,2501.6547292253135,3172.1221816583356
2025-09-29,6+18,56825.8548285548,45549.41679307881,249.87160456500425,0.0,11026.566430910985,2777.5006427499975,9620.104851358363,3172.1221816583356,3742.4085115225325
2025-09-30,6+18,53258.94441819891,45238.62223867873,2007.3725823888253,0.0,6012.949597131358,1674.535349472223,7319.620405704224,3742.4085115225325,2869.9114171870306
2025-10-01,6+18,44424.85613379259,42912.59926603588,713.1637004690448,0.0,799.0931672876654,357.9538831249994,17893.230080451147,2869.9114171870306,2816.521744073136
2025-10-02,6+18,48646.97133529022,47742.086111035824,36.69483440693763,0.0,868.1903898474566,398.141316166666,23768.53850330076,2816.521744073136,1662.407203726852
2025-10-03,6+18,27203.68425230042,24893.946322662436,0.0,0.0,2309.737929637983,392.9130934999995,33847.350661833334,1662.407203726852,2544.829455837039
2025-10-04,6+18,29759.19322215958,28512.144236466633,0.0,0.0,1247.0489856929496,188.589558583332,36085.012857243826,2544.829455837039,2395.7237642101827
2025-10-05,6+18,48662.46256809016,46521.434620180895,303.2256849963542,0.0,1837.8022629129118,614.5916290416654,18393.919028594315,2395.7237642101827,3125.4773766879584
2025-10-06,6+18,45000.325575843264,39793.5823305268,3948.7363762398472,0.0,1258.006869076623,443.4529684722215,8950.754041522645,3125.4773766879584,2560.9825220101775
2025-10-07,6+18,44926.83518214708,42464.84402651797,811.183110175559,0.0,1650.8080454535504,538.7192841527788,7867.643532829047,2560.9825220101775,4181.606471018515
2025-10-08,6+18,41597.83838027743,40169.76637207949,610.1521720295839,0.0,817.9198361683567,260.0967494722215,7159.587314936729,4181.606471018515,3392.851343736117
2025-10-09,6+18,47961.45273804719,46862.61924628462,5.53143748106259,0.0,1093.302054281505,304.6315590555538,18390.936705832828,3392.851343736117,2656.9825635458305
2025-10-10,6+18,27821.123479666538,26392.38824380446,0.0,0.0,1428.7352358620765,215.84765441666565,34374.601869175924,2656.9825635458305,3464.104992592589
2025-10-11,6+18,30274.756754167396,26135.498368311244,0.0,0.0,4139.258385856153,628.7904784166644,30228.03027384464,3464.104992592589,3680.887059259256
2025-10-12,6+18,44749.570248260505,42493.6324424883,456.93600367390974,0.0,1799.001802098297,492.55540033333307,8802.372794163926,3680.887059259256,3621.8942768274705
2025-10-13,6+18,48171.409396456496,43826.89472744233,962.4155498697165,0.0,3382.0991191444473,771.7937886666645,11885.158238649185,3621.8942768274705,4353.6435065533915
2025-10-14,6+18,54593.781421504915,45776.62467818032,1185.9498599726,0.0,7631.206883351998,1815.4752185833331,12204.366590615913,4353.6435065533915,4608.4261496499985
2025-10-15,6+18,50932.52227870072,46600.57517064361,93.17386035291617,0.0,4238.773247704193,988.3599313611105,11307.51545561042,4608.4261496499985,4521.319826010497
2025-10-16,6+18,48364.72902346795,44493.08208994848,1668.760047681121,0.0,2202.8868858383503,548.612035652777,8390.156027709363,4521.319826010497,3447.387078286572
2025-10-17,6+18,27727.15989444816,23836.628832079616,0.0,0.0,3890.5310623685455,602.0183842500005,25935.705068028463,3447.387078286572,2536.225751851849
2025-10-18,6+18,30194.963907867896,27299.72628947415,0.0,0.0,2895.2376183937454,437.2277175833326,29714.513451391987,2536.225751851849,2681.890444444444
2025-10-19,6+18,49089.78635924897,46895.80070936284,0.6656419343439806,0.0,2193.320007951783,503.7338765833317,6036.83262949349,2681.890444444444,5367.899280009411
2025-10-20,6+18,50611.39818056614,49048.75642712797,0.0,0.0,1562.6417534381662,397.76744073611184,9864.450027677474,5367.899280009411,5673.049369509871
2025-10-21,6+18,49603.53473211174,47852.65649626495,642.3066915348533,0.0,1108.5715443119325,369.4718673333334,8015.360171147468,5673.049369509871,4884.666419672531
2025-10-22,6+18,52420.89372956346,45763.03575346317,483.7144767553888,0.0,6174.1434993448975,1330.839441222221,6500.668982802975,4884.666419672531,4768.691519771309
2025-10-23,6+18,56886.90610497014,53013.55914630451,268.6331258794247,0.0,3604.7138327862067,731.9079191666664,22049.708554492783,4768.691519771309,2696.7408261848823
2025-10-24,6+18,32595.522611353175,25897.66830450354,0.0,0.0,6697.854306849636,1017.0008563333349,25984.133746708336,2696.7408261848823,3518.600361293981
2025-10-25,6+18,34428.640620778555,27890.024438281427,0.0,0.0,6538.616182497126,987.8588946666667,29945.490721417184,3518.600361293981,3738.8621752314816
2025-10-26,6+18,52914.48651541488,49869.155528870666,380.45420487781365,0.0,2664.876781666396,606.252599097219,12476.969374260447,3738.8621752314816,4852.26321856745
2025-10-27,6+18,52265.66748089816,44964.5830342299,4765.974175206811,0.0,2535.110271461452,575.0309821666679,9559.087635409825,4852.26321856745,5658.544975325608
2025-10-28,6+18,50470.35820527814,44475.45819646229,4077.4287831606857,0.0,1917.4712256551682,425.3194130000002,6721.63523773045,5658.544975325608,5024.846969017596
2025-10-29,6+18,54142.21530392135,49315.75465742056,314.2206472376711,0.0,4512.239999263121,901.0785765555563,7221.887371278117,5024.846969017596,5142.746540939352
2025-10-30,6+18,50535.50259148507,44364.4064989601,1725.3409782678723,0.0,4445.755114257098,1051.5170173055556,8247.842683933464,5142.746540939352,2683.556547675005
2025-10-31,6+18,35910.82832450719,29944.733549834516,0.0,0.0,5966.094774672671,906.8991200000005,26960.463466754118,2683.556547675005,3646.2078324074096
2025-11-01,6+18,30683.972174366703,27122.633016825912,0.0,0.0,3561.3391575407923,540.7782465000001,24906.01789040157,3646.2078324074096,2564.3930444444486
2025-11-02,6+18,57779.63010475951,50054.06743955312,4655.492290414352,0.0,3070.0703747920415,631.3459833333335,10824.490339674892,2564.3930444444486,4561.715548414822
2025-11-03,6+18,54342.97464465596,52387.6633602227,607.565034070078,0.0,1347.746250363176,434.45336984722155,10032.388945034807,4561.715548414822,5961.181966423611
2025-11-04,6+18,56125.85919562861,48316.34420757582,3359.396741400517,0.0,4450.1182466522705,943.9927676249976,8460.995980416668,5961.181966423611,7479.460808329333
2025-11-05,6+18,54930.375228108125,53306.927657394044,221.08991103054115,0.0,1402.3576596835446,423.74664258333394,12746.417921014741,7479.460808329333,5871.407912606022
2025-11-06,6+18,55653.14835806455,50636.66630921693,2783.1008964374664,0.0,2233.381152410154,590.7521439166668,10904.757796789105,5871.407912606022,3276.601875242587
2025-11-07,6+18,33369.37244460055,29225.452897767216,0.0,0.0,4143.919546833333,622.3857579166665,27369.542981292176,3276.601875242587,2649.189277777778
2025-11-08,6+18,34340.62913002664,31682.35629466039,0.0,0.0,2658.272835366248,396.5372308333329,31191.725436638888,2649.189277777778,2585.223857095373
2025-11-09,6+18,55679.19819181286,54257.73400744337,545.9020928896622,0.0,875.5620914798283,266.1394288888889,8427.540145656041,2585.223857095373,5957.569228875001
2025-11-10,6+18,58744.06252754941,53432.520527148736,3707.1867190308612,0.0,1604.3552813698122,403.66451611111097,10627.813787485757,5957.569228875001,5519.938664068373
2025-11-11,6+18,56991.41594777949,55863.82322403059,220.53596518399968,0.0,907.0567585649013,256.92279055555525,11976.84164822462,5519.938664068373,5965.722848384259
2025-11-12,6+18,58191.30535195808,52986.10539371309,3896.388899165523,0.0,1308.8110590794586,281.3047524027794,12232.07822547222,5965.722848384259,5780.099875725002
2025-11-13,6+18,55322.777782861,51640.435606598534,2676.300731747738,0.0,1006.0414445147225,276.98943447222234,10861.565859897635,5780.099875725002,2859.1786138351854
2025-11-14,6+18,35163.16800075548,31813.259291724444,0.0,0.0,3349.9087090310395,506.8937274166663,26239.56048819444,2859.1786138351854,3449.9239956527786
2025-11-15,6+18,38288.02765123707,35329.77626574019,0.0,0.0,2958.251385496876,445.47469075000015,32878.90850275275,3449.9239956527786,2504.995703703705
2025-11-16,6+18,60446.27448487089,54968.0425152907,4126.473646942421,0.0,1351.7583226377683,353.5002399444435,9019.061054694448,2504.995703703705,5942.840019168982
2025-11-17,6+18,59763.39710407096,51385.54779510185,7468.225000912116,0.0,909.6243080570009,312.0037219166669,11674.886486641972,5942.840019168982,5819.211697822221
2025-11-18,6+18,55993.26426918123,53687.89893841044,928.3785554011431,0.0,1376.986775369644,406.1173989027769,6620.604165811218,5819.211697822221,5967.196006312501
2025-11-19,6+18,62464.13316280719,53082.5959985406,8186.460248911471,0.0,1195.076915355122,398.9292012499993,11690.049632249998,5967.196006312501,5970.670376467592
2025-11-20,6+18,56828.90960341155,52676.19714039328,3214.1027812610705,0.0,938.6096817572065,276.0183302499995,9638.666577840537,5970.670376467592,3927.981669901853
2025-11-21,6+18,33304.37295058354,31512.142935039523,232.60358427766698,0.0,1559.6264312663548,234.77147595833344,25828.590477375,3927.981669901853,2645.396322222224
2025-11-22,6+18,39976.22662148616,36358.77555689126,0.0,0.0,3617.451064594898,549.3993672083336,31688.91338224914,2645.396322222224,2833.416777777781
2025-11-23,6+18,61428.83263956321,54866.22918626761,5331.398697893144,0.0,1231.2047554024596,345.9952047500002,9368.738897416668,2833.416777777781,5988.894977625001
2025-11-24,6+18,56975.536536114734,52802.259234135425,2813.480495520759,0.0,1359.7968064585507,358.90906099999904,7638.564685750001,5988.894977625001,5990.629771125001
2025-11-25,6+18,61822.18056794342,60870.21497728957,44.54812473427923,0.0,907.4174659195683,304.773781722222,14315.286651006858,5990.629771125001,5997.284947499999
2025-11-26,6+18,60133.46238966276,57037.09261784596,2256.8674915087113,0.0,839.5022803080901,252.4708518333332,10687.924854286019,5997.284947499999,5626.370065773138
2025-11-27,6+18,59103.303003114976,55281.70668002276,3147.343349776571,0.0,674.2529733156427,171.19677129166632,11687.989113304015,5626.370065773138,3971.490918188896
2025-11-28,6+18,36635.40039077773,33430.852437108144,0.0,0.0,3204.5479536695843,478.41666070833344,27051.496738682617,3971.490918188896,2539.1863222222237
2025-11-29,6+18,43833.18085784636,40646.86497988227,0.0,0.0,3186.315877964088,481.3877544166673,34229.497780310354,2539.1863222222237,2525.9620333333396
2025-11-30,6+18,64201.18237845475,58740.702063197146,4434.579695978885,0.0,1025.9006192787197,290.26995458333374,9515.424152408961,2525.9620333333396,5477.621866133322
2025-12-01,6+18,75926.20108110885,60420.73275058344,10050.329413769023,0.0,5455.138916756396,2221.640420402778,11137.458258694447,5477.621866133322,8100.127558057877
2025-12-02,6+18,75280.5547599519,61305.54272744323,9298.002597265591,0.0,4677.009435243086,1934.5949271666677,11289.116039083334,8100.127558057877,7950.000000000002
2025-12-03,6+18,74451.23025504645,55114.003992159865,15505.803289184212,0.0,3831.422973702375,1636.0670630277777,10160.230334277774,7950.000000000002,7365.158939694451
2025-12-04,6+18,74773.88501451422,61561.047346117426,9095.40787946949,0.0,4117.429788927294,1691.8892152222227,11662.338342829906,7365.158939694451,8550.0
2025-12-05,6+18,37486.94402758689,37024.34307691795,6.1488439431147555,0.0,456.4521067258315,97.2992267499996,24852.93573842867,8550.0,2379.6766333333317
2025-12-06,6+18,42762.06524059595,41819.073058040325,0.0,0.0,942.9921825556248,338.22293308333303,21696.49094521943,2379.6766333333317,6029.7329045888955
2025-12-07,6+18,71117.98220879886,64976.0722556722,4186.994460822246,0.0,1954.9154923044155,821.7812709999997,11658.522356858368,6029.7329045888955,6564.360074351854
2025-12-08,6+18,74381.72488891038,64983.41808354597,8092.399777457218,0.0,1305.907027907186,542.9570769166662,14124.436132361105,6564.360074351854,8550.0
2025-12-09,6+18,69004.36600893462,63518.85027624778,4644.068294882657,0.0,841.4474378041953,356.13552043055574,10916.398680180566,8550.0,7861.850945683655
2025-12-10,6+18,72773.17752691287,61261.51063970439,10717.963455528718,0.0,793.7034316797611,359.16864119444335,11369.494887777779,7861.850945683655,8550.000000000002
2025-12-11,6+18,67076.25403445172,63268.52253974995,3250.5662592310346,0.0,557.1652354707284,219.7898614166662,12112.444605168732,8550.000000000002,5804.574325124999
2025-12-12,6+18,40481.54234499284,40087.09566291596,194.03388699950403,0.0,200.41279507737516,29.847703000000024,26043.64671734722,5804.574325124999,2230.293825925929
2025-12-13,6+18,45890.786719517295,42892.77206028173,2173.5066048324793,0.0,824.5080544030849,232.26016275000018,25571.299112181085,2230.293825925929,5455.852408149069
2025-12-14,6+18,72263.18829877031,61776.03177941535,10169.859029679532,0.0,317.2974896754373,126.57103529166636,9681.136226375003,5455.852408149069,8550.0
2025-12-15,6+18,71908.16933987955,61187.47582800484,10581.126803637117,0.0,139.56670823758253,56.95514779166626,10860.096813458338,8550.0,8550.0
2025-12-16,6+18,69534.94730727316,65422.149190386146,4033.447103569897,0.0,79.35101331712286,32.648016166666025,10061.538373194453,8550.0,8550.000000000002
2025-12-17,6+18,68738.05035016796,65525.01569476238,2759.8222575110794,0.0,453.2123978945014,157.69880375000025,11592.66175176578,8550.000000000002,7950.000000000001
2025-12-18,6+18,69652.46325625823,62814.03764089724,6388.078732041026,0.0,450.346883319958,207.38685837499986,11899.713517374996,7950.000000000001,5851.662141187502
2025-12-19,6+18,41889.60795981292,39989.12122699959,0.0,0.0,1900.486732813336,287.59739941666703,26010.64042069445,5851.662141187502,2550.3746128972252
2025-12-20,6+18,46184.124378687586,43746.584427333,0.0,0.0,2437.539951354588,520.7761804166673,27447.618225942715,2550.3746128972252,4541.344320971308
2025-12-21,6+18,70845.89633728599,66307.21633580813,4033.540862617215,0.0,505.1391388606461,131.6705056666666,9694.00962847222,4541.344320971308,8550.000000000002
2025-12-22,6+18,69095.64733240377,64347.29076876902,4149.601608458641,0.0,598.7549551761031,153.30769595833283,9921.449294680562,8550.000000000002,8550.000000000002
2025-12-23,6+18,68417.61953752374,65896.86768030927,2105.83671903324,0.0,414.91513818123497,98.00963779166773,12183.563680551442,8550.000000000002,8247.85388804862
2025-12-24,6+18,68198.60265555885,65311.95679706507,2296.460037995772,0.0,590.1858204980144,133.48622437499887,10269.930226185188,8247.85388804862,8550.0
2025-12-25,6+18,64350.63055301124,62291.75952214767,1506.8791462283125,0.0,551.9918846352548,141.74939783333423,7882.994366749997,8550.0,5964.213318562501
2025-12-26,6+18,42202.705761642974,41211.704224812056,0.0,0.0,991.0015368309188,153.70925020833363,26931.79489493433,5964.213318562501,3429.247848148148
2025-12-27,6+18,46080.318891118324,43653.92134021064,0.0,0.0,2426.397550907687,450.8809884166665,28434.410876808477,3429.247848148148,3780.201661718055
2025-12-28,6+18,69775.0180012855,66776.8420786949,2401.2944688448088,0.0,596.881453745793,122.46725595833345,10830.052779720165,3780.201661718055,8026.807872986105
2025-12-29,6+18,68647.4299926391,63641.73548625842,4399.70241430886,0.0,605.9920920718121,154.47805462500014,11385.642767541665,8026.807872986105,8054.11477674306
2025-12-30,6+18,67684.35511438812,64087.727504876835,3393.76548399964,0.0,202.86212551164542,49.876331249999794,11123.568818388896,8054.11477674306,8550.000000000004
2025-12-31,6+18,66007.37106300902,64211.23792402911,811.2117461500309,0.0,984.9213928298796,275.8912313333336,8819.37902526612,8550.000000000004,6979.8220262129535
2025-02-01,12+18,40393.56032246002,36489.647963254785,0.0,0.0,3903.9123592052315,586.7534597083336,28267.52384826131,1833.3933073148146,1966.8670781125033
2025-02-02,12+18,61846.5650271157,59071.34020352422,103.63747595630967,0.0,2671.58734763517,477.2997630694448,9820.342390837455,1966.8670781125033,4972.8259164898145
2025-02-03,12+18,61722.8476518825,58413.57269187791,0.0,0.0,3309.2749600045854,706.6165316666659,7615.2746083642,4972.8259164898145,6578.02558993055
2025-02-04,12+18,63625.65608473455,59168.73585378722,85.14449525643931,0.0,4371.7757356908905,961.6660651250013,10542.50356549796,6578.02558993055,4771.869931602302
2025-02-05,12+18,61783.97604408769,55794.99049232951,0.0,0.0,5988.985551758184,1585.810744722221,4509.5615054977625,4771.869931602302,5817.592957267448
2025-02-06,12+18,63774.08152040536,59115.75836567434,155.22831749406657,0.0,4503.094837236951,985.4119500833345,11788.724463867286,5817.592957267448,4250.609158414815
2025-02-07,12+18,39469.34718929344,33867.55021537175,0.0,0.0,5601.796973921684,846.2237044583328,29050.601237594135,4250.609158414815,1897.1279444444453
2025-02-08,12+18,36296.781156823105,29942.028812804016,0.0,0.0,6354.752344019087,954.987440083334,21051.020547846707,1897.1279444444453,2204.9019074074076
2025-02-09,12+18,60037.63925030946,57140.6204428845,450.72258928333997,0.0,2446.2962181416224,501.68953656481455,4921.488446733203,2204.9019074074076,6131.945666840118
2025-02-10,12+18,55433.09777819593,52086.28120931341,0.0,0.0,3346.816568882518,697.9387702361134,6492.262310626728,6131.945666840118,5445.061425468972
2025-02-11,12+18,61921.49325817809,53200.54802895524,114.427263124474,0.0,8606.517966098367,1922.1311981666677,7392.8542746383755,5445.061425468972,5861.551550598921
2025-02-12,12+18,61068.24624494407,52640.046048381264,71.47707652263335,0.0,8356.723120040173,1771.0871158333307,6304.111203178149,5861.551550598921,6242.847583125002
2025-02-13,12+18,52273.746412995264,48251.20875497002,269.426462449582,0.0,3753.111195575658,838.2684274861133,6639.361923350828,6242.847583125002,3829.222452521757
2025-02-14,12+18,34376.94440290765,28721.243827185062,0.0,0.0,5655.700575722586,858.9180075000004,22946.30426251851,3829.222452521757,1892.7347851851869
2025-02-15,12+18,35646.75965578186,30104.639236164796,0.0,0.0,5542.120419617064,851.4851792777771,24126.293688087444,1892.7347851851869,2009.4295962962988
2025-02-16,12+18,64105.574773537024,53825.58212584658,148.31436786981777,0.0,10131.678279820628,2281.3201045,7917.788788700449,2009.4295962962988,4826.507801936106
2025-02-17,12+18,61776.3164026199,51798.76458864243,47.842658391038874,0.0,9929.709155586432,2177.051934513892,11709.333478041846,4826.507801936106,4768.843894731014
2025-02-18,12+18,60564.0811592868,45773.07630319899,603.0744605921117,0.0,14187.930395495694,3507.2632866903273,1592.2401748333323,4768.843894731014,6092.7294012962975
2025-02-19,12+18,58224.9246605513,45325.355825586725,1008.662851953921,0.0,11890.905983010656,3009.2116779629605,1111.1303588415537,6092.7294012962975,5837.709193842602
2025-02-20,12+18,56021.785262696314,47005.501325929305,0.0,0.0,9016.28393676701,2053.7631056466057,6092.844833566362,5837.709193842602,4120.304614143215
2025-02-21,12+18,29752.11115438913,25305.03157288083,0.0,0.0,4447.079581508302,706.0410465000018,20914.92495510905,4120.304614143215,2088.4738518518534
2025-02-22,12+18,31775.58216542012,26938.420590017675,0.0,0.0,4837.161575402444,765.9581056944444,19761.435893347047,2088.4738518518534,2045.8534333333323
2025-02-23,12+18,65596.09429990577,47292.27442890632,0.0,0.0,18303.819870999454,4199.077091726849,4840.268664077682,2045.8534333333323,4740.022121362034
2025-02-24,12+18,59431.90370832835,44537.96696869108,89.71636182167379,0.0,14804.2203778156,3790.3263949999982,4946.108998871052,4740.022121362034,4108.040812663894
2025-02-25,12+18,57634.431038285096,45594.02039520529,6.950787707291266,0.0,12033.459855372512,2910.7639824583334,6889.902704580423,4108.040812663894,5662.421881558643
2025-02-26,12+18,63099.74940143511,40164.44409186493,2382.22862446657,0.0,20553.076685103617,5002.836549930553,1551.7606950234872,5662.421881558643,5425.532994552472
2025-02-27,12+18,59921.73774584613,41505.32023238424,527.1710224224868,0.0,17889.246491039397,4024.092913972222,3305.2484615147505,5425.532994552472,4229.788080061726
2025-02-28,12+18,28699.730307260055,23734.307291030775,0.0,0.0,4965.42301622928,910.2415207361073,20448.14429622582,4229.788080061726,1815.856437037037
2025-03-01,12+18,37438.475725003205,28264.09180031564,0.0,0.0,9174.383924687565,1563.9421753888882,28289.26499501028,1815.856437037037,1325.0686259259278
2025-03-02,12+18,69259.75274947358,48726.33843333647,247.36176983858527,0.0,20286.052546298535,4521.81178608333,6447.303721901224,1325.0686259259278,4200.645340785649
2025-03-03,12+18,67046.51652638009,48977.73152267926,423.8131323664842,0.0,17644.97187133434,3921.0334045555564,9690.069478590722,4200.645340785649,3438.2572059274617
2025-03-04,12+18,64001.0790910498,43593.882721655085,176.27778469288708,0.0,20230.918584701834,5139.041075277772,2876.851639824754,3438.2572059274617,4858.705337588263
2025-03-05,12+18,61267.692808049396,44903.32839334698,140.95291931183593,0.0,16223.411495390585,3571.046100138888,9831.761290672664,4858.705337588263,3361.597116549527
2025-03-06,12+18,61086.62095027529,42426.3283069447,198.69764874563714,0.0,18461.594994584953,4244.41310786111,6693.778290332299,3361.597116549527,2349.0625351453714
2025-03-07,12+18,31189.897217218073,26183.6723803314,0.0,0.0,5006.224836886672,785.1023740833341,25624.05224961214,2349.0625351453714,1511.9901740740759
2025-03-08,12+18,29683.65419364257,24282.252385538755,0.0,0.0,5401.401808103816,873.7552435555551,23350.905730327162,1511.9901740740759,1790.2569518518487
2025-03-09,12+18,59884.487842087015,45257.947490127124,215.11635744724822,0.0,14411.423994512646,3085.308300458336,11402.618928140102,1790.2569518518487,2893.614448748144
2025-03-10,12+18,63792.48883808164,42413.0388637,149.27878460207418,0.0,21230.17118977957,4868.359883361108,4789.895775890429,2893.614448748144,3037.8223141296344
2025-03-11,12+18,69790.55403647953,38265.617542380205,1048.903551223543,0.0,30476.032942875783,7457.584282361109,4154.84254083848,3037.8223141296344,3589.83630542037
2025-03-12,12+18,55681.427585046215,43523.96897210275,208.31802004700046,0.0,11949.140592896456,2758.671325708332,9677.066677739711,3589.83630542037,3398.3779861412077
2025-03-13,12+18,55509.02395456495,43447.03597417308,1014.2117067042234,0.0,11047.776273687652,2496.6102654861093,5786.8107974418745,3398.3779861412077,2681.525990589812
2025-03-14,12+18,27659.684304994447,23345.0421081065,0.0,0.0,4314.642196887948,680.2055583472204,25916.49246276183,2681.525990589812,1592.8186555555535
2025-03-15,12+18,28308.973897449636,23700.18278393026,0.0,0.0,4608.791113519375,731.3887299444444,21074.23660604115,1592.8186555555535,1780.777866666665
2025-03-16,12+18,56187.98507500809,42621.72201444596,74.77054033939815,0.0,13491.49252022273,3186.1650204166654,6568.025271704896,1780.777866666665,2760.4484400273213
2025-03-17,12+18,53074.37652404264,38873.252119626326,413.18291952059406,0.0,13787.941484895717,3050.2359434027767,8760.612109172323,2760.4484400273213,2175.7114656324084
2025-03-18,12+18,53662.28755334047,44854.72370986513,105.06490596561993,0.0,8702.498937509725,1930.0217269075752,11511.08900783676,2175.7114656324084,3031.081299366818
2025-03-19,12+18,57244.04315897729,36760.467118226705,2220.029923120961,0.0,18263.546117629623,4508.472826444446,6812.88733971399,3031.081299366818,1563.7198355824103
2025-03-20,12+18,66678.32826820236,42315.86611654061,51.05330542843755,0.0,24311.408846233306,5674.085078430555,11273.083599459707,1563.7198355824103,1325.5504805978378
2025-03-21,12+18,28328.222764957245,23051.13154320429,0.0,0.0,5277.091221752956,814.3842059999997,28062.980513509257,1325.5504805978378,1857.376074074075
2025-03-22,12+18,26466.241523064607,23440.23668492307,0.0,0.0,3026.004838141537,457.8856602499993,24552.50698439609,1857.376074074075,1991.7952518518516
2025-03-23,12+18,48941.36346170293,42576.722462963015,21.5791925547907,0.0,6343.061806185129,1556.491812777778,11043.2530531821,1991.7952518518516,1895.0371833910472
2025-03-24,12+18,46798.48787209362,39871.60361093865,787.6757501626147,0.0,6139.208510992355,1589.1460738749997,8395.218603123969,1895.0371833910472,1909.3753314084877
2025-03-25,12+18,53316.68577635108,44446.30032335068,209.2174206179952,0.0,8661.168032382402,2128.323777305558,12178.232044217759,1909.3753314084877,2522.2980354311726
2025-03-26,12+18,53800.41485199784,38587.01476418285,138.63409184667262,0.0,15074.765995968313,3524.6090096666644,9766.623738834882,2522.2980354311726,1761.0866714120339
2025-03-27,12+18,50063.72035380879,40890.6923340083,0.0,0.0,9173.02801980049,2327.269266874995,9393.062030366771,1761.0866714120339,1586.9141750947501
2025-03-28,12+18,26872.533911655846,22838.428853599173,0.0,0.0,4034.105058056672,613.1446652083341,28917.437925159975,1586.9141750947501,2186.767861111117
2025-03-29,12+18,25756.61028655324,21455.393035860106,0.0,0.0,4301.217250693135,654.4114528888883,30281.90338748663,2186.767861111117,2284.9593592592605
2025-03-30,12+18,52745.551418370436,39639.47541579588,265.1128718445279,0.0,12840.963130730033,3125.827223388886,12345.528543067903,2284.9593592592605,1998.0825663398175
2025-03-31,12+18,57361.28665097516,35223.18107508115,1341.363710011385,0.0,20796.74186588263,5181.713244305554,6109.810681549727,1998.0825663398175,1451.9326566052484
2025-04-01,12+18,50432.46446066084,41429.98495251898,656.3631057803714,0.0,8346.11640236149,2152.4613376944444,9889.48327519239,1451.9326566052484,2233.591928616665
2025-04-02,12+18,50851.78748734745,39366.66299786732,1346.1209045899875,0.0,10139.003584890143,2456.272723833331,7632.579059183127,2233.591928616665,1761.6746510796315
2025-04-03,12+18,47036.028396648646,41169.72026590527,123.19356183154446,0.0,5743.114568911824,1430.3486991805535,11316.752677025728,1761.6746510796315,1905.296215174071
2025-04-04,12+18,25225.246244291193,21194.300321938397,0.0,0.0,4030.9459223527956,620.3060616666673,31451.52193033848,1905.296215174071,1927.5154796296256
2025-04-05,12+18,27206.182917482998,20848.482066273937,0.0,0.0,6357.700851209061,1288.5950590833327,26274.625576991763,1927.5154796296256,1633.762107407409
2025-04-06,12+18,45504.216323120316,38054.9371193086,836.1737374078966,0.0,6613.105466403827,1590.9535921944444,10149.987754963824,1633.762107407409,1733.1499446970658
2025-04-07,12+18,44659.13083838775,34066.17199900088,3450.503419229739,0.0,7142.455420157126,1844.4520660000003,6645.4849798635205,1733.1499446970658,2260.251338754622
2025-04-08,12+18,49979.09168216649,38818.36707865738,113.28900473062262,0.0,11047.435598778486,2455.9265459650182,10452.42840093073,2260.251338754622,2522.278806451233
2025-04-09,12+18,55490.61820359474,37852.05480999986,141.0795615482627,0.0,17497.483832046615,4336.99920561111,6476.346293510466,2522.278806451233,2249.2084525827145
2025-04-10,12+18,48741.577432077596,37869.91216171325,50.668371769788735,0.0,10820.996898594558,2458.3293048055557,8148.486715863858,2249.2084525827145,2208.8814702478385
2025-04-11,12+18,23919.670188299406,19712.546873190804,0.0,0.0,4207.123315108602,670.8750476666675,30828.04416006584,2208.8814702478385,1938.686972222222
2025-04-12,12+18,24582.95709599126,21508.45788626961,0.0,0.0,3074.499209721649,481.3668400833337,29138.79154773662,1938.686972222222,1822.9730833333347
2025-04-13,12+18,46318.65892358475,35643.905674588095,1379.4719578457298,0.0,9295.281291150925,2165.6281508888887,6727.326408004803,1822.9730833333347,1941.1287386748447
2025-04-14,12+18,48752.51085725505,37886.76377901666,372.3042019061933,0.0,10493.442876332203,2521.4218844722204,10639.7428928251,1941.1287386748447,2385.5732126648168
2025-04-15,12+18,44642.34333611101,32759.903803965837,1720.8601393193896,0.0,10161.579392825775,2384.3000738055557,7011.738310508909,2385.5732126648168,2116.890104491984
2025-04-16,12+18,44415.38898550974,36086.47679143598,1837.3370687907309,0.0,6491.575125283027,1615.3198082361107,5796.085998394208,2116.890104491984,2903.7889032424346
2025-04-17,12+18,52958.39165206469,33474.855345755685,541.3836917190616,0.0,18942.15261458994,4437.345880722225,4992.327031974963,2903.7889032424346,2804.856087536419
2025-04-18,12+18,25086.634604508516,19570.405630836718,0.0,0.0,5516.228973671797,930.8678683611097,30057.83991998148,2804.856087536419,2192.058461111113
2025-04-19,12+18,23721.44939275718,19460.33172303766,0.0,0.0,4261.11766971952,664.4171789444433,29132.23406916118,2192.058461111113,2221.241007407403
2025-04-20,12+18,44724.89457671449,34058.908182499916,2962.62810852975,0.0,7703.358285684821,1832.0759803055557,6873.657844990065,2221.241007407403,2999.9568201672773
2025-04-21,12+18,45201.88344461539,35267.653856368066,525.723598890308,0.0,9408.505989357025,2229.446999777774,11795.759542007887,2999.9568201672773,2795.953471150311
2025-04-22,12+18,46182.2356124603,32325.422686097594,3923.198487168798,0.0,9933.614439193909,2727.746754611113,6742.32825787072,2795.953471150311,2746.694198727464
2025-04-23,12+18,47124.293405437376,31305.9749340507,4140.039689525931,0.0,11678.278781860748,3217.377139597219,7053.017779149176,2746.694198727464,2313.4865747351887
2025-04-24,12+18,41102.35667330595,32180.45705935379,2787.438174962225,0.0,6134.461438989939,1565.234728638888,8786.904013018004,2313.4865747351887,2594.291759351854
2025-04-25,12+18,24196.85135460762,19264.639809814536,0.0,0.0,4932.211544793086,756.8938373194438,33899.975051329726,2594.291759351854,1909.6115388888895
2025-04-26,12+18,24847.996098191168,19366.59590338343,0.0,0.0,5481.400194807738,841.5531669999982,35549.798672688776,1909.6115388888895,2040.1622148148124
2025-04-27,12+18,51052.929646026096,31619.730197296994,707.8456916620452,0.0,18725.353757067052,4335.876552499994,6687.654481714503,2040.1622148148124,2347.5826364819454
2025-04-28,12+18,48854.35130021708,36972.95376569559,405.73813527615147,0.0,11475.659399245338,2501.460931763887,7176.779295262691,2347.5826364819454,2490.0889483333303
2025-04-29,12+18,44016.581853065196,32233.78069890144,1636.9603510603154,0.0,10145.840803103441,2188.647964069444,8854.53725615347,2490.0889483333303,1699.9701402243809
2025-04-30,12+18,50302.90590987717,31609.219243421605,275.4048917286141,0.0,18418.281774726947,4638.312683722222,6863.403574399874,1699.9701402243809,1967.881343965118
2025-05-01,12+18,57365.45533444875,32574.99368095656,336.5734362472276,0.0,24453.888217244967,5147.609360166665,5638.7642493179,1967.881343965118,2395.6678319444504
2025-05-02,12+18,31006.099197283147,20687.603792697428,0.0,0.0,10318.495404585718,1620.2014180555545,23875.67519344239,2395.6678319444504,2139.0434333333314
2025-05-03,12+18,30874.90545701266,19757.510138592883,0.0,0.0,11117.395318419776,1715.2576009444442,28401.456435141976,2139.0434333333314,1969.8290925925949
2025-05-04,12+18,52650.01911381817,34237.97424715369,642.5430353730114,0.0,17769.501831291473,3928.3142927777767,8210.509744060524,1969.8290925925949,2089.379542435499
2025-05-05,12+18,54298.21397336967,35902.6545359061,323.69318590042894,0.0,18071.866251563144,4295.799528055549,7162.955046963628,2089.379542435499,1622.7182590271666
2025-05-06,12+18,57988.8394099392,31989.811434878477,2574.7051989142637,0.0,23424.32277614647,5328.253476680556,5650.400859640075,1622.7182590271666,1997.0486669753132
2025-05-07,12+18,57318.288737754,34356.270629543666,2012.6531382246203,0.0,20949.364969985723,4899.409838027775,6978.911270002058,1997.0486669753132,1466.143516095369
2025-05-08,12+18,47281.829409845544,37067.62897374276,1105.5242458779549,0.0,9108.676190224833,1953.6092500694444,7994.991167540633,1466.143516095369,1378.0744914759239
2025-05-09,12+18,26527.09995108627,21260.51260440504,0.0,0.0,5266.587346681229,807.9963854583333,29320.74462885064,1378.0744914759239,1733.8477302785545
2025-05-10,12+18,26252.61799342557,20794.390468370366,0.0,0.0,5458.227525055204,856.8610229444439,25516.213505052467,1733.8477302785545,1744.0376191188284
2025-05-11,12+18,47840.479266134294,36005.54855559413,1433.989805488558,0.0,10400.940905051611,2219.631979291662,7398.194760797839,1744.0376191188284,1200.0000000000011
2025-05-12,12+18,48604.06437577486,32989.19462349986,3619.118540253639,0.0,11995.751212021361,2795.786860361109,7292.914944078705,1200.0000000000011,1307.3984008111102
2025-05-13,12+18,45096.12712330556,37591.1300595335,2270.5160927886204,0.0,5234.480970983442,1130.3665565416668,12047.097940975309,1307.3984008111102,1200.0000000000002
2025-05-14,12+18,50873.2312003844,37671.483517786284,48.06478413887827,0.0,13153.68289845924,3049.599571254631,10504.378641593108,1200.0000000000002,1200.000000000001
2025-05-15,12+18,48533.16849990163,38117.27599443593,159.3821559318957,0.0,10256.510349533806,2622.029858402774,9194.671962322014,1200.000000000001,1200.0000000000005
2025-05-16,12+18,24819.271656502002,22181.020889940373,0.0,0.0,2638.2507665616267,413.73202480555585,35000.15174423354,1200.0000000000005,1742.2890825833315
2025-05-17,12+18,26929.143881053882,21727.353100492244,0.0,0.0,5201.790780561638,798.5287261527775,27531.261569758222,1742.2890825833315,1809.3527639645076
2025-05-18,12+18,42752.711358497625,39284.703900591805,732.2622008204805,0.0,2735.745257085341,807.4802442222208,12159.113546139237,1809.3527639645076,1200.0000000000005
2025-05-19,12+18,41711.842029050116,36202.43541476411,1169.4829167012692,0.0,4339.923697584729,922.4876733472225,12622.564189541146,1200.0000000000005,1501.698116668521
2025-05-20,12+18,45022.68514360692,35974.50092080605,3183.2564440908363,0.0,5864.927778710027,1341.5605336666667,8590.475469924382,1501.698116668521,1199.9999999999995
2025-05-21,12+18,48312.384161071626,34714.66102345239,2173.046598888307,0.0,11424.676538730928,2709.492362694444,8139.29892436111,1199.9999999999995,1200.000000000001
2025-05-22,12+18,43963.53898058757,36987.484839880985,1696.444663727307,0.0,5279.609476979274,1644.5850539027756,10788.865545969136,1200.000000000001,1200.0000000000002
2025-05-23,12+18,23296.365351737015,22022.13569986327,0.0,0.0,1274.2296518737458,198.3259570833327,30802.67287067421,1200.0000000000002,1904.5210351203684
2025-05-24,12+18,23447.02650041721,22355.53653472309,0.0,0.0,1091.4899656941204,168.05346983333266,34467.98452735803,1904.5210351203684,1567.874847430554
2025-05-25,12+18,41106.61327111865,37244.077370076986,1082.6109432015612,0.0,2779.9249578401095,741.5553180416667,13234.111685466043,1567.874847430554,1200.0000000000011
2025-05-26,12+18,50374.175147133996,36713.87727629955,2422.87853012055,0.0,11237.419340713896,2920.5466073472207,9411.126550097222,1200.0000000000011,1200.0000000000002
2025-05-27,12+18,47923.93734584344,35024.62485314706,1796.2753770991521,0.0,11103.037115597223,2590.294369958332,9698.45659123817,1200.0000000000002,1396.4058340703705
2025-05-28,12+18,41341.939889928,38711.60330656871,1644.4407416322838,0.0,985.895841727003,356.9987915000008,11933.022321089506,1396.4058340703705,1200.0000000000002
2025-05-29,12+18,45996.91687517987,38694.925026511795,2393.9238825830985,0.0,4908.067966084978,1297.5598720277756,11079.975747883742,1200.0000000000002,1407.3161298851874
2025-05-30,12+18,23220.52050607196,23138.46743942071,0.0,0.0,82.05306665125067,25.29746541666674,32270.352218143,1407.3161298851874,1556.4847943148188
2025-05-31,12+18,26296.769332478965,25116.482900573697,0.0,0.0,1180.286431905268,243.63347237499954,33411.35259382356,1556.4847943148188,1666.6079123379625
2025-06-01,12+18,68604.1493507484,48349.16937073285,1156.4682521243392,0.0,19098.511727891208,4806.917149583331,11253.030847753953,1666.6079123379625,1858.865540793209
2025-06-02,12+18,63725.133996814475,50227.49639744821,1718.0200991506463,0.0,11779.617500215623,3270.7943884444444,14045.861006075105,1858.865540793209,2276.401692438275
2025-06-03,12+18,59470.601876814006,46266.071138608306,2465.7519591757273,0.0,10738.77877902997,2876.8058143611124,9576.677104252409,2276.401692438275,1864.1520032740689
2025-06-04,12+18,62886.74181390024,54463.07994500793,1819.6340582429816,0.0,6604.027810649326,2353.426978069443,19395.00809919204,1864.1520032740689,1200.0000000000002
2025-06-05,12+18,58681.3510927962,48216.61753211487,4643.792735928153,0.0,5820.940824753174,1755.844570458332,10635.10776052778,1200.0000000000002,1298.0887897916666
2025-06-06,12+18,35141.83197397516,33321.27455771519,0.0,0.0,1820.5574162599703,304.40783100720483,25463.153194317907,1298.0887897916666,1200.0000000000002
2025-06-07,12+18,37931.89485108758,36270.09833416637,0.0,0.0,1661.7965169212102,293.65781541666706,31200.04487818793,1200.0000000000002,1435.6374014351863
2025-06-08,12+18,55888.46182737418,49086.77149800772,3916.6910902239824,0.0,2884.999239142476,779.7176499166659,16576.400672069445,1435.6374014351863,1200.0000000000002
2025-06-09,12+18,59423.58386726322,56065.80745138901,1000.1918249664532,0.0,2357.5845909077643,845.2076925694432,16873.98396223457,1200.0000000000002,1257.5641605092594
2025-06-10,12+18,58479.552275613365,52296.8502146958,3771.8052544362045,0.0,2410.8968064813566,788.4950250277769,13673.831006217079,1257.5641605092594,1236.1294171018515
2025-06-11,12+18,61870.62910286254,57450.22635805166,796.0219530655348,0.0,3624.380791745347,978.7505975416665,12764.170744498633,1236.1294171018515,1200.8333069907412
2025-06-12,12+18,58853.0534184682,56443.60176029617,1526.684850968149,0.0,882.7668072038737,327.46204937499976,15441.154696348774,1200.8333069907412,1259.3063233333335
2025-06-13,12+18,35793.74299891045,34953.963774267824,0.0,0.0,839.7792246426259,125.15726482201342,30216.405013086765,1259.3063233333335,1199.9999999999995
2025-06-14,12+18,36498.2686783202,35711.00966195707,0.0,0.0,787.2590163631337,124.0066259722214,34038.56888792456,1199.9999999999995,1199.999999999999
2025-06-15,12+18,58294.12027454098,54158.42705414764,1841.7454300922227,0.0,2293.947790301113,594.3748122500002,15155.853883713993,1199.999999999999,1202.5866832407412
2025-06-16,12+18,58479.732881228425,56503.43923904758,799.3749067106778,0.0,1176.9187354701742,349.59418931944447,14781.221046372433,1202.5866832407412,1253.4689056018524
2025-06-17,12+18,59885.27897840028,57728.26808957869,828.9332128391044,0.0,1328.0776759824857,373.1804208055553,14953.43912338683,1253.4689056018524,1278.1941949074085
2025-06-18,12+18,59833.06235148055,58222.294844791555,624.2047631066132,0.0,986.5627435823744,299.8805631666664,19388.86068840586,1278.1941949074085,1263.0971787037035
2025-06-19,12+18,62015.40187834485,55240.48130008471,6203.794489294385,0.0,571.1260889657517,177.48845283333333,21889.55016905916,1263.0971787037035,1341.9405205092596
2025-06-20,12+18,35316.00190983799,35268.81752197549,0.0,0.0,47.18438786250008,6.999612500000012,36162.8508841111,1341.9405205092596,1200.0000000000014
2025-06-21,12+18,33410.53248956824,32868.27679109099,0.0,0.0,542.2556984772509,80.04565100000013,34172.43170215911,1200.0000000000014,1442.9670894814803
2025-06-22,12+18,58547.59140144194,54675.67723751775,3432.544276810747,0.0,439.36988711344253,140.5552177222218,20604.70060128292,1442.9670894814803,1210.6631053703709
2025-06-23,12+18,57889.124367215176,56632.40921453662,1078.6422566815113,0.0,178.07289599704097,81.67791241666635,19930.85606758488,1210.6631053703709,1282.0623413888895
2025-06-24,12+18,64868.04173143514,64190.40117131059,355.83984580833305,0.0,321.80071431622173,115.31357008333316,21002.190801139917,1282.0623413888895,1246.6639109259265
2025-06-25,12+18,61855.46667516212,57290.920410591134,4444.713044799073,0.0,119.83321977191525,36.517783083332915,21650.651994527783,1246.6639109259265,1211.3981774691358
2025-06-26,12+18,59133.291218272694,55769.19434992899,3334.0022710953244,0.0,30.094597248375663,13.606754166666974,20513.138289000006,1211.3981774691358,1200.0000000000007
2025-06-27,12+18,36507.18243219905,36253.421650749064,0.0,0.0,253.76078144998638,37.63988362500004,38224.14595764146,1200.0000000000007,1680.3540481481518
2025-06-28,12+18,35430.458919046294,35362.077094355045,0.0,0.0,68.38182469125086,10.144166250000126,35943.646635495024,1680.3540481481518,1362.2879117191358
2025-06-29,12+18,61760.86370465626,54388.13192564823,7128.628325480417,0.0,244.10345352761058,99.97570377777757,21122.053762488686,1362.2879117191358,1217.1833889351858
2025-06-30,12+18,59250.2410707594,58424.75586807419,208.61234839342387,0.0,616.8728542917908,193.78292594444434,19752.80603672737,1217.1833889351858,1290.961176670528
2025-07-01,12+18,70089.59284015153,50925.49879801399,11047.580920022496,0.0,8116.513122115037,3349.7476711944455,10513.223890944448,1290.961176670528,2327.884204999999
2025-07-02,12+18,63215.573415972794,47704.291949918115,8590.865343739408,0.0,6920.416122315267,2951.662623291665,10143.912456748978,2327.884204999999,2442.819867175923
2025-07-03,12+18,68852.16894997479,53214.384574355805,8588.521492327924,0.0,7049.262883291058,2857.7999634722237,11265.877088900206,2442.819867175923,2002.2923484259254
2025-07-04,12+18,34025.86157273834,29781.723861402887,1851.2832387767812,0.0,2392.854472558667,724.8873602083336,22565.024404541662,2002.2923484259254,1344.1026823055577
2025-07-05,12+18,32728.72645588415,30532.570159232608,522.8376923936581,0.0,1673.3186042578816,609.7379262638888,21727.587503495364,1344.1026823055577,1230.5611106358035
2025-07-06,12+18,79629.65916536347,50355.11084075818,10465.195994481413,0.0,18809.35233012387,5383.549049430555,9786.425595110084,1230.5611106358035,1892.2128345564824
2025-07-07,12+18,63609.24315230931,52735.44848258971,5451.190521673458,0.0,5422.604148046139,1819.6076571666667,13494.380635841568,1892.2128345564824,1865.1573995370409
2025-07-08,12+18,63434.09960224153,56181.15076040884,5286.634819324796,0.0,1966.3140225078898,709.4048671666665,15093.44750495885,1865.1573995370409,1603.794490370372
2025-07-09,12+18,60773.535624394084,55732.462654905896,3803.4160499694535,0.0,1237.6569195187355,460.42221562499947,14702.237252360257,1603.794490370372,1906.071702731942
2025-07-10,12+18,60270.08965254511,51073.41017474493,4459.655428644859,0.0,4737.02404915532,1303.4973425694432,10084.438336083856,1906.071702731942,1569.1097356481469
2025-07-11,12+18,35529.070525386895,35356.85298154056,0.0,0.0,172.21754384633078,34.75584741666637,24327.758738944445,1569.1097356481469,1480.4530665625011
2025-07-12,12+18,35069.178667445594,32891.0167274728,2101.665172156131,0.0,76.49676781666706,34.520202083333515,24094.542109208334,1480.4530665625011,1403.3151428124984
2025-07-13,12+18,58147.60318495359,54752.635928831296,1954.9739379883288,0.0,1439.9933181339602,442.7554141388895,14545.657281817223,1403.3151428124984,2275.4601617592607
2025-07-14,12+18,57922.734992545615,50064.789790150804,6276.810163958711,0.0,1581.135038436101,481.93165869444397,11124.23785113889,2275.4601617592607,2184.787381452783
2025-07-15,12+18,58267.07761678601,54681.45549212083,1430.1454959652706,0.0,2155.476628699906,572.5081165277788,14233.369023283949,2184.787381452783,1378.3972391722211
2025-07-16,12+18,60061.366369631265,53458.63712403543,3425.2288189963797,0.0,3177.5004265994567,1046.31178636111,13076.827711854938,1378.3972391722211,1660.3947427416683
2025-07-17,12+18,58971.87399265661,51263.564687105696,5896.767901927846,0.0,1811.541403623072,509.7693918888896,11488.090013941357,1660.3947427416683,1458.5228084583343
2025-07-18,12+18,38053.97621587813,37662.28259589355,0.0,0.0,391.69361998458044,68.69880770833288,28756.09307356841,1458.5228084583343,1323.07775209491
2025-07-19,12+18,37498.90985370139,37243.94595602504,0.0,0.0,254.96389767635486,38.96984408333344,30791.43900980985,1323.07775209491,1598.0661692129606
2025-07-20,12+18,59493.29611967128,53841.99704107929,2509.751329051046,0.0,3141.5477495409414,709.2419514444438,14510.101270083336,1598.0661692129606,1491.0986377972229
2025-07-21,12+18,59564.65525366384,54823.9199742301,2421.580184101201,0.0,2319.1550953325404,611.8522662499997,13135.506853119337,1491.0986377972229,1271.563414627317
2025-07-22,12+18,60288.88113993736,54941.36339745547,1356.0852372007275,0.0,3991.4325052811614,960.1585495694451,12880.923269054012,1271.563414627317,1200.0000000000002
2025-07-23,12+18,64816.617209130214,61334.703678812184,408.76578102848225,0.0,3073.147749289551,677.6683680277768,20411.135926185867,1200.0000000000002,1344.79977962963
2025-07-24,12+18,62564.26969425221,60751.35872552731,495.01050333639824,0.0,1317.900465388501,292.6299277083335,19386.71987579184,1344.79977962963,1651.592890969908
2025-07-25,12+18,36609.94041714427,36572.16959927764,0.0,0.0,37.77081786663877,10.949650055555523,31364.914990963985,1651.592890969908,1365.9566205671294
2025-07-26,12+18,37329.59141975047,37329.59141975047,0.0,0.0,0.0,0.0,31291.253688385455,1365.9566205671294,1270.3701384606504
2025-07-27,12+18,60933.92007226092,55229.19584131021,3513.0862089755938,0.0,2191.6380219751104,510.4971023888889,15105.122876163063,1270.3701384606504,1263.5660779962961
2025-07-28,12+18,65902.77741281402,57264.01152303189,1319.0131722925034,0.0,7319.7527174896195,1776.9542246111096,13247.224583684163,1263.5660779962961,1204.9966736125004
2025-07-29,12+18,63821.18194561201,56321.672534499936,1525.611506668061,0.0,5973.897904444011,1614.249659791666,13984.388739374997,1204.9966736125004,1207.150121894289
2025-07-30,12+18,65784.99381025517,52185.535243705956,6865.936385030775,0.0,6733.522181518434,1859.9572797499993,13762.43610546656,1207.150121894289,1293.3936361050912
2025-07-31,12+18,60568.9445731285,54172.30440232619,2674.304016526934,0.0,3722.3361542753787,873.7063813055547,12530.44023889404,1293.3936361050912,1296.6763091953717
2025-08-01,12+18,36346.84274861349,36289.9131027788,0.0,0.0,56.92964583468722,8.440899374999958,35913.115823809676,1296.6763091953717,1200.0000000000014
2025-08-02,12+18,38894.701196834314,38671.0900077438,0.0,0.0,223.6111890905164,39.02743701388823,40278.11557670885,1200.0000000000014,1635.2941261574088
2025-08-03,12+18,51427.8020642456,47873.52568985579,4.3059544352867265,0.0,3549.9704199545263,912.5907866388885,10668.592596509268,1635.2941261574088,1200.0
2025-08-04,12+18,57355.990533439595,51190.224051534526,233.97789553639888,0.0,5931.788586368668,1357.1698950277778,13134.876175807103,1200.0,1200.0000000000002
2025-08-05,12+18,57354.982163292596,49571.46108352224,0.0,0.0,7783.521079770356,2078.959249166666,11802.146201089676,1200.0000000000002,1200.0000000000007
2025-08-06,12+18,61187.34615095856,54365.098247119546,3.6393472887557965,0.0,6818.608556550255,1435.4291578055536,15056.6221647164,1200.0000000000007,1200.0000000000036
2025-08-07,12+18,55621.25185136547,53143.2365574971,1189.7346727970803,0.0,1288.2806210712947,308.0225504444453,20863.547265892317,1200.0000000000036,1275.2407712962952
2025-08-08,12+18,34380.82423953076,33553.14698095209,0.0,0.0,827.6772585786676,123.02166983333348,38293.417618800406,1275.2407712962952,1200.0000000000014
2025-08-09,12+18,34726.899285855514,33788.34546533243,0.0,0.0,938.5538205230822,139.16959558333315,34992.43572634465,1200.0000000000014,1236.174929555554
2025-08-10,12+18,57562.79956016241,50136.56367829573,1.5523660893664535,0.0,7424.683515777318,1552.6678807499993,12587.433893429012,1236.174929555554,1208.2539839814815
2025-08-11,12+18,52977.622350309386,48287.837031730596,1641.6820295671164,0.0,3048.1032890116794,731.4974676944441,12067.369145277778,1208.2539839814815,1286.5290595123495
2025-08-12,12+18,54685.06735693869,51708.45762849535,899.719970930001,0.0,2076.8897575133406,535.0366618333321,14087.479778835048,1286.5290595123495,1227.0704614197593
2025-08-13,12+18,55648.38791339421,47255.72188138989,3080.687152330032,0.0,5311.978879674294,1257.5145759583331,11036.106533194445,1227.0704614197593,1211.3219016203686
2025-08-14,12+18,56674.55645435336,48908.49860783721,59.53411810062563,0.0,7706.523728415531,1724.2112807777771,10032.341806795783,1211.3219016203686,1200.0000000000005
2025-08-15,12+18,36416.34511019672,34360.04014812377,0.0,0.0,2056.3049620729525,303.21599374999914,36847.519683564125,1200.0000000000005,1797.9192439814815
2025-08-16,12+18,37417.958917846416,35287.10498526731,0.0,0.0,2130.8539325791066,316.5054815000003,38694.283126683644,1797.9192439814815,1292.7172601851871
2025-08-17,12+18,53396.68419767625,49758.48486956663,542.0987938731747,0.0,3096.100534236448,596.3728015833343,15329.825904401583,1292.7172601851871,1200.0
2025-08-18,12+18,52549.68301475656,49014.678193870925,0.0,0.0,3535.004820885635,835.5825603194452,10914.779080446513,1200.0,1199.9999999999993
2025-08-19,12+18,52781.140631824164,47909.53628116494,165.2792458525231,0.0,4706.325104806705,1261.1988233888865,10162.784690472225,1199.9999999999993,1259.602413935186
2025-08-20,12+18,59424.076808013066,52284.34537252197,74.44452160843954,0.0,7065.286913882648,1533.167750930556,12526.42847538976,1259.602413935186,1200.0
2025-08-21,12+18,52971.964594319026,49902.5752212101,64.57755300443381,0.0,3004.8118201044963,654.2911321805561,12279.244187611972,1200.0,1201.9377104513878
2025-08-22,12+18,36278.95809400661,33167.96723787922,0.0,0.0,3110.990856127394,471.4954629444431,31802.495141045954,1201.9377104513878,1200.0000000000036
2025-08-23,12+18,34134.813451120244,31801.18279002039,0.0,0.0,2333.6306610998517,357.10790537499963,28825.931066972225,1200.0000000000036,1506.2109238518497
2025-08-24,12+18,53719.60154277903,48006.45914076498,380.0244123286472,0.0,5333.117989685409,1329.887764222222,10374.363081075098,1506.2109238518497,1230.9744620370388
2025-08-25,12+18,63452.403241077765,61306.91221374527,0.0,0.0,2145.491027332492,568.2917716527777,24263.096992887862,1230.9744620370388,1208.0844064351893
2025-08-26,12+18,53297.161369458954,48675.71546466768,393.50222637147937,0.0,4227.943678419797,1196.4488661111095,8979.281259358027,1208.0844064351893,1280.7116850777786
2025-08-27,12+18,56522.74413528504,49061.10259238554,4151.293918199357,0.0,3310.3476247001363,984.1729582119331,11489.303291541664,1280.7116850777786,1200.0000000000005
2025-08-28,12+18,60425.81439494566,47374.38907895021,5418.394620411881,0.0,7633.030695583565,1932.8118068333324,9180.722489750002,1200.0000000000005,1200.0000000000034
2025-08-29,12+18,37434.14541089421,34901.701703981176,0.0,0.0,2532.443706913039,375.59886551388956,32618.09714513889,1200.0000000000034,1419.9926379601861
2025-08-30,12+18,37404.54527217802,34210.76213748581,0.0,0.0,3193.783134692203,471.5975367499992,36031.955264498974,1419.9926379601861,1364.4239356666667
2025-08-31,12+18,63481.22171607744,48304.85364708976,17.545117035307502,0.0,15158.822951952374,3385.6971800277806,9719.903218040126,1364.4239356666667,1200.0000000000002
2025-09-01,12+18,53350.45675628186,53350.45675628186,0.0,0.0,0.0,0.0,29548.14977683779,1200.0000000000002,1289.0275214236137
2025-09-02,12+18,47398.941275004785,47334.39177826066,0.0,0.0,64.54949674412538,22.7206957916668,18655.737851545782,1289.0275214236137,1319.6621251504585
2025-09-03,12+18,48569.346903515005,48342.34032532449,0.0,0.0,227.00657819051364,40.859616194444364,19758.64203788957,1319.6621251504585,1199.999999999999
2025-09-04,12+18,48533.95060863255,47579.79115217265,0.0,0.0,954.1594564599009,187.82987068055672,18766.81518182614,1199.999999999999,1264.1259102546317
2025-09-05,12+18,32685.922859385562,30942.044672942444,0.0,0.0,1743.8781864431185,258.3025934166657,42997.53375049074,1264.1259102546317,1200.0000000000014
2025-09-06,12+18,31552.829468012318,30835.320813246235,0.0,0.0,717.508654766082,106.45746758333314,41942.60941298559,1200.0000000000014,1266.8961379969132
2025-09-07,12+18,48699.356406583385,45181.12148110861,0.0,0.0,3518.2349254747724,729.7345850972212,14923.18176655659,1266.8961379969132,1222.6453757291667
2025-09-08,12+18,49895.8983451107,49051.41698986148,620.4642671243889,0.0,224.01708812483295,98.0142602222221,17478.360274347226,1222.6453757291667,1209.5436344907412
2025-09-09,12+18,45678.04605186386,43331.61922605694,1388.9752055424583,0.0,957.451620264459,345.2358050833336,14610.066700450107,1209.5436344907412,1200.0000000000016
2025-09-10,12+18,50508.72168712198,49957.104428601655,81.0433623433842,0.0,470.57389617693514,110.9157676249995,16468.887909083336,1200.0000000000016,1243.972791226851
2025-09-11,12+18,52840.94254250965,50112.595626787865,0.0,0.0,2728.3469157217874,503.65427172222144,24485.58593528343,1243.972791226851,1358.1467643634287
2025-09-12,12+18,31003.382690753057,30633.227136834434,0.0,0.0,370.1555539186245,54.112576833333264,37988.750197117275,1358.1467643634287,1200.0000000000005
2025-09-13,12+18,30706.969101851282,30478.40062991568,0.0,0.0,228.56847193560165,34.22812058333295,41115.663042780856,1200.0000000000005,1280.3868129328707
2025-09-14,12+18,53385.630644108795,53112.49706486361,0.0,0.0,273.13357924518596,101.46364733333291,21307.697940596707,1280.3868129328707,1200.000000000001
2025-09-15,12+18,45420.33046721017,42279.533283937955,1020.641005289391,0.0,2120.156177982827,496.5394868611107,11209.375532083337,1200.000000000001,1269.8225805787006
2025-09-16,12+18,51429.28520501524,49734.24326015607,0.0,0.0,1695.0419448591683,500.48746662500025,18797.68701891718,1269.8225805787006,1220.7885007523162
2025-09-17,12+18,50202.49056042128,48139.27414912823,0.0,0.0,2063.2164112930577,638.3696983611117,14573.864847901237,1220.7885007523162,1227.0442117592588
2025-09-18,12+18,53031.52829770181,42659.192453278265,1240.4309014631262,0.0,9131.904942960417,2230.3354274444428,10168.77111377778,1227.0442117592588,1204.8422011111102
2025-09-19,12+18,30437.53160153418,28581.109915350597,0.0,0.0,1856.421686183583,280.3579435,30279.338044400203,1204.8422011111102,1455.1440569490753
2025-09-20,12+18,31928.633195321243,28824.812943696128,0.0,0.0,3103.820251625115,468.6449184166652,31361.08260355556,1455.1440569490753,1574.3691314629639
2025-09-21,12+18,48198.955896687934,46684.844678749396,0.0,0.0,1514.111217938535,407.80935327777775,14943.840357343794,1574.3691314629639,1215.1061259375024
2025-09-22,12+18,54093.43854434059,47257.93876700851,19.3274548380004,0.0,6816.1723224940815,1889.4753878194438,14559.529707546295,1215.1061259375024,1570.1415950018568
2025-09-23,12+18,52872.308094310436,46018.76440719064,0.0,0.0,6853.543687119799,1568.5746359999998,10350.62156237928,1570.1415950018568,2026.4009085194475
2025-09-24,12+18,54318.40562712166,40381.63570296571,3834.612734951691,0.0,10102.157189204263,3392.838657680554,7046.983731048354,2026.4009085194475,2915.624084845374
2025-09-25,12+18,51852.09190560309,43344.03708447391,1324.0338716937254,0.0,7184.020949435455,1944.9314134583356,10951.233724845684,2915.624084845374,1680.8236803777756
2025-09-26,12+18,34125.10249251343,28360.683609442207,0.0,0.0,5764.418883071229,866.0730250416666,29756.328038115575,1680.8236803777756,1945.4619236111128
2025-09-27,12+18,32800.59021777312,26207.82685337964,0.0,0.0,6592.763364393479,1066.1446912083334,26470.747419203704,1945.4619236111128,1875.9002715555555
2025-09-28,12+18,51505.95478196858,43965.36968177037,1622.414922543131,0.0,5918.170177655084,1706.0992928333321,6748.708973111108,1875.9002715555555,3172.1221816583356
2025-09-29,12+18,53293.27774592149,45549.41679307881,249.7539042132229,0.0,7494.107048629461,2006.5582251249984,8627.211565009424,3172.1221816583356,3742.4085115225325
2025-09-30,12+18,59670.91252874509,45238.62223867873,76.20210464055918,0.0,14356.088185425806,4030.705561777778,7963.776146266809,3742.4085115225325,2869.9114171870306
2025-10-01,12+18,43741.54255598067,42912.59926603588,29.850122657120398,0.0,799.0931672876654,357.9538831249994,17411.550754563286,2869.9114171870306,2816.521744073136
2025-10-02,12+18,48654.7142856905,47742.086111035824,44.437784807219145,0.0,868.1903898474566,398.141316166666,23416.985918481485,2816.521744073136,1662.407203726852
2025-10-03,12+18,26406.863411873932,24893.946322662436,0.0,0.0,1512.9170892114973,225.17153033333295,34299.5834662181,1662.407203726852,1870.754082883336
2025-10-04,12+18,30082.075325804406,28835.026340111457,0.0,0.0,1247.0489856929496,188.589558583332,35937.33513365278,1870.754082883336,2084.3089763763883
2025-10-05,12+18,48118.497882600874,46670.60230355328,396.47110207593977,0.0,1051.424476971651,449.56584824999936,17813.76913733146,2084.3089763763883,3125.4773766879584
2025-10-06,12+18,47731.43177079842,39793.5823305268,1530.4559640665946,0.0,6407.393476205027,1987.7288131249993,7608.9964500920905,3125.4773766879584,2560.9825220101775
2025-10-07,12+18,44845.61969081855,42464.84402651797,1803.677461851095,0.0,577.0982024494874,262.196607722223,8583.752655911529,2560.9825220101775,4181.606471018516
2025-10-08,12+18,42163.95394771708,40169.76637207949,159.69858815374138,0.0,1834.4889874838511,455.5908704583329,6986.04889210339,4181.606471018516,3392.851343736117
2025-10-09,12+18,47593.73694084825,46862.61924628462,3.7252612109999808,0.0,727.3924333526231,231.55730722222188,17982.765539480628,3392.851343736117,2656.9825635458305
2025-10-10,12+18,27821.123479666538,26392.38824380446,0.0,0.0,1428.7352358620765,215.84765441666565,35777.89993690947,2656.9825635458305,1902.4864740740732
2025-10-11,12+18,31020.75646554776,26881.49807969161,0.0,0.0,4139.258385856153,628.7904784166644,31653.944022406376,1902.4864740740732,2063.007118518517
2025-10-12,12+18,45631.25748797509,43267.42372625949,207.51975803386165,0.0,2156.314003681732,577.5199665000023,8407.571268231823,2063.007118518517,3621.89427682747
2025-10-13,12+18,46657.66804968464,43826.89472744233,0.0,0.0,2830.773322242305,629.1409854999984,10954.993238453186,3621.89427682747,4353.6435065533915
2025-10-14,12+18,48144.09287416432,45776.62467818032,69.77140576010561,0.0,2297.696790223899,599.711092805555,10047.292144869007,4353.6435065533915,4608.4261496499985
2025-10-15,12+18,48621.75615590732,46600.57517064361,1.248785229562431,0.0,2019.9322000341501,507.2153359722214,10714.94755929218,4608.4261496499985,4521.319826010497
2025-10-16,12+18,47817.30961227803,44493.08208994848,197.68099562421997,0.0,3126.5465267053264,848.9815507361087,7479.574667205759,4521.319826010497,3447.387078286572
2025-10-17,12+18,28273.96988598923,23836.628832079616,594.7255411044023,0.0,3842.6155128052123,580.3958438333339,27532.684886611114,3447.387078286572,1922.0424555555553
2025-10-18,12+18,30487.916707794397,27592.67908940065,0.0,0.0,2895.2376183937454,437.2277175833326,30595.40867209363,1922.0424555555553,1799.7412259259265
2025-10-19,12+18,50226.40033765719,47318.21829458877,0.0,0.0,2908.1820430684256,651.8065907916632,6254.726901592419,1799.7412259259265,5367.899280009413
2025-10-20,12+18,50828.00310094763,49048.75642712797,0.0,0.0,1779.2466738196579,473.5140299722227,9811.873511722564,5367.899280009413,5673.049369509871
2025-10-21,12+18,50517.00199186909,47852.65649626495,13.423991257935281,0.0,2650.921504346203,802.4538903055538,8080.627711951993,5673.049369509871,4884.666419672531
2025-10-22,12+18,51169.164036653725,45763.03575346317,293.6111551085757,0.0,5112.51712808198,1186.3294336111094,6213.70555392386,4884.666419672531,4768.691519771309
2025-10-23,12+18,56239.98893467842,53013.55914630451,483.21836816649216,0.0,2743.211420207413,539.2829842916674,21079.645558910488,4768.691519771309,2696.7408261848823
2025-10-24,12+18,32595.522611353175,25897.66830450354,0.0,0.0,6697.854306849636,1017.0008563333349,27309.725856777768,2696.7408261848823,2107.8342777777752
2025-10-25,12+18,35103.40468549249,28564.78850299536,0.0,0.0,6538.616182497126,987.8588946666667,31316.96134655144,2107.8342777777752,2102.9695629629646
2025-10-26,12+18,53486.57906910022,50651.51046550814,600.9765632814023,0.0,2234.092040310683,500.47022669444186,11811.109609665797,2102.9695629629646,4852.26321856745
2025-10-27,12+18,49852.25665625857,44964.5830342299,2380.3849813643083,0.0,2507.288640664358,569.401443861113,6904.984465437599,4852.26321856745,5658.544975325608
2025-10-28,12+18,51472.60457033597,44475.45819646229,4445.991666826429,0.0,2551.15470704725,708.530988625,7258.447684258228,5658.544975325608,5024.846969017596
2025-10-29,12+18,54955.012533068766,49315.75465742056,238.18623070114268,0.0,5401.0716449470665,1085.943712958333,7457.809973328709,5024.846969017596,5142.746540939352
2025-10-30,12+18,51334.444576455484,44364.4064989601,2312.4208431325674,0.0,4657.617234362811,1205.0944607499996,8963.203211166665,5142.746540939352,2683.556547675005
2025-10-31,12+18,35910.82832450719,29944.733549834516,0.0,0.0,5966.094774672671,906.8991200000005,28323.18316887037,2683.556547675005,2226.4122407407417
2025-11-01,12+18,31362.79885206092,27801.45969452013,0.0,0.0,3561.3391575407923,540.7782465000001,25339.25408767524,2226.4122407407417,1976.6441851851855
2025-11-02,12+18,55076.188470894296,50335.58475009386,179.69167266229218,0.0,4560.912048138136,1126.5891940833324,6862.933299377569,1976.6441851851855,4561.715548414822
2025-11-03,12+18,54143.65829112053,52387.6633602227,319.99394064347973,0.0,1436.0009902543563,451.9703541527771,9620.995706622594,4561.715548414822,5961.181966423611
2025-11-04,12+18,54849.79465913158,48316.34420757582,1820.6635313745182,0.0,4712.786920181234,996.1539192916651,7214.1157831249975,5961.181966423611,7479.460808329335
2025-11-05,12+18,54753.16787197068,53306.927657394044,226.23245109705113,0.0,1220.0077634795873,388.8661088333341,12522.330968902259,7479.460808329335,5871.407912606022
2025-11-06,12+18,53915.22767339146,50636.66630921693,1036.3285582972521,0.0,2242.232805877279,592.8233212222224,9465.343780136325,5871.407912606022,3276.601875242587
2025-11-07,12+18,33369.37244460055,29225.452897767216,0.0,0.0,4143.919546833333,622.3857579166665,27731.110194975307,3276.601875242587,2153.428274074076
2025-11-08,12+18,34577.99946152293,31919.726626156684,0.0,0.0,2658.272835366248,396.5372308333329,31438.86076082407,2153.428274074076,1837.8680185185206
2025-11-09,12+18,56198.93751222594,54615.68223026458,752.6373358862464,0.0,830.6179460751064,257.03826541666683,8535.614789654664,1837.8680185185206,5957.569228875001
2025-11-10,12+18,56070.17492321064,53432.520527148736,467.42342884609894,0.0,2170.230967215799,575.8150925972222,7565.981707071149,5957.569228875001,5519.938664068373
2025-11-11,12+18,56962.067889585785,55863.82322403059,205.9032412796018,0.0,892.3414242755975,254.9248302777778,11679.65630176989,5519.938664068373,5965.722848384259
2025-11-12,12+18,54314.61996084727,52986.10539371309,44.3862109273281,0.0,1284.1283562068515,275.6132281666678,9031.66673191941,5965.722848384259,5780.099875725002
2025-11-13,12+18,57082.88762639288,51640.435606598534,4441.782946516818,0.0,1000.6690732775281,276.3081583333335,12270.382385147634,5780.099875725002,2859.1786138351854
2025-11-14,12+18,35163.16800075548,31813.259291724444,0.0,0.0,3349.9087090310395,506.8937274166663,27639.426769630656,2859.1786138351854,1982.1569740740742
2025-11-15,12+18,38990.171472355876,36031.920086859,0.0,0.0,2958.251385496876,445.47469075000015,32930.675024962795,1982.1569740740742,1969.2896555555565
2025-11-16,12+18,59120.23068807027,55224.64571235366,2568.4932862036258,0.0,1327.0916895129758,351.0358524444433,7862.001313861116,1969.2896555555565,5942.840019168982
2025-11-17,12+18,55443.37364733755,51385.54779510185,3072.681318121545,0.0,985.1445341141539,338.61705880555576,7426.886018530864,5942.840019168982,5819.211697822221
2025-11-18,12+18,54949.06653289153,53687.89893841044,552.4959159426659,0.0,708.6716785384212,261.86729531944366,6298.579330736113,5819.211697822221,5967.196006312501
2025-11-19,12+18,56472.59330514327,53082.5959985406,1973.256642552079,0.0,1416.7406640505938,444.30813030555476,6279.260623805557,5967.196006312501,5970.670376467592
2025-11-20,12+18,56895.45691517959,52676.19714039328,3290.162794343892,0.0,929.0969804424152,274.08916754166626,9686.317460132199,5970.670376467592,3927.981669901853
2025-11-21,12+18,33071.769366305874,31512.142935039523,0.0,0.0,1559.6264312663548,234.77147595833344,25782.000341598254,3927.981669901853,2229.0520444444496
2025-11-22,12+18,40175.56013421949,36558.109069624596,0.0,0.0,3617.451064594898,549.3993672083336,32005.930387204215,2229.0520444444496,2178.391855555554
2025-11-23,12+18,57521.64532034207,55179.702707234275,894.2821473982124,0.0,1447.6604657095847,390.7227194444447,5856.641784611111,2178.391855555554,5988.894977625001
2025-11-24,12+18,56235.85779832803,52802.259234135425,2028.8697009740508,0.0,1404.7288632185512,368.8271787777769,7057.3546835277775,5988.894977625001,5990.629771125001
2025-11-25,12+18,61869.63929378772,60870.21497728957,44.293803172748156,0.0,955.1305133254021,314.9688325555554,14242.775206380662,5990.629771125001,5997.284947499999
2025-11-26,12+18,58257.61761402581,57037.09261784596,426.48519965282827,0.0,794.0397965270142,242.32842454166666,9443.344183262358,5997.284947499999,5626.370065773138
2025-11-27,12+18,56744.45663763113,55281.70668002276,796.2747415760915,0.0,666.4752160322755,168.20182719444426,9726.304497540119,5626.370065773138,3971.490918188896
2025-11-28,12+18,36635.40039077773,33430.852437108144,0.0,0.0,3204.5479536695843,478.41666070833344,27665.491390215535,3971.490918188896,1819.2487925925911
2025-11-29,12+18,44178.03093453895,40991.71505657486,0.0,0.0,3186.315877964088,481.3877544166673,34061.26509254732,1819.2487925925911,2069.5071185185216
2025-11-30,12+18,62603.60436116449,58959.34396739345,2458.2695475662185,0.0,1185.9908462048284,320.99922313888885,8075.6896395756285,2069.5071185185216,5477.621866133322
2025-12-01,12+18,76184.7341090987,60420.73275058344,7705.70572573555,0.0,8058.295632779722,2824.590111972222,9812.307386722228,5477.621866133322,8100.127558057877
2025-12-02,12+18,75573.68401881642,61305.54272744323,6816.824626879875,0.0,7451.316664493321,2563.2712454166676,10109.328672750007,8100.127558057877,7950.000000000002
2025-12-03,12+18,74975.53119746599,55114.003992159865,12161.627309693207,0.0,7699.899895612905,2814.1866960555562,8173.621970638895,7950.000000000002,7365.158939694451
2025-12-04,12+18,76332.68481725083,61561.047346117426,5959.214904846993,0.0,8812.422566286414,2700.6753135277772,10477.571101943931,7365.158939694451,8550.0
2025-12-05,12+18,37480.79518364378,37024.34307691795,0.0,0.0,456.4521067258315,97.2992267499996,25513.10188476132,8550.0,1825.8623148148115
2025-12-06,12+18,43027.34229916632,42084.350116610694,0.0,0.0,942.9921825556248,338.22293308333303,21613.843671914896,1825.8623148148115,6029.7329045888955
2025-12-07,12+18,71302.55375947269,64976.0722556722,3808.9602941212074,0.0,2517.521209679278,946.5990920277777,11505.66643583848,6029.7329045888955,6564.360074351854
2025-12-08,12+18,72756.19240633053,64983.41808354597,6116.771762637403,0.0,1656.002560147151,623.9404010138884,12254.093050763884,6564.360074351854,8550.0
2025-12-09,12+18,70129.57662379493,63518.85027624778,5263.654123195951,0.0,1347.0722243511934,471.430749722222,11556.639953430558,8550.0,7861.850945683655
2025-12-10,12+18,69653.5387300487,61261.51063970439,5578.664455381166,0.0,2813.3636349631356,849.7735264444433,7474.533333027777,7861.850945683655,8550.000000000002
2025-12-11,12+18,66140.27920222573,63268.52253974995,2245.054294282722,0.0,626.7023681930614,234.6355344999995,11349.102559687246,8550.000000000002,5804.574325124999
2025-12-12,12+18,40287.50845799334,40087.09566291596,0.0,0.0,200.41279507737516,29.847703000000024,26218.839284679016,5804.574325124999,1792.8850592354959
2025-12-13,12+18,43926.79891392953,43102.290859526445,0.0,0.0,824.5080544030849,232.26016275000018,23397.46952677814,1792.8850592354959,5455.852408149069
2025-12-14,12+18,71980.71727414416,61776.03177941535,7964.422963730683,0.0,2240.2625309981286,640.5208126527771,8117.315071236118,5455.852408149069,8550.0
2025-12-15,12+18,69307.97056518098,61187.47582800484,5777.633245058995,0.0,2342.861492117138,731.7888639999995,7243.069974666669,8550.0,8550.0
2025-12-16,12+18,68865.35014867774,65422.149190386146,3338.294978541134,0.0,104.90597975045587,38.483149499999286,9570.423436111116,8550.0,8550.000000000002
2025-12-17,12+18,69301.23169311174,65525.01569476238,3242.0836642073573,0.0,534.1323341420011,176.8696012500002,11879.933749416665,8550.000000000002,7950.000000000001
2025-12-18,12+18,66879.70681188809,62814.03764089724,3590.7891165083875,0.0,474.8800544824574,213.80579379166636,9533.044522791672,7950.000000000001,5851.662141187502
2025-12-19,12+18,41889.60795981292,39989.12122699959,0.0,0.0,1900.486732813336,287.59739941666703,26654.653062914615,5851.662141187502,1998.6693074074085
2025-12-20,12+18,46448.39084540431,44010.85089404973,0.0,0.0,2437.539951354588,520.7761804166673,27290.726805280858,1998.6693074074085,4541.344320971308
2025-12-21,12+18,72169.77628168133,66307.21633580813,5357.420807012565,0.0,505.1391388606461,131.6705056666666,10802.908215486112,4541.344320971308,8550.000000000002
2025-12-22,12+18,68587.54679266227,64347.29076876902,3551.302065219513,0.0,688.9539586737309,169.82858087500006,9320.521704041668,8550.000000000002,8550.000000000002
2025-12-23,12+18,68451.58589355083,65896.86768030927,2068.1956948122106,0.0,486.52251842935914,111.98044654166756,12054.021136958338,8550.000000000002,8247.85388804862
2025-12-24,12+18,67867.53912088553,65311.95679706507,2016.435444811929,0.0,539.146879008535,123.79755666666551,9929.866192666675,8247.85388804862,8550.0
2025-12-25,12+18,65958.98375656818,62291.75952214767,3046.9856709024602,0.0,620.2385635180483,171.50287104166787,9096.021469124995,8550.0,5964.213318562501
2025-12-26,12+18,42202.705761642974,41211.704224812056,0.0,0.0,991.0015368309188,153.70925020833363,28431.308575512514,5964.213318562501,2015.3302703703725
2025-12-27,12+18,47287.32070830521,44330.29425124603,0.0,0.0,2957.026457059186,636.2687131249996,28552.65841881705,2015.3302703703725,3780.2016617180525
2025-12-28,12+18,69080.89561541485,66776.8420786949,1607.7909505400853,0.0,696.2625861798555,141.2751014166667,10295.280883010288,3780.2016617180525,8026.807872986105
2025-12-29,12+18,67187.26999459416,63641.73548625842,2914.233243807669,0.0,631.301264528064,160.03817962500057,9763.124532541664,8026.807872986105,8048.205681131946
2025-12-30,12+18,66002.69083098733,64090.53038589504,1709.2983195806378,0.0,202.86212551164542,49.876331249999794,9949.866545827155,8048.205681131946,8550.000000000004
2025-12-31,12+18,67112.17187262503,64211.23792402911,1946.7798703360345,0.0,954.1540782598788,269.51338008333346,9729.987726972227,8550.000000000004,6979.8220262129535
2025-02-01,6+12+18,40393.56032246002,36489.647963254785,0.0,0.0,3903.9123592052315,586.7534597083336,28659.1558420144,1833.3933073148146,1966.8670781125033
2025-02-02,6+12+18,62206.74283960109,59071.34020352422,103.63747595630967,0.0,3031.765160120559,547.4695044861115,10093.337774253434,1966.8670781125033,4972.8259164898145
2025-02-03,6+12+18,63362.966949068876,58413.57269187791,0.0,0.0,4949.394257190965,1036.3593935277781,8235.261056473593,4972.8259164898145,6578.02558993055
2025-02-04,6+12+18,64360.95703820337,59168.73585378722,85.14449525643931,0.0,5107.076689159705,1121.3863298472243,10790.327470020426,6578.02558993055,4771.869931602302
2025-02-05,6+12+18,60189.73773470639,55794.99049232951,200.60540566795464,0.0,4194.141836708921,928.1555935833312,4063.3377718100082,4771.869931602302,5817.592957267448
2025-02-06,6+12+18,65172.29021883068,59115.75836567434,155.22831749406657,0.0,5901.303535662277,1238.7375366666677,12215.836952629976,5817.592957267448,4250.609158414815
2025-02-07,6+12+18,39576.82037777873,33867.55021537175,0.0,0.0,5709.270162406974,868.6276762916657,29434.85959832596,4250.609158414815,1897.1279444444453
2025-02-08,6+12+18,36627.300175438184,29942.028812804016,0.0,0.0,6685.27136263417,1038.223147458334,21485.842290951987,1897.1279444444453,2204.9019074074076
2025-02-09,6+12+18,60545.93354948252,57140.6204428845,0.0,0.0,3405.3131065980233,722.5177519675965,5002.041663807717,2204.9019074074076,6131.945666840118
2025-02-10,6+12+18,58375.28867087593,52086.28120931341,1922.0513845580867,0.0,4366.956077004437,884.2204563472251,8788.344806368841,6131.945666840118,5445.061425468972
2025-02-11,6+12+18,62853.815172823895,53200.54802895524,114.427263124474,0.0,9538.839880744177,2040.1363293333325,7597.919229570476,5445.061425468972,5861.551550598921
2025-02-12,6+12+18,63856.89067712682,52640.046048381264,71.47707652263335,0.0,11145.367552222928,2324.9732614444424,7280.439066491591,5861.551550598921,6242.847583125002
2025-02-13,6+12+18,54340.16046503218,48251.20875497002,849.1176468257461,0.0,5239.83406323641,1140.144339569447,7785.215384360776,6242.847583125002,3829.222452521757
2025-02-14,6+12+18,34489.638260922344,28721.243827185062,0.0,0.0,5768.39443373728,886.864559555556,23557.897489036688,3829.222452521757,1892.7347851851869
2025-02-15,6+12+18,35776.551627494504,30104.639236164796,0.0,0.0,5671.912391329711,884.0469758611108,24368.611288348766,1892.7347851851869,2009.4295962962988
2025-02-16,6+12+18,68585.97961851556,53825.58212584658,148.31436786981777,0.0,14612.083124799152,3163.0721162500004,9052.872193923527,2009.4295962962988,4826.507801936106
2025-02-17,6+12+18,62799.19040405593,51798.76458864243,47.842658391038874,0.0,10952.58315702246,2377.8628777638914,12381.986172452678,4826.507801936106,4768.843894731014
2025-02-18,6+12+18,59911.022170250224,45773.07630319899,854.9803989299272,0.0,13282.965468121307,3076.1931803292164,1482.0175768055542,4768.843894731014,6092.7294012962975
2025-02-19,6+12+18,60993.20572085372,45325.355825586725,1008.2920756090335,0.0,14659.557819657966,3506.740585421292,1757.760916748785,6092.7294012962975,5837.709193842602
2025-02-20,6+12+18,60254.81875449477,47005.501325929305,0.0,0.0,13249.317428565471,2925.691976299383,7260.419693731311,5837.709193842602,4120.304614143215
2025-02-21,6+12+18,30294.969444268143,25305.03157288083,0.0,0.0,4989.937871387314,846.9659941388901,21411.174536143688,4120.304614143215,2088.4738518518534
2025-02-22,6+12+18,32206.955025201,26938.420590017675,0.0,0.0,5268.5344351833255,857.7820517222219,20075.82876027949,2088.4738518518534,2045.8534333333323
2025-02-23,6+12+18,64217.03540551065,47292.27442890632,124.12092321215862,0.0,16800.64005339217,3878.703691379629,4588.982269416496,2045.8534333333323,4740.022121362034
2025-02-24,6+12+18,60895.14180721692,44537.96696869108,89.71636182167379,0.0,16267.458476704167,3535.002169361107,4943.514268432092,4740.022121362034,4108.040812663894
2025-02-25,6+12+18,61171.26796653311,45594.02039520529,6.950787707291266,0.0,15570.296783620532,3601.3581774861095,8047.129676324247,4108.040812663894,5662.421881558643
2025-02-26,6+12+18,62379.45603790475,40164.44409186493,2413.474721558424,0.0,19801.537224481403,4781.413316597222,1551.7606950234872,5662.421881558643,5425.532994552472
2025-02-27,6+12+18,60850.552250799235,41505.32023238424,493.14713717310997,0.0,18852.084881241884,4232.107274749997,3524.853578210904,5425.532994552472,4229.788080061726
2025-02-28,6+12+18,29591.03499699893,23734.307291030775,0.0,0.0,5856.727705968154,1105.9679374722184,20776.28607885699,4229.788080061726,1815.856437037037
2025-03-01,6+12+18,37941.772176443614,28264.09180031564,0.0,0.0,9677.680376127973,1685.9133864444436,28861.61532395215,1815.856437037037,1325.0686259259278
2025-03-02,6+12+18,67013.95113936946,48726.33843333647,364.0372650164841,0.0,17923.575441016503,3941.786891124996,5848.397466026227,1325.0686259259278,4200.645340785649
2025-03-03,6+12+18,71427.08709869994,48977.73152267926,423.8131323664842,0.0,22025.542443654187,4792.650317125,10911.040111153303,4200.645340785649,3438.2572059274617
2025-03-04,6+12+18,63211.89864239125,43593.882721655085,321.7102959149396,0.0,19296.305624821223,4793.968847402773,2623.14885924142,3438.2572059274617,4858.705337588263
2025-03-05,6+12+18,62628.6508057336,44903.32839334698,140.95291931183593,0.0,17584.369493074784,3849.3236689583323,10292.045383846362,4858.705337588263,3361.597116549527
2025-03-06,6+12+18,59655.80959237665,42426.3283069447,314.00006536856256,0.0,16915.481220063393,3878.1303798194435,6474.316840967254,3361.597116549527,2349.0625351453714
2025-03-07,6+12+18,33473.3915060968,26183.6723803314,0.0,0.0,7289.719125765398,1320.0821221388906,26443.341973182098,2349.0625351453714,1511.9901740740759
2025-03-08,6+12+18,29978.991450363308,24282.252385538755,0.0,0.0,5696.739064824552,951.3768031666663,23615.848066509094,1511.9901740740759,1790.2569518518487
2025-03-09,6+12+18,60475.315641442096,45257.947490127124,1548.4305217194346,0.0,13668.93762959554,2959.8202018750026,12521.652466217942,1790.2569518518487,2893.614448748144
2025-03-10,6+12+18,61096.28940732363,42413.0388637,1426.3532482092978,0.0,17256.897295414332,4082.589400166662,5217.335980366253,2893.614448748144,3037.8223141296344
2025-03-11,6+12+18,61450.46063208463,38265.617542380205,3435.145079242658,0.0,19749.69801046177,4525.353098333328,4212.812514985596,3037.8223141296344,3589.83630542037
2025-03-12,6+12+18,59067.122985049966,43523.96897210275,2078.028129164577,0.0,13465.125883782634,3081.3269315972207,11807.451638784285,3589.83630542037,3398.3779861412077
2025-03-13,6+12+18,59463.03226520849,43447.03597417308,328.84219925787454,0.0,15687.154091777538,3477.616455819442,6333.2787041671945,3398.3779861412077,2681.525990589812
2025-03-14,6+12+18,27787.268060352384,23345.0421081065,0.0,0.0,4442.225952245884,713.463724138887,26237.47558750429,2681.525990589812,1592.8186555555535
2025-03-15,6+12+18,28919.819946600248,23700.18278393026,0.0,0.0,5219.637162669987,891.6802683055557,21457.28271206876,1592.8186555555535,1780.777866666665
2025-03-16,6+12+18,54918.73950855153,42621.72201444596,738.2976464847283,0.0,11558.71984762084,2702.051097138887,7036.437496042334,1780.777866666665,2760.4484400273213
2025-03-17,6+12+18,54268.745390876975,38873.252119626326,2379.9540486467204,0.0,13015.539222603924,2919.5561990000006,10643.040596186222,2760.4484400273213,2175.7114656324084
2025-03-18,6+12+18,57403.9053872997,44854.72370986513,105.06490596561993,0.0,12444.116771468947,2636.482054629795,12798.048860205756,2175.7114656324084,3031.081299366818
2025-03-19,6+12+18,54361.123581102736,36760.467118226705,2734.629499022528,0.0,14866.026963853501,3663.0442381111097,6812.88733971399,3031.081299366818,1563.7198355824103
2025-03-20,6+12+18,59511.31949503244,42315.86611654061,1946.3661422173132,0.0,15249.087236274518,3382.9775495277772,10733.871776805732,1563.7198355824103,1325.5504805978378
2025-03-21,6+12+18,29361.30405114116,23051.13154320429,0.0,0.0,6310.172507936872,1056.0681819166664,28401.240937526745,1325.5504805978378,1857.376074074075
2025-03-22,6+12+18,27326.746274357956,23440.23668492307,0.0,0.0,3886.509589434885,670.7192059027773,24993.40697328995,1857.376074074075,1991.7952518518516
2025-03-23,6+12+18,50630.641015173096,42576.722462963015,21.5791925547907,0.0,8032.339359655292,1874.7203508888883,11572.13964167044,1991.7952518518516,1895.0371833910472
2025-03-24,6+12+18,50171.83519423918,39871.60361093865,787.6757501626147,0.0,9512.555833137923,2257.509869236111,9239.534219241252,1895.0371833910472,1909.3753314084877
2025-03-25,6+12+18,55470.55850780394,44446.30032335068,473.3070837421998,0.0,10550.951100711054,2500.806257388891,13060.191964449932,1909.3753314084877,2522.2980354311726
2025-03-26,6+12+18,47680.71752025864,38587.01476418285,211.95509523455416,0.0,8881.747660841236,2174.420119624999,8324.659711195993,2522.2980354311726,1761.0866714120339
2025-03-27,6+12+18,52931.346231092815,40890.6923340083,0.0,0.0,12040.653897084514,2871.6989591249976,10244.004431899695,1761.0866714120339,1586.9141750947501
2025-03-28,6+12+18,27840.798387410512,22838.428853599173,0.0,0.0,5002.3695338113375,863.4631588750005,29543.59883618124,1586.9141750947501,2186.767861111117
2025-03-29,6+12+18,26553.558399832826,21455.393035860106,0.0,0.0,5098.165363972718,851.2935239999994,30656.841145881,2186.767861111117,2284.9593592592605
2025-03-30,6+12+18,52120.921489441294,39639.47541579588,265.1128718445279,0.0,12216.33320180089,2934.7429131666645,12308.673321540984,2284.9593592592605,1998.0825663398175
2025-03-31,6+12+18,51578.72528279534,35223.18107508115,2917.004767871148,0.0,13438.539439843044,3256.273330611108,6287.224452855283,1998.0825663398175,1451.9326566052484
2025-04-01,6+12+18,49966.637377879975,41429.98495251898,656.3631057803714,0.0,7880.289319580623,2036.207159888891,10011.783338723595,1451.9326566052484,2233.591928616665
2025-04-02,6+12+18,49083.34647836281,39366.66299786732,1108.8115783908995,0.0,8607.871902104582,2123.368596055552,7195.794850830762,2233.591928616665,1761.6746510796315
2025-04-03,6+12+18,48052.693705243895,41169.72026590527,348.49400226678057,0.0,6534.479437071844,1606.2527863472212,11997.404859015449,1761.6746510796315,1905.296215174071
2025-04-04,6+12+18,26224.663982851507,21194.300321938397,0.0,0.0,5030.36366091311,865.7964083333343,31860.34585824709,1905.296215174071,1927.5154796296256
2025-04-05,6+12+18,27366.89735651197,20848.482066273937,0.0,0.0,6518.415290238033,1327.3033936944437,26387.792322755136,1927.5154796296256,1633.762107407409
2025-04-06,6+12+18,47184.43439094141,38054.9371193086,1983.7935361395018,0.0,7145.703735493312,1716.999289972223,11531.976371176443,1633.762107407409,1733.1499446970658
2025-04-07,6+12+18,47600.71067200614,34066.17199900088,1954.6869913518774,0.0,11579.851681653387,2705.517660388889,5740.346075919076,1733.1499446970658,2260.251338754622
2025-04-08,6+12+18,51266.90917701046,38818.36707865738,113.28900473061955,0.0,12335.253093622454,2749.473309333329,10922.756663157064,2260.251338754622,2522.278806451233
2025-04-09,6+12+18,50180.70282742826,37852.05480999986,1073.8961718800138,0.0,11254.751845548379,2621.296973888887,6064.714781524189,2522.278806451233,2249.2084525827145
2025-04-10,6+12+18,50426.182760912176,37869.91216171325,855.702940122593,0.0,11700.56765907633,2627.974818472221,9569.418536399711,2249.2084525827145,2208.8814702478385
2025-04-11,6+12+18,24267.33870165006,19712.546873190804,0.0,0.0,4554.791828459255,749.8272208888899,30949.274870474277,2208.8814702478385,1938.686972222222
2025-04-12,6+12+18,24790.69917517605,21508.45788626961,0.0,0.0,3282.2412889064417,532.721674583334,29366.923672053836,1938.686972222222,1822.9730833333347
2025-04-13,6+12+18,48250.5505678774,35643.905674588095,1251.0026163031966,0.0,11355.64227698611,2698.030985000001,7210.082503227026,1822.9730833333347,1941.1287386748447
2025-04-14,6+12+18,50496.70946002868,37886.76377901666,372.3042019061933,0.0,12237.641479105829,2936.7421223333304,11444.143383204215,1941.1287386748447,2385.5732126648168
2025-04-15,6+12+18,44972.38208353959,32759.903803965837,1322.9370987339273,0.0,10889.541180839826,2480.2056040277766,6670.5946073977975,2385.5732126648168,2116.890104491984
2025-04-16,6+12+18,47336.377899223546,36086.47679143598,1375.4440727657,0.0,9874.457035021864,2318.1207459583306,6207.1361141683865,2116.890104491984,2903.7889032424346
2025-04-17,6+12+18,47199.92989013999,33474.855345755685,2803.41754970629,0.0,10921.656994678015,2398.629946916669,5798.278660669407,2903.7889032424346,2804.856087536419
2025-04-18,6+12+18,25086.634604508516,19570.405630836718,0.0,0.0,5516.228973671797,930.8678683611097,30131.59499697222,2804.856087536419,2192.058461111113
2025-04-19,6+12+18,23764.97039368968,19460.33172303766,0.0,0.0,4304.63867065202,675.80414936111,29355.247372379286,2192.058461111113,2221.241007407403
2025-04-20,6+12+18,44098.804098995206,34058.908182499916,1807.971526586482,0.0,8231.924389908812,1930.9138462361125,5647.854140087287,2221.241007407403,2999.9568201672773
2025-04-21,6+12+18,45518.32569665067,35267.653856368066,525.723598890308,0.0,9724.948241392296,2254.1715281111055,11871.372273157063,2999.9568201672773,2795.953471150311
2025-04-22,6+12+18,44799.50804889764,32325.422686097594,3198.303151683721,0.0,9275.782211116322,2175.0150148611147,5712.656655204053,2795.953471150311,2746.694198727464
2025-04-23,6+12+18,43610.15642668925,31305.9749340507,5018.273876145111,0.0,7285.90761649344,1834.0297378472187,6917.68002573251,2746.694198727464,2313.4865747351887
2025-04-24,6+12+18,43620.662956236105,32180.45705935379,2682.514886312765,0.0,8757.691010569553,2073.143031277777,9447.348351316363,2313.4865747351887,2594.291759351854
2025-04-25,6+12+18,24432.130260683705,19264.639809814536,0.0,0.0,5167.490450869171,811.8079092777774,34048.62408571175,2594.291759351854,1909.6115388888895
2025-04-26,6+12+18,24888.901918691336,19366.59590338343,0.0,0.0,5522.306015307905,851.2689368333316,35640.86587605435,1909.6115388888895,2040.1622148148124
2025-04-27,6+12+18,46300.59940068331,31619.730197296994,3102.9048661448314,0.0,11577.964337241487,2642.021674013886,7914.174570867281,2040.1622148148124,2347.5826364819454
2025-04-28,6+12+18,46074.858635756755,36972.95376569559,2161.9620755827636,0.0,6939.942794478407,1470.9640757638867,8410.262574679356,2347.5826364819454,2490.0889483333303
2025-04-29,6+12+18,39940.70671120749,32233.78069890144,1696.206044109237,0.0,6010.719968196814,1327.5955775416671,7932.630531500686,2490.0889483333303,1699.9701402243809
2025-04-30,6+12+18,46504.148223932,31609.219243421605,897.1217851076967,0.0,13997.8071954027,3477.8700653055525,6076.895841010979,1699.9701402243809,1967.881343965118
2025-05-01,6+12+18,53697.84412262852,32574.99368095656,2994.8892599717346,0.0,18127.961181700226,3824.659239111109,7161.891078456781,1967.881343965118,2395.6678319444504
2025-05-02,6+12+18,31061.39556942377,20687.603792697428,0.0,0.0,10373.791776726343,1633.471485763888,24054.05077786746,2395.6678319444504,2139.0434333333314
2025-05-03,6+12+18,31025.710789209494,19757.510138592883,0.0,0.0,11268.200650616609,1752.739796944444,28606.62191529835,2139.0434333333314,1969.8290925925949
2025-05-04,6+12+18,57030.48240228741,34237.97424715369,642.5430353730114,0.0,22149.96511976071,5263.360880805556,9706.004824738164,1969.8290925925949,2089.379542435499
2025-05-05,6+12+18,54318.946215232616,35902.6545359061,323.69318590042894,0.0,18092.598493426096,3967.648134749995,7043.6031213051965,2089.379542435499,1622.7182590271666
2025-05-06,6+12+18,50843.02942443543,31989.811434878477,5251.415635945836,0.0,13601.802353611114,3014.3368999305576,5788.750322612303,1622.7182590271666,1997.0486669753132
2025-05-07,6+12+18,50149.08901408728,34356.270629543666,4200.749461675843,0.0,11592.068922867773,2422.148237319442,7041.452040293724,1997.0486669753132,1466.143516095369
2025-05-08,6+12+18,49242.19722800606,37067.62897374276,1853.1734539770332,0.0,10321.394800286267,2191.2798366388884,9193.86338605453,1466.143516095369,1378.0744914759239
2025-05-09,6+12+18,26640.01054807256,21260.51260440504,0.0,0.0,5379.49794366752,830.2453036944444,29391.09096250342,1378.0744914759239,1733.8477302785545
2025-05-10,6+12+18,26442.186218699804,20794.390468370366,0.0,0.0,5647.79575032944,904.6562374722217,25811.50010548388,1733.8477302785545,1744.0376191188284
2025-05-11,6+12+18,47940.61902378079,36005.54855559413,1724.0584017307333,0.0,10211.012066455925,2232.536293236109,7869.407237228399,1744.0376191188284,1200.0000000000011
2025-05-12,6+12+18,46746.77628642216,32989.19462349986,5341.743020402877,0.0,8415.838642519415,1789.9710187916655,8632.526073342597,1200.0000000000011,1307.3984008111102
2025-05-13,6+12+18,48201.541989152305,37591.1300595335,2000.6287874713908,0.0,8609.783142147422,1827.6836292916685,13112.43391942747,1307.3984008111102,1200.0000000000002
2025-05-14,6+12+18,47796.81201919961,37671.483517786284,1346.6309184986303,0.0,8778.697582914694,1938.292204976853,11239.932023597572,1200.0000000000002,1200.000000000001
2025-05-15,6+12+18,45635.143060298724,38117.27599443593,1808.1520958372707,0.0,5709.714970025522,1422.0848255416652,10339.576367238677,1200.000000000001,1200.0000000000005
2025-05-16,6+12+18,24857.14579125539,22181.020889940373,0.0,0.0,2676.124901315016,423.09290833333364,35058.45173677298,1200.0000000000005,1742.2890825833315
2025-05-17,6+12+18,26929.143881053882,21727.353100492244,0.0,0.0,5201.790780561638,798.5287261527775,27605.142660886828,1742.2890825833315,1809.3527639645076
2025-05-18,6+12+18,42662.64468348767,39284.703900591805,732.2622008204805,0.0,2645.6785820753885,778.7859192361095,12162.663778097565,1809.3527639645076,1200.0000000000005
2025-05-19,6+12+18,41529.55422241359,36202.43541476411,1001.30295279394,0.0,4325.815854855537,903.7379372916672,12501.375240491258,1200.0000000000005,1501.698116668521
2025-05-20,6+12+18,45228.319373669176,35974.50092080605,3326.8741038148073,0.0,5926.944349048314,1301.282006722221,8956.08614297994,1501.698116668521,1199.9999999999995
2025-05-21,6+12+18,43851.19506229855,34714.66102345239,5190.074608771885,0.0,3946.4594300742783,958.7830441944449,10105.985255027776,1199.9999999999995,1200.000000000001
2025-05-22,6+12+18,42815.35977885046,36987.484839880985,1910.001449370549,0.0,3917.8734895989323,927.9752633472212,10666.399413746914,1200.000000000001,1200.0000000000002
2025-05-23,6+12+18,23695.64443311061,22022.13569986327,391.37835214359393,0.0,1282.1303811037458,200.22198041666604,31539.67710713889,1200.0000000000002,1904.5210351203684
2025-05-24,6+12+18,23447.02650041721,22355.53653472309,0.0,0.0,1091.4899656941204,168.05346983333266,34528.29399252212,1904.5210351203684,1567.874847430554
2025-05-25,6+12+18,41191.24103480973,37244.077370076986,1082.6109432015612,0.0,2864.552721531187,735.205308388889,13250.684558117791,1567.874847430554,1200.0000000000011
2025-05-26,6+12+18,45644.027163633524,36713.87727629955,5962.308511345309,0.0,2967.8413759886644,822.614052208333,11593.975469958335,1200.0000000000011,1200.0000000000002
2025-05-27,6+12+18,43003.52673968958,35024.62485314706,4401.918363265476,0.0,3576.9835232770447,908.7625948750024,11353.9903753215,1200.0000000000002,1396.4058340703705
2025-05-28,6+12+18,41270.8923683869,38711.60330656871,1501.098748979191,0.0,1058.190312839005,374.17053141666787,11911.028690728395,1396.4058340703705,1200.0000000000002
2025-05-29,6+12+18,46688.237680216844,38694.925026511795,4133.325332415517,0.0,3859.9873212895363,1018.3548545277763,13424.040812078183,1200.0000000000002,1407.3161298851874
2025-05-30,6+12+18,23220.52050607196,23138.46743942071,0.0,0.0,82.05306665125067,25.29746541666674,32379.562623811038,1407.3161298851874,1556.4847943148188
2025-05-31,6+12+18,26296.769332478965,25116.482900573697,0.0,0.0,1180.286431905268,243.63347237499954,33683.927741248284,1556.4847943148188,1666.6079123379625
2025-06-01,6+12+18,69148.95288486959,48349.16937073285,4095.019699404752,0.0,16704.76381473198,4312.080326333333,13042.060672212287,1666.6079123379625,1858.865540793209
2025-06-02,6+12+18,63533.39339210928,50227.49639744821,1718.0200991506463,0.0,11587.87689551043,3229.232704722222,14114.360178547156,1858.865540793209,2276.401692438275
2025-06-03,6+12+18,62346.81127132152,46266.071138608306,5341.961353683246,0.0,10738.77877902997,2876.8058143611124,12333.365262213312,2276.401692438275,1864.1520032740689
2025-06-04,6+12+18,64660.99624701807,54463.07994500793,3633.468284204705,0.0,6564.448017805438,2344.9769795972206,21422.901758814816,1864.1520032740689,1200.0000000000002
2025-06-05,6+12+18,60737.634183041635,48216.61753211487,6870.668051269299,0.0,5650.348599657464,1716.7321304305544,12484.657366750003,1200.0000000000002,1298.0887897916666
2025-06-06,6+12+18,35141.83197397516,33321.27455771519,0.0,0.0,1820.5574162599703,304.40783100720483,25599.75135798903,1298.0887897916666,1200.0000000000002
2025-06-07,6+12+18,37931.89485108758,36270.09833416637,0.0,0.0,1661.7965169212102,293.65781541666706,31916.972569146776,1200.0000000000002,1435.6374014351863
2025-06-08,6+12+18,55237.022854291106,49086.77149800772,3285.320297247576,0.0,2864.9310590358095,775.1349032499992,16522.674241396264,1435.6374014351863,1200.0000000000002
2025-06-09,6+12+18,59254.936652235214,56065.80745138901,1000.1918249664532,0.0,2188.937375879752,806.5842731249991,17088.396276178333,1200.0000000000002,1257.5641605092594
2025-06-10,6+12+18,59476.102259022584,52296.8502146958,5393.730310672647,0.0,1785.5217336541357,656.2024826666661,14837.064407814301,1257.5641605092594,1236.1294171018515
2025-06-11,6+12+18,63287.45128757648,57450.22635805166,4778.557105981326,0.0,1058.667823543495,399.4021910000006,15534.271196568936,1236.1294171018515,1200.8333069907412
2025-06-12,6+12+18,59376.336990107484,56443.60176029617,2049.9684226074396,0.0,882.7668072038737,327.46204937499976,16143.641254682107,1200.8333069907412,1259.3063233333335
2025-06-13,6+12+18,35793.74299891045,34953.963774267824,0.0,0.0,839.7792246426259,125.15726482201342,30315.202864689134,1259.3063233333335,1199.9999999999995
2025-06-14,6+12+18,36498.2686783202,35711.00966195707,0.0,0.0,787.2590163631337,124.0066259722214,34065.64269952538,1199.9999999999995,1199.999999999999
2025-06-15,6+12+18,59827.3542887615,54158.42705414764,5470.259157081251,0.0,198.66807753259997,40.08130155555614,18049.220336352886,1199.999999999999,1202.5866832407412
2025-06-16,6+12+18,61674.62579311319,56503.43923904758,4651.754408068374,0.0,519.4321459972439,202.66601543055572,18142.76737162792,1202.5866832407412,1253.4689056018524
2025-06-17,6+12+18,62894.27379660436,57728.26808957869,4396.800353187833,0.0,769.205353837833,257.81943320833307,17857.92611662294,1253.4689056018524,1278.1941949074085
2025-06-18,6+12+18,62211.70900484014,58222.294844791555,3528.0419403148935,0.0,461.3722197336924,167.91391699999934,21884.013667239193,1278.1941949074085,1263.0971787037035
2025-06-19,6+12+18,61710.68230921435,55240.48130008471,5994.927921337321,0.0,475.2730877923134,156.40250470833314,22114.70194402743,1263.0971787037035,1341.9405205092596
2025-06-20,6+12+18,35316.00190983799,35268.81752197549,0.0,0.0,47.18438786250008,6.999612500000012,36391.55639284738,1341.9405205092596,1200.0000000000014
2025-06-21,6+12+18,33410.53248956824,32868.27679109099,0.0,0.0,542.2556984772509,80.04565100000013,34477.438113784636,1200.0000000000014,1442.9670894814785
2025-06-22,6+12+18,58334.73491946614,54675.67723751775,3317.1024413080386,0.0,341.95524064034544,117.46990281944407,20689.011621910835,1442.9670894814785,1210.6631053703709
2025-06-23,6+12+18,57834.64685258936,56632.40921453662,956.451271713083,0.0,245.78636633965152,96.134246819444,19929.532731154322,1210.6631053703709,1282.0623413888895
2025-06-24,6+12+18,66236.14195577757,64190.40117131059,1744.5257359695129,0.0,301.21504849747197,110.37340549999988,22000.39464383196,1282.0623413888895,1246.6639109259265
2025-06-25,6+12+18,61437.111669291786,57290.920410591134,4013.46779072398,0.0,132.7234679766662,39.571620611110916,21350.13902667833,1246.6639109259265,1211.3981774691358
2025-06-26,6+12+18,59021.9278011969,55769.19434992899,3245.71330950287,0.0,7.020141765042109,3.1940937500002065,20859.31979108334,1211.3981774691358,1200.0000000000007
2025-06-27,6+12+18,36507.18243219905,36253.421650749064,0.0,0.0,253.76078144998638,37.63988362500004,38853.828105249486,1200.0000000000007,1680.3540481481518
2025-06-28,6+12+18,35430.458919046294,35362.077094355045,0.0,0.0,68.38182469125086,10.144166250000126,36131.158117271436,1680.3540481481518,1362.2879117191358
2025-06-29,6+12+18,60695.063086635884,54388.13192564823,6087.650946829316,0.0,219.28021415833996,89.60026412499988,20233.50968809311,1362.2879117191358,1217.1833889351858
2025-06-30,6+12+18,60418.270995486266,58424.75586807419,1432.0744023443767,0.0,561.4407250676932,182.34749031944426,20884.401458792694,1217.1833889351858,1290.9611766705261
2025-07-01,6+12+18,73218.84833489187,50925.49879801399,16387.923955097263,0.0,5905.425581780618,2621.2052210833335,14516.199140833338,1290.9611766705261,2327.884204999999
2025-07-02,6+12+18,65331.42288096537,47704.291949918115,11732.643164546378,0.0,5894.487766500879,2602.3311276527766,13119.48965361009,2327.884204999999,2442.819867175923
2025-07-03,6+12+18,74235.04154860556,53214.384574355805,14286.457018906596,0.0,6734.199955343156,2777.6329853333345,16190.174294094653,2442.819867175923,2002.2923484259254
2025-07-04,6+12+18,33956.100107380895,29781.723861402887,1781.5217734193407,0.0,2392.854472558667,724.8873602083336,22376.048697895574,2002.2923484259254,1344.1026823055577
2025-07-05,6+12+18,32739.896096996712,30532.570159232608,534.007333506223,0.0,1673.3186042578816,609.7379262638888,21392.530999352373,1344.1026823055577,1230.5611106358035
2025-07-06,6+12+18,74999.61915831249,50355.11084075818,19937.20178467504,0.0,4707.306532879279,2031.4506313750003,15877.522380387862,1230.5611106358035,1892.2128345564824
2025-07-07,6+12+18,63653.4482896842,52735.44848258971,7915.328549574947,0.0,3002.6712575195456,1336.3467734444434,15453.69155795268,1892.2128345564824,1865.1573995370409
2025-07-08,6+12+18,63193.54670685759,56181.15076040884,5888.573207059528,0.0,1123.82273938922,511.156262499999,15336.93108708865,1865.1573995370409,1603.794490370372
2025-07-09,6+12+18,62175.04976995859,55732.462654905896,5236.37966739454,0.0,1206.2074476581522,453.2403312083328,16018.597744610259,1603.794490370372,1906.071702731942
2025-07-10,6+12+18,60689.901032690796,51073.41017474493,8349.230174875749,0.0,1267.2606830701181,523.7768130972224,13123.279709528299,1906.071702731942,1569.1097356481469
2025-07-11,6+12+18,35529.070525386895,35356.85298154056,0.0,0.0,172.21754384633078,34.75584741666637,24425.812912612142,1569.1097356481469,1480.4530665625011
2025-07-12,6+12+18,33953.78468931284,32891.0167274728,1062.7679618400334,0.0,0.0,0.0,22863.129042458335,1480.4530665625011,1403.3151428124984
2025-07-13,6+12+18,57943.64068984103,54752.635928831296,2341.341255289246,0.0,849.6635057204868,271.03634227777786,14708.384494428332,1403.3151428124984,2275.4601617592607
2025-07-14,6+12+18,58204.2182563484,50064.789790150804,6886.441094505508,0.0,1252.9873716920886,435.5983078333332,11638.386846111112,2275.4601617592607,2184.787381452783
2025-07-15,6+12+18,58444.1446736097,54681.45549212083,1833.6349084581072,0.0,1929.0542730307538,557.9559423888902,14690.098444376195,2184.787381452783,1378.3972391722211
2025-07-16,6+12+18,59015.67595163132,53458.63712403543,3095.2002974509387,0.0,2461.8385301449525,779.1246286944421,12681.53205208848,1378.3972391722211,1660.3947427416683
2025-07-17,6+12+18,58653.96216262764,51263.564687105696,6180.875701935045,0.0,1209.521773586903,293.2455447500001,11790.624166802467,1660.3947427416683,1458.5228084583343
2025-07-18,6+12+18,38470.76081396727,37662.28259589355,0.0,0.0,808.4782180737133,169.8236048194442,28902.57757135922,1458.5228084583343,1323.07775209491
2025-07-19,6+12+18,37498.90985370139,37243.94595602504,0.0,0.0,254.96389767635486,38.96984408333344,31149.87855115501,1323.07775209491,1310.6028392129601
2025-07-20,6+12+18,58633.87710455941,53979.69197614928,2557.42342591665,0.0,2096.7617024934825,499.7595968611103,14179.228044087107,1310.6028392129601,1491.0986377972229
2025-07-21,6+12+18,60917.87124949458,54823.9199742301,4876.555517440551,0.0,1217.395757823928,379.7293225277772,15237.346248536345,1491.0986377972229,1271.563414627317
2025-07-22,6+12+18,61017.48228077762,54941.36339745547,4341.078919370882,0.0,1735.0399639512716,413.4007497638891,15699.267014248459,1271.563414627317,1200.0000000000002
2025-07-23,6+12+18,67709.36237368357,61334.703678812184,408.76578102848225,0.0,5965.892913842915,1218.6116756111105,21470.811481695127,1200.0000000000002,1344.79977962963
2025-07-24,6+12+18,62598.596364287696,60751.35872552731,495.01050333639824,0.0,1352.2271354239874,300.5942904861114,19634.653832011318,1344.79977962963,1651.592890969908
2025-07-25,6+12+18,36776.83130603007,36572.16959927764,0.0,0.0,204.6617067524364,55.49019649999975,31505.974070994165,1651.592890969908,1365.9566205671294
2025-07-26,6+12+18,37329.59141975047,37329.59141975047,0.0,0.0,0.0,0.0,31455.83759267455,1365.9566205671294,1270.3701384606504
2025-07-27,6+12+18,60811.44170989265,55229.19584131021,3108.938063094998,0.0,2473.3078054874445,571.5694837222223,14880.545158374998,1270.3701384606504,1263.5660779962961
2025-07-28,6+12+18,62677.819189261434,57264.01152303189,1823.9146571686808,0.0,3589.893009060861,983.4722757381666,12899.358395242285,1263.5660779962961,1204.9966736125004
2025-07-29,6+12+18,61730.29134635744,56321.672534499936,4925.7946963053855,0.0,482.82411555211786,127.28274866666686,15956.311830749999,1204.9966736125004,1207.150121894289
2025-07-30,6+12+18,61791.91035205387,52185.535243705956,9068.007552949297,0.0,538.3675553986207,162.96581886111173,15204.250996244336,1207.150121894289,1293.3936361050912
2025-07-31,6+12+18,60200.169822415024,54172.30440232619,3766.1998207752326,0.0,2261.665599313604,523.8915025277778,13240.11849136626,1293.3936361050912,1296.6763091953717
2025-08-01,6+12+18,36346.84274861349,36289.9131027788,0.0,0.0,56.92964583468722,8.440899374999958,36011.454376243826,1296.6763091953717,1200.0000000000014
2025-08-02,6+12+18,39095.950073260734,38671.0900077438,0.0,0.0,424.8600655169328,85.70466684722152,41013.240996301436,1200.0000000000014,1200.0000000000014
2025-08-03,6+12+18,51878.10956590548,48081.59628215904,308.23317461100004,0.0,3488.2801091354395,829.142826472221,11026.463702273642,1200.0000000000014,1200.0
2025-08-04,6+12+18,57083.25834972227,51190.224051534526,976.7096321219033,0.0,4916.324666065839,1126.9354179722236,14038.289783754986,1200.0,1200.0000000000002
2025-08-05,6+12+18,53096.34200973371,49571.46108352224,1332.7256742074835,0.0,2192.1552520039822,477.2251815972213,12167.127606147282,1200.0000000000002,1200.0000000000007
2025-08-06,6+12+18,56969.05159536037,54365.098247119546,3.6393472887557965,0.0,2600.314000952064,576.2470155694416,14067.242672812248,1200.0000000000007,1200.0000000000036
2025-08-07,6+12+18,56255.66759116575,53143.2365574971,1189.7346727970803,0.0,1922.696360871571,428.40352859722276,21261.50214747445,1200.0000000000036,1275.2407712962952
2025-08-08,6+12+18,34380.82423953076,33553.14698095209,0.0,0.0,827.6772585786676,123.02166983333348,38526.56942013408,1275.2407712962952,1200.0000000000014
2025-08-09,6+12+18,34978.67981237918,33788.34546533243,0.0,0.0,1190.3343470467491,201.74751716666657,35228.998607032925,1200.0000000000014,1199.9999999999975
2025-08-10,6+12+18,53956.816342298465,50153.891469552844,1.5523660893664535,0.0,3801.372506656253,948.8924769564493,11921.730112520578,1199.9999999999975,1208.2539839814815
2025-08-11,6+12+18,52689.08355145974,48287.837031730596,1782.1558803580033,0.0,2619.09063937114,589.0076515277781,12118.614820777777,1208.2539839814815,1286.5290595123495
2025-08-12,6+12+18,55081.91643575044,51708.45762849535,899.719970930001,0.0,2473.7388363250884,635.6069060833318,14187.239677906722,1286.5290595123495,1227.0704614197593
2025-08-13,6+12+18,53404.97181659436,47255.72188138989,2386.579938727559,0.0,3762.6699964769145,855.3114767361112,10420.171749597223,1227.0704614197593,1211.3219016203686
2025-08-14,6+12+18,54072.41399616141,48908.49860783721,3104.8785496759647,0.0,2059.036838648235,463.3348710138887,12529.192963507368,1211.3219016203686,1200.0000000000005
2025-08-15,6+12+18,36416.34511019672,34360.04014812377,0.0,0.0,2056.3049620729525,303.21599374999914,37525.10320022257,1200.0000000000005,1309.0185439814813
2025-08-16,6+12+18,37741.77379091758,35519.04399424697,0.0,0.0,2222.7297966706074,339.22491175000044,38772.8224110283,1309.0185439814813,1292.7172601851871
2025-08-17,6+12+18,53647.523046437826,49758.48486956663,542.0987938731747,0.0,3346.9393829980154,659.5956526944451,15607.805508147812,1292.7172601851871,1200.0
2025-08-18,6+12+18,53024.73805120165,49014.678193870925,480.2950471813466,0.0,3529.764810149382,838.9762756805555,11714.819673557624,1200.0,1199.9999999999993
2025-08-19,6+12+18,53082.288642795436,47909.53628116494,646.3506618913304,0.0,4526.401699739168,1018.1047876388883,10650.553976555555,1199.9999999999993,1259.602413935186
2025-08-20,6+12+18,59111.732570361215,52284.34537252197,1386.9271060685646,0.0,5440.460091770681,1223.8856363055556,13408.442880628425,1259.602413935186,1200.0
2025-08-21,6+12+18,54206.6183217722,49902.5752212101,1111.2637143567247,0.0,3192.7793862053713,729.482752430556,13626.072568856489,1200.0,1201.9377104513878
2025-08-22,6+12+18,36281.94046003075,33167.96723787922,0.0,0.0,3113.9732221515337,472.287171472221,31913.73385538906,1201.9377104513878,1200.0000000000036
2025-08-23,6+12+18,34134.813451120244,31801.18279002039,0.0,0.0,2333.6306610998517,357.10790537499963,29119.658884062763,1200.0000000000036,1506.2109238518497
2025-08-24,6+12+18,54206.74698181227,48006.45914076498,3978.5256699547513,0.0,2221.7621710925373,548.5205335555561,13331.442090010794,1506.2109238518497,1230.9744620370388
2025-08-25,6+12+18,63944.19427038627,61306.91221374527,0.0,0.0,2637.282056641003,673.9806674722215,24852.573317141294,1230.9744620370388,1208.0844064351893
2025-08-26,6+12+18,53533.171235261805,48675.71546466768,452.1547761361478,0.0,4405.300994457972,1096.2084811111113,9033.487596872761,1208.0844064351893,1280.7116850777786
2025-08-27,6+12+18,54682.93608819805,49061.10259238554,3217.3339923722806,0.0,2404.4995034402227,506.1495497119338,10750.530257861112,1280.7116850777786,1200.0000000000005
2025-08-28,6+12+18,60307.93786293905,47374.38907895021,5117.422800111486,0.0,7816.125983877349,1968.833134263888,9420.550002250002,1200.0000000000005,1200.0000000000034
2025-08-29,6+12+18,37434.14541089421,34901.701703981176,0.0,0.0,2532.443706913039,375.59886551388956,32986.10685479938,1200.0000000000034,1294.6477212716059
2025-08-30,6+12+18,37464.0423259662,34270.259191273995,0.0,0.0,3193.783134692203,471.5975367499992,36173.29434034825,1294.6477212716059,1364.4239356666649
2025-08-31,6+12+18,56300.435515449855,48304.85364708976,1060.9286281461782,0.0,6934.653240213922,1709.1238629583345,9431.726526125003,1364.4239356666649,1200.0000000000002
2025-09-01,6+12+18,54935.93583038915,53350.45675628186,0.0,0.0,1585.4790741072884,328.47829219444384,30650.82739814334,1200.0000000000002,1289.0275214236137
2025-09-02,6+12+18,50421.848808799834,47334.39177826066,0.0,0.0,3087.4570305391744,619.706836597224,19673.33792897548,1289.0275214236137,1319.6621251504585
2025-09-03,6+12+18,49659.52782879619,48342.34032532449,313.7887405916304,0.0,1003.3987628800702,224.7312088472223,20584.85580197582,1319.6621251504585,1199.999999999999
2025-09-04,6+12+18,50517.2683649061,47579.79115217265,0.0,0.0,2937.477212733451,697.9719321111111,19430.007148511322,1199.999999999999,1264.1259102546317
2025-09-05,6+12+18,32709.400436189146,30942.044672942444,0.0,0.0,1767.3557632467011,263.6639948333322,43206.191616871394,1264.1259102546317,1200.0000000000014
2025-09-06,6+12+18,31552.829468012318,30835.320813246235,0.0,0.0,717.508654766082,106.45746758333314,42164.76979093827,1200.0000000000014,1266.8961379969132
2025-09-07,6+12+18,48651.31442719383,45181.12148110861,1196.4246969702938,0.0,2273.7682491149244,469.44986873610986,16331.77013835152,1266.8961379969132,1222.6453757291667
2025-09-08,6+12+18,51627.36947690678,49051.41698986148,2071.0542104615024,0.0,504.89827658380085,156.78837541666576,19439.992814047164,1222.6453757291667,1209.5436344907412
2025-09-09,6+12+18,46301.96523425352,43331.61922605694,717.595900833998,0.0,2252.75010736258,493.1292040694467,13986.065472499668,1209.5436344907412,1200.0000000000016
2025-09-10,6+12+18,56634.83933624242,49957.104428601655,4364.83610353059,0.0,2312.898804110176,479.6535398472226,21106.056233126536,1200.0000000000016,1243.972791226851
2025-09-11,6+12+18,52165.76125133844,50112.595626787865,0.0,0.0,2053.165624550571,388.83232850000024,24375.991016186723,1243.972791226851,1358.1467643634287
2025-09-12,6+12+18,31102.162886705468,30633.227136834434,0.0,0.0,468.93574987103347,82.74866784722195,38333.599459412886,1358.1467643634287,1200.0000000000005
2025-09-13,6+12+18,30706.969101851282,30478.40062991568,0.0,0.0,228.56847193560165,34.22812058333295,41383.62008760939,1200.0000000000005,1280.3868129328707
2025-09-14,6+12+18,54283.8220159263,53112.49706486361,731.6351021006349,0.0,439.68984896205893,138.9295027499992,22774.03530424588,1280.3868129328707,1200.000000000001
2025-09-15,6+12+18,44844.291160030676,42279.533283937955,610.2607728989353,0.0,1954.4971031937844,498.04963236111007,10619.234516737999,1200.000000000001,1269.8225805787006
2025-09-16,6+12+18,51429.28520501524,49734.24326015607,0.0,0.0,1695.0419448591683,500.48746662500025,18893.84262878549,1269.8225805787006,1220.7885007523162
2025-09-17,6+12+18,49263.137216801326,48139.27414912823,99.18979338760235,0.0,1024.6732742854929,284.3627698888886,14378.103332445988,1220.7885007523162,1227.0442117592588
2025-09-18,6+12+18,49101.88895212102,42659.192453278265,4052.942329062704,0.0,2389.7541697800525,487.4460995555553,12046.915852555556,1227.0442117592588,1204.8422011111102
2025-09-19,6+12+18,30437.53160153418,28581.109915350597,0.0,0.0,1856.421686183583,280.3579435,30434.31560037242,1204.8422011111102,1455.1440569490753
2025-09-20,6+12+18,31928.633195321243,28824.812943696128,0.0,0.0,3103.820251625115,468.6449184166652,31534.151726719134,1455.1440569490753,1574.3691314629639
2025-09-21,6+12+18,48198.955896687934,46684.844678749396,0.0,0.0,1514.111217938535,407.80935327777775,15217.144712838137,1574.3691314629639,1215.1061259375024
2025-09-22,6+12+18,54243.2008630148,47257.93876700851,169.08977351220767,0.0,6816.1723224940815,1889.4753878194438,14686.802655046295,1215.1061259375024,1570.1415950018568
2025-09-23,6+12+18,52872.308094310436,46018.76440719064,0.0,0.0,6853.543687119799,1568.5746359999998,10388.013887620707,1570.1415950018568,2026.4009085194475
2025-09-24,6+12+18,51227.97151943992,40381.63570296571,5500.357362064552,0.0,5345.978454409656,1590.7524583472218,7468.517695076131,2026.4009085194475,2915.624084845374
2025-09-25,6+12+18,52958.77848731683,43344.03708447391,2454.17406666445,0.0,7160.567336178475,1939.4777189444462,12252.507206276247,2915.624084845374,1680.8236803777756
2025-09-26,6+12+18,34125.10249251343,28360.683609442207,0.0,0.0,5764.418883071229,866.0730250416666,30081.277853410495,1680.8236803777756,1857.0269105486138
2025-09-27,6+12+18,32842.695110103436,26249.931745709953,0.0,0.0,6592.763364393479,1066.1446912083334,26569.79813827778,1857.0269105486138,1875.9002715555555
2025-09-28,6+12+18,53423.06104779235,43965.36968177037,3990.0112376544403,0.0,5467.680128367541,1534.327170222221,9177.054976333331,1875.9002715555555,3172.1221816583356
2025-09-29,6+12+18,54643.271042302105,45549.41679307881,1235.7119589721124,0.0,7858.142290251182,2061.179930874998,9929.60354892781,3172.1221816583356,3742.4085115225325
2025-09-30,6+12+18,53943.82763233224,45238.62223867873,2957.9367589294316,0.0,5747.26863472408,1602.5928462361117,8358.880239065335,3742.4085115225325,2869.9114171870306
2025-10-01,6+12+18,43842.921997781195,42912.59926603588,131.22956445764115,0.0,799.0931672876654,357.9538831249994,17496.529754563286,2869.9114171870306,2816.521744073136
2025-10-02,6+12+18,48654.7142856905,47742.086111035824,44.437784807219145,0.0,868.1903898474566,398.141316166666,23801.926784004463,2816.521744073136,1662.407203726852
2025-10-03,6+12+18,26406.863411873932,24893.946322662436,0.0,0.0,1512.9170892114973,225.17153033333295,34428.581735281885,1662.407203726852,1870.754082883336
2025-10-04,6+12+18,30082.075325804406,28835.026340111457,0.0,0.0,1247.0489856929496,188.589558583332,36431.02928817026,1870.754082883336,2084.3089763763883
2025-10-05,6+12+18,48945.16217905958,46670.60230355328,1199.8793663918057,0.0,1074.680509114498,454.86302033333266,19085.37464405265,2084.3089763763883,3125.4773766879584
2025-10-06,6+12+18,44930.02625926069,39793.5823305268,3917.699438218742,0.0,1218.7444905151515,399.93564770833285,8835.364621592089,3125.4773766879584,2560.9825220101775
2025-10-07,6+12+18,45669.09671558143,42464.84402651797,2625.5497275601556,0.0,578.7029615033072,262.56307473611196,9301.95133412226,2560.9825220101775,4181.606471018516
2025-10-08,6+12+18,41966.574436033385,40169.76637207949,1315.7894929601862,0.0,481.01857099371375,177.10993780555543,7876.490256325616,4181.606471018516,3392.851343736117
2025-10-09,6+12+18,47610.42157452186,46862.61924628462,3.7252612109999808,0.0,744.0770670262336,234.84650944444397,18312.737280738176,3392.851343736117,2656.9825635458305
2025-10-10,6+12+18,27821.123479666538,26392.38824380446,0.0,0.0,1428.7352358620765,215.84765441666565,36109.733556418716,2656.9825635458305,1902.4864740740732
2025-10-11,6+12+18,31020.75646554776,26881.49807969161,0.0,0.0,4139.258385856153,628.7904784166644,32025.67465244547,1902.4864740740732,2063.007118518517
2025-10-12,6+12+18,45777.92600754314,43267.42372625949,185.49185001775527,0.0,2325.0104312658978,613.3601360833354,8649.898064334364,2063.007118518517,3621.89427682747
2025-10-13,6+12+18,47760.571815960444,43826.89472744233,1359.129847560464,0.0,2574.5472409576505,581.4765825833315,12158.768398893022,3621.89427682747,4353.6435065533915
2025-10-14,6+12+18,50315.35216714903,45776.62467818032,3559.632197581588,0.0,979.0952913871223,339.251298833333,12862.294475893688,4353.6435065533915,4608.4261496499985
2025-10-15,6+12+18,49796.66621189016,46600.57517064361,1403.7235412399864,0.0,1792.3675000065532,458.88115061111034,11927.916545832639,4608.4261496499985,4521.319826010497
2025-10-16,6+12+18,48556.26670506413,44493.08208994848,2174.981310722798,0.0,1888.2033043928561,477.87326215277665,8924.451942889926,4521.319826010497,3447.387078286572
2025-10-17,6+12+18,27727.15989444816,23836.628832079616,0.0,0.0,3890.5310623685455,602.0183842500005,26692.12892752606,3447.387078286572,1922.0424555555553
2025-10-18,6+12+18,30487.916707794397,27592.67908940065,0.0,0.0,2895.2376183937454,437.2277175833326,30702.22849341565,1922.0424555555553,1799.7412259259247
2025-10-19,6+12+18,49933.04738539315,47318.21829458877,0.0,0.0,2614.829090804378,592.4267823333302,6215.72624680521,1799.7412259259247,5367.899280009413
2025-10-20,6+12+18,50760.11651874669,49048.75642712797,0.0,0.0,1711.3600916187215,432.0170416388896,9942.376098585391,5367.899280009413,5673.049369509871
2025-10-21,6+12+18,49582.22449099485,47852.65649626495,645.4092143056656,0.0,1084.1587804242376,364.53206505555556,8077.830690618659,5673.049369509871,4884.666419672531
2025-10-22,6+12+18,52626.76646339474,45763.03575346317,3012.40354032648,0.0,3851.3271696050947,770.5828599166658,8464.058096289085,4884.666419672531,4768.691519771309
2025-10-23,6+12+18,56381.395064834665,53013.55914630451,483.21836816649216,0.0,2884.6175503636623,568.4388874166672,21964.836987231985,4768.691519771309,2696.7408261848823
2025-10-24,6+12+18,32595.522611353175,25897.66830450354,0.0,0.0,6697.854306849636,1017.0008563333349,27591.12531279629,2696.7408261848823,2107.8342777777752
2025-10-25,6+12+18,35103.40468549249,28564.78850299536,0.0,0.0,6538.616182497126,987.8588946666667,31770.433343343622,2107.8342777777752,2102.9695629629646
2025-10-26,6+12+18,54621.32859487598,50651.51046550814,1722.893387644663,0.0,2246.9247417231827,503.4004016944418,13503.081681788222,2102.9695629629646,4852.26321856745
2025-10-27,6+12+18,50704.61582153407,44964.5830342299,3257.692022852715,0.0,2482.340764451453,564.2179996666681,8008.2831962431555,4852.26321856745,5658.544975325608
2025-10-28,6+12+18,50228.909669227345,44475.45819646229,3835.98024710989,0.0,1917.4712256551682,425.3194130000002,6626.643931897118,5658.544975325608,5024.846969017596
2025-10-29,6+12+18,54386.6708135838,49315.75465742056,712.8375044939029,0.0,4358.078651669334,872.151215791667,7529.737269680894,5024.846969017596,5142.746540939352
2025-10-30,6+12+18,50983.24435710752,44364.4064989601,2193.4119892825775,0.0,4425.42586886484,1043.3604406388886,8794.568646433465,5142.746540939352,2683.556547675005
2025-10-31,6+12+18,35910.82832450719,29944.733549834516,0.0,0.0,5966.094774672671,906.8991200000005,28544.406642455764,2683.556547675005,2226.4122407407417
2025-11-01,6+12+18,31362.79885206092,27801.45969452013,0.0,0.0,3561.3391575407923,540.7782465000001,25562.405046461245,2226.4122407407417,1976.6441851851855
2025-11-02,6+12+18,56273.044247024874,50335.58475009386,2867.3891221389686,0.0,3070.0703747920415,631.3459833333335,9068.268527210905,1976.6441851851855,4561.715548414822
2025-11-03,6+12+18,54110.41646573804,52387.6633602227,319.99394064347973,0.0,1402.7591648718558,444.09501054166583,9832.283364949068,4561.715548414822,5961.181966423611
2025-11-04,6+12+18,55414.37052226428,48316.34420757582,2423.876935957436,0.0,4674.149378731025,987.3836467916649,7723.207504583332,5961.181966423611,7479.460808329335
2025-11-05,6+12+18,56159.18988419523,53306.927657394044,1650.6231578797208,0.0,1201.639068921462,384.5604896666674,13888.211128931405,7479.460808329335,5871.407912606022
2025-11-06,6+12+18,55242.093909389456,50636.66630921693,2373.460801917159,0.0,2231.966798255362,590.4361551666667,10565.59541408077,5871.407912606022,3276.601875242587
2025-11-07,6+12+18,33369.37244460055,29225.452897767216,0.0,0.0,4143.919546833333,622.3857579166665,27921.68469867901,3276.601875242587,2153.428274074076
2025-11-08,6+12+18,34577.99946152293,31919.726626156684,0.0,0.0,2658.272835366248,396.5372308333329,32022.120812835383,2153.428274074076,1837.8680185185206
2025-11-09,6+12+18,56843.919647499875,54615.68223026458,1397.619471160185,0.0,830.6179460751064,257.03826541666683,9102.980656350488,1837.8680185185206,5957.569228875001
2025-11-10,6+12+18,58142.108974840376,53432.520527148736,3154.8771110644675,0.0,1554.7113366271738,393.9539502777777,9904.297258918366,5957.569228875001,5519.938664068373
2025-11-11,6+12+18,56962.067889585785,55863.82322403059,205.9032412796018,0.0,892.3414242755975,254.9248302777778,12030.150168061722,5519.938664068373,5965.722848384259
2025-11-12,6+12+18,56137.5352967612,52986.10539371309,1827.8256868650344,0.0,1323.604216183067,284.42536462500107,10578.838073114024,5965.722848384259,5780.099875725002
2025-11-13,6+12+18,56114.72002315673,51640.435606598534,3511.9404908434726,0.0,962.343925714723,268.06014697222247,11557.381480730966,5780.099875725002,2859.1786138351854
2025-11-14,6+12+18,35163.16800075548,31813.259291724444,0.0,0.0,3349.9087090310395,506.8937274166663,27851.617168704724,2859.1786138351854,1982.1569740740742
2025-11-15,6+12+18,38990.171472355876,36031.920086859,0.0,0.0,2958.251385496876,445.47469075000015,33502.20586107459,1982.1569740740742,1969.2896555555565
2025-11-16,6+12+18,60112.83155196771,55224.64571235366,3592.6669563627424,0.0,1295.5188832513095,343.84062411111006,8622.342207194448,1969.2896555555565,5942.840019168982
2025-11-17,6+12+18,58095.43605031016,51385.54779510185,5799.97014404021,0.0,909.9181111681129,312.06392747222264,10084.814517197527,5942.840019168982,5819.211697822221
2025-11-18,6+12+18,57586.069426984315,53687.89893841044,3199.5568594117262,0.0,698.6136291621442,257.9841385416661,8508.782557116778,5819.211697822221,5967.196006312501
2025-11-19,6+12+18,60905.19978680321,53082.5959985406,6627.526872907489,0.0,1195.076915355122,398.9292012499993,10186.887636416666,5967.196006312501,5970.670376467592
2025-11-20,6+12+18,57798.497980231434,52676.19714039328,4193.203859395742,0.0,929.0969804424152,274.08916754166626,10485.357580965534,5970.670376467592,3927.981669901853
2025-11-21,6+12+18,33106.69440894346,31512.142935039523,34.925042637583715,0.0,1559.6264312663548,234.77147595833344,26002.045693654836,3927.981669901853,2229.0520444444496
2025-11-22,6+12+18,40175.56013421949,36558.109069624596,0.0,0.0,3617.451064594898,549.3993672083336,32417.45929907527,2229.0520444444496,2178.391855555554
2025-11-23,6+12+18,60410.92135674475,55179.702707234275,4000.0138941080154,0.0,1231.2047554024596,345.9952047500002,8282.348154916664,2178.391855555554,5988.894977625001
2025-11-24,6+12+18,56896.016393159465,52802.259234135425,2733.9990130099327,0.0,1359.758146014106,358.90113877777674,7660.078546861112,5988.894977625001,5990.629771125001
2025-11-25,6+12+18,61851.183319846816,60870.21497728957,44.293803172748156,0.0,936.6745393844994,310.7541776249999,14367.393451348937,5990.629771125001,5997.284947499999
2025-11-26,6+12+18,60058.643557072515,57037.09261784596,2182.048658918467,0.0,839.5022803080901,252.4708518333332,10661.461233437254,5997.284947499999,5626.370065773138
2025-11-27,6+12+18,58622.43418852437,55281.70668002276,2683.8230337067257,0.0,656.9044747948795,166.0164769861109,11254.021029831789,5626.370065773138,3971.490918188896
2025-11-28,6+12+18,36635.40039077773,33430.852437108144,0.0,0.0,3204.5479536695843,478.41666070833344,27887.97132353858,3971.490918188896,1819.2487925925911
2025-11-29,6+12+18,44178.03093453895,40991.71505657486,0.0,0.0,3186.315877964088,481.3877544166673,34695.73896651406,1819.2487925925911,2069.5071185185216
2025-11-30,6+12+18,63506.12536335295,58959.34396739345,3520.8807766807818,0.0,1025.9006192787197,290.26995458333374,8793.706034978404,2069.5071185185216,5477.621866133322
2025-12-01,6+12+18,74751.92431130177,60420.73275058344,8876.052643961946,0.0,5455.138916756396,2221.640420402778,10164.414075361117,5477.621866133322,8100.127558057877
2025-12-02,6+12+18,74955.13342159548,61305.54272744323,8972.581258909166,0.0,4677.009435243086,1934.5949271666677,11031.364575125008,8100.127558057877,7950.000000000002
2025-12-03,6+12+18,75668.41363491365,55114.003992159865,16722.98666905142,0.0,3831.422973702375,1636.0670630277777,11109.143635944447,7950.000000000002,7365.158939694451
2025-12-04,6+12+18,75153.18791886896,61561.047346117426,9474.710783824235,0.0,4117.429788927294,1691.8892152222227,11965.023096093795,7365.158939694451,8550.0
2025-12-05,6+12+18,37480.79518364378,37024.34307691795,0.0,0.0,456.4521067258315,97.2992267499996,25593.159051162213,8550.0,1825.8623148148115
2025-12-06,6+12+18,43027.34229916632,42084.350116610694,0.0,0.0,942.9921825556248,338.22293308333303,21663.23609136448,1825.8623148148115,6029.7329045888955
2025-12-07,6+12+18,72146.5849585244,64976.0722556722,5215.597210547782,0.0,1954.9154923044155,821.7812709999997,12459.784522552814,6029.7329045888955,6564.360074351854
2025-12-08,6+12+18,72535.82452094076,64983.41808354597,6246.499409487602,0.0,1305.907027907186,542.9570769166662,12387.84684819444,6564.360074351854,8550.0
2025-12-09,6+12+18,69468.37771703079,63518.85027624778,5108.080002978811,0.0,841.4474378041953,356.13552043055574,11261.533839763895,8550.0,7861.850945683655
2025-12-10,6+12+18,71562.1628032555,61261.51063970439,9506.948731871345,0.0,793.7034316797611,359.16864119444335,10396.63310611111,7861.850945683655,8550.000000000002
2025-12-11,6+12+18,67858.39755917918,63268.52253974995,4032.7097839584994,0.0,557.1652354707284,219.7898614166662,12705.962169335398,8550.000000000002,5804.574325124999
2025-12-12,6+12+18,40353.49648452584,40087.09566291596,65.98802653250006,0.0,200.41279507737516,29.847703000000024,26339.907056065334,5804.574325124999,1792.8850592354959
2025-12-13,6+12+18,43991.88976466353,43102.290859526445,0.0,0.0,889.5989051370849,262.0636658333335,23804.345062341752,1792.8850592354959,5455.852408149069
2025-12-14,6+12+18,73288.19728179142,61776.03177941535,11194.868012700637,0.0,317.2974896754373,126.57103529166636,10514.203710541673,5455.852408149069,8550.0
2025-12-15,6+12+18,71523.13526381957,61187.47582800484,10201.146214627133,0.0,134.51322118758344,55.91959716666645,10490.528302000002,8550.0,8550.0
2025-12-16,6+12+18,70080.88057917582,65422.149190386146,4579.380375472546,0.0,79.35101331712286,32.648016166666025,10625.799406111117,8550.0,8550.000000000002
2025-12-17,6+12+18,69369.34234272806,65525.01569476238,3391.1142500711844,0.0,453.2123978945014,157.69880375000025,12082.470240006522,8550.000000000002,7950.000000000001
2025-12-18,6+12+18,68625.94397189257,62814.03764089724,5361.5594476753695,0.0,450.346883319958,207.38685837499986,11027.169130708337,7950.000000000001,5851.662141187502
2025-12-19,6+12+18,41889.60795981292,39989.12122699959,0.0,0.0,1900.486732813336,287.59739941666703,26792.663772216056,5851.662141187502,1998.6693074074085
2025-12-20,6+12+18,46448.39084540431,44010.85089404973,0.0,0.0,2437.539951354588,520.7761804166673,27510.538228154655,1998.6693074074085,4541.344320971308
2025-12-21,6+12+18,72164.50749936761,66307.21633580813,5352.152024698837,0.0,505.1391388606461,131.6705056666666,10788.29188423611,4541.344320971308,8550.000000000002
2025-12-22,6+12+18,70017.20546986238,64347.29076876902,4980.960742419631,0.0,688.9539586737309,169.82858087500006,10685.375814041668,8550.000000000002,8550.000000000002
2025-12-23,6+12+18,68205.93387560816,65896.86768030927,1822.5436768695338,0.0,486.52251842935914,111.98044654166756,11971.385528676445,8550.000000000002,8247.85388804862
2025-12-24,6+12+18,68146.93921646233,65311.95679706507,2295.8355403887317,0.0,539.146879008535,123.79755666666551,10243.697968268527,8247.85388804862,8550.0
2025-12-25,6+12+18,66620.73919472593,62291.75952214767,3773.3421903602093,0.0,555.6374822180485,142.35075854166791,9856.156790791661,8550.0,5964.213318562501
2025-12-26,6+12+18,42202.705761642974,41211.704224812056,0.0,0.0,991.0015368309188,153.70925020833363,28468.318791825608,5964.213318562501,2015.3302703703725
2025-12-27,6+12+18,47287.32070830521,44330.29425124603,0.0,0.0,2957.026457059186,636.2687131249996,28644.537877973427,2015.3302703703725,3780.2016617180525
2025-12-28,6+12+18,69911.33933282571,66776.8420786949,2440.336877552194,0.0,694.1603765786059,140.39643491666686,10982.859513956275,3780.2016617180525,8026.807872986105
2025-12-29,6+12+18,68858.74562050853,63641.73548625842,4585.7088697220515,0.0,631.301264528064,160.03817962500057,11418.889490041664,8026.807872986105,8048.205681131946
2025-12-30,6+12+18,66667.074470776,64090.53038589504,2373.681959369309,0.0,202.86212551164542,49.876331249999794,10403.18060416049,8048.205681131946,8550.000000000004
2025-12-31,6+12+18,66513.9944728199,64211.23792402911,1348.6024705309148,0.0,954.1540782598788,269.51338008333346,9260.204018738343,8550.000000000004,6979.8220262129535
