date,combo,total_cost,plan_cost,up_cost,down_cost,emergency_cost,emergency_kwh,waste_kwh,start_soc,end_soc
2025-02-01,none,28404.365521125386,28404.365521125386,0.0,0.0,0.0,0.0,22485.906000166666,6000.000000000001,6000.000000000005
2025-02-02,none,63850.81781044241,63243.201139273035,0.0,0.0,607.6166711693745,94.37887961111119,8043.818627277781,6000.000000000005,6000.000000000005
2025-02-03,none,66846.9953506023,65557.98188533177,0.0,0.0,1289.0134652705328,250.3835802222232,7577.225825222224,6000.000000000005,6000.0
2025-02-04,none,67977.28596103212,67207.16190288117,0.0,0.0,770.1240581509445,192.21206786111114,8058.688266027781,6000.0,6000.000000000004
2025-02-05,none,67496.48938139663,61907.88157567139,0.0,0.0,5588.60780572524,1303.9349733055562,3919.9941600555558,6000.000000000004,6000.000000000003
2025-02-06,none,67764.79005198782,66593.58554809747,0.0,0.0,1171.2045038903434,240.61543322222133,8659.667986638891,6000.000000000003,6000.000000000002
2025-02-07,none,26933.110894121724,26933.110894121724,0.0,0.0,0.0,0.0,22997.560894250004,6000.000000000002,6000.000000000002
2025-02-08,none,22691.588320798313,22691.588320798313,0.0,0.0,0.0,0.0,15278.043585499998,6000.000000000002,6000.0
2025-02-09,none,65114.08897298254,61713.68996499585,0.0,0.0,3400.3990079866935,683.0406521944442,4863.475041444446,6000.0,6000.000000000002
2025-02-10,none,57949.05276568081,56413.15492411635,0.0,0.0,1535.8978415644597,284.7948421666669,5338.859820666668,6000.000000000002,6000.000000000001
2025-02-11,none,62525.044739889025,57873.710690555934,0.0,0.0,4651.334049333093,1020.1453148888904,5850.029451055556,6000.000000000001,6000.0
2025-02-12,none,59316.063813992325,57341.06771425922,0.0,0.0,1974.9960997331102,382.25515541666675,4960.814482083333,6000.0,6000.000000000001
2025-02-13,none,56490.782127601706,51998.615283701336,0.0,0.0,4492.166843900373,979.5933510833329,4144.579755583334,6000.000000000001,6000.0
2025-02-14,none,22306.67725218481,22306.67725218481,0.0,0.0,0.0,0.0,16959.237363166663,6000.0,6000.0
2025-02-15,none,23046.05982399398,23046.05982399398,0.0,0.0,0.0,0.0,18293.676575249996,6000.0,6000.000000000001
2025-02-16,none,60942.93781427367,57016.6635766618,0.0,0.0,3926.274237611873,812.35161475,4711.302232916668,6000.000000000001,6000.000000000002
2025-02-17,none,60149.4177178913,55984.90239143431,0.0,0.0,4164.515326456991,893.3647045000012,8811.3203345,6000.000000000002,5999.999999999999
2025-02-18,none,65908.46274693175,47903.40066962382,0.0,0.0,18005.062077307924,4208.002071666662,1705.255961249999,5999.999999999999,6000.000000000002
2025-02-19,none,65317.54069630972,48370.46240048797,0.0,0.0,16947.078295821746,3932.4375859999996,809.7274671666672,6000.000000000002,6000.000000000001
2025-02-20,none,59999.32513725446,50826.653335148185,0.0,0.0,9172.671802106275,1871.2869184166661,3772.4002184166675,6000.000000000001,6000.0000000000055
2025-02-21,none,19921.51274080008,19866.904265474248,0.0,0.0,54.60847532583352,22.07214477777785,15335.93920211111,6000.0000000000055,6000.0
2025-02-22,none,20602.82569749016,20545.120353406826,0.0,0.0,57.705344083333415,28.723416666666708,14094.165220916666,6000.0,6000.0
2025-02-23,none,63955.844144743445,48739.156602371644,0.0,0.0,15216.687542371797,3133.6779746944435,2153.5319836944454,6000.0,6000.000000000004
2025-02-24,none,60347.17767064719,46818.49819694502,0.0,0.0,13528.679473702172,3490.6547634999984,2400.440156666667,6000.000000000004,6000.0
2025-02-25,none,54369.28302503319,46947.863210365365,0.0,0.0,7421.419814667825,1715.0309330277764,5195.0719686111115,6000.0,6000.0
2025-02-26,none,74286.00628706506,42284.42881552214,0.0,0.0,32001.57747154292,7338.461875666664,741.8351320833331,6000.0,6000.000000000002
2025-02-27,none,64857.04363160794,42621.80777287242,0.0,0.0,22235.23585873553,4636.697650999999,1396.1875158333341,6000.000000000002,6000.000000000002
2025-02-28,none,18920.69558609354,18224.23447757729,0.0,0.0,696.4611085162519,229.47978447222266,14622.774535805556,6000.000000000002,6000.0
2025-03-01,none,20728.774955400324,20728.774955400324,0.0,0.0,0.0,0.0,20925.803869333333,6000.0,6000.0
2025-03-02,none,61110.57275797369,49709.625754932815,0.0,0.0,11400.94700304088,2417.6929268333315,1968.3443239999997,6000.0,6000.0
2025-03-03,none,63648.22726145382,51338.27841065546,0.0,0.0,12309.948850798359,2684.3254353333327,5124.032350750002,6000.0,6000.000000000002
2025-03-04,none,64240.61913563737,44567.15831579045,0.0,0.0,19673.460819846914,4753.619975333335,1053.363503250001,6000.000000000002,6000.000000000001
2025-03-05,none,51502.6218970452,46025.64962210659,0.0,0.0,5476.9722749386165,1157.031638444443,4065.629101777779,6000.000000000001,6000.000000000002
2025-03-06,none,56794.71503229874,42669.048329666286,0.0,0.0,14125.666702632461,3162.442846388889,1298.4146013055567,6000.000000000002,6000.000000000002
2025-03-07,none,19395.66723000488,19395.66723000488,0.0,0.0,0.0,0.0,19237.321487916666,6000.000000000002,6000.0
2025-03-08,none,17634.290695966512,17634.290695966512,0.0,0.0,0.0,0.0,17235.50248516666,6000.0,6000.000000000002
2025-03-09,none,54014.134068525214,44466.899980521186,0.0,0.0,9547.234088004026,1907.8784195833332,6323.979866666668,6000.000000000002,5999.999999999999
2025-03-10,none,64708.269587321425,43463.97213765358,0.0,0.0,21244.297449667843,4576.502464138888,1060.1686183888892,5999.999999999999,6000.0
2025-03-11,none,74395.60776811789,37872.130908178035,0.0,0.0,36523.47685993985,8761.92604786111,1304.300454027778,6000.0,6000.000000000002
2025-03-12,none,48816.22383981805,43735.890210551675,0.0,0.0,5080.333629266373,1213.7638140277768,4850.103141611109,6000.000000000002,6000.0
2025-03-13,none,60918.65215421216,44539.4618275012,0.0,0.0,16379.190326710956,3518.6508134722217,2109.159174972221,6000.0,5999.999999999999
2025-03-14,none,17079.284269351712,17079.284269351712,0.0,0.0,0.0,0.0,19819.39995313889,5999.999999999999,6000.000000000002
2025-03-15,none,17475.78946052533,17383.305427314288,0.0,0.0,92.4840332110418,41.642628750000085,15173.43633925,6000.000000000002,6000.000000000002
2025-03-16,none,54891.21665155061,41826.064250504656,0.0,0.0,13065.152401045958,3034.571652611111,2545.231757194444,6000.000000000002,6000.000000000002
2025-03-17,none,51831.592822852224,37567.205422473744,0.0,0.0,14264.387400378477,3137.2389798611093,4304.861701861112,6000.000000000002,6000.000000000003
2025-03-18,none,49081.586400452696,43977.140478012654,0.0,0.0,5104.445922440042,1117.1889089166666,7231.509643583335,6000.000000000003,6000.0
2025-03-19,none,62303.77303494529,35720.093877808344,0.0,0.0,26583.679157136943,6471.759781583334,1242.8656088333337,6000.0,5999.999999999999
2025-03-20,none,59961.06660437712,41110.7692354385,0.0,0.0,18850.29736893862,4356.3125202222245,4459.013958222222,5999.999999999999,6000.0
2025-03-21,none,16186.552764982136,16155.40573821026,0.0,0.0,31.14702677187538,10.946064583333467,22151.676112166664,6000.0,6000.000000000001
2025-03-22,none,16910.9654640191,16910.9654640191,0.0,0.0,0.0,0.0,19130.71313916666,6000.000000000001,6000.0
2025-03-23,none,46505.596280452446,41108.15211037503,0.0,0.0,5397.44417007742,1281.868911777778,6058.006536027779,6000.0,6000.0
2025-03-24,none,47428.00412495393,38553.73468079233,0.0,0.0,8874.269444161595,2199.107208722222,3794.357076555556,6000.0,6000.000000000002
2025-03-25,none,49669.9654843126,43236.62717216637,0.0,0.0,6433.3383121462275,1579.4807835000004,7395.508398416667,6000.000000000002,6000.000000000002
2025-03-26,none,49192.510288647776,37330.23015968046,0.0,0.0,11862.280128967315,2814.107644694442,4143.729444944447,6000.000000000002,6000.0
2025-03-27,none,45461.4079454193,39078.188717110286,0.0,0.0,6383.219228309011,1628.865526666666,3678.3998910000028,6000.0,6000.0
2025-03-28,none,16332.179327489597,16251.94526406961,0.0,0.0,80.2340634199869,23.16577300000023,23563.645889638887,6000.0,6000.0
2025-03-29,none,15405.196984876435,15405.196984876435,0.0,0.0,0.0,0.0,24986.249520611113,6000.0,6000.0
2025-03-30,none,45765.14576571361,37338.40324177877,0.0,0.0,8426.742523934845,2131.6123364722216,6744.9747198055575,6000.0,5999.999999999999
2025-03-31,none,61199.61604399212,33474.51525793887,0.0,0.0,27725.100786053255,6980.183332305554,982.0828135555558,5999.999999999999,6000.0
2025-04-01,none,51640.37142134149,41045.766317529524,0.0,0.0,10594.605103811968,2646.02548286111,5651.006122777777,6000.0,6000.000000000001
2025-04-02,none,51965.04269056273,38057.79625160631,0.0,0.0,13907.24643895642,3328.205227361108,2511.159778277778,6000.000000000001,6000.0
2025-04-03,none,43738.78704718453,39842.75050724871,0.0,0.0,3896.0365399358166,994.3430345833327,6179.238709500003,6000.0,6000.000000000002
2025-04-04,none,15101.84597139556,15074.149548253892,0.0,0.0,27.696423141666898,7.5631958333333955,25803.37696880555,6000.000000000002,6000.000000000002
2025-04-05,none,18459.001541586902,15070.875878364403,0.0,0.0,3388.125663222498,1068.6129626944441,20759.040929944436,6000.000000000002,6000.000000000002
2025-04-06,none,45004.23202384352,36441.63841684289,0.0,0.0,8562.593607000626,2004.355053277778,5165.763807277779,6000.000000000002,6000.000000000001
2025-04-07,none,53687.763429296196,32042.966711889036,0.0,0.0,21644.79671740716,5430.687962277776,2190.0500703611106,6000.000000000001,6000.0
2025-04-08,none,44121.18390572851,37011.8819933802,0.0,0.0,7109.301912348314,1511.269642972221,5507.2951390555545,6000.0,6000.0
2025-04-09,none,53312.8344588734,36576.01219275262,0.0,0.0,16736.822266120784,4128.468368944442,1942.7373025277768,6000.0,6000.000000000002
2025-04-10,none,44180.12192483511,36213.3035702923,0.0,0.0,7966.818354542813,1845.2656402222206,3291.5250076388897,6000.000000000002,6000.000000000004
2025-04-11,none,14191.267988230018,14189.664360706018,0.0,0.0,1.6036275240004811,0.6032547500001328,25172.466527972225,6000.000000000004,6000.0
2025-04-12,none,15145.415098433186,15145.415098433186,0.0,0.0,0.0,0.0,23547.47126158333,6000.0,6000.0
2025-04-13,none,48694.71100506695,33930.03868984303,0.0,0.0,14764.672315223921,3503.8334957500006,2189.8487764166666,6000.0,6000.0
2025-04-14,none,40704.928968441745,35784.08388147244,0.0,0.0,4920.845086969303,1352.349854472221,5230.904808388888,6000.0,5999.999999999997
2025-04-15,none,48928.37617319559,30693.891104440303,0.0,0.0,18234.48506875529,4313.291955861115,2687.5114360277785,5999.999999999997,5999.999999999998
2025-04-16,none,47179.979822888236,34604.7667648849,0.0,0.0,12575.213058003334,2977.4519056111108,2174.5476529444436,5999.999999999998,5999.999999999999
2025-04-17,none,51947.588471149465,31784.41027786942,0.0,0.0,20163.178193280044,5024.837436666668,1280.676901416667,5999.999999999999,6000.000000000001
2025-04-18,none,14961.8579032095,14116.282411046668,0.0,0.0,845.5754921628331,354.81632449999995,24722.527899083332,6000.000000000001,6000.0
2025-04-19,none,14158.51056367931,13907.186547400379,0.0,0.0,251.32401627893088,110.81615558333345,23898.50468288889,6000.0,6000.000000000002
2025-04-20,none,50355.56045193723,32350.90109712133,0.0,0.0,18004.659354815896,4460.543530777779,2912.5262481944446,6000.000000000002,6000.000000000001
2025-04-21,none,40833.10628619937,33309.8099232824,0.0,0.0,7523.29636291697,1797.9457827777774,7496.185532444442,6000.000000000001,6000.0
2025-04-22,none,56012.340431633645,31015.243972296128,0.0,0.0,24997.096459337517,6662.164000583334,2823.756851333334,6000.0,6000.000000000002
2025-04-23,none,57687.17770953302,30001.544971550487,0.0,0.0,27685.63273798253,7274.091845083332,2391.559878083333,6000.000000000002,6000.000000000002
2025-04-24,none,41480.46207002539,30391.69966314631,0.0,0.0,11088.76240687908,2905.8334601388888,3296.41456088889,6000.000000000002,5999.999999999998
2025-04-25,none,13724.088401686548,13719.3848961362,0.0,0.0,4.703505550347209,3.272003861111102,28084.98317597222,5999.999999999998,6000.000000000001
2025-04-26,none,13980.168436477577,13841.310246439481,0.0,0.0,138.85819003809615,42.43183469444409,29815.967182222215,6000.000000000001,6000.000000000002
2025-04-27,none,49883.28702703654,29579.80486586431,0.0,0.0,20303.482161172233,4697.8707913888875,2522.5779480833367,6000.000000000002,6000.0
2025-04-28,none,48147.10223699923,35733.09922169724,0.0,0.0,12414.003015301992,2629.389273138887,3142.986248138891,6000.0,6000.0
2025-04-29,none,44804.240574482305,30113.613469302305,0.0,0.0,14690.627105180003,3353.5157029444413,3994.284345694445,6000.0,6000.000000000003
2025-04-30,none,47404.6601139143,29024.766312670607,0.0,0.0,18379.893801243692,5002.222151333333,2326.9742628055615,6000.000000000003,6000.000000000002
2025-05-01,none,56750.31802660802,31124.49546055941,0.0,0.0,25625.822566048613,5494.711393500001,1728.810541416667,6000.000000000002,5999.999999999998
2025-05-02,none,15759.36946842864,15507.797792701724,0.0,0.0,251.57167572691594,90.1932748888886,17566.323826777774,5999.999999999998,6000.000000000001
2025-05-03,none,15138.678794166406,14527.204098431059,0.0,0.0,611.4746957353466,132.01213013888884,21856.814903611106,6000.000000000001,5999.999999999998
2025-05-04,none,49761.19368064766,33145.22035032684,0.0,0.0,16615.97333032082,3653.9641607500002,3244.4783768333323,5999.999999999998,6000.0
2025-05-05,none,52147.68458845116,34723.23989561955,0.0,0.0,17424.444692831607,4366.753497472222,2184.8500402222217,6000.0,6000.0
2025-05-06,none,62633.069384368835,30898.512525451755,0.0,0.0,31734.55685891708,7391.874650666664,703.2811380277718,6000.0,6000.000000000004
2025-05-07,none,60620.798534723515,33290.65441112063,0.0,0.0,27330.144123602884,6543.576687944442,1007.5594889444444,6000.000000000004,6000.0
2025-05-08,none,48853.021447672436,35785.34455400173,0.0,0.0,13067.67689367071,2838.365106166667,2948.8924075000014,6000.0,6000.0
2025-05-09,none,15329.952554196067,15326.290698839817,0.0,0.0,3.661855356249994,1.394195833333331,23337.905314916658,6000.0,5999.999999999999
2025-05-10,none,15591.882526618365,15498.624990304364,0.0,0.0,93.25753631400084,42.061496055555914,19531.81546861111,5999.999999999999,6000.000000000003
2025-05-11,none,49989.48572895066,34803.42758684163,0.0,0.0,15186.058142109032,3309.4132563888897,2164.2121092222224,6000.000000000003,6000.0
2025-05-12,none,54814.23413761919,31480.176537840416,0.0,0.0,23334.05759977877,5585.39733272222,1184.3278124722233,6000.0,6000.0
2025-05-13,none,46710.15762489881,35939.936379068226,0.0,0.0,10770.221245830591,2418.92851247222,5967.194442638891,6000.0,6000.0
2025-05-14,none,45918.88749784804,35718.024746057315,0.0,0.0,10200.86275179072,2481.4981575555553,4452.412913222222,6000.0,5999.999999999999
2025-05-15,none,45059.67629897241,36498.24820951753,0.0,0.0,8561.428089454876,2514.902939999996,3586.008441416665,5999.999999999999,6000.0
2025-05-16,none,16146.239395027147,16086.801372213286,0.0,0.0,59.43802281386104,21.40706869444442,29414.117408472222,6000.0,6000.0
2025-05-17,none,16134.435303044618,16134.435303044618,0.0,0.0,0.0,0.0,21633.367373083332,6000.0,5999.999999999997
2025-05-18,none,41463.869294493226,37966.84137897885,0.0,0.0,3497.027915514381,979.6940789722206,6498.629452472223,5999.999999999997,6000.0
2025-05-19,none,40174.14078892083,34282.213875066496,0.0,0.0,5891.926913854333,1313.983551972222,6964.796240305557,6000.0,6000.000000000003
2025-05-20,none,50264.60979636488,34077.556587047424,0.0,0.0,16187.053209317457,3912.897832722222,2061.450678138889,6000.000000000003,6000.000000000002
2025-05-21,none,50051.81711590908,33058.08954098116,0.0,0.0,16993.72757492792,4242.464712777775,2182.693334444445,6000.000000000002,6000.000000000002
2025-05-22,none,43398.503952162246,34867.91742821635,0.0,0.0,8530.586523945896,2685.4352694444424,4288.629682027776,6000.000000000002,6000.000000000001
2025-05-23,none,15948.133181458043,15948.133181458043,0.0,0.0,0.0,0.0,25738.356046499994,6000.000000000001,6000.0
2025-05-24,none,16738.66381157071,16738.66381157071,0.0,0.0,0.0,0.0,28929.137011166666,6000.0,6000.0
2025-05-25,none,39920.71895693405,35554.74722438815,0.0,0.0,4365.971732545901,1069.8375721666666,7439.5792175,6000.0,5999.999999999999
2025-05-26,none,50712.0433382752,34500.8860676328,0.0,0.0,16211.157270642403,4417.290942472219,2410.8744893888897,5999.999999999999,6000.0
2025-05-27,none,44496.649852763636,33003.27231863403,0.0,0.0,11493.377534129604,2795.297015305554,2623.0680553055563,6000.0,6000.0
2025-05-28,none,40063.87156722717,37016.578749607084,0.0,0.0,3047.292817620085,830.4093249444448,5617.985777527779,6000.0,6000.000000000001
2025-05-29,none,46794.8939163022,36877.025380301086,0.0,0.0,9917.868536001119,2492.8039816666646,4839.5365415000015,6000.000000000001,5999.999999999999
2025-05-30,none,17284.389723547356,17244.62587820152,0.0,0.0,39.76384534583325,19.37337166666663,26918.77753777778,5999.999999999999,6000.000000000004
2025-05-31,none,18168.237532693627,17928.447536143627,0.0,0.0,239.78999654999993,90.52094999999997,28025.03741386111,6000.000000000004,6000.000000000002
2025-06-01,none,69895.44875885094,52165.18150928516,0.0,0.0,17730.267249565775,4316.555391166663,5287.426541250001,6000.000000000002,6000.0
2025-06-02,none,71392.83683444414,52834.70031308674,0.0,0.0,18558.136521357403,4507.849638055555,10021.693415305557,6000.0,6000.0
2025-06-03,none,68597.68547779991,48398.238181189685,0.0,0.0,20199.44729661023,4742.817428666667,5333.467534416668,6000.0,6000.000000000002
2025-06-04,none,70400.9491709484,57727.81993459711,0.0,0.0,12673.129236351295,3472.1527154722226,13904.32104313889,6000.000000000002,6000.000000000001
2025-06-05,none,69525.65518027959,51052.62525948351,0.0,0.0,18473.029920796078,4260.0680524166655,4671.773566583336,6000.000000000001,6000.0
2025-06-06,none,27398.59643394341,27340.14961075591,0.0,0.0,58.446823187500016,27.260002083333347,19494.13064691667,6000.0,6000.000000000001
2025-06-07,none,29882.68736089974,29764.669706202076,0.0,0.0,118.01765469766698,59.300271750000206,25319.067333083334,6000.000000000001,6000.000000000002
2025-06-08,none,58845.76492134311,51102.80275146065,0.0,0.0,7742.962169882457,1871.9953486944441,9308.024775361111,6000.000000000002,6000.000000000004
2025-06-09,none,62516.13128330264,59320.772602284436,0.0,0.0,3195.358681018203,980.1346410277766,11262.789440777779,6000.000000000004,6000.0
2025-06-10,none,59424.41410307556,55139.621509943376,0.0,0.0,4284.792593132191,1197.0440993333327,5903.645269833332,6000.0,6000.0
2025-06-11,none,66006.41947970788,60918.58388535258,0.0,0.0,5087.83559435531,1214.0447071666672,7210.017639083337,6000.0,6000.0
2025-06-12,none,61255.96177124919,59618.843111833776,0.0,0.0,1637.1186594154137,478.6115448611103,9284.685641611115,6000.0,6000.0
2025-06-13,none,28238.256150568264,28238.256150568264,0.0,0.0,0.0,0.0,24284.97204316667,6000.0,6000.000000000002
2025-06-14,none,29452.16709416689,29425.489581817223,0.0,0.0,26.67751234966643,11.106374833333234,28070.95798275,6000.000000000002,6000.0000000000055
2025-06-15,none,60329.53541394906,56926.38430027681,0.0,0.0,3403.15111367225,794.40468375,8321.332970250001,6000.0000000000055,6000.0
2025-06-16,none,61433.35298377248,60014.269586063616,0.0,0.0,1419.0833977088628,383.9547287777781,9050.915902361112,6000.0,6000.0000000000055
2025-06-17,none,63230.61475848974,61666.22590350875,0.0,0.0,1564.38885498099,403.5192367500006,9108.534063750001,6000.0000000000055,6000.0
2025-06-18,none,63136.73293923549,62124.097135217,0.0,0.0,1012.6358040184857,303.1217964999997,13615.686598000002,6000.0,6000.0
2025-06-19,none,59364.10221224386,57138.355485391556,0.0,0.0,2225.7467268523023,493.8752782499991,12253.986850666666,6000.0,5999.999999999998
2025-06-20,none,28511.731423344783,28511.731423344783,0.0,0.0,0.0,0.0,30485.106092583334,5999.999999999998,6000.0
2025-06-21,none,26238.06734490119,26238.06734490119,0.0,0.0,0.0,0.0,28725.695212583334,6000.0,6000.000000000001
2025-06-22,none,58051.19227050133,57607.46269036482,0.0,0.0,443.72958013651163,140.55521772222158,12548.002538638888,6000.000000000001,6000.0
2025-06-23,none,58796.493582400944,58588.547002107654,0.0,0.0,207.94658029329088,85.8035926666663,13657.276846500003,6000.0,6000.0
2025-06-24,none,69706.47891666372,69372.45280258302,0.0,0.0,334.02611408069424,115.31357008333327,15408.114593166669,6000.0,6000.0
2025-06-25,none,61116.038054380035,59918.688790406006,0.0,0.0,1197.349263974026,229.1609239999995,12880.46696516667,6000.0,6000.000000000002
2025-06-26,none,56988.11795474317,56830.11728151979,0.0,0.0,158.00067322337617,49.8513197222226,12194.182956222221,6000.000000000002,6000.000000000002
2025-06-27,none,28315.825278012104,28315.825278012104,0.0,0.0,0.0,0.0,32811.40074041666,6000.000000000002,6000.000000000002
2025-06-28,none,28614.803915130808,28614.803915130808,0.0,0.0,0.0,0.0,30385.14344766666,6000.000000000002,6000.000000000001
2025-06-29,none,59362.40217960923,56917.68262245927,0.0,0.0,2444.7195571499565,559.6701743888881,10341.008336638888,6000.000000000001,6000.0
2025-06-30,none,61276.21501087846,60630.36379765037,0.0,0.0,645.8512132280962,185.48107886111092,14257.772432694444,6000.0,6000.0
2025-07-01,none,86811.47248621729,57381.64946602819,0.0,0.0,29429.823020189102,7330.4672345555555,2231.310622638888,6000.0,6000.0
2025-07-02,none,75837.80903607147,54485.04983554433,0.0,0.0,21352.75920052714,5329.81153072222,2107.8674659722237,6000.0,6000.0
2025-07-03,none,83757.67944448412,61636.72755796726,0.0,0.0,22120.95188651686,5314.4995606111115,3400.6801923611115,6000.0,6000.0
2025-07-04,none,29287.96297009985,27515.817933809365,0.0,0.0,1772.1450362904834,669.688315222222,14865.394239555551,6000.0,6000.0
2025-07-05,none,29044.71643367173,27494.040846387757,0.0,0.0,1550.6755872839728,754.1068197500001,15719.528683370367,6000.0,6000.000000000002
2025-07-06,none,96091.54151163356,57498.52948560266,0.0,0.0,38593.012026030905,8488.083248944442,869.094620527777,6000.000000000002,6000.0
2025-07-07,none,69637.29728096486,59665.68562744757,0.0,0.0,9971.611653517291,2548.5308117222216,6006.431411055556,6000.0,6000.0
2025-07-08,none,70427.1245599427,63576.38926522335,0.0,0.0,6850.735294719358,1495.3608759722215,7543.275607138892,6000.0,6000.000000000002
2025-07-09,none,68892.7224176842,62765.94404451921,0.0,0.0,6126.778373164993,1253.8703732499985,8617.852777250004,6000.000000000002,6000.0
2025-07-10,none,67884.69938234234,57869.77215992821,0.0,0.0,10014.927222414128,2246.76264972222,3236.7052885555595,6000.0,6000.000000000002
2025-07-11,none,32494.015268532043,32464.09080478621,0.0,0.0,29.92446374583358,13.629908333333447,19074.57523833333,6000.000000000002,6000.000000000004
2025-07-12,none,30344.177725299982,30152.767384430146,0.0,0.0,191.41034086983396,105.22607391666679,16357.01500875,6000.000000000004,6000.000000000002
2025-07-13,none,63506.458114941146,60192.84341653634,0.0,0.0,3313.6146984048023,695.6323135833327,9439.815151916668,6000.000000000002,6000.0
2025-07-14,none,66761.65496806242,56411.78717327722,0.0,0.0,10349.867794785196,2060.9629111944446,4201.976353277778,6000.0,6000.0
2025-07-15,none,64188.92377697436,61816.18829737161,0.0,0.0,2372.7354796027503,530.692277222223,8258.625342138888,6000.0,6000.0
2025-07-16,none,73464.50033753912,60622.18519127939,0.0,0.0,12842.315146259738,3250.9240076944416,7340.442949861112,6000.0,6000.0
2025-07-17,none,73765.98069937684,57897.57580897758,0.0,0.0,15868.404890399263,3230.799507416667,4386.673537000001,6000.0,6000.000000000002
2025-07-18,none,33774.236469550044,33774.236469550044,0.0,0.0,0.0,0.0,23089.000675666663,6000.000000000002,6000.000000000002
2025-07-19,none,33521.755608077714,33516.777530923544,0.0,0.0,4.978077154166691,1.695241666666675,25500.092382833333,6000.000000000002,6000.0
2025-07-20,none,64902.91360569098,60041.197546469644,0.0,0.0,4861.7160592213295,1027.4626840555547,8111.020826472222,6000.0,6000.0
2025-07-21,none,66732.51565603307,62493.49023073724,0.0,0.0,4239.02542529582,922.331565416667,6525.959994749999,6000.0,6000.000000000002
2025-07-22,none,69171.5384393172,62115.64700709205,0.0,0.0,7055.891432225153,1702.6294476388891,6985.465242972222,6000.000000000002,6000.0
2025-07-23,none,68603.75072645239,68352.46598501489,0.0,0.0,251.2847414374982,59.816524999999565,14172.390259666663,6000.0,6000.0
2025-07-24,none,68551.95746115793,68444.82835360088,0.0,0.0,107.12910755705514,26.353281416666505,13818.847188750002,6000.0,6000.000000000002
2025-07-25,none,33425.0129588265,33395.91426380386,0.0,0.0,29.0986950226388,10.949650055555523,25867.4359935,6000.000000000002,6000.0
2025-07-26,none,33898.189991744955,33898.189991744955,0.0,0.0,0.0,0.0,25696.169521416665,6000.0,6000.0
2025-07-27,none,74483.19960676538,61813.17726357541,0.0,0.0,12670.022343189967,2440.022016027777,8803.300990361111,6000.0,6000.000000000004
2025-07-28,none,75134.09311616252,64862.85403516851,0.0,0.0,10271.239080994019,2144.017520111109,7277.044589277779,6000.000000000004,6000.000000000002
2025-07-29,none,76471.55130174868,63287.47347707194,0.0,0.0,13184.07782467674,2907.290113277776,8258.058384527778,6000.000000000002,6000.000000000004
2025-07-30,none,83965.13957220751,59107.061974095566,0.0,0.0,24858.077598111944,5852.1636413333335,6044.392642999999,6000.000000000004,6000.000000000002
2025-07-31,none,73136.08072704973,60527.085226856354,0.0,0.0,12608.995500193376,2732.817226305555,6505.119552722225,6000.000000000002,6000.0
2025-08-01,none,32784.75098567517,32784.75098567517,0.0,0.0,0.0,0.0,30232.888239833334,6000.0,6000.0
2025-08-02,none,33693.51407038237,33693.51407038237,0.0,0.0,0.0,0.0,34920.054052249994,6000.0,6000.000000000001
2025-08-03,none,56761.054945623655,52627.492026519205,0.0,0.0,4133.562919104449,1042.1219265833338,5441.413350666669,6000.000000000001,6000.0
2025-08-04,none,62730.429512193645,56667.25451076336,0.0,0.0,6063.175001430278,1304.7249693055523,7577.315290972225,6000.0,6000.0
2025-08-05,none,64207.41875787123,54725.77156180533,0.0,0.0,9481.6471960659,2499.322193111111,6876.636731027778,6000.0,6000.000000000002
2025-08-06,none,67446.11383747519,60859.96157102458,0.0,0.0,6586.152266450606,1366.253719777776,9373.685350944448,6000.000000000002,6000.0
2025-08-07,none,59117.31930191429,57781.44034748079,0.0,0.0,1335.8789544335016,315.8067496388896,14643.547414555554,6000.0,6000.000000000002
2025-08-08,none,29601.468727838605,29601.468727838605,0.0,0.0,0.0,0.0,32484.82074577778,6000.000000000002,6000.0
2025-08-09,none,30053.68376534018,30053.68376534018,0.0,0.0,0.0,0.0,29180.964928333335,6000.0,6000.0
2025-08-10,none,62555.99038119668,55786.24064955201,0.0,0.0,6769.749731644665,1389.1838859166662,6890.957034250002,6000.0,6000.000000000004
2025-08-11,none,58354.818638991754,52394.19884599713,0.0,0.0,5960.619792994625,1371.485103,6072.313345583335,6000.000000000004,6000.000000000002
2025-08-12,none,60340.63206867398,57056.17104977611,0.0,0.0,3284.4610188978695,749.5823602777768,8151.081964777779,6000.000000000002,6000.0
2025-08-13,none,66224.42992302841,51975.77054703795,0.0,0.0,14248.65937599046,2760.552429250001,4169.941047250001,6000.0,6000.000000000004
2025-08-14,none,62845.392881869186,53856.98012517532,0.0,0.0,8988.41275669386,1904.2349606944447,4802.83915086111,6000.000000000004,5999.999999999998
2025-08-15,none,30349.529195574592,30349.529195574592,0.0,0.0,0.0,0.0,31468.552558166666,5999.999999999998,6000.0
2025-08-16,none,31138.945664342173,31138.945664342173,0.0,0.0,0.0,0.0,32755.372901749997,6000.0,6000.0
2025-08-17,none,58089.36310598609,54312.90821646775,0.0,0.0,3776.4548895183425,664.2876542499994,9664.083241333334,6000.0,6000.000000000002
2025-08-18,none,57465.0717431037,53829.47523910334,0.0,0.0,3635.5965040003603,861.4279568333332,5607.772475250005,6000.000000000002,6000.000000000004
2025-08-19,none,58472.742315483745,52671.24176146456,0.0,0.0,5801.500554019187,1397.7266218888858,4805.347040222222,6000.000000000004,6000.0
2025-08-20,none,63982.268236074604,57849.25085999392,0.0,0.0,6133.017376080686,1236.3599473333343,6573.990594333335,6000.0,6000.0
2025-08-21,none,57035.550364641706,54492.5206442162,0.0,0.0,2543.0297204255007,502.9015236944445,6625.627302194447,6000.0,6000.0
2025-08-22,none,29422.70778647592,29385.01090526328,0.0,0.0,37.69688121263871,16.69018669444432,25663.451269351848,6000.0,6000.000000000002
2025-08-23,none,27905.951772078544,27768.672570768154,0.0,0.0,137.27920131038866,55.07643522222213,23172.51297980555,6000.000000000002,6000.0
2025-08-24,none,59179.38293780141,53084.33151963451,0.0,0.0,6095.051418166903,1399.7425254722223,4739.358719388891,6000.0,6000.000000000002
2025-08-25,none,68514.76242498285,67040.05763890296,0.0,0.0,1474.7047860798966,411.69634463888804,18282.110291138888,6000.000000000002,6000.0
2025-08-26,none,62640.03981415808,53242.7019795094,0.0,0.0,9397.33783464868,2382.3532275,4474.897829166666,6000.0,6000.0
2025-08-27,none,71221.87463981292,53532.30704006209,0.0,0.0,17689.56759975083,4007.6588530277777,5016.225468777778,6000.0,6000.0
2025-08-28,none,76739.59077125454,51831.177872572574,0.0,0.0,24908.41289868197,5589.433056555556,2540.761436138888,6000.0,6000.0
2025-08-29,none,30580.878779202332,30580.878779202332,0.0,0.0,0.0,0.0,26769.042533,6000.0,6000.000000000002
2025-08-30,none,30245.74672365326,30234.34291557826,0.0,0.0,11.403808075000121,4.495883333333381,29923.093897750005,6000.000000000002,5999.999999999998
2025-08-31,none,67816.91370774209,52372.38432332524,0.0,0.0,15444.529384416848,3432.1441318055577,4336.091274138891,5999.999999999998,6000.000000000002
2025-09-01,none,51709.2980499441,51709.2980499441,0.0,0.0,0.0,0.0,23942.931660416667,6000.000000000002,6000.000000000002
2025-09-02,none,46123.71122569788,45853.53903197397,0.0,0.0,270.17219372391406,71.83534008333268,13390.570902833335,6000.000000000002,6000.0
2025-09-03,none,48166.225470250545,48090.3628657842,0.0,0.0,75.86260446634759,17.9668039722223,14177.908466222223,6000.0,6000.0
2025-09-04,none,47179.573444649046,46663.94594452596,0.0,0.0,515.6275001230848,105.16475211111137,13066.54317094445,6000.0,6000.0
2025-09-05,none,23571.811581306116,23539.66727919195,0.0,0.0,32.14430211416631,18.008012388888687,36899.56142872222,6000.0,6000.000000000001
2025-09-06,none,23448.016980606975,23448.016980606975,0.0,0.0,0.0,0.0,36073.33328508333,6000.000000000001,6000.000000000002
2025-09-07,none,47599.99624514663,43918.488647160266,0.0,0.0,3681.5075979863577,770.6791321111104,9547.779984277782,6000.000000000002,6000.000000000002
2025-09-08,none,50401.348663358316,48587.06105700765,0.0,0.0,1814.2876063506658,443.608616472222,11918.358368722224,6000.000000000002,6000.000000000002
2025-09-09,none,46462.509654841844,42777.98420667407,0.0,0.0,3684.5254481677766,1041.914567583333,8282.49097972222,6000.000000000002,5999.999999999998
2025-09-10,none,49699.60971730065,49544.63951392773,0.0,0.0,154.97020337291596,40.80550624999984,11081.31516625,5999.999999999998,6000.000000000002
2025-09-11,none,51607.72946648549,48756.43577775029,0.0,0.0,2851.2936887352043,503.65427172222144,18850.61037113889,6000.000000000002,6000.0
2025-09-12,none,23472.12016470449,23459.93451982428,0.0,0.0,12.185644880208365,14.210664583333369,32121.642382305552,6000.0,6000.0
2025-09-13,none,23159.74728453919,23159.74728453919,0.0,0.0,0.0,0.0,35320.284644527776,6000.0,6000.000000000002
2025-09-14,none,52665.206869091744,52441.018570847285,0.0,0.0,224.188298244457,92.9550511666663,15815.918558833333,6000.000000000002,5999.999999999998
2025-09-15,none,45427.03136988897,41916.28793526192,0.0,0.0,3510.743434627054,997.5495245277777,4998.093289333336,5999.999999999998,6000.000000000002
2025-09-16,none,51306.51269504281,49773.193203749855,0.0,0.0,1533.319491292957,483.2627317499994,13109.191577750002,6000.000000000002,6000.0
2025-09-17,none,49638.042985033986,47684.77696349632,0.0,0.0,1953.2660215376682,623.0477488611114,8946.806866194445,6000.0,6000.0000000000055
2025-09-18,none,51618.523538546564,41697.771171515924,0.0,0.0,9920.752367030644,2674.579518916665,3550.1958765,6000.0000000000055,6000.000000000002
2025-09-19,none,21765.242706480312,21765.242706480312,0.0,0.0,0.0,0.0,24474.976294166663,6000.000000000002,6000.0
2025-09-20,none,21682.607583296758,21666.337786327465,0.0,0.0,16.26979696929198,8.048378416666822,25507.71896466666,6000.0,6000.000000000004
2025-09-21,none,47843.96394197067,46690.14864710672,0.0,0.0,1153.815294863956,374.8375199166666,9447.671616333333,6000.000000000004,6000.000000000002
2025-09-22,none,53971.85143608539,47404.807925754474,0.0,0.0,6567.0435103309155,1886.9257846666662,9368.498189000002,6000.000000000002,6000.000000000001
2025-09-23,none,52794.43264271249,46043.83145554949,0.0,0.0,6750.601187163,1576.9512308333328,5873.4699897499995,6000.000000000001,6000.000000000002
2025-09-24,none,60045.18215966753,40419.940977316364,0.0,0.0,19625.241182351165,6258.65951325,2182.534935805558,6000.000000000002,6000.0
2025-09-25,none,53879.850081869205,43595.81524877075,0.0,0.0,10284.034833098458,2682.119881361111,5515.87046836111,6000.0,6000.000000000001
2025-09-26,none,21023.282393698402,21023.282393698402,0.0,0.0,0.0,0.0,23870.85315241667,6000.000000000001,6000.0
2025-09-27,none,22038.70085395273,20229.426308724203,0.0,0.0,1809.2745452285271,721.6634657777774,21097.793308194443,6000.0,6000.0
2025-09-28,none,53689.3487258182,44341.74013939075,0.0,0.0,9347.608586427446,2564.9721587777753,2709.926579694445,6000.0,6000.000000000003
2025-09-29,none,55224.45043492668,46644.903644847196,0.0,0.0,8579.546790079481,2206.6281948333326,6134.2363601666675,6000.000000000003,5999.999999999998
2025-09-30,none,62132.966942319494,46446.439633899616,0.0,0.0,15686.527308419876,4334.952360166667,4683.133112,5999.999999999998,6000.0
2025-10-01,none,42236.00076031575,41429.475495467464,0.0,0.0,806.5252648482889,368.45174016666556,13789.362214750001,6000.0,6000.000000000002
2025-10-02,none,46764.37504150933,45859.91392714521,0.0,0.0,904.4611143641234,420.5349591666662,18342.177696500003,6000.000000000002,6000.000000000005
2025-10-03,none,17685.935845158237,17685.935845158237,0.0,0.0,0.0,0.0,29003.358946083332,6000.000000000005,6000.0
2025-10-04,none,20786.223148731,20786.223148731,0.0,0.0,0.0,0.0,30942.580175249997,6000.0,6000.000000000002
2025-10-05,none,46263.791035784896,45040.39551860606,0.0,0.0,1223.3955171788305,494.3357398055548,14337.972790472224,6000.000000000002,6000.0
2025-10-06,none,51275.89140754759,39758.80368402424,0.0,0.0,11517.087723523346,3447.666148916666,3113.104163333336,6000.0,6000.0
2025-10-07,none,43574.42157149649,41535.56832694674,0.0,0.0,2038.85324454975,616.8587498055558,5282.531130638892,6000.0,6000.0
2025-10-08,none,42059.31269001707,40221.240987260826,0.0,0.0,1838.0717027562441,493.1744043333324,3964.0220255000004,6000.0,6000.000000000001
2025-10-09,none,46763.887062150374,46140.3359408464,0.0,0.0,623.5511213039696,225.50272191666625,14084.541319166667,6000.000000000001,6000.000000000004
2025-10-10,none,19469.500231165435,19469.500231165435,0.0,0.0,0.0,0.0,30531.28175525,6000.000000000004,6000.000000000002
2025-10-11,none,19682.886563534,19665.170283076503,0.0,0.0,17.716280457499884,8.686576499999944,26135.66076188888,6000.000000000002,5999.999999999999
2025-10-12,none,44803.13136105974,41954.47314464784,0.0,0.0,2848.6582164118995,729.0688854166661,5738.785470166667,5999.999999999999,6000.000000000002
2025-10-13,none,44444.57773275372,43411.67749695988,0.0,0.0,1032.9002357938434,270.87356008333256,8674.430114333334,6000.000000000002,6000.0
2025-10-14,none,48605.88080999447,46105.9292953334,0.0,0.0,2499.9515146610684,628.300582638889,8221.795971055555,6000.0,6000.000000000002
2025-10-15,none,48645.41024337756,46932.98920773312,0.0,0.0,1712.4210356444435,446.5299234166662,8746.169241250002,6000.000000000002,6000.000000000001
2025-10-16,none,48779.9186558379,45453.50961691128,0.0,0.0,3326.409038926621,909.1808683888873,4485.74076613889,6000.000000000001,6000.000000000003
2025-10-17,none,19501.690171983944,18220.588295448473,0.0,0.0,1281.101876535472,349.17349474999986,21453.75071586111,6000.000000000003,6000.000000000002
2025-10-18,none,20177.734550040965,20177.734550040965,0.0,0.0,0.0,0.0,24919.96930675,6000.000000000002,6000.000000000005
2025-10-19,none,49805.67388180368,47351.78848022259,0.0,0.0,2453.8854015810903,551.9609451111098,5331.087743944446,6000.000000000005,6000.000000000002
2025-10-20,none,52071.89510662137,50645.585515541796,0.0,0.0,1426.3095910795714,425.03549005555556,9143.59331238889,6000.000000000002,6000.000000000002
2025-10-21,none,52926.174473861385,50125.09129924771,0.0,0.0,2801.083174613677,800.519297472221,6691.878337888889,6000.000000000002,6000.000000000003
2025-10-22,none,53269.80050082337,47293.41188040112,0.0,0.0,5976.3886204222445,1433.0735545833318,4704.204076416668,6000.000000000003,6000.000000000002
2025-10-23,none,57397.52892584402,54293.356869685755,0.0,0.0,3104.1720561582642,630.016989416667,16927.918023583334,6000.000000000002,6000.000000000002
2025-10-24,none,19383.09647867045,19376.417987037115,0.0,0.0,6.678491633333264,4.139133333333291,21458.87878466666,6000.000000000002,6000.000000000001
2025-10-25,none,20683.440283247874,20683.440283247874,0.0,0.0,0.0,0.0,25455.80245433333,6000.000000000001,6000.000000000007
2025-10-26,none,53844.12110185471,50959.82885539817,0.0,0.0,2884.2922464565427,610.5309223333333,10233.784433666666,6000.000000000007,6000.000000000003
2025-10-27,none,50380.998400182696,46223.52012682122,0.0,0.0,4157.478273361474,950.6971097777775,4780.118839277779,6000.000000000003,6000.000000000002
2025-10-28,none,56111.97477961696,46251.393058545524,0.0,0.0,9860.581721071438,2391.568018916664,3618.750113249999,6000.000000000002,6000.000000000001
2025-10-29,none,58157.41738826041,51936.26376339911,0.0,0.0,6221.153624861301,1248.9313824444437,6387.76065927778,6000.000000000001,6000.000000000001
2025-10-30,none,54008.8784433525,46576.012839013674,0.0,0.0,7432.865604338829,1901.571144666665,3797.5455483333353,6000.000000000001,6000.000000000004
2025-10-31,none,22408.877610349424,22408.877610349424,0.0,0.0,0.0,0.0,22585.900834750002,6000.000000000004,6000.0000000000055
2025-11-01,none,20464.798567242025,20462.537167929524,0.0,0.0,2.261399312500028,1.031425000000013,19814.64644225,6000.0000000000055,5999.999999999995
2025-11-02,none,56852.199133470705,51450.52103240532,0.0,0.0,5401.678101065389,1387.3003119166663,5376.650015833335,5999.999999999995,6000.0
2025-11-03,none,57573.95516565,55550.9109396965,0.0,0.0,2023.0442259534964,570.4963525277773,9444.767526611111,6000.0,5999.999999999997
2025-11-04,none,55517.37671165537,51251.50220708478,0.0,0.0,4265.874504570595,907.4527309999997,6406.027638999999,5999.999999999997,6000.000000000005
2025-11-05,none,59844.148478516174,58221.47612665591,0.0,0.0,1622.6723518602682,480.9327280555565,12094.764841305554,6000.000000000005,6000.000000000005
2025-11-06,none,57619.14723385795,54920.882710581645,0.0,0.0,2698.264523276305,687.622037972222,5722.019619555555,6000.000000000005,6000.000000000002
2025-11-07,none,22032.4532262749,22032.4532262749,0.0,0.0,0.0,0.0,22347.075811749997,6000.000000000002,6000.0
2025-11-08,none,23971.876360766222,23968.82552804539,0.0,0.0,3.0508327208332355,1.3430916666666235,25952.066680916665,6000.0,6000.000000000005
2025-11-09,none,58305.722204578444,56728.619767771524,0.0,0.0,1577.1024368069188,395.61215066666693,8015.54573033333,6000.000000000005,6000.000000000002
2025-11-10,none,61693.13244580778,58511.85260906363,0.0,0.0,3181.279836744153,752.377962888889,6847.018564555556,6000.000000000002,6000.000000000005
2025-11-11,none,61339.118773852046,60101.82657197543,0.0,0.0,1237.2922018766212,325.02944099999934,11513.385504499998,6000.000000000005,6000.000000000003
2025-11-12,none,58202.1517234632,56923.162271947724,0.0,0.0,1278.9894515154747,274.32664663888977,8715.41588113889,6000.000000000003,6000.000000000002
2025-11-13,none,62490.47426519258,56015.48444998397,0.0,0.0,6474.9898152086125,1521.5739244444444,6260.214921361112,6000.000000000002,6000.000000000001
2025-11-14,none,24065.44940247209,24065.44940247209,0.0,0.0,0.0,0.0,22119.97701475,6000.000000000001,5999.999999999998
2025-11-15,none,27444.80864410357,27444.80864410357,0.0,0.0,0.0,0.0,27453.042177249998,5999.999999999998,6000.000000000002
2025-11-16,none,59855.61717662418,58085.2434598067,0.0,0.0,1770.3737168174853,437.7590831666663,5774.491813750001,6000.000000000002,6000.000000000001
2025-11-17,none,57452.77455770917,55582.74758030726,0.0,0.0,1870.0269774019114,521.5067526111102,4687.780782694446,6000.000000000001,6000.000000000002
2025-11-18,none,60032.97062624505,59047.14175464269,0.0,0.0,985.8288716023562,332.52324433333206,5742.288960583335,6000.000000000002,6000.0
2025-11-19,none,60480.788986644744,58743.54626607269,0.0,0.0,1737.242720572055,504.9000644722222,4604.264806305557,6000.0,6000.0
2025-11-20,none,59499.43124593757,57234.33776862582,0.0,0.0,2265.0934773117524,542.3028285555557,4858.823430805556,6000.0,6000.000000000004
2025-11-21,none,24953.973765953415,24953.973765953415,0.0,0.0,0.0,0.0,20876.24238475,6000.000000000004,6000.0
2025-11-22,none,28330.40031481436,28330.40031481436,0.0,0.0,0.0,0.0,26604.726188916666,6000.0,6000.0
2025-11-23,none,60114.82745800883,58482.808662526004,0.0,0.0,1632.0187954828323,411.6430041944442,5077.706044361113,6000.0,5999.999999999998
2025-11-24,none,59883.687509674026,57789.96170508651,0.0,0.0,2093.72580458751,497.22146080555467,5378.313880555556,5999.999999999998,6000.0
2025-11-25,none,67729.77202747065,66755.86086502127,0.0,0.0,973.9111624493771,316.1719735277784,14023.487106277778,6000.0,6000.000000000003
2025-11-26,none,64199.23639541185,63278.913631720476,0.0,0.0,920.3227636913748,260.3246588333333,8667.441637500002,6000.000000000003,6000.000000000002
2025-11-27,none,61843.05457841239,60995.723495205224,0.0,0.0,847.3310832071686,198.8162291666672,6761.5704000000005,6000.000000000002,6000.0
2025-11-28,none,26116.92154387251,26116.92154387251,0.0,0.0,0.0,0.0,22039.103548416664,6000.0,6000.000000000002
2025-11-29,none,32556.99476230861,32554.465742275275,0.0,0.0,2.529020033333248,1.160633333333294,28506.803393583334,6000.000000000002,6000.0
2025-11-30,none,65947.53687982578,63752.42905785725,0.0,0.0,2195.1078219685387,518.6410090277773,5757.7668817777785,6000.0,6000.000000000004
2025-12-01,none,81768.10502271174,71377.75304999176,0.0,0.0,10390.35197271997,3020.6389645277773,5382.6488759444455,6000.000000000004,6000.0
2025-12-02,none,85922.78632087364,75483.16263315067,0.0,0.0,10439.623687722968,2874.6382426111127,6418.012932027777,6000.0,6000.000000000003
2025-12-03,none,86667.15774674228,66280.6522625545,0.0,0.0,20386.505484187765,4980.516214694444,1136.0092709444443,6000.000000000003,6000.000000000003
2025-12-04,none,86026.77510973821,73606.14231472946,0.0,0.0,12420.632795008762,2979.903516861111,7610.233684611111,6000.000000000003,6000.000000000002
2025-12-05,none,33442.061560361864,33354.366199505115,0.0,0.0,87.69536085674966,42.80186341666649,20470.429703916663,6000.000000000002,6000.0
2025-12-06,none,35994.97098339156,35977.608867129355,0.0,0.0,17.36211626220832,8.883411416666661,20910.450720583332,6000.0,5999.999999999998
2025-12-07,none,81759.98400587372,77020.6155966488,0.0,0.0,4739.368409224911,1279.4471872777792,9327.450354277778,5999.999999999998,6000.0
2025-12-08,none,80081.83044550571,77563.25809377916,0.0,0.0,2518.5723517265387,725.1158913333326,9123.217945249999,6000.0,6000.000000000001
2025-12-09,none,78967.70334829844,75734.73712622008,0.0,0.0,3232.9662220783594,757.1702202499997,8873.78629916667,6000.000000000001,6000.000000000002
2025-12-10,none,77766.05888644191,73464.85553650836,0.0,0.0,4301.203349933554,1007.2399865277769,4524.169683111113,6000.000000000002,6000.000000000001
2025-12-11,none,76561.27681808852,74889.11490907689,0.0,0.0,1672.1619090116228,444.9369243333326,9803.97788075,6000.000000000001,6000.000000000001
2025-12-12,none,35846.36905562267,35846.36905562267,0.0,0.0,0.0,0.0,21278.063061499997,6000.000000000001,6000.0
2025-12-13,none,37171.839815916006,37168.571151116004,0.0,0.0,3.2686647999998257,1.5505999999999176,22362.187909416665,6000.0,6000.000000000009
2025-12-14,none,77024.01440984034,72755.07586477377,0.0,0.0,4268.938545066565,804.0591835277771,3223.087677111116,6000.000000000009,6000.0
2025-12-15,none,77590.80192001353,73677.13206381087,0.0,0.0,3913.669856202665,833.138894916666,3909.9002655833337,6000.0,6000.0
2025-12-16,none,79662.08824077868,78967.6058224859,0.0,0.0,694.4824182927895,168.19349433333264,8480.228400250002,6000.0,6000.0
2025-12-17,none,80519.24420274157,79222.99459210437,0.0,0.0,1296.2496106372055,308.64927933333286,10629.002951666665,6000.0,6000.000000000002
2025-12-18,none,75372.64684917868,74417.97915956305,0.0,0.0,954.6676896156243,326.4789125833329,6736.734044083336,6000.000000000002,6000.000000000002
2025-12-19,none,35725.06686153568,35725.06686153568,0.0,0.0,0.0,0.0,21505.9026035,6000.000000000002,6000.000000000005
2025-12-20,none,37220.28580070828,37220.28580070828,0.0,0.0,0.0,0.0,24482.687095999998,6000.000000000005,6000.000000000002
2025-12-21,none,78830.68813899756,77496.09437790007,0.0,0.0,1334.5937610974977,247.15761799999927,8110.6386956666665,6000.000000000002,6000.000000000001
2025-12-22,none,79390.04941393188,78014.4130124732,0.0,0.0,1375.6364014586688,272.4459105000001,7808.442106166667,6000.000000000001,6000.0
2025-12-23,none,79985.58933844704,79299.70992971312,0.0,0.0,685.8794087339224,142.37166216666753,11719.702581333335,6000.0,6000.0
2025-12-24,none,78813.41981708987,78019.78829350413,0.0,0.0,793.6315235857446,160.83165099999928,9794.733102000002,6000.0,6000.0
2025-12-25,none,75836.85408661023,74481.27849584327,0.0,0.0,1355.5755907669475,298.77634933333377,6480.591610750002,6000.0,6000.000000000004
2025-12-26,none,36664.04429039582,36664.04429039582,0.0,0.0,0.0,0.0,23270.552101999998,6000.000000000004,6000.0
2025-12-27,none,37411.2291987123,37411.2291987123,0.0,0.0,0.0,0.0,24820.82464283333,6000.0,6000.0000000000055
2025-12-28,none,77589.3915590155,76709.12851066128,0.0,0.0,880.2630483542109,165.60427408333356,10099.867688166665,6000.0000000000055,6000.000000000002
2025-12-29,none,76040.09692228034,75538.24426290925,0.0,0.0,501.8526593710797,124.88797749999947,8541.314675,6000.000000000002,6000.0000000000055
2025-12-30,none,75606.21573350953,75498.68698059132,0.0,0.0,107.5287529182085,29.47541708333324,9970.23366575,6000.0000000000055,6000.000000000002
2025-12-31,none,78107.14971831131,77071.19504832423,0.0,0.0,1035.9546699870884,272.32842347222254,8766.602169805557,6000.000000000002,6000.0
2025-02-01,6,31804.800622534523,30304.132187792053,1273.3261967255353,0.0,227.34223801693764,93.57606591666666,20504.693095293725,1200.0000000000018,10800.000000000004
2025-02-02,6,64699.80665450798,60976.184472606365,0.0,0.0,3723.6221819016164,651.673999250001,8085.932708924556,10800.000000000004,6837.9815397083385
2025-02-03,6,71353.19839777773,65141.628283322,0.0,0.0,6211.570114455724,1144.2244829166698,8265.80972706549,6837.9815397083385,6647.972709027782
2025-02-04,6,71663.38381064737,66882.56594908086,0.0,0.0,4780.817861566503,875.4525720833326,14418.699723140955,6647.972709027782,1200.0000000000034
2025-02-05,6,68810.39099602358,64253.198242338054,638.0598123142768,0.0,3919.1329413712465,751.3558548611104,3741.026193351511,1200.0000000000034,6204.324553125001
2025-02-06,6,71380.8418636342,66489.97029693497,0.0,0.0,4890.871566699216,853.8975897638888,15067.789544520572,6204.324553125001,1200.0000000000048
2025-02-07,6,28854.412382736176,28628.677560788386,0.0,0.0,225.73482194779018,42.41599433333306,29116.471504163237,1200.0000000000048,1200.000000000001
2025-02-08,6,25107.18454066537,24527.738320798315,0.0,0.0,579.4462198670543,145.33047337499983,16391.358567633557,1200.000000000001,5689.160608982879
2025-02-09,6,66179.02977537345,61858.472045789604,658.2957612061753,0.0,3662.261968377671,703.3508573888896,5289.48262904133,5689.160608982879,6238.555676624997
2025-02-10,6,68821.10511541461,56305.22173353669,0.0,0.0,12515.883381877922,2488.2512223333374,7787.815462581959,6238.555676624997,6396.561598111115
2025-02-11,6,67812.92600865463,57683.20945198585,0.0,0.0,10129.71655666878,1960.9857333055534,6664.198094314477,6396.561598111115,6555.746859833332
2025-02-12,6,69220.85818210461,57076.89153887834,40.666759402695206,0.0,12103.299883823569,2279.814364972225,6843.659096316529,6555.746859833332,6598.5041407824065
2025-02-13,6,59553.922413126944,51705.79362911422,0.0,0.0,7848.12878401273,1593.2677743611102,10423.246410811727,6598.5041407824065,1200.0000000000036
2025-02-14,6,24263.331683928034,24155.12725218481,0.0,0.0,108.2044317432223,27.94655205555557,23134.69742673903,1200.0000000000036,1200.000000000001
2025-02-15,6,25511.145665225344,24816.74315732731,0.0,0.0,694.4025078980338,254.9556039444462,18638.97355430556,1200.000000000001,6343.845355765739
2025-02-16,6,71574.97731785433,56844.4883501946,0.0,0.0,14730.48896765973,2821.4884293698587,7095.554229075957,6343.845355765739,6195.672667513893
2025-02-17,6,61953.44677444969,55884.152709072165,0.0,0.0,6069.294065377525,1224.3240834999997,9512.232123484566,6195.672667513893,6161.878884319444
2025-02-18,6,66163.03237672753,47836.724555826906,65.34835664621446,0.0,18260.959464254403,3823.9793238888833,6834.416413472221,6161.878884319444,1200.0000000000032
2025-02-19,6,71573.69972731182,50694.42906715463,0.0,0.0,20879.27066015719,4563.72669198611,1375.7098241486592,1200.0000000000032,6214.6279243472245
2025-02-20,6,62923.52466911218,50723.345760895725,968.5468581593684,0.0,11231.63205005709,2133.693268138887,10344.129771252568,6214.6279243472245,1200.0000000000018
2025-02-21,6,22395.841185173136,21793.970932140917,0.0,0.0,601.8702530322196,155.83847930555493,21422.371682544926,1200.0000000000018,1200.000000000001
2025-02-22,6,22876.56338140551,22468.73702007349,0.0,0.0,407.82636133202095,172.17901308333353,13531.47098718107,1200.000000000001,7022.080383817593
2025-02-23,6,62031.56526233173,48259.74938146562,360.5713228625547,0.0,13411.244558003553,2774.9223484583363,1926.0994718984239,7022.080383817593,6079.33759899692
2025-02-24,6,65461.65817294177,46779.67566516918,0.0,0.0,18681.98250777258,3683.216857277772,2299.5094766097336,6079.33759899692,6580.282580541666
2025-02-25,6,57483.514208635504,46652.01755951859,847.1644690370091,0.0,9984.332180079913,2106.4171884444413,11949.85861348045,6580.282580541666,1200.0000000000011
2025-02-26,6,73014.43951091377,44711.278815522135,1658.3681537169311,0.0,26644.792541674695,5953.788367972225,794.4187660555549,1200.0000000000011,6474.939427500005
2025-02-27,6,65586.52476647534,42392.10209117408,74.12034858640241,0.0,23120.302326714867,4759.485390749992,6957.413178808809,6474.939427500005,1200.0000000000018
2025-02-28,6,20917.616852131447,20041.23515336978,0.0,0.0,876.3816987616673,272.84293536111124,20348.3620180216,1200.0000000000018,1200.0000000000005
2025-03-01,6,23700.015716727445,22508.574955400327,0.0,0.0,1191.4407613271176,423.26236526388715,22423.650825694433,1200.0000000000005,5716.230709999077
2025-03-02,6,69240.74784390788,49847.60068971549,130.90178188212064,0.0,19262.24537231028,3864.2410712777746,2675.939706442379,5716.230709999077,6835.093450048614
2025-03-03,6,75190.17680812125,50952.97676317766,310.54499145062994,0.0,23926.655053492956,4851.252221888884,7610.958279212619,6835.093450048614,6291.664380000002
2025-03-04,6,64842.17171563921,44423.59462652378,155.8672253914852,0.0,20262.709863723943,4658.384750083338,6429.824421572521,6291.664380000002,1200.0000000000018
2025-03-05,6,61487.44672807348,48262.53295543992,0.0,0.0,13224.913772633565,2690.068702555555,5415.594607189987,1200.0000000000018,6602.949080250006
2025-03-06,6,62787.26331638013,42386.21918792412,0.0,0.0,20401.044128456007,4314.316481208336,7972.851966518866,6602.949080250006,1199.9999999999993
2025-03-07,6,22705.38576496829,21259.097299634348,0.0,0.0,1446.2884653339443,430.84862491666655,25608.539998799384,1199.9999999999993,1200.0000000000016
2025-03-08,6,20259.428122594505,19352.108620288567,0.0,0.0,907.3195023059375,314.78826787500003,18392.80043599726,1200.0000000000016,5640.440699179635
2025-03-09,6,65861.28861236596,44635.29358640539,0.0,0.0,21225.99502596056,4458.520800805555,9064.209132385118,5640.440699179635,6220.388605291668
2025-03-10,6,67075.83146205722,43358.52843383293,599.1217915526179,0.0,23118.18123667167,5067.655461027773,1829.759471926957,6220.388605291668,6256.805998222229
2025-03-11,6,57312.69401465448,37738.13524510563,5844.121256677298,0.0,13730.437512871555,2948.0944908333267,7228.2913203333355,6256.805998222229,1200.000000000001
2025-03-12,6,69481.64504786867,45992.09021055167,0.0,0.0,23489.554837317,5148.722459694443,8772.03828939952,1200.000000000001,6358.558039125002
2025-03-13,6,61207.98206572522,44366.41772423175,0.0,0.0,16841.564341493468,3432.469409972219,7744.250833816866,6358.558039125002,1200.0000000000036
2025-03-14,6,19074.148016181964,18940.09769584782,0.0,0.0,134.05032033414471,54.16240004166629,25748.216426658095,1200.0000000000036,1199.9999999999995
2025-03-15,6,20073.732720021366,19118.93634654612,0.0,0.0,954.7963734752445,357.7549874861117,15987.549304108888,1199.9999999999995,5904.082664481942
2025-03-16,6,52176.669610487166,41872.74402045678,1056.0211705050772,0.0,9247.904419525306,2010.9455542222222,8400.903435472223,5904.082664481942,1200.0000000000016
2025-03-17,6,63497.36687370339,39804.67208914041,0.0,0.0,23692.694784562973,5288.8735078750005,6158.950784236118,1200.0000000000016,6259.980708930556
2025-03-18,6,54073.36849598755,43864.77103826378,0.0,0.0,10208.597457723768,1970.365315624997,13967.775218372943,6259.980708930556,1200.0000000000005
2025-03-19,6,54145.46018083059,37891.31054447501,3843.087260635908,0.0,12411.06237571967,3055.78245497222,2157.9020530658436,1200.0000000000005,5924.829737240747
2025-03-20,6,65625.01786651724,41147.65277769904,0.0,0.0,24477.365088818202,5305.952919916672,10922.3834747416,5924.829737240747,1200.0
2025-03-21,6,18513.82206157261,17839.62221337207,0.0,0.0,674.199848200542,220.64461716666673,24714.61671648456,1200.0,4159.475851033333
2025-03-22,6,20062.382303655042,17591.16985307986,0.0,0.0,2471.2124505751817,848.5795209269668,21979.907614833333,4159.475851033333,4606.232122466057
2025-03-23,6,49658.22328065399,41786.54091223951,0.0,0.0,7871.682368414482,1761.161385472221,12211.995888679005,4606.232122466057,1200.0000000000023
2025-03-24,6,52042.95042232431,40774.46801412567,632.5372769675342,0.0,10635.945131231105,2420.4469307222207,4679.294984283952,1200.0000000000023,6036.566271000001
2025-03-25,6,61927.46764888536,43218.035254822375,237.55773940583344,0.0,18471.874654657153,4264.977985416666,16013.671530688616,6036.566271000001,1199.999999999998
2025-03-26,6,46594.0738113826,39589.530159680464,0.0,0.0,7004.543651702136,1700.7556111388878,2826.797038473936,1199.999999999998,6121.1781254467605
2025-03-27,6,47614.02041706154,39022.36599398781,946.8665807093439,0.0,7644.787842364385,1791.8467769166682,10219.717167477367,6121.1781254467605,1200.0000000000014
2025-03-28,6,18901.022476777405,18043.44089468278,0.0,0.0,857.5815820946262,284.0402005555559,26234.571927471196,1200.0000000000014,4356.031466493515
2025-03-29,6,16720.812014020423,15984.431076580937,0.0,0.0,736.3809374394863,238.35245069444446,26922.372661478395,4356.031466493515,4807.308789251238
2025-03-30,6,48350.55360440201,37866.120745579414,273.09105712174784,0.0,10211.341801700848,2494.836173277776,7484.152245360428,4807.308789251238,5969.264573625001
2025-03-31,6,47473.83249433424,33488.53786938886,6930.1360908791185,0.0,7055.158534066256,1787.5468883611095,3374.488356277784,5969.264573625001,6015.408676499999
2025-04-01,6,48868.685552560324,41037.73326084752,2614.585874404219,0.0,5216.366417308585,1428.943456611114,6806.220845675576,6015.408676499999,5898.453141750001
2025-04-02,6,46289.976354675164,38111.58223752606,3269.1456655072607,0.0,4909.2484516418435,1297.774535999996,3474.350626083339,5898.453141750001,5955.449834625001
2025-04-03,6,47660.547064917984,39861.65462742284,373.19709909149657,0.0,7425.695338403646,1817.4549681527806,12868.728697943427,5955.449834625001,1200.0
2025-04-04,6,17632.698439062977,16684.339032905908,0.0,0.0,948.359406157071,280.27550529166706,27906.598686175592,1200.0,4686.456569774994
2025-04-05,6,17200.92134296011,15455.88178321256,0.0,0.0,1745.0395597475515,576.1052781666652,21747.309514483524,4686.456569774994,4907.828604617599
2025-04-06,6,49989.89677291369,36980.42358117495,263.05689262406054,0.0,12746.41629911468,3058.1154762500046,6455.949962381688,4907.828604617599,6029.429953875004
2025-04-07,6,43394.835330443646,32029.070400253662,3257.693691929721,0.0,8108.071238260264,1948.5053526666698,1993.811557416666,6029.429953875004,5993.904711749999
2025-04-08,6,47817.265944929786,37014.62961387246,454.9583072932548,0.0,10347.67802376407,2269.3885427777723,12142.148808289436,5993.904711749999,1200.0000000000023
2025-04-09,6,50416.093563515875,38745.17885941929,1467.3132726106146,0.0,10203.60143148597,2343.186460194441,7258.620588685185,1200.0000000000023,1200.0000000000005
2025-04-10,6,47322.215556627365,38571.18690362564,1091.7133388323932,0.0,7659.315314169332,1688.7100474166662,10223.93043339815,1200.0000000000005,1200.000000000002
2025-04-11,6,16244.14154913846,15917.36764997618,0.0,0.0,326.7738991622794,87.81168744444486,30812.788993534967,1200.000000000002,1200.0000000000027
2025-04-12,6,17374.030561447846,16809.945278713672,0.0,0.0,564.0852827341744,185.0018069305558,25524.506313373804,1200.0000000000027,4760.369346368978
2025-04-13,6,51656.23670297471,34593.60344826375,0.0,0.0,17062.63325471096,3952.1277795833366,2554.248385935194,4760.369346368978,6158.199819598766
2025-04-14,6,52056.71038182247,35703.57775105441,411.04126886657036,0.0,15942.091361901501,3967.0379869583267,8608.942165481476,6158.199819598766,5969.684687437502
2025-04-15,6,40886.141930091624,30710.254636487924,2786.7044247058034,0.0,7389.182868897903,1601.4908757222224,3090.8542267222215,5969.684687437502,6064.441938750004
2025-04-16,6,44392.094854638286,34572.8465245574,2962.5559593708676,0.0,6856.692370710021,1570.935161013886,8593.270997709878,6064.441938750004,1200.0000000000032
2025-04-17,6,46131.340724201735,34118.19567746103,3501.4442640054426,0.0,8511.700782735265,1862.7943056388892,8518.192733801954,1200.0000000000032,1200.0000000000014
2025-04-18,6,16173.821340018416,15890.80400340105,0.0,0.0,283.01733661736665,65.58048559722195,25769.62641372994,1200.0000000000014,5032.804145930553
2025-04-19,6,15978.826699990228,14191.234358371408,0.0,0.0,1787.592341618819,678.1694234444444,26046.858209545262,5032.804145930553,4988.702345519447
2025-04-20,6,43884.37234903314,32815.09654085673,1152.342725171652,0.0,9916.933083004762,2249.6010759166725,7491.920592908949,4988.702345519447,1200.0000000000036
2025-04-21,6,48693.575249392634,35616.8599232824,518.2705922272535,0.0,12558.444733882983,3034.9282730555515,9268.7370622037,1200.0000000000036,5922.447819
2025-04-22,6,41449.83457496803,31055.984718048127,4626.642588082937,0.0,5767.207268836963,1351.2658735833343,2874.2240364166682,5922.447819,5976.02330625
2025-04-23,6,43781.67283665262,30014.998560821325,4704.821657563625,0.0,9061.852618267672,2269.5021028055544,8024.050334061731,5976.02330625,1200.0000000000005
2025-04-24,6,45580.74985779846,32775.04837253674,316.4388513070809,0.0,12489.262633954639,3084.7118692222225,9337.211465631695,1200.0000000000005,1200.0000000000005
2025-04-25,6,15673.835923858065,15279.184141389134,0.0,0.0,394.6517824689301,94.55239631944445,33844.92135973027,1200.0000000000005,1200.0
2025-04-26,6,16783.22756683711,15430.911127256943,0.0,0.0,1352.3164395801687,438.65233469444536,31912.560779251373,1200.0,4756.57546645
2025-04-27,6,48302.499928780555,30197.108907723246,1964.1450553504858,0.0,16141.245965706825,3752.854748611112,4120.294022944443,4756.57546645,6112.893112500001
2025-04-28,6,45103.40262151811,35678.55930468057,2736.9619518933623,0.0,6687.881364944171,1406.8379392499978,4632.910976750003,6112.893112500001,5990.905066875001
2025-04-29,6,40808.8587305573,30118.306454794805,861.4566381542149,0.0,9829.09563760828,2286.622086583332,3392.2140354139265,5990.905066875001,6031.244863125
2025-04-30,6,43430.29145202323,29012.01653382382,1289.6627295146181,0.0,13128.612188684792,3330.3950956666636,2061.6734846666654,6031.244863125,6051.014738249999
2025-05-01,6,53889.34167943314,31096.902155470412,2443.6329319476604,0.0,20348.806592015066,4432.727624624997,7935.042412003085,6051.014738249999,1200.0000000000027
2025-05-02,6,19497.86700579765,17224.11252100076,0.0,0.0,2273.7544847968898,570.669430638889,19442.16871164419,1200.0000000000027,5058.100165877326
2025-05-03,6,18763.044361453944,14830.386981990558,0.0,0.0,3932.6573794633873,823.9350957777775,24584.515279228897,5058.100165877326,4520.4522906833345
2025-05-04,6,53944.62632684523,33892.396949020884,928.3293839576443,0.0,19123.899993866704,4561.834038890946,5025.4237712297645,4520.4522906833345,5916.180206250001
2025-05-05,6,56546.615777833635,34764.339534488296,0.0,0.0,21782.27624334534,4663.099235805557,3081.877062126203,5916.180206250001,5669.50658733241
2025-05-06,6,53138.89736039283,31064.030059399738,5008.8542566475535,0.0,17066.013044345542,3846.3042874722255,3175.8483478888847,5669.50658733241,5907.375600000003
2025-05-07,6,48266.28839117464,33334.91858272063,4364.944926592661,0.0,10566.42488186135,2241.1512043749995,1951.5514580416655,5907.375600000003,5949.6327949143515
2025-05-08,6,52021.95246329426,35809.65512498973,676.6377175570359,0.0,15535.659620747492,3414.4658758749983,9370.364689978389,5949.6327949143515,1200.0000000000018
2025-05-09,6,17677.295478524615,17027.31895988346,0.0,0.0,649.9765186411528,176.26268441666662,29048.238402428324,1200.0000000000018,1199.9999999999986
2025-05-10,6,18015.99164129764,17215.0447357726,0.0,0.0,800.946905525041,228.52219566666656,22766.226537925413,1199.9999999999986,3547.327535099993
2025-05-11,6,48967.863540072285,36006.21381929163,2992.25453856679,0.0,9969.395182213862,2162.5727470138836,4111.479326989374,3547.327535099993,5651.61932912994
2025-05-12,6,46474.43346252098,31651.928208579357,7557.997112836894,0.0,7264.50814110473,1536.6698256249979,5637.521433268523,5651.61932912994,5631.795969097224
2025-05-13,6,46713.47787136625,36125.38847596626,1196.042928213405,0.0,9392.046467186583,1992.1926034305577,12505.26999138272,5631.795969097224,1200.0000000000032
2025-05-14,6,47425.897759461455,38052.32474605732,2392.300739921709,0.0,6981.272273482424,1518.2498509166653,8169.303047724289,1200.0000000000032,4933.468966973147
2025-05-15,6,44285.29913945519,36969.898997085875,3988.9350910032726,0.0,3326.465051366038,876.9686366388879,12502.574643055552,4933.468966973147,1200.0000000000014
2025-05-16,6,17794.73400962259,17641.178703331014,0.0,0.0,153.55530629157676,42.70288663888895,35003.11364283676,1200.0000000000014,1200.0000000000032
2025-05-17,6,18624.35259915651,17741.759516698512,0.0,0.0,882.5930824579996,183.7849572222221,24437.653359400207,1200.0000000000032,3858.6326072249944
2025-05-18,6,42337.670773793005,38970.7291115966,1494.572728631501,0.0,1872.368933564906,640.2017030694437,7413.30392655487,3858.6326072249944,5765.43635782639
2025-05-19,6,39503.191180503534,34397.54099913519,849.4764340478073,0.0,4256.1737473205385,900.1990006250012,7415.447183255657,5765.43635782639,5992.747010692131
2025-05-20,6,43529.11278336599,34081.04366312911,4429.084249023166,0.0,5018.984871213715,1128.45792786111,5412.659926215025,5992.747010692131,4974.04378985648
2025-05-21,6,43261.44025897327,33518.72627335662,6337.238898592308,0.0,3405.4750870243415,884.2033101388888,8063.926028609566,4974.04378985648,4516.6292443763905
2025-05-22,6,41461.43792127499,35591.43788086019,1508.1914248720343,0.0,4361.808615542764,1048.0671816111112,10076.095510861109,4516.6292443763905,1200.0
2025-05-23,6,17753.591090274924,17593.554035971592,0.0,0.0,160.0370543033327,28.623750833333233,31400.78603731653,1200.0,1200.000000000001
2025-05-24,6,18421.924365350118,18421.924365350118,0.0,0.0,0.0,0.0,31965.68702816101,1200.000000000001,3473.4878532000002
2025-05-25,6,40926.63976066117,36741.974487120955,1533.0973966852944,0.0,2651.567876854927,672.6916341111105,9933.909417987645,3473.4878532000002,4739.683477255559
2025-05-26,6,44909.17287440349,35135.94954177859,4804.59202815515,0.0,4968.631304469756,1418.9168691666653,5635.5466825452695,4739.683477255559,5345.309160184262
2025-05-27,6,43824.54904516383,33299.60241332681,7389.7455588211305,0.0,3135.201073015891,829.51924165278,15125.05840659876,5345.309160184262,1200.0000000000011
2025-05-28,6,42155.38183112053,39320.77874960708,1820.4184939406398,0.0,1014.1845875728079,371.45991541666734,8114.983252225307,1200.0000000000011,4822.341574475001
2025-05-29,6,46310.28511140371,37467.12268595725,6613.599694966491,0.0,2229.5627304799714,654.5275011944441,15467.576417200613,4822.341574475001,1199.9999999999993
2025-05-30,6,18852.5726921957,18812.808846849864,0.0,0.0,39.76384534583325,19.37337166666663,32548.228920197354,1199.9999999999993,1200.0000000000005
2025-05-31,6,20009.944773387273,19610.20221673092,0.0,0.0,399.74255665635434,155.4688557500001,30485.428989128428,1200.0000000000005,4224.618662325001
2025-06-01,6,65993.72071113122,53015.090451104756,5369.082490606077,0.0,7609.547769420393,2294.053942874998,7674.143981759771,4224.618662325001,5556.370066326386
2025-06-02,6,65698.99008804027,53076.133581434886,2988.0375306269116,0.0,9634.818975978471,2650.0971209027775,10903.584430427298,5556.370066326386,5506.042665842129
2025-06-03,6,64061.78275890161,48653.735501958625,9983.301328651592,0.0,5424.745928291393,1619.8436352500005,15094.715188175927,5506.042665842129,1200.0000000000002
2025-06-04,6,76305.91638912332,60283.73660126378,2630.3848820275516,0.0,13391.794905831986,3606.95957672222,16995.620141573385,1200.0000000000002,5361.44075949074
2025-06-05,6,65018.175860770214,51423.23849104632,9592.859302851826,0.0,4002.0780668720595,1340.7644785277766,13572.317979793215,5361.44075949074,1200.000000000002
2025-06-06,6,29357.969988531822,29207.7946740446,0.0,0.0,150.17531448722383,42.99107997222251,25161.842683147457,1200.000000000002,1200.0000000000023
2025-06-07,6,32212.78384951733,31736.14112595059,0.0,0.0,476.6427235667382,150.4105379166673,28920.111511995885,1200.0000000000023,3860.3723052749997
2025-06-08,6,60062.44015353926,52132.91919768685,4935.292171198082,0.0,2994.228784654323,786.8331636388896,17742.563154813106,3860.3723052749997,1200.0000000000002
2025-06-09,6,65140.1107355995,61781.8392689511,1160.6534144406694,0.0,2197.6180522077293,779.3801079166653,17210.716856823055,1200.0000000000002,1200.0000000000002
2025-06-10,6,63549.614531145795,57734.78817661004,4024.2440879910537,0.0,1790.5822665447015,617.6057635000001,13391.2652166929,1200.0000000000002,1200.0000000000002
2025-06-11,6,70438.0834702923,63426.45055201925,3769.0519168879227,0.0,3242.581001385127,791.1053595000003,14838.639442841562,1200.0000000000002,1200.0000000000002
2025-06-12,6,67174.40854854434,62030.89311183378,4106.310633858457,0.0,1037.204802852096,349.3894146666663,17498.917131581286,1200.0000000000002,1200.0000000000039
2025-06-13,6,30225.844229751376,30225.844229751376,0.0,0.0,0.0,0.0,30018.431898368483,1200.0000000000039,1200.000000000003
2025-06-14,6,31403.578222389417,31376.90071003975,0.0,0.0,26.67751234966643,11.106374833333234,32812.329137019384,1200.000000000003,2008.3102473749952
2025-06-15,6,64706.44695634576,58998.69313465857,5462.369490338267,0.0,245.38433134893017,47.47360794444444,17722.21401870371,2008.3102473749952,1200.0000000000039
2025-06-16,6,68698.76869170897,62573.46958606361,5613.424201742953,0.0,511.8749039024175,201.3035420555559,18692.231178187758,1200.0000000000039,1199.9999999999984
2025-06-17,6,72382.17719266085,64173.492570175425,7470.309097782115,0.0,738.3755247033184,241.4098897638887,19814.35887754835,1199.9999999999984,1200.000000000002
2025-06-18,6,71705.07066706828,64545.747135216996,6692.344618508176,0.0,466.9789133431225,167.91391699999912,21344.564366504113,1200.000000000002,3659.6173530462947
2025-06-19,6,63339.18068618188,58345.77191056177,4357.25342185069,0.0,636.1553537694158,178.25169463888835,20673.400012587965,3659.6173530462947,1200.0000000000002
2025-06-20,6,30390.410283401463,30390.410283401463,0.0,0.0,0.0,0.0,36221.32892986042,1200.0000000000002,1200.0000000000005
2025-06-21,6,28055.659452645777,28055.659452645777,0.0,0.0,0.0,0.0,34115.977402055556,1200.0000000000005,1504.7068366499989
2025-06-22,6,65828.07433469717,59917.367941797966,5560.829792091785,0.0,349.8766008074214,117.46990281944385,19292.648813513377,1504.7068366499989,3691.49211408472
2025-06-23,6,61761.39383345237,59793.291129759964,1706.1261863371274,0.0,261.9765173552832,96.13424681944389,18338.30070422016,3691.49211408472,3195.206119914354
2025-06-24,6,72093.20083334213,70776.17665814476,1003.3836502697957,0.0,313.6405249275694,110.37340549999999,21494.017532602535,3195.206119914354,1200.0000000000039
2025-06-25,6,65946.72267233657,62237.65545707267,3488.235610152481,0.0,220.8316051114166,59.43909200000002,18787.923470191014,1200.0000000000039,2936.1358064250107
2025-06-26,6,61583.17437805798,58321.38343035086,3254.361386346419,0.0,7.429561360695165,3.19409375000032,20465.71032608334,2936.1358064250107,1199.9999999999998
2025-06-27,6,30319.656533292815,30319.656533292815,0.0,0.0,0.0,0.0,39094.47671462552,1199.9999999999998,1200.0000000000014
2025-06-28,6,30458.514145349698,30458.514145349698,0.0,0.0,0.0,0.0,35948.837909006164,1200.0000000000014,1200.0
2025-06-29,6,66169.63148053376,59368.79928912594,6568.899478935269,0.0,231.93271247255512,85.42486276388868,17630.905206784817,1200.0,3363.5466065365695
2025-06-30,6,63063.166706637065,62095.765217749366,553.9432101555776,0.0,413.4582787321232,100.60948969444411,20059.642405776915,3363.5466065365695,1200.0000000000018
2025-07-01,6,85625.39625012399,60077.03279936152,18570.494807255596,0.0,6977.868643506864,2632.461002333334,15732.712730488684,1200.0000000000018,1200.000000000002
2025-07-02,6,78417.12923251984,57253.58316887766,14096.270185849373,0.0,7067.275877792817,2619.0414012916654,11314.101522375004,1200.000000000002,4919.8873314291695
2025-07-03,6,89415.91170527815,62258.134182648806,19380.71645330474,0.0,7777.061069324612,2750.9421861666674,19259.442249552474,4919.8873314291695,1200.0000000000023
2025-07-04,6,36948.79564331184,29525.54617662206,6247.307227721221,0.0,1175.942238968556,530.3935352500004,28339.413068175414,1200.0000000000023,1200.0000000000023
2025-07-05,6,34091.31575741072,29538.85359054893,3628.7981279645614,0.0,923.6640388972215,449.9313084999997,19854.47354922325,1200.0000000000023,4980.381465637967
2025-07-06,6,86684.29819287366,58060.4968820871,23117.809308977226,0.0,5505.99200180932,2040.4417299166666,13128.564878166668,4980.381465637967,4689.737686083332
2025-07-07,6,71205.87217704474,60452.72440347646,7101.153654908107,0.0,3651.9941186601773,1351.5267061527766,10616.417793958339,4689.737686083332,4915.852885784723
2025-07-08,6,69977.231374709,64151.79889290946,4199.194856454373,0.0,1626.2376253451637,552.3444058333323,9471.0155672013,4915.852885784723,5247.120519976857
2025-07-09,6,71375.42604286113,63212.841918564234,6080.546387269629,0.0,2082.037737027262,565.5331580833328,12641.566912083345,5247.120519976857,5249.746808111109
2025-07-10,6,70744.36713216564,58260.37761974799,10874.702969609307,0.0,1609.2865428083492,580.2687884444448,14514.610232339503,5249.746808111109,1200.0000000000002
2025-07-11,6,34889.6196289428,34625.172112155895,234.52305304107261,0.0,29.92446374583358,13.629908333333447,24624.164093438783,1200.0000000000002,1200.0000000000002
2025-07-12,6,34082.37461912765,32058.067105306036,1992.9537625841172,0.0,31.353751237500024,11.809322500000007,20861.71308751543,1200.0000000000002,4306.439825978708
2025-07-13,6,63960.74770126845,61071.900356454935,2296.3763946042654,0.0,592.470950209248,187.34534749999966,15375.024140946844,4306.439825978708,1199.9999999999984
2025-07-14,6,68283.25693345668,59011.003839943885,7364.293788129486,0.0,1907.959305383305,510.6324133055555,8100.689407888894,1199.9999999999984,5227.486183077781
2025-07-15,6,69149.19098096897,62232.66179602635,2000.229065535507,0.0,4916.3001194071185,1100.6252074999989,15271.191064139046,5227.486183077781,1200.0000000000002
2025-07-16,6,72567.21998329318,63453.68519127939,1374.3033414487522,0.0,7739.231450565028,1968.62726708333,12155.287065826476,1200.0000000000002,1200.000000000002
2025-07-17,6,70129.78149081022,60642.675808977576,8342.928122321639,0.0,1144.1775595110098,247.3362985555547,13385.208289249997,1200.000000000002,1200.0000000000002
2025-07-18,6,35788.87833566661,35788.87833566661,0.0,0.0,0.0,0.0,26777.39243254389,1200.0000000000002,2902.1166179250067
2025-07-19,6,36684.16816423735,34827.28200120588,0.0,0.0,1856.8861630314684,491.9101225555545,29338.956706963658,2902.1166179250067,3163.0446209250013
2025-07-20,6,66080.97096598505,61603.862132983384,3188.5768855179504,0.0,1288.5319474837138,288.9533738333331,14681.318634158954,3163.0446209250013,1200.0000000000002
2025-07-21,6,74078.90117999728,65193.09023073724,2075.9006143227084,0.0,6809.910334937329,1442.4909446666659,13419.818780394027,1200.0000000000002,1200.000000000002
2025-07-22,6,76681.73012494983,64696.36367375871,11983.00512005446,0.0,2.361331136666446,0.5145633333332853,21104.84555544136,1200.000000000002,1200.0000000000002
2025-07-23,6,78096.16923152212,71069.16598501489,0.0,0.0,7027.0032465072345,1273.1913465277773,21510.176393274007,1200.0000000000002,1200.0000000000002
2025-07-24,6,73536.65707599251,71126.74502026755,725.5690002952856,0.0,1684.3430554296674,325.36326444444444,20192.40168258624,1200.0000000000002,1199.9999999999984
2025-07-25,6,35480.29606800776,35320.50164234084,0.0,0.0,159.79442566692273,55.49019649999975,30042.982171218962,1199.9999999999984,2479.6296321750024
2025-07-26,6,35358.54602903388,35358.54602903388,0.0,0.0,0.0,0.0,30002.079045623104,2479.6296321750024,2408.1761744250007
2025-07-27,6,72249.92277851103,63820.32267823318,3263.766546953561,0.0,5165.83355332429,965.7276110416667,14946.029895209362,2408.1761744250007,1200.0000000000002
2025-07-28,6,75128.78407416627,67379.28736850184,2963.0919993077473,0.0,4786.40470635669,1064.5283633888885,10566.135770087449,1200.0000000000002,3897.353069883336
2025-07-29,6,69751.25529617736,64392.7665498304,4272.416891332253,0.0,1086.0718550147167,201.65037165277812,11699.101723998456,3897.353069883336,4137.043482513891
2025-07-30,6,70782.36090611904,60236.25778789421,9364.030574985183,0.0,1182.07254323965,343.71689000000254,10903.975494134773,4137.043482513891,4519.5607372787
2025-07-31,6,68922.29016743433,61311.83922133347,2915.9141094780753,0.0,4694.536836622787,954.318765833335,12809.876276833334,4519.5607372787,1200.0000000000018
2025-08-01,6,35608.25021586603,34781.091774348744,0.0,0.0,827.1584415172838,185.50576866666654,35967.56138149228,1200.0000000000018,1199.9999999999995
2025-08-02,6,35699.302474786855,35661.36855017123,0.0,0.0,37.93392461562448,6.028434583333251,40015.15667783642,1199.9999999999995,1870.921717277778
2025-08-03,6,59105.89747659717,54963.745442488675,3197.7729522388736,0.0,944.3790818696228,245.79350419444347,13291.445134723253,1870.921717277778,1200.0000000000002
2025-08-04,6,61552.93511311116,59297.193029830705,1697.070262059629,0.0,558.6718212208316,132.9163138055551,14394.31969713889,1200.0000000000002,1200.0000000000036
2025-08-05,6,61728.40917583221,57422.88915525612,2526.944446036475,0.0,1778.575574539616,350.76474027777743,13726.620366527779,1200.0000000000036,1200.0000000000036
2025-08-06,6,66419.82452411375,63467.486957134715,0.0,0.0,2952.337566979031,612.0286841527741,10628.955525956277,1200.0000000000036,4326.662924902321
2025-08-07,6,61707.42130901836,58682.38761391845,1586.094204704198,0.0,1438.9394903957148,310.38982947222235,21400.519272735943,4326.662924902321,1200.0000000000016
2025-08-08,6,31590.696775132692,31590.696775132692,0.0,0.0,0.0,0.0,38243.008721139224,1200.0000000000016,1200.0
2025-08-09,6,32145.64355159624,31943.37842697453,0.0,0.0,202.2651246217086,62.577921583333406,34889.3148484789,1200.0,1200.0000000000011
2025-08-10,6,60590.88189319828,58419.9852946216,245.35934430129555,0.0,1925.537254275393,454.4608210694423,11738.189853878433,1200.0000000000011,1200.0000000000036
2025-08-11,6,59815.75326063071,54844.186778122836,1480.9008113172458,0.0,3490.665671190622,700.8525594444442,11976.365540916668,1200.0000000000036,1200.000000000001
2025-08-12,6,64216.49699923875,59730.40438310944,2026.1197146077534,0.0,2459.972901521556,571.3077043888866,14800.774323971538,1200.000000000001,1200.000000000002
2025-08-13,6,61569.37121046565,54618.16404981253,1411.347175912509,0.0,5539.859984740617,1052.518427277779,7113.878835719648,1200.000000000002,3684.5056027273167
2025-08-14,6,61056.445714255104,55129.31625121305,3640.4746861760404,0.0,2286.6547768660125,418.3597603611117,13284.608762194432,3684.5056027273167,1200.0000000000005
2025-08-15,6,32334.18448054162,32334.18448054162,0.0,0.0,0.0,0.0,37146.31643577812,1200.0000000000005,1200.0000000000018
2025-08-16,6,33278.15100382291,33068.77742255752,0.0,0.0,209.37358126538706,43.569679749999814,38296.487447101856,1200.0000000000018,1262.6923841249984
2025-08-17,6,61298.17644875691,56903.90680424176,112.91361713018794,0.0,4281.356027384967,723.8386086388876,15327.868999399867,1262.6923841249984,1199.999999999999
2025-08-18,6,60294.45062494629,56486.67523910334,762.0590913903095,0.0,3045.716294452641,625.824673527778,11870.16374194445,1199.999999999999,1200.0000000000043
2025-08-19,6,62508.736793009724,55330.927422954475,0.0,0.0,7177.80937005525,1484.9370542500023,10360.024198295274,1200.0000000000043,1199.9999999999973
2025-08-20,6,68720.58174108947,60538.96752666059,1784.559310608583,0.0,6397.054903820294,1362.5956990694428,10668.679221629449,1199.9999999999973,3913.4952279615804
2025-08-21,6,63546.72164237892,55677.85096237,1122.314524980542,0.0,6746.5561550283755,1440.5885126111111,13995.836804870374,3913.4952279615804,1200.0
2025-08-22,6,32632.799582503438,31337.003787922473,0.0,0.0,1295.795794580964,241.9758534722219,31512.29725089386,1200.0,1200.0
2025-08-23,6,31163.90889770433,29810.65273735802,0.0,0.0,1353.2561603463057,403.8104033888889,28500.107797972225,1200.0,1901.4214527749984
2025-08-24,6,69493.84754637929,55247.211143475324,441.1269656117575,0.0,13805.509437292203,2826.968180861111,9225.166293494849,1901.4214527749984,3832.034901751855
2025-08-25,6,70679.99320346999,68299.25839723698,0.0,0.0,2380.734806233007,535.46071898611,24720.571921030358,3832.034901751855,1199.9999999999995
2025-08-26,6,62080.92770451777,55825.483594211626,967.7488702044634,0.0,5287.69524010168,1156.127302472225,6902.443535382715,1199.9999999999995,4237.523788880556
2025-08-27,6,62704.17493760076,54362.742604528656,6057.8410193267,0.0,2283.5913137454036,433.51472438888925,10492.27643549485,4237.523788880556,3920.6636486796365
2025-08-28,6,69226.10018173436,53070.97226687502,7108.883820199059,0.0,9046.244094660295,1908.3648898611116,10587.450956805555,3920.6636486796365,1200.000000000005
2025-08-29,6,32983.23867019042,32723.04751855138,0.0,0.0,260.1911516390423,81.04372941666674,31105.838357853907,1200.000000000005,2553.6806975999975
2025-08-30,6,31874.023986957753,31646.357500486876,0.0,0.0,227.66648647087527,87.43134845833345,33540.869048960056,2553.6806975999975,3145.2002570995323
2025-08-31,6,64316.810546054985,53837.36263164385,1123.718942100163,0.0,9355.728972310975,2112.884144944442,6525.440421922841,3145.2002570995323,3933.374455256946
2025-09-01,6,56193.31096547019,52661.586862469114,0.0,0.0,3531.724103001076,795.5220578055537,31246.465792783267,3933.374455256946,1200.0
2025-09-02,6,51300.04826315143,48173.555698640645,0.0,0.0,3126.4925645107887,607.9269506666687,19675.93257412038,1200.0,1200.0000000000014
2025-09-03,6,52211.9981103765,50524.662865784194,0.0,0.0,1687.3352445923078,397.90973391666705,17907.601551085914,1200.0000000000014,3446.989825460644
2025-09-04,6,51445.79244442185,47999.77051783888,0.0,0.0,3446.021926582974,876.9992738194436,19682.093231267318,3446.989825460644,1199.9999999999982
2025-09-05,6,25332.33723336232,25273.712614572778,0.0,0.0,58.624618789541955,12.04650508333333,42774.16704285528,1199.9999999999982,1200.000000000002
2025-09-06,6,25382.871112810564,25252.991059903376,0.0,0.0,129.8800529071873,60.442531499999916,40962.60535187569,1200.000000000002,2147.6602893541667
2025-09-07,6,49287.1275151105,45716.08663112915,1705.2124802600026,0.0,1865.8284037213516,350.6390852361107,14091.513716530872,2147.6602893541667,3721.9377142847216
2025-09-08,6,51633.66324652024,49654.36595611926,0.0,0.0,1979.2972904009828,482.6916900555549,17738.769374033272,3721.9377142847216,1199.999999999999
2025-09-09,6,49278.617321508274,45092.218234677646,1737.459798019335,0.0,2448.9392888112898,555.8076960416693,11280.458819476517,1199.999999999999,4447.056743453232
2025-09-10,6,58203.18684893618,50331.13564969384,0.0,0.0,7872.05119924234,1663.265290916668,16353.5402217716,4447.056743453232,3270.494656869449
2025-09-11,6,53032.19937540505,50034.197696129195,0.0,0.0,2998.001679275857,568.0998628888894,24769.126473957826,3270.494656869449,1200.0000000000005
2025-09-12,6,25259.187041486366,25165.361563776478,0.0,0.0,93.82547770988822,35.01237372222197,38110.86015053223,1200.0000000000005,1200.0000000000005
2025-09-13,6,25029.479250983637,25029.479250983637,0.0,0.0,0.0,0.0,41290.48606402709,1200.0000000000005,1200.0
2025-09-14,6,56808.69270613713,54755.135237513954,0.0,0.0,2053.5574686231803,483.97809595833166,22481.335102083336,1200.0,1200.0000000000032
2025-09-15,6,47112.806378343215,44270.87126859525,0.0,0.0,2841.935109747966,715.7958056944434,6590.870602727024,1200.0000000000032,4362.612313734876
2025-09-16,6,52476.43016256139,50573.38683246892,0.0,0.0,1903.0433300924701,493.0646165972215,18801.621246993993,4362.612313734876,1200.0000000000027
2025-09-17,6,52322.96369512583,50087.093630162984,0.0,0.0,2235.870064962844,542.6977927777782,14507.309419877056,1200.0000000000027,1200.0000000000018
2025-09-18,6,51992.49356813057,43996.85450484925,4693.008176045428,0.0,3302.630887235893,617.0560786666674,13403.635436249997,1200.0000000000018,1200.0000000000023
2025-09-19,6,23682.713570616525,23682.713570616525,0.0,0.0,0.0,0.0,30212.653869897113,1200.0000000000023,1199.999999999999
2025-09-20,6,23698.671947533618,23423.054047256323,0.0,0.0,275.6179002772935,85.4168628750005,29701.382648487648,1199.999999999999,2701.3949557865762
2025-09-21,6,50118.783947017575,48329.70963053001,0.0,0.0,1789.0743164875648,441.53966883333396,15237.783973504631,2701.3949557865762,1200.000000000007
2025-09-22,6,56570.833973970315,49795.37459242114,198.7856969215818,0.0,6576.6736846275935,1885.420972250002,9889.507232211592,1200.000000000007,5844.752306987966
2025-09-23,6,53250.709649293196,46117.24636460051,0.0,0.0,7133.463284692683,1547.6120628611116,11276.376314508916,5844.752306987966,1200.000000000004
2025-09-24,6,53256.278631202884,42751.574310649696,4370.2822868140875,0.0,6134.422033739101,1795.5237017777786,8134.172463003087,1200.000000000004,1200.0000000000002
2025-09-25,6,56156.34822919305,45979.531915437416,2973.9054885901905,0.0,7202.910825165442,1885.3729580694444,13527.563651111113,1200.0000000000002,1200.0000000000045
2025-09-26,6,23359.42913009293,22913.66641846089,0.0,0.0,445.7627116320402,75.94731054166641,29750.141011125,1200.0000000000045,1199.9999999999968
2025-09-27,6,23188.03624988298,22092.649027341984,0.0,0.0,1095.3872225409993,393.1073710833335,21381.971580980797,1199.9999999999968,5511.010002212041
2025-09-28,6,57835.33465400357,44578.94291823606,8000.337934078308,0.0,5256.0538016892,1354.0698722499988,14523.952774833338,5511.010002212041,1199.9999999999993
2025-09-29,6,60066.83269824264,48953.72031151386,204.35714652374975,0.0,10908.755240205031,2593.3928561666644,12236.419386888545,1199.9999999999993,1200.0
2025-09-30,6,56979.46025363458,48829.33963389962,2396.619156259094,0.0,5753.501463475866,1628.03246488889,3979.9452809583327,1200.0,5947.94249380787
2025-10-01,6,42952.21235627333,41454.89691099129,725.4157618514655,0.0,771.8996834305808,349.9648714166657,19677.48325225,5947.94249380787,1200.0000000000005
2025-10-02,6,48951.2564099766,48027.94726047854,65.05731746443912,0.0,858.2518320336237,398.14131616666634,24287.521624954734,1200.0000000000005,1200.000000000002
2025-10-03,6,20070.63127607245,19517.225449368936,0.0,0.0,553.4058267035134,168.87994949999984,30608.97265261934,1200.000000000002,5016.929495387037
2025-10-04,6,22001.782943304777,21167.673510825913,604.9313467527812,0.0,229.17808572608328,120.35870379166664,29846.402941267486,5016.929495387037,8819.80413338889
2025-10-05,6,46008.92876715175,43664.854804815885,487.8416669356683,0.0,1856.232295400204,619.3881645416657,20594.11446284791,8819.80413338889,1200.0000000000032
2025-10-06,6,47525.27648406154,42152.55368402424,4092.005066481871,0.0,1280.7177335554275,464.32532888888795,5213.961721888888,1200.0000000000032,5988.395531250002
2025-10-07,6,44005.58241094097,41541.260963561326,789.1545620096215,0.0,1675.1668853700216,518.3174941527782,11143.267558405176,5988.395531250002,1200.0
2025-10-08,6,44216.19847220138,42596.840987260824,733.3978378144492,0.0,885.9596471261133,282.1685250555547,4346.433695041674,1200.0,5990.260484624998
2025-10-09,6,47318.15564095143,46144.97411450166,126.46520167049859,0.0,1046.7163247792685,293.958729888887,20054.82918274761,5990.260484624998,1200.0000000000007
2025-10-10,6,21217.849357167834,21217.849357167834,0.0,0.0,0.0,0.0,36381.31855953291,1200.0000000000007,1200.0
2025-10-11,6,22991.616766950858,21437.44300362996,1299.3874950846484,0.0,254.78626823624978,126.36837733333323,24859.84618026131,1200.0,10275.62855560185
2025-10-12,6,42449.538471279404,39978.74464710819,379.2316248877294,0.0,2091.5621992834813,564.6348733333325,6131.360843916668,10275.62855560185,6085.369588500003
2025-10-13,6,47906.2651651111,43373.46037784138,988.946514091625,0.0,3543.8582731780994,834.0207791666645,9948.952070072706,6085.369588500003,6161.8315670555585
2025-10-14,6,54981.8717128505,46028.753619133124,1411.7213832775044,0.0,7541.396710439875,1802.8850920000004,10737.031893531894,6161.8315670555585,5972.693264250005
2025-10-15,6,51263.44562683159,46944.94955799162,258.3210117864574,0.0,4060.1750570535123,943.7948266111105,9722.998673419752,5972.693264250005,5977.4312789999985
2025-10-16,6,49450.84799763878,45464.84663776028,1905.5342718780157,0.0,2080.4670880004846,511.41595069444423,10905.668779620368,5977.4312789999985,1199.9999999999995
2025-10-17,6,20147.01849090421,19932.719070673462,0.0,0.0,214.29942023075003,134.8045196666667,22042.080611637517,1199.9999999999995,5366.112391626851
2025-10-18,6,20670.73695690128,20434.261828035906,0.0,0.0,236.47512886537567,115.16622533333367,25930.299191372444,5366.112391626851,5516.268750992589
2025-10-19,6,49841.402945016634,47581.62845267462,17.036552004472522,0.0,2242.737940337544,504.59479126388663,5348.092205542529,5516.268750992589,5998.053836624999
2025-10-20,6,51980.79170574209,50646.62628046667,0.0,0.0,1334.1654252754245,295.950326111112,14598.978367024694,5998.053836624999,1199.9999999999984
2025-10-21,6,54204.995236336414,52376.50796591438,721.6846106309135,0.0,1106.8026597911182,328.5418231666682,12065.692440414954,1199.9999999999984,1200.000000000001
2025-10-22,6,56592.22552011221,49730.49521373445,734.409405395744,0.0,6127.320900982014,1351.520162791665,5307.19060658745,1200.000000000001,5980.960601250001
2025-10-23,6,58197.79916680297,54302.138263487,322.2237017828136,0.0,3573.4372015331573,720.1270340416653,23141.142246399173,5980.960601250001,1200.0000000000005
2025-10-24,6,21452.399879227534,21109.54052665837,0.0,0.0,342.8593525691641,111.18132570833274,22715.429083699586,1200.0000000000005,5367.133794587501
2025-10-25,6,21098.850632735346,20918.537402986327,0.0,0.0,180.31322974902076,81.42096591666683,26890.981383381688,5367.133794587501,5395.670267181022
2025-10-26,6,54436.593367882,51269.27681902155,438.80892115208746,0.0,2728.5076277083663,600.77620222222,10952.851411600823,5395.670267181022,5982.540450000001
2025-10-27,6,53810.48130023304,46233.31881427122,5092.335599408346,0.0,2484.8268865534774,566.6352946666647,9218.816965833339,5982.540450000001,5987.4226875
2025-10-28,6,52470.39898021602,46257.45811812886,4681.151095420505,0.0,1531.789766666655,335.3134050000003,10944.272614765432,5987.4226875,1199.999999999999
2025-10-29,6,61019.01604333044,54162.830430065784,856.1890744667098,0.0,5999.996538797944,1207.6004645555586,6796.057212663922,1199.999999999999,6169.281754537046
2025-10-30,6,52953.78959004063,46493.12120654203,1885.3463190962273,0.0,4575.322064402371,1036.5074081388905,9856.245558389914,6169.281754537046,1200.0000000000055
2025-10-31,6,24236.44524509452,24039.02758426748,0.0,0.0,197.4176608270418,49.551632750000124,23947.15064970885,1200.0000000000055,5322.325228075001
2025-11-01,6,22218.918816753627,20698.50773033963,1343.9196277290832,0.0,176.4914586849169,77.26062833333333,18526.33878083573,5322.325228075001,10137.904216259261
2025-11-02,6,57633.03888341981,49526.025412205185,5235.338128690832,0.0,2871.6753425237926,645.6450799166671,9380.788593833335,10137.904216259261,5994.2840482500005
2025-11-03,6,57570.85048854801,55553.610139134,933.3333300077047,0.0,1083.9070194063033,358.5608695555554,10045.930071749315,5994.2840482500005,5940.4435395
2025-11-04,6,57855.79384595223,51278.745979071275,2721.5042018046356,0.0,3855.5436650763163,826.2294914583316,8494.198581750003,5940.4435395,5994.386444625
2025-11-05,6,59999.92932005026,58224.120111237535,223.5733633962042,0.0,1552.2358454165187,450.13648300000114,12475.507945865913,5994.386444625,5969.657170874999
2025-11-06,6,60101.89295587909,54934.53361226244,3235.454866916904,0.0,1931.9044766997483,493.81168308333304,13185.33158997531,5969.657170874999,1200.0000000000045
2025-11-07,6,23965.98190295532,23876.719892941568,0.0,0.0,89.26201001375028,47.6374298333335,23066.527206972227,1200.0000000000045,5729.284016612957
2025-11-08,6,24229.64837157973,24072.99102254198,0.0,0.0,156.6573490377492,66.63828491666646,27050.695347449586,5729.284016612957,5784.869985081481
2025-11-09,6,58605.746729287435,56819.858797431974,622.2967609761284,0.0,1163.591170879332,315.5487876388886,8447.499441311043,5784.869985081481,5984.296895625003
2025-11-10,6,64743.14089388701,58519.840254822375,4189.482288516713,0.0,2033.8183505479178,483.46637248611125,10059.401756513887,5984.296895625003,5974.699664625001
2025-11-11,6,61294.16211890776,60115.550598342175,0.0,0.0,1178.6115205655906,251.19262947222114,17038.89589845576,5974.699664625001,1200.000000000001
2025-11-12,6,65025.2265371938,59343.062271947725,4167.136503686677,0.0,1515.0277615593986,315.43513865277873,11942.238195722224,1200.000000000001,6036.1954031250025
2025-11-13,6,60170.972449961955,56000.06520825271,3121.1933833098583,0.0,1049.7138583993901,281.5981457222224,12702.321696651235,6036.1954031250025,1200.000000000003
2025-11-14,6,25852.282735805427,25852.282735805427,0.0,0.0,0.0,0.0,23497.862150339497,1200.000000000003,5178.082629528704
2025-11-15,6,29699.215966376334,27767.652986342207,1898.199792988713,0.0,33.363187045416275,16.67742416666647,26672.96654957374,5178.082629528704,10641.658742888889
2025-11-16,6,61839.17806009673,55871.05141526695,4292.675927693515,0.0,1675.450717136262,417.47996994444384,8817.562467194446,10641.658742888889,5998.477455
2025-11-17,6,64840.91788169221,55583.53981122226,8291.483962473245,0.0,965.8941079967071,306.86243108333315,16791.920284499996,5998.477455,1200.0000000000011
2025-11-18,6,63843.02950167593,61308.92508797602,951.1903264019513,0.0,1582.914087297955,426.26367611111016,6498.01826473457,1200.0000000000011,5977.684838250002
2025-11-19,6,69496.04171073392,58755.08072523502,9762.628013360983,0.0,978.3329721379183,325.96397300000046,11982.209918999997,5977.684838250002,5911.170656250001
2025-11-20,6,61839.10991841362,57276.630406177894,3718.128520262759,0.0,844.350991972959,222.59205441666677,12607.421873487656,5911.170656250001,1200.0000000000005
2025-11-21,6,26871.95537165736,26687.473765953415,180.31957450644612,0.0,4.162031197499802,2.5549608333332117,22192.952499165636,1200.0000000000005,5433.850337775928
2025-11-22,6,28615.21522883896,28547.77250447219,0.0,0.0,67.4427243667706,30.9730245833332,27115.080621360932,5433.850337775928,6168.379146125466
2025-11-23,6,65856.65351247838,58401.81829323966,6156.603891695681,0.0,1298.2313275430415,351.3798151666666,9354.738910333335,6168.379146125466,5993.1688893750015
2025-11-24,6,62308.863470952216,57793.23456608818,3356.783746001028,0.0,1158.8451588630135,300.0629736666664,12970.748780906379,5993.1688893750015,1200.0000000000023
2025-11-25,6,70138.49038310761,69130.77753168793,212.42359800678247,0.0,795.2892534128949,274.1809842638886,14315.77471748971,1200.0000000000023,5972.583138937502
2025-11-26,6,66497.3230733302,63292.250411468434,2171.1687351156093,0.0,1033.9039267461653,280.7583193749996,10049.017907555559,5972.583138937502,6043.918814625
2025-11-27,6,65336.441915060816,60973.6567307903,3659.6847139373067,0.0,703.1004703332071,167.7499053749999,14782.316405429023,6043.918814625,1200.0000000000055
2025-11-28,6,27924.138210539175,27924.138210539175,0.0,0.0,0.0,0.0,23352.139219566874,1200.0000000000055,5180.8536342055595
2025-11-29,6,33212.73137503692,32862.53282493511,0.0,0.0,350.1985501018127,183.19048758333344,30449.904366042523,5180.8536342055595,5369.7347022731465
2025-11-30,6,70390.95958496025,64062.217963074974,5211.048373135525,0.0,1117.6932487497616,301.6512745416675,8952.22051534722,5369.7347022731465,5998.163950687502
2025-12-01,6,87189.88027196247,71378.73350032464,9536.93022265464,0.0,6274.2165489831805,2221.6404204027776,15416.273810626028,5998.163950687502,1200.0000000000018
2025-12-02,6,92370.87197925702,77975.42929981733,9093.564164157291,0.0,5301.878515282402,1934.5949271666682,11193.263886583332,1200.0000000000018,5758.829973981482
2025-12-03,6,89085.82987240246,66410.9644666132,18248.53175904024,0.0,4426.333646749029,1636.0670630277777,9890.18776427777,5758.829973981482,5690.90737275
2025-12-04,6,86685.79641762392,73768.27856953471,8200.984375163302,0.0,4716.533472925905,1691.8892152222224,15854.294468081964,5690.90737275,1200.0000000000045
2025-12-05,6,35465.29578417697,35361.466199505114,0.0,0.0,103.82958467185371,54.26489987499974,20019.50157058333,1200.0000000000045,6462.135152785649
2025-12-06,6,36477.35112683482,35785.48219075444,642.6318430746296,0.0,49.23709300575,24.564377250000007,20834.575449474287,6462.135152785649,7337.978129971296
2025-12-07,6,82781.76209021463,76365.98327122992,4191.1529320506625,0.0,2224.625886934042,821.0967678333332,11719.79108464643,7337.978129971296,5955.247012875
2025-12-08,6,86339.44817471891,77587.5888011128,7241.006221088531,0.0,1510.853152517582,544.2448756666663,18868.64781789351,5955.247012875,1200.0000000000025
2025-12-09,6,82604.7624365989,78271.3704595534,3400.1821234229637,0.0,933.2098536225401,354.97415230555544,15748.815853791679,1200.0000000000025,1200.0
2025-12-10,6,88124.2046056403,75981.48886984169,11219.451822585404,0.0,923.2639132132052,359.16864119444335,16241.21039935185,1200.0,1200.0000000000023
2025-12-11,6,80687.93453002814,77334.03157574355,2746.804952315095,0.0,607.0980019694986,216.3095826666662,16449.013456984572,1200.0000000000023,1200.000000000001
2025-12-12,6,38023.871539779946,37824.43572228934,199.43581749060712,0.0,0.0,0.0,26927.498953166665,1200.000000000001,1200.000000000001
2025-12-13,6,42124.43133123909,39146.37115111601,2936.457388202246,0.0,41.60279192083323,19.735669791666623,24223.796136577166,1200.000000000001,7731.403569373147
2025-12-14,6,82475.37040753369,71897.18472180661,10143.97915015508,0.0,434.20653557200023,136.1486463333331,14286.117647015435,7731.403569373147,1200.0000000000005
2025-12-15,6,87931.6455302223,76200.1653971442,11582.555392606904,0.0,148.9247404712075,56.95514779166626,10897.531150958333,1200.0000000000005,5961.468766125002
2025-12-16,6,81488.08472754918,78987.87325150415,2412.5864248558364,0.0,87.62505118920572,31.68531283333266,15121.65988031379,5961.468766125002,1200.000000000004
2025-12-17,6,83549.14661821148,81739.97792543769,1238.7153426566592,0.0,570.4533501171252,168.69715374999998,11547.03614106962,1200.000000000004,5896.4776935
2025-12-18,6,82906.86851010672,74478.94229561306,7917.280173039329,0.0,510.6460414543331,206.70735966666655,16984.3494065679,5896.4776935,1200.0000000000014
2025-12-19,6,37715.020218918384,37698.70019486901,0.0,0.0,16.320024049375053,9.162464250000028,20863.374051083338,1200.0000000000014,6702.621167958954
2025-12-20,6,37459.89413656662,36955.57311219597,499.27043342752825,0.0,5.050590943125067,2.393077916666698,23844.226495902265,6702.621167958954,7947.316963846301
2025-12-21,6,80216.55397186828,76537.77443616999,3120.2364389341,0.0,558.5430967642092,129.65447399999994,9728.282166805555,7947.316963846301,6730.164701759261
2025-12-22,6,81406.9853737159,77593.31651284473,3464.012741444752,0.0,349.65611942641567,104.90002341666627,15334.618966614202,6730.164701759261,1200.0000000000014
2025-12-23,6,82545.89470012228,81649.72659637978,683.5125933018812,0.0,212.65551044060825,39.09603725000056,17492.832107994174,1200.0000000000014,1200.0000000000023
2025-12-24,6,81682.29581530544,80474.6382935041,436.5245646468845,0.0,771.132957154455,139.3688687083328,15481.000324499997,1200.0000000000023,1200.0000000000025
2025-12-25,6,79490.07945446913,76855.19516250995,2036.6890501124356,0.0,598.195241846752,138.0449745000003,13142.209942498455,1200.0000000000025,1200.0000000000005
2025-12-26,6,38717.06095706249,38717.06095706249,0.0,0.0,0.0,0.0,22073.446784148153,1200.0000000000005,7391.288077569443
2025-12-27,6,36940.40520451423,36881.63042936893,24.250873650923936,0.0,34.52390149437488,15.979588749999948,23458.18877530419,7391.288077569443,7674.3492254740695
2025-12-28,6,78510.91272258188,75983.3582456963,2116.8452026627538,0.0,410.7092742228335,84.98029745833333,11117.090821984055,7674.3492254740695,6687.126760092596
2025-12-29,6,79843.79593647602,75203.99860114788,4227.7141808883825,0.0,412.08315443976636,103.29793741666583,11536.492332416667,6687.126760092596,5997.8620816875
2025-12-30,6,78271.606579395,75499.74596279544,2677.539300391767,0.0,94.32131620779197,26.594096250000007,11267.069275472231,5997.8620816875,6775.383786296297
2025-12-31,6,78453.33127199586,76714.84414028391,662.5140527425222,0.0,1075.9730789694245,281.0134371666676,8812.624527666667,6775.383786296297,6717.275166018519
2025-02-01,12,32310.00708536628,30304.132187792056,710.1616353325606,0.0,1295.7132622416643,414.43121874999946,19484.671131812247,1200.0,10800.0
2025-02-02,12,64063.96524911194,60976.18447260637,0.0,0.0,3087.780776505567,523.3884924861118,9788.077835676282,10800.0,4992.661899609876
2025-02-03,12,69743.59741210117,66041.5995688241,0.0,0.0,3701.9978432770695,703.6685557083347,7626.85310511351,4992.661899609876,6581.3994430763905
2025-02-04,12,71825.27373927864,66918.4563364582,0.0,0.0,4906.8174028204385,918.4936493333342,14421.81071148663,6581.3994430763905,1200.0000000000011
2025-02-05,12,71658.65476430654,64253.198242338054,0.0,0.0,7405.456521968484,1600.2645336388882,3815.5310395264087,1200.0000000000011,6448.7305285833345
2025-02-06,12,71522.9543344087,66368.09501294399,0.0,0.0,5154.859321464713,976.6743020000007,15137.006153685703,6448.7305285833345,1200.0000000000011
2025-02-07,12,30359.05154520247,28628.67756078839,0.0,0.0,1730.37398441408,314.34816533333276,29146.140848469135,1200.0000000000011,1200.0
2025-02-08,12,25450.475990901065,24527.738320798315,0.0,0.0,922.73767010275,162.86931141666668,21163.314135846707,1200.0,1200.000000000001
2025-02-09,12,67239.2910087373,64071.156631662525,553.2658091874698,0.0,2614.8685678873144,503.7158273055547,5425.891588132373,1200.000000000001,5678.7403605808695
2025-02-10,12,60132.30520602657,56558.507063195764,0.0,0.0,3573.798142830805,708.4445783611125,6070.966223645406,5678.7403605808695,5832.871573509101
2025-02-11,12,68024.48484893024,57954.303731774875,0.0,0.0,10070.181117155362,2013.3167690555556,8648.890973720503,5832.871573509101,4757.227018225008
2025-02-12,12,66674.2506972143,57919.626488291804,0.0,0.0,8754.624208922502,1680.134483416662,6601.348018149168,4757.227018225008,5858.522550476082
2025-02-13,12,56263.77832314816,52063.45911473312,312.14977747815306,0.0,3888.1694309368822,796.438046777779,9512.325127944443,5858.522550476082,1199.9999999999995
2025-02-14,12,25593.657983246892,24155.12725218481,0.0,0.0,1438.5307310620797,259.31304374999934,22970.16060543518,1199.9999999999995,1200.0000000000014
2025-02-15,12,25963.914113533283,24816.74315732731,0.0,0.0,1147.1709562059727,266.26416444444476,24168.484822645063,1200.0000000000014,1290.96703854815
2025-02-16,12,70471.82257497201,59279.03454358372,0.0,0.0,11192.788031388289,2258.521715355969,8170.665426042696,1290.96703854815,4529.884113181481
2025-02-17,12,67395.2820141225,56672.98312737176,0.0,0.0,10722.29888675073,2221.117330472227,11806.84171751613,4529.884113181481,4697.348776566658
2025-02-18,12,65187.5490620951,48528.37692908708,582.4546700081768,0.0,16076.717462999852,3537.7529094999973,6983.318899083331,4697.348776566658,1200.0000000000023
2025-02-19,12,65180.93811518331,50694.42906715463,1160.8190151515091,0.0,13325.690032877168,3059.039833263885,870.3837873472229,1200.0000000000023,6098.324008124999
2025-02-20,12,60797.449218176655,50779.326712570684,0.0,0.0,10018.122505605972,2021.0845658055555,9281.89989169891,6098.324008124999,1200.000000000001
2025-02-21,12,22777.09289035221,21793.970932140917,0.0,0.0,983.121958211294,209.93089508333398,21218.44127035905,1200.000000000001,1199.9999999999995
2025-02-22,12,23731.266693497713,22468.73702007349,0.0,0.0,1262.5296734242204,373.0731760277774,19509.076862707472,1199.9999999999995,1758.6679718756204
2025-02-23,12,70948.73571739998,50707.88463079113,0.0,0.0,20240.85108660885,4162.966743416668,5114.637723687696,1758.6679718756204,4427.166162858951
2025-02-24,12,63994.797466621196,47563.73404199084,0.0,0.0,16431.063424630353,3815.438346166665,5199.885794613848,4427.166162858951,3858.3683405453776
2025-02-25,12,60610.23227400538,47978.152685941524,46.59123131666695,0.0,12585.488356747182,2804.6635631666677,11756.910529798359,3858.3683405453776,1200.0000000000002
2025-02-26,12,69802.72356002546,44711.278815522135,2692.280520701958,0.0,22399.16422380137,4999.882599722219,883.1456728055568,1200.0000000000002,6021.131145000001
2025-02-27,12,62749.05617613303,42612.38328220241,502.32054679754776,0.0,19634.352347133074,4032.876095222221,6653.713002833334,6021.131145000001,1200.0000000000036
2025-02-28,12,21856.2332067828,20041.23515336978,0.0,0.0,1814.9980534130207,500.5326675694409,20592.70623639248,1200.0000000000036,1200.0000000000018
2025-03-01,12,29282.035993134203,22508.574955400323,0.0,0.0,6773.461037733881,1326.5949878749989,28164.479570829728,1200.0000000000018,1200.0000000000005
2025-03-02,12,75100.78643161536,51882.10908826615,0.0,0.0,23218.6773433492,4693.469407749996,6756.943694260624,1200.0000000000005,3958.0081106745383
2025-03-03,12,72402.57224140166,52279.33522708455,0.0,0.0,20123.237014317117,4082.4801925555553,10460.567563708173,3958.0081106745383,2611.6289934606443
2025-03-04,12,68250.1908885831,46167.831724094096,0.0,0.0,22082.359164489015,5001.090498611103,6708.345482700606,2611.6289934606443,1199.999999999998
2025-03-05,12,65850.919829491,48262.53295543992,0.0,0.0,17588.386874051073,3583.132667444441,9922.250524221015,1199.999999999998,3222.1043229310185
2025-03-06,12,64208.97902336538,44019.27042884906,0.0,0.0,20189.70859451632,4276.068673527774,7894.204032827157,3222.1043229310185,1199.999999999999
2025-03-07,12,24129.499659119763,21259.097299634348,0.0,0.0,2870.4023594854166,557.077775,25676.818807195472,1199.999999999999,1200.0000000000011
2025-03-08,12,21137.655428875514,19352.10862028857,0.0,0.0,1785.5468085869434,378.8185696388889,23387.200313077163,1200.0000000000011,1200.0000000000005
2025-03-09,12,62525.89558539206,46783.53331385452,0.0,0.0,15742.362271537548,3187.389194666671,11868.878089389586,1200.0000000000005,2497.9389853009234
2025-03-10,12,68753.03212127893,45164.0877094444,0.0,0.0,23588.944411834524,4976.326581194441,5058.411420713477,2497.9389853009234,2820.32625883889
2025-03-11,12,73255.52889796943,39509.5618406256,947.0093852428283,0.0,32798.957672101,7477.415921027776,6753.482218861111,2820.32625883889,1200.0000000000005
2025-03-12,12,59073.80235496155,45992.09021055167,0.0,0.0,13081.712144409876,2782.1172793333326,10194.357673069611,1200.0000000000005,2852.043409606792
2025-03-13,12,59399.19431788672,45995.17381777787,854.099900381794,0.0,12549.920599727064,2565.2949255277763,7322.953070361109,2852.043409606792,1200.0000000000014
2025-03-14,12,20854.910862780245,18940.097695847824,0.0,0.0,1914.813166932422,370.4153361388885,25960.2390305535,1200.0000000000014,1200.000000000001
2025-03-15,12,20660.8234852743,19118.93634654612,0.0,0.0,1541.8871387281806,300.16572911111115,21165.71368520782,1200.000000000001,1199.9999999999986
2025-03-16,12,58072.25199773028,44048.91425050466,0.0,0.0,14023.337747225618,3108.8036694999987,8173.145915005142,1199.9999999999986,1200.0000000000016
2025-03-17,12,54414.423631432925,39804.67208914041,237.89373230408677,0.0,14371.857809988427,3098.02301811111,8965.111366834362,1200.0000000000016,1944.2723979740745
2025-03-18,12,54916.52186925597,45921.79600582269,0.0,0.0,8994.725863433283,1894.3860395000008,13431.633745677978,1944.2723979740745,1200.0
2025-03-19,12,58920.590860544486,37891.31054447501,2000.6503364490695,0.0,19028.629979620408,4531.902503027779,7058.1459217345655,1200.0,1260.3972736888945
2025-03-20,12,68802.2915814822,43577.850531733275,0.0,0.0,25224.441049748933,5678.132019263887,11388.890334290636,1260.3972736888945,1200.0000000000018
2025-03-21,12,19207.50666611457,17839.62221337207,0.0,0.0,1367.8844527424997,275.80962366666677,28116.04439784259,1200.0000000000018,1200.0
2025-03-22,12,18646.293338521416,18646.293338521416,0.0,0.0,0.0,0.0,24807.237050812757,1200.0,1200.0
2025-03-23,12,50087.374732800454,43403.352110375024,25.015609481871305,0.0,6659.007012943559,1555.8786419444446,11816.851151703017,1200.0,1200.0
2025-03-24,12,47984.79805100348,40774.46801412567,822.702539665648,0.0,6387.627497212168,1559.934900625,8243.387814013031,1200.0,2015.9237557882716
2025-03-25,12,54227.92944198391,45138.43175574027,290.109376027165,0.0,8799.388310216484,2121.953239722224,13615.416568447868,2015.9237557882716,1200.0000000000007
2025-03-26,12,54585.200999796245,39589.530159680464,0.0,0.0,14995.670840115785,3434.758455555553,9717.90393058642,1200.0000000000007,1656.3773375152732
2025-03-27,12,50650.441711101055,41175.177771860814,0.0,0.0,9475.263939240242,2340.3281063749946,9835.22372423816,1656.3773375152732,1200.0
2025-03-28,12,18223.8573993712,18043.440894682783,0.0,0.0,180.4165046884179,31.26451137500021,29223.76856457081,1200.0,1200.0000000000005
2025-03-29,12,17409.9784900286,17175.867091909837,0.0,0.0,234.1113981187639,40.924925222222186,30644.731875951646,1200.0000000000005,1200.000000000001
2025-03-30,12,52579.499110069424,39535.80324177877,348.1382079012484,0.0,12695.557660389408,3115.3340737222197,11421.398597475312,1200.000000000001,2861.0591463537016
2025-03-31,12,56972.913018124906,34958.10838081238,1318.9456968542722,0.0,20695.858940458253,5186.012537638888,6192.579419594994,2861.0591463537016,1379.3256623645075
2025-04-01,12,52629.1333927642,43390.336000840005,614.1062544661105,0.0,8624.691137458085,2168.4619066666664,9965.170810165979,1379.3256623645075,2149.607414868212
2025-04-02,12,51600.492261260675,40015.796668774376,1450.9699377056654,0.0,10133.725654780636,2441.20105497222,7557.5579258585385,2149.607414868212,1847.457607784263
2025-04-03,12,47776.99976380712,41825.30211621053,60.03534153597569,0.0,5891.662306060617,1436.4428471388858,12072.009403287042,1847.457607784263,1200.000000000001
2025-04-04,12,17549.550130497653,16684.339032905908,0.0,0.0,865.2110975917445,157.10320769444473,31643.083008032925,1200.000000000001,1199.999999999999
2025-04-05,12,20352.950728857355,16765.35273686507,0.0,0.0,3587.597991992285,1043.691644916665,26420.108059491762,1199.999999999999,1200.0000000000011
2025-04-06,12,46300.16372758385,38816.7884168429,833.2726014844452,0.0,6650.102709256504,1576.5791995000006,10142.205454233546,1200.0000000000011,1723.2617385419746
2025-04-07,12,44560.165263248375,33988.13108148909,3505.0366868458896,0.0,7066.997494913396,1825.2617187222236,6626.35431634466,1723.2617385419746,2280.7800687898057
2025-04-08,12,49834.6409196462,38745.737332792516,0.0,0.0,11088.903586853681,2458.9218459722197,11863.95839529732,2280.7800687898057,1200.0000000000005
2025-04-09,12,56911.822306904105,38745.17885941929,69.12929738537954,0.0,18097.514150099436,4410.120476777776,7675.758454290642,1200.0000000000005,1200.000000000002
2025-04-10,12,49543.72130496698,38571.18690362563,123.58652621714762,0.0,10848.9478751242,2442.7509485555565,9297.064767795611,1200.000000000002,1199.9999999999998
2025-04-11,12,17138.278447134744,15917.367649976182,0.0,0.0,1220.9107971585609,255.2831816666677,31087.106683209873,1199.9999999999998,1199.999999999999
2025-04-12,12,17358.026664711462,16809.945278713672,0.0,0.0,548.0813859977914,115.09573016666658,29333.127802394712,1199.999999999999,1200.0
2025-04-13,12,47080.92996599301,36317.65535650969,1217.3880066687348,0.0,9545.886602814588,2211.311900194445,7033.842750461595,1200.0,1639.4171548595655
2025-04-14,12,48467.76508406299,37987.216306830516,319.301554655001,0.0,10161.24722257747,2530.5452344722216,10387.365915873796,1639.4171548595655,2599.2741174209887
2025-04-15,12,44250.55987300631,32338.161624776047,1509.5870255487744,0.0,10402.811222681485,2433.9585026388895,6868.281412438267,2599.2741174209887,2245.6928877055616
2025-04-16,12,44826.082051003264,36486.505402208626,1728.207066148726,0.0,6611.369582645917,1616.3855864861107,7623.908891610082,2245.6928877055616,1200.0000000000007
2025-04-17,12,53301.83370294118,34118.19567746103,429.08170706227924,0.0,18754.556318417868,4446.073732305558,6779.648259362652,1200.0000000000007,1200.0000000000002
2025-04-18,12,17350.895313962767,15890.80400340105,0.0,0.0,1460.0913105617178,370.71339102777677,30390.538057648144,1200.0000000000002,1200.0
2025-04-19,12,15991.486337854198,15660.840686834421,0.0,0.0,330.6456510197771,68.69456038888887,29455.62835727229,1200.0,1199.9999999999995
2025-04-20,12,45419.733582724424,34607.51033389779,3265.849349535875,0.0,7546.373899290751,1788.9457756388888,8865.67349650206,1199.9999999999995,1200.000000000001
2025-04-21,12,45358.64550227517,35616.859923282405,349.06517531500435,0.0,9392.720403677762,2231.4387748611075,11913.312784731133,1200.000000000001,2612.3122225938314
2025-04-22,12,46416.27379538343,32684.911995203896,3893.296816055597,0.0,9838.064984123936,2721.261592472224,6549.805023139579,2612.3122225938314,2917.878863861416
2025-04-23,12,47396.55860042447,31670.585299445407,4012.802786496202,0.0,11713.17051448286,3216.1228904722193,8292.625339174385,2917.878863861416,1200.000000000001
2025-04-24,12,41404.80743076044,32775.04837253673,2727.279228856251,0.0,5902.479829367463,1518.2845515555564,10342.637489651235,1200.000000000001,1200.0000000000036
2025-04-25,12,16416.882485033835,15279.184141389134,0.0,0.0,1137.698343644701,204.59574148611102,33987.162344530865,1200.0000000000036,1200.0
2025-04-26,12,16670.1595492184,15430.911127256943,0.0,0.0,1239.248421961458,218.45326661111108,35682.84476563322,1200.0,1199.9999999999989
2025-04-27,12,50949.14624436038,31807.942263774825,607.2174219808251,0.0,18533.98655860473,4353.5186266666615,6830.99473272531,1199.9999999999989,2179.426624322221
2025-04-28,12,49832.697971484864,37651.723232474425,249.59426487861055,0.0,11931.38047413183,2541.1587413888865,7308.269275618142,2179.426624322221,2331.347368530086
2025-04-29,12,43190.231248464814,31819.281091834164,1643.4719548636212,0.0,9727.47820176703,2190.463153361111,8833.00726600841,2331.347368530086,1736.2040400993799
2025-04-30,12,49012.81401877821,31083.8174180837,274.32405875713556,0.0,17654.67254193738,4642.710402874998,6825.313714534303,1736.2040400993799,1998.6996296580246
2025-05-01,12,58366.36785302173,32978.61441793809,220.2677953683992,0.0,25167.485639715236,5202.8030269166675,6965.3626473179065,1998.6996296580246,1200.0000000000002
2025-05-02,12,21445.219241175444,17224.11252100076,0.0,0.0,4221.106720174684,797.3370057222226,23897.949871109053,1200.0000000000002,1199.9999999999995
2025-05-03,12,21931.061322919275,16141.309122968752,0.0,0.0,5789.7521999505225,1026.6351259444436,28405.680143475307,1199.9999999999995,1200.0
2025-05-04,12,55232.79990737786,35547.69458225946,158.43672001728265,0.0,19526.668605101117,4300.731113319446,8683.033104440328,1200.0,1766.1919578682105
2025-05-05,12,56160.43823352872,36808.63031501533,0.0,0.0,19351.807918513387,4441.62672488888,7392.694532597711,1766.1919578682105,1391.6670565370446
2025-05-06,12,59861.63676270954,33207.18262464605,2308.064344043505,0.0,24346.38979401999,5581.777756263889,5941.137215499986,1391.6670565370446,1931.4097604166716
2025-05-07,12,58030.12754771966,35295.21697662433,1872.4703448164323,0.0,20862.440226278904,4891.687191569441,6960.54739735031,1931.4097604166716,1482.0277562180543
2025-05-08,12,48820.06745951599,38004.08981236591,934.7925201479512,0.0,9881.185127002122,2067.9473790694456,8216.901055456785,1482.0277562180543,1200.0000000000032
2025-05-09,12,19243.430237050154,17027.31895988346,0.0,0.0,2216.1112771666926,405.74168776388865,29386.487800670086,1200.0000000000032,1200.0000000000023
2025-05-10,12,19586.115606648706,17215.044735772597,0.0,0.0,2371.070870876108,439.45770302777737,25591.566703279146,1200.0000000000023,1200.0000000000007
2025-05-11,12,48985.67314967762,37192.527586841636,1382.86259672013,0.0,10410.282966115854,2217.00176441666,7381.861839698559,1200.0000000000007,1200.0000000000007
2025-05-12,12,49932.67908869869,33930.26940786638,3871.351478745206,0.0,12131.058202087106,2820.3532639722216,7313.502839940332,1200.0000000000007,1286.0582742370327
2025-05-13,12,45708.272080014605,38226.40898652582,2121.2356687389465,0.0,5360.627424749837,1137.7923119722225,12021.554599494855,1286.0582742370327,1200.0000000000002
2025-05-14,12,51020.84863545024,38052.32474605732,0.0,0.0,12968.523889392924,3042.366483972225,10472.52500985854,1200.0000000000002,1200.0000000000023
2025-05-15,12,48785.27348496627,38789.58358415953,0.0,0.0,9995.689900806734,2642.3518423611067,9137.303861709877,1200.0000000000023,1200.0
2025-05-16,12,18537.12299877821,17641.178703331014,0.0,0.0,895.9442954471956,168.67320477777798,35192.44198155762,1200.0,1200.0
2025-05-17,12,20221.977295873257,17741.759516698512,0.0,0.0,2480.2177791747463,433.05272094444376,27683.91826513991,1200.0,1199.999999999999
2025-05-18,12,43574.24769430279,40261.89137897884,882.0861886600907,0.0,2430.270126663857,766.219835388888,12158.353832227716,1199.999999999999,1244.0268366953674
2025-05-19,12,41882.409924147236,36583.997130321965,950.6344760985986,0.0,4347.778317726678,928.9215676666664,12565.183166304523,1244.0268366953674,1460.5775263509279
2025-05-20,12,45946.52994222885,36178.006417845725,3786.8907871296615,0.0,5981.632737253462,1374.3131736666678,8583.12722825,1460.5775263509279,1199.9999999999995
2025-05-21,12,48641.776020980804,35380.540025400085,2053.3123452926775,0.0,11207.923650288038,2748.136362416666,8160.730759083333,1199.9999999999995,1200.0000000000027
2025-05-22,12,44369.98506661684,37235.61303525054,1832.2922957199498,0.0,5302.079735646352,1667.2380916111088,10838.801563299381,1200.0000000000027,1200.0000000000002
2025-05-23,12,17849.661666187425,17593.554035971592,0.0,0.0,256.1076302158324,44.17963666666651,31258.116861857332,1200.0000000000002,1200.0000000000018
2025-05-24,12,18713.54181138169,18421.924365350118,0.0,0.0,291.6174460315688,53.228544180555446,34636.24372167953,1200.0000000000018,1200.0000000000018
2025-05-25,12,41657.64714024138,37779.01389105482,1042.9012552909203,0.0,2835.7319938956452,742.6344010972223,13240.156219223762,1200.0000000000018,1199.9999999999993
2025-05-26,12,50953.37634099306,36825.306323801466,2703.1495619998523,0.0,11424.920455191741,2918.4808660972203,9406.30711051389,1199.9999999999993,1199.999999999998
2025-05-27,12,47926.46603966778,35250.40165411915,1843.1271443462329,0.0,10832.937241202391,2592.090257124999,9974.026277564812,1199.999999999998,1200.0000000000002
2025-05-28,12,41945.11471150343,39320.77874960708,1627.6290736435371,0.0,996.7068882528087,356.9987915000008,11957.175682046294,1200.0000000000002,1200.0000000000011
2025-05-29,12,46320.44882714341,39220.80871363442,2073.8977200277495,0.0,5025.7423934812405,1315.2233470277756,11263.595767663583,1200.0000000000011,1200.000000000002
2025-05-30,12,18852.572692195696,18812.80884684986,0.0,0.0,39.76384534583325,19.37337166666663,32551.123652201648,1200.000000000002,1199.9999999999995
2025-05-31,12,19939.503376641856,19610.20221673092,0.0,0.0,329.3011599109381,106.58973437500009,33656.96211189352,1199.9999999999995,1199.9999999999982
2025-06-01,12,76541.84166736974,54559.31484261849,674.8146801110358,0.0,21307.7121446402,4891.2072554999995,11554.841884590542,1199.9999999999982,1550.4941159861075
2025-06-02,12,70601.44006101496,55180.24653360367,1078.6586997233362,0.0,14342.534827687956,3501.977806861116,14718.464006978063,1550.4941159861075,1709.996464629625
2025-06-03,12,65603.69653174243,50712.36003018839,1807.0986302970869,0.0,13084.237871256955,3065.83696086111,10118.981637430388,1709.996464629625,1200.0000000000002
2025-06-04,12,70163.46088632675,60283.73660126378,1226.5437262402374,0.0,8653.180558822729,2575.2674741944425,19257.091389026747,1200.0000000000002,1200.0000000000002
2025-06-05,12,65334.48587261845,53505.89192615018,4730.384081431148,0.0,7098.209865037123,1884.8686854999987,10659.377739589509,1200.0000000000002,1200.000000000002
2025-06-06,12,30986.963792163613,29207.7946740446,0.0,0.0,1779.169118119016,320.77102838888925,25440.588690701647,1200.000000000002,1199.9999999999998
2025-06-07,12,32677.61389136904,31736.14112595059,0.0,0.0,941.4727654184483,194.04904202777857,31284.038467926614,1199.9999999999998,1200.0000000000007
2025-06-08,12,61084.24977949628,53474.40275146065,3596.803511281996,0.0,4013.04351675363,973.938012375001,16497.5378206929,1200.0000000000007,1200.0000000000002
2025-06-09,12,65426.61796655036,61781.8392689511,392.45192683125026,0.0,3252.326770768007,982.1734053055541,16760.617850384773,1200.0000000000002,1200.000000000002
2025-06-10,12,64491.94354803825,57734.78817661004,3855.062624021536,0.0,2902.092747406675,841.9497932222213,13588.77978517284,1200.000000000002,1200.0000000000002
2025-06-11,12,68363.56949806385,63426.45055201925,461.8406803947959,0.0,4475.278265649807,1047.102000499999,12633.656579277955,1200.0000000000002,1199.9999999999984
2025-06-12,12,64675.58049865509,62030.89311183378,1380.6612559847142,0.0,1264.0261308365934,392.2154826666658,15408.697408120379,1199.9999999999984,1200.0000000000002
2025-06-13,12,30607.16468502042,30225.844229751376,0.0,0.0,381.3204552690431,61.884144750000246,30124.371839174215,1200.0000000000002,1199.999999999999
2025-06-14,12,31504.895554051942,31376.90071003975,0.0,0.0,127.99484401219158,27.83245027777724,33881.49526325893,1199.999999999999,1199.9999999999993
2025-06-15,12,63980.42009481589,59399.584300276816,1907.0622459242325,0.0,2673.7735486148467,610.266874472222,15046.881238780868,1199.9999999999993,1200.0000000000002
2025-06-16,12,64456.77970389856,62573.46958606361,659.8632417618766,0.0,1223.4468760730706,351.8706595277781,14742.165319050764,1200.0000000000002,1200.0000000000002
2025-06-17,12,66520.64447512325,64173.492570175425,879.019600373216,0.0,1468.1323045746121,383.815619138889,15061.294039596702,1200.0000000000002,1200.0000000000002
2025-06-18,12,65922.50218028395,64545.747135216996,386.0348402318014,0.0,990.7202048351517,299.88056316666615,19270.75802786111,1200.0000000000002,1233.5827907407406
2025-06-19,12,66878.82071753104,59608.54022040946,6573.912826167849,0.0,696.3676709537203,193.35245831944383,21996.24481907202,1233.5827907407406,1200.0000000000002
2025-06-20,12,30510.220676192857,30390.410283401463,0.0,0.0,119.81039279139269,20.111725666666132,36128.448669805206,1200.0000000000002,1200.0000000000018
2025-06-21,12,28126.975938005777,28055.659452645777,0.0,0.0,71.31648536000031,11.290506666666715,34265.64032884773,1200.0000000000018,1200.0000000000005
2025-06-22,12,64298.86358599275,60056.21269036482,3798.9213154914232,0.0,443.72958013651163,140.55521772222158,20595.376357764402,1200.0000000000005,1211.2364595370364
2025-06-23,12,62372.41168385793,61092.05891677074,1082.7430786602777,0.0,197.60968842691568,81.67791241666623,19857.22638494856,1211.2364595370364,1265.9342750462954
2025-06-24,12,72346.10582449724,71785.90251006716,226.1772003493774,0.0,334.02611408069424,115.31357008333327,20975.933059919065,1265.9342750462954,1200.0000000000002
2025-06-25,12,67279.87338760724,62237.65545707267,4919.875907128632,0.0,122.34202340592965,36.51778308333314,21662.342475916674,1200.0000000000002,1200.0000000000002
2025-06-26,12,62867.80776064858,59206.33394818647,3625.7374337587075,0.0,35.73637870340377,13.606754166667088,20513.443899000005,1200.0000000000002,1200.000000000002
2025-06-27,12,30319.656533292815,30319.656533292815,0.0,0.0,0.0,0.0,38618.824717349795,1200.000000000002,1200.0000000000005
2025-06-28,12,30458.514145349698,30458.514145349698,0.0,0.0,0.0,0.0,36001.01163868947,1200.0000000000005,1199.9999999999995
2025-06-29,12,67711.60557192963,59368.79928912594,8059.166956065449,0.0,283.63932673823604,98.57582329166647,21152.898474649177,1199.9999999999995,1225.0214653240737
2025-06-30,12,63777.69307440768,63122.64964086579,218.43735195389849,0.0,436.606081587992,107.09784656944424,19740.584616596538,1225.0214653240737,1200.0
2025-07-01,12,81799.07139846786,60077.03279936152,12073.945350239124,0.0,9648.093248867212,3359.276024486112,11520.247267597739,1200.0,1200.0000000000002
2025-07-02,12,75033.19530147863,57253.58316887767,9406.737209142499,0.0,8372.874923458457,2977.9216782083313,10182.866237596712,1200.0000000000002,2218.0218979629612
2025-07-03,12,82039.89889276552,63743.87642974069,9655.772534210566,0.0,8640.249928814264,2900.424631222223,12062.792764644033,2218.0218979629612,1200.0000000000002
2025-07-04,12,32550.875234642583,29525.54617662206,1051.5844162643236,0.0,1973.7446417562,673.8266522916667,22622.410432458324,1200.0000000000002,1200.0000000000002
2025-07-05,12,31636.619774893545,29538.853590548933,289.3800835406422,0.0,1808.386100803967,643.268595409465,21758.617493453698,1200.0000000000002,1201.9660685185202
2025-07-06,12,94027.772748354,60262.773334214384,12336.622029091759,0.0,21428.377385047843,5385.670592763888,9791.555280512346,1201.9660685185202,1851.6091354166676
2025-07-07,12,74735.23266215641,62183.819444004286,6450.82420578193,0.0,6100.589012370194,1819.6076571666663,13541.473003593626,1851.6091354166676,1889.0067254629676
2025-07-08,12,74102.98461977488,65944.2105532824,5937.678425103355,0.0,2221.0956413891254,709.4048671666662,15069.201181113685,1889.0067254629676,1537.7957065740773
2025-07-09,12,70973.96512692241,65275.75284526127,4361.341762611967,0.0,1336.8705190491733,444.614836458333,14727.612520724453,1537.7957065740773,1843.5901512736104
2025-07-10,12,70687.69039690707,60276.84672950107,5018.2973495553615,0.0,5392.546317850647,1327.7223853611088,10486.151804557107,1843.5901512736104,1200.0000000000002
2025-07-11,12,34655.09657590173,34625.172112155895,0.0,0.0,29.92446374583358,13.629908333333447,24505.46087465278,1200.0000000000002,1200.0000000000027
2025-07-12,12,33650.9258323978,32058.067105306036,1514.0178718292568,0.0,78.84085526250068,47.59893541666702,24252.302509416666,1200.0000000000027,1200.0
2025-07-13,12,66785.86860093105,62838.343416536336,2004.3963529937514,0.0,1943.1288314009562,485.3158616388887,15629.506821950967,1200.0,1200.0000000000002
2025-07-14,12,67605.27388775047,59011.003839943885,6829.25660550352,0.0,1765.013442303074,485.4532582083327,11169.579728260804,1200.0000000000002,2026.1765551263923
2025-07-15,12,67964.77993547388,64140.057397576675,1412.4106099849605,0.0,2412.311927912254,575.7338919444455,14315.228332364697,2026.1765551263923,1200.0000000000002
2025-07-16,12,71234.59105832472,63453.68519127939,4022.2237425084827,0.0,3758.6821245368305,1046.21427011111,13531.824856953706,1200.0000000000002,1200.0000000000002
2025-07-17,12,69233.7447057517,60642.675808977576,6519.1882637614735,0.0,2071.8806330126563,500.7624068055562,11746.132854958845,1200.0000000000002,1200.0000000000002
2025-07-18,12,35996.76652207098,35788.87833566661,0.0,0.0,207.8881864043746,40.50032854166659,28768.33871169341,1200.0000000000002,1200.0000000000007
2025-07-19,12,35577.73717000979,35572.75909285562,0.0,0.0,4.978077154166691,1.695241666666675,31112.423959684846,1200.0000000000007,1199.9999999999995
2025-07-20,12,68738.49782665016,62699.24754646965,2657.722867582087,0.0,3381.527412598427,709.2419514444437,14755.370101253435,1199.9999999999995,1200.0000000000002
2025-07-21,12,70752.33161461493,65193.09023073724,3023.4453102492043,0.0,2535.796073628485,611.8522662499998,13290.332373399693,1200.0000000000002,1200.0000000000002
2025-07-22,12,70537.62898303635,64696.363673758715,1558.000271882357,0.0,4283.265037395273,960.1585495694451,12869.915189231484,1200.0000000000002,1200.0000000000002
2025-07-23,12,75315.69414349498,71069.16598501489,612.5132695005415,0.0,3634.0148889795573,677.6683680277768,20635.515662294405,1200.0000000000002,1200.0000000000039
2025-07-24,12,73318.95090917802,71126.74502026755,619.5297283883299,0.0,1572.6761605221332,292.6299277083334,19897.533158644208,1200.0000000000039,1200.000000000002
2025-07-25,12,35370.36444567398,35320.50164234084,0.0,0.0,49.8628033331381,14.41727001388874,31437.370976130653,1200.000000000002,1200.000000000001
2025-07-26,12,35934.89606765391,35934.89606765391,0.0,0.0,0.0,0.0,31280.356560677123,1200.000000000001,1199.9999999999986
2025-07-27,12,71224.26171561981,64486.29393024207,3997.3786090929366,0.0,2740.589176284804,510.4971023888889,15189.710626732509,1199.9999999999986,1200.0000000000002
2025-07-28,12,77593.00661459961,67379.28736850184,1421.8069693106816,0.0,8791.912276787083,1812.666016569443,13242.028953129116,1200.0000000000002,1200.2628772685189
2025-07-29,12,74841.92778764348,65828.67635342732,1771.8178893754896,0.0,7241.433544840663,1614.249659791666,13990.189110208332,1200.2628772685189,1200.0000000000002
2025-07-30,12,77347.37473873574,61868.8453074289,7569.151848146403,0.0,7909.377583160447,1874.4560397499993,13716.894911613166,1200.0000000000002,1253.907597573143
2025-07-31,12,70508.02078709102,63163.573840799814,3076.133146192444,0.0,4268.313800098774,876.2414470694437,12602.930245986117,1253.907597573143,1200.0
2025-08-01,12,35281.317236246214,34781.091774348744,0.0,0.0,500.2254618974728,81.12668880555566,35898.46653274125,1200.0,1200.0
2025-08-02,12,35764.478065990064,35661.36855017123,0.0,0.0,103.10951581883336,22.47863872222223,40653.331491958845,1200.0,1200.0000000000005
2025-08-03,12,59127.77659253515,55369.18698672048,3.567880553233822,0.0,3755.02172526143,914.5838528888887,10666.833986972226,1200.0000000000005,1199.9999999999995
2025-08-04,12,65843.93823732578,59297.193029830705,0.0,0.0,6546.745207495072,1368.5545182916667,13019.117413075617,1199.9999999999995,1200.0000000000016
2025-08-05,12,65996.95594935252,57422.88915525612,0.0,0.0,8574.066794096396,2079.077027277777,11795.43288784533,1200.0000000000016,1200.0
2025-08-06,12,70572.46029693197,63467.486957134715,0.0,0.0,7104.973339797245,1433.3340764722207,15052.536126716399,1200.0,1200.000000000002
2025-08-07,12,62898.48607407496,60348.65701414745,1364.5710839527424,0.0,1185.2579759747596,276.42184811111275,20946.654239392312,1200.000000000002,1200.0
2025-08-08,12,31808.332743577823,31590.696775132692,0.0,0.0,217.6359684451323,32.09186355555562,38110.214466799895,1200.0,1200.0000000000014
2025-08-09,12,32349.91567414686,31943.37842697453,0.0,0.0,406.5372471723327,60.166290749999916,34860.67237665021,1200.0000000000014,1199.9999999999986
2025-08-10,12,66153.93936344747,58419.9852946216,0.0,0.0,7733.9540688258685,1542.110960333332,12584.974907040467,1199.9999999999986,1200.0
2025-08-11,12,59719.0524151573,54844.186778122836,1757.3572213105854,0.0,3117.5084157238753,699.7295836944443,12113.271334611112,1200.0,1200.0
2025-08-12,12,63071.44562315364,59730.40438310944,1016.0555525365032,0.0,2324.985687507698,525.5432132222206,14093.40534207442,1200.0,1200.0000000000039
2025-08-13,12,64211.240820972605,54618.16404981253,3233.6926669847135,0.0,6359.38410417536,1247.2830801944447,11049.393342222222,1200.0000000000039,1199.999999999999
2025-08-14,12,65217.85146465433,56518.74290888699,0.0,0.0,8699.108555767347,1732.1495691111108,10009.39249179578,1199.999999999999,1200.0
2025-08-15,12,32454.272560523703,32334.18448054162,0.0,0.0,120.08807998208354,15.674327583333366,37098.10533698079,1200.0,1200.0000000000014
2025-08-16,12,34375.08954334547,33068.77742255752,0.0,0.0,1306.3121207879535,189.84280936111043,38551.89493058642,1200.0000000000014,1200.0
2025-08-17,12,61131.55685182766,56940.574883134424,528.3089711365044,0.0,3662.672997556737,575.7680807500021,15278.388951901583,1200.0,1200.000000000005
2025-08-18,12,60819.98382788988,56486.67523910334,0.0,0.0,4333.308588786547,883.5918205277787,10959.779270143015,1200.000000000005,1199.999999999999
2025-08-19,12,60691.887460621736,55330.927422954475,171.5929627367434,0.0,5189.367074930516,1230.829031361108,10178.553884694446,1199.999999999999,1200.0
2025-08-20,12,68547.28450436548,60538.96752666059,0.0,0.0,8008.316977704891,1500.415200527778,12455.816754986981,1200.0,1200.0
2025-08-21,12,61098.07117676293,57225.320644216205,68.94633912935873,0.0,3803.804193417368,783.1715903055566,12404.973801778635,1200.0,1200.000000000001
2025-08-22,12,34353.257028394335,31337.003787922473,0.0,0.0,3016.2532404718604,438.97408747222204,31698.11741859328,1200.000000000001,1199.999999999999
2025-08-23,12,30071.08748348395,29810.65273735802,0.0,0.0,260.434746125929,56.24114358333304,28735.63177788889,1199.999999999999,1199.9999999999995
2025-08-24,12,61458.78828067077,55615.64049353895,553.2944356881904,0.0,5289.85335144363,1209.470114555555,10344.74141235751,1199.9999999999995,1201.9784351388892
2025-08-25,12,72174.34369524167,69733.52467593434,0.0,0.0,2440.8190193073274,545.0856624444436,24238.749129093623,1201.9784351388892,1200.0
2025-08-26,12,60909.596490441356,55825.483594211626,169.26833403000825,0.0,4914.844562199727,1238.5952448055539,8969.534335874489,1200.0,1235.3933495379626
2025-08-27,12,63879.599484793405,55935.03301916446,4215.367681183496,0.0,3729.198784445445,983.2393893333331,11482.208222583331,1235.3933495379626,1200.0000000000018
2025-08-28,12,69239.22181238356,54480.464487865116,5740.126372823995,0.0,9018.630951694453,1923.2388808611104,9173.349397111113,1200.0000000000018,1200.0000000000034
2025-08-29,12,33695.022003551014,32723.04751855138,0.0,0.0,971.9744849996326,133.40686283333343,32518.901881570644,1200.0000000000034,1200.000000000001
2025-08-30,12,33440.246974844995,32219.267724136487,0.0,0.0,1220.9792507085085,178.37684983333452,35810.66917099897,1200.000000000001,1200.0000000000018
2025-08-31,12,71197.94805503868,54861.45458922621,0.0,0.0,16336.493465812464,3457.1408343611147,9782.111917373457,1200.0000000000018,1200.0000000000036
2025-09-01,12,54019.98138327742,54019.98138327742,0.0,0.0,0.0,0.0,29575.105858712788,1200.0000000000036,1199.9999999999993
2025-09-02,12,48230.346077771916,48173.555698640645,0.0,0.0,56.79037913127117,22.7206957916668,18721.16477154578,1199.9999999999993,1199.9999999999973
2025-09-03,12,50653.99691074137,50524.662865784194,0.0,0.0,129.3340449571803,26.46941119444444,19707.121550852535,1199.9999999999973,1200.0000000000036
2025-09-04,12,49952.199395774645,49105.722329536125,0.0,0.0,846.4770662385193,173.6825672222235,18774.189361492805,1200.0000000000036,1200.0000000000002
2025-09-05,12,25838.707776013613,25273.712614572778,0.0,0.0,564.995161440833,96.15601274999995,42740.228637889915,1200.0000000000002,1199.999999999999
2025-09-06,12,25462.477100037915,25252.99105990338,0.0,0.0,209.4860401345349,34.7765580416667,41824.99944066614,1199.999999999999,1199.9999999999995
2025-09-07,12,49822.48480793313,46174.04539526551,0.0,0.0,3648.4394126676193,763.9090282499988,14948.522185334372,1199.9999999999995,1199.9999999999993
2025-09-08,12,51739.913444930266,50866.84439034098,643.8799940425397,0.0,229.18906054674932,98.01426022222199,17457.167987472225,1199.9999999999993,1200.0000000000011
2025-09-09,12,47053.68232737691,45092.218234677646,1168.2228556033572,0.0,793.2412370959028,329.84787976388907,14568.475587736111,1200.0000000000011,1200.000000000009
2025-09-10,12,52876.91404898281,51963.35618059439,432.396474954379,0.0,481.16139343403995,107.84405074999962,16836.15554533333,1200.000000000009,1200.0
2025-09-11,12,53913.24613315216,51061.95244441696,0.0,0.0,2851.2936887352043,503.65427172222144,24605.002230283433,1200.0,1200.0000000000027
2025-09-12,12,25165.361563776474,25165.361563776474,0.0,0.0,0.0,0.0,37864.215061846015,1200.0000000000027,1200.0000000000005
2025-09-13,12,25029.479250983637,25029.479250983637,0.0,0.0,0.0,0.0,41074.90985115586,1200.0000000000005,1199.9999999999995
2025-09-14,12,55004.726538289346,54755.135237513954,0.0,0.0,249.5913007753943,96.66000304166619,21292.114424638377,1199.9999999999995,1200.0000000000005
2025-09-15,12,47053.07800019165,44270.87126859525,859.4939645402084,0.0,1922.7127670561888,463.3073625277771,11228.661949000005,1200.0000000000005,1199.9999999999989
2025-09-16,12,53723.44241176673,52111.959870416526,0.0,0.0,1611.4825413502053,449.4302057916659,18722.059494192556,1199.9999999999989,1199.9999999999968
2025-09-17,12,52056.46325919891,50087.093630162984,0.0,0.0,1969.3696290359203,599.8819746944453,14545.36588548457,1199.9999999999968,1200.0000000000023
2025-09-18,12,53830.4867951355,43996.85450484925,1133.2922953178058,0.0,8700.339994968443,2193.240629611109,10120.889360527779,1200.0000000000023,1199.9999999999986
2025-09-19,12,24035.077056413986,23682.713570616525,0.0,0.0,352.3634857974628,59.51988087499956,30244.432872608537,1199.9999999999986,1199.999999999999
2025-09-20,12,24108.274308895114,23423.054047256323,0.0,0.0,685.2202616387899,121.92934483333312,31310.19654163889,1199.999999999999,1200.0000000000007
2025-09-21,12,50565.234794786746,49045.381980440055,0.0,0.0,1519.8528143466897,406.4073254027784,14942.31002426046,1200.0000000000007,1200.0000000000016
2025-09-22,12,56990.55893658348,49795.37459242114,0.0,0.0,7195.1843441623405,1931.091757611111,14382.746623335901,1200.0000000000016,1746.954433978709
2025-09-23,12,55061.08185570242,48047.28340182059,0.0,0.0,7013.798453881829,1554.2646403333324,11252.407235283601,1746.954433978709,1200.0000000000005
2025-09-24,12,56327.774467933516,42751.574310649696,4256.493153784963,0.0,9319.707003498856,3169.9434118888876,8865.207181435188,1200.0000000000005,1200.000000000001
2025-09-25,12,54889.92298874785,45979.531915437416,1413.2314067077643,0.0,7497.159666602668,1930.2984841250013,11469.746882999998,1200.000000000001,1200.0000000000005
2025-09-26,12,24424.469217885784,22913.666418460893,0.0,0.0,1510.8027994248914,257.8435438333326,29819.01428815724,1200.0000000000005,1199.9999999999995
2025-09-27,12,24317.73581073402,22092.64902734198,0.0,0.0,2225.0867833920397,436.9300825833331,26434.296291203704,1199.9999999999995,1200.0000000000002
2025-09-28,12,54008.2294297865,46702.75680605742,1884.2989085796062,0.0,5421.173715149471,1474.250368916666,8749.49293435494,1200.0000000000002,1200.0
2025-09-29,12,56508.6883194497,48953.72031151386,201.46543442128242,0.0,7353.502573514551,1823.8524297916656,11242.75100310391,1200.0,1199.9999999999982
2025-09-30,12,63475.98253258976,48829.339633899624,236.30099889868893,0.0,14410.341899791449,3868.9462551944453,7226.723251299052,1199.9999999999982,3438.565061429
2025-10-01,12,43437.86685878767,42632.496105916165,31.739458910189462,0.0,773.6312939613101,350.24023287499904,19196.85437933282,3438.565061429,1200.0000000000014
2025-10-02,12,49127.755810423136,48027.94726047854,241.55671791097342,0.0,858.2518320336237,398.14131616666634,24034.262502994003,1200.0000000000014,1200.0
2025-10-03,12,19517.225449368936,19517.225449368936,0.0,0.0,0.0,0.0,34663.07268695473,1200.0,1200.0
2025-10-04,12,24498.117545324523,22637.83784274396,1508.6066180278121,0.0,351.6730845527494,187.35443712499966,29031.129266750002,1200.0,10800.0
2025-10-05,12,44446.528872499446,42700.945518606066,644.3227569190219,0.0,1101.2605969743593,452.4478520833329,20094.161816834017,10800.0,1200.0000000000014
2025-10-06,12,50005.92398486393,42152.55368402424,1703.8070293825322,0.0,6149.563271457165,1945.4003639999996,7240.452044216061,1200.0000000000014,2957.4155778291583
2025-10-07,12,45415.55317148839,42995.35158107851,1859.112690485823,0.0,561.0888999240558,241.79481772222255,11868.42013466667,2957.4155778291583,1200.0000000000027
2025-10-08,12,44561.5212542926,42596.840987260824,320.484019989347,0.0,1644.1962470424348,424.32848116666617,7066.074668886828,1200.0000000000027,3366.539037567131
2025-10-09,12,48269.60557190586,47471.916524730696,85.17061106399278,0.0,712.5184361111648,223.81824930555524,19635.0719543618,3366.539037567131,1199.9999999999968
2025-10-10,12,21217.849357167834,21217.849357167834,0.0,0.0,0.0,0.0,36194.29010915946,1199.9999999999968,1200.000000000001
2025-10-11,12,23239.90537424661,21437.44300362996,1074.5744819275683,0.0,727.8878886890832,299.7435445,23696.545329888882,1200.000000000001,10800.0
2025-10-12,12,42061.61633681173,39739.45647798117,217.91630131268795,0.0,2104.243557517871,537.0110847083372,8272.700276097225,10800.0,3704.5780790249974
2025-10-13,12,47153.758008021956,44450.077426085,0.0,0.0,2703.680581936952,623.227938458332,11860.528331880652,3704.5780790249974,3531.391874214503
2025-10-14,12,49850.505678646514,47295.57858263143,255.14889296860207,0.0,2299.778203046484,563.6040813888889,10112.853372295278,3531.391874214503,4579.674576762035
2025-10-15,12,49595.1425462147,47601.407471901184,28.859383044558065,0.0,1964.8756912689591,490.8114522222221,11156.717592682104,4579.674576762035,4098.758789419135
2025-10-16,12,49694.65169073506,46382.39485924816,243.8658181581954,0.0,3068.391013328703,827.2616610277746,9972.633449930036,4098.758789419135,1200.000000000001
2025-10-17,12,20818.35493172221,19932.719070673462,262.5842713424178,0.0,623.0515897063297,110.01358816666601,27712.14084094445,1200.000000000001,1200.0000000000014
2025-10-18,12,22203.197119468925,22073.267526020136,0.0,0.0,129.92959344879074,23.433779458333163,30721.381837301964,1200.0000000000014,1199.9999999999995
2025-10-19,12,52536.76913663332,49582.75514688925,0.0,0.0,2954.013989744068,651.8924322499972,6162.167599772289,1199.9999999999995,5451.2799089600285
2025-10-20,12,52562.29207719632,50935.91365913291,0.0,0.0,1626.378418063407,381.3399513888892,14611.04327166461,5451.2799089600285,1200.0000000000027
2025-10-21,12,55187.92036863976,52376.50796591438,94.60302718761831,0.0,2716.809375537761,751.3185839722214,12148.650649649522,1200.0000000000027,1200.000000000001
2025-10-22,12,55030.50393020455,49730.49521373445,480.27464713464707,0.0,4819.734069335449,1124.9821252777756,6478.965197827494,1200.000000000001,4564.174055762666
2025-10-23,12,58252.236290336725,54985.99549770489,469.8792919925577,0.0,2796.36150063928,551.7864629166676,22614.370568135113,4564.174055762666,1200.0000000000018
2025-10-24,12,22558.786291826123,21109.54052665837,0.0,0.0,1449.245765167753,263.83219533333386,27373.608045777768,1200.0000000000018,1199.9999999999986
2025-10-25,12,23885.447854191043,22537.456949914544,0.0,0.0,1347.9909042765,238.86275933333332,31377.429005836428,1199.9999999999986,1200.0000000000032
2025-10-26,12,56160.574289346,53210.87885539817,645.1141315592488,0.0,2304.581302388581,497.8283516944423,11776.722543715356,1200.0000000000032,4884.256586256182
2025-10-27,12,51882.160988393094,46774.32317617845,2668.74383891877,0.0,2439.09397329588,558.522589611112,7049.161998224638,4884.256586256182,5527.483354770052
2025-10-28,12,53976.88439111825,46479.99413453789,5057.156419942987,0.0,2439.733836637374,666.900826333333,11469.885760815845,5527.483354770052,1200.0000000000014
2025-10-29,12,60278.46255746603,54162.83043006578,179.2671370594235,0.0,5936.364990340827,1195.1125411250018,6553.966040823563,1200.0000000000014,5986.120145381946
2025-10-30,12,53977.865040133605,46582.80934115831,2451.1427342456245,0.0,4943.912964729672,1206.0050320416672,10564.142256541669,5986.120145381946,1200.000000000003
2025-10-31,12,24646.623817229065,24039.027584267482,0.0,0.0,607.596232961584,105.13561175000012,28445.19067728704,1200.000000000003,1200.0000000000002
2025-11-01,12,24348.448577195646,22187.288274081104,1164.9205352340814,0.0,996.2397678804621,340.44490675000117,17593.398231299718,1200.0000000000002,10799.999999999998
2025-11-02,12,53819.64514065278,49219.25436573865,254.9894484600015,0.0,4345.401326454131,1090.919269999998,6799.055373226329,10799.999999999998,4597.645914382417
2025-11-03,12,57963.77719456207,56230.76374126024,372.6924204725666,0.0,1360.3210328292607,416.027562694444,9827.089072097722,4597.645914382417,5738.555420333958
2025-11-04,12,57027.56370344008,51371.09857758312,841.0213691781269,0.0,4815.443756678832,982.6215495833345,8802.1100933371,5738.555420333958,4583.525134571608
2025-11-05,12,60871.89286820161,58917.48593299786,619.7624608051625,0.0,1334.644474398593,408.88164570833567,12378.226266141977,4583.525134571608,6475.691786811572
2025-11-06,12,57919.1938035982,54691.218170823544,1198.87319095035,0.0,2029.1024418243076,513.4197503888893,11738.434625660491,6475.691786811572,1200.0000000000005
2025-11-07,12,24061.791731933114,23876.71989294157,0.0,0.0,185.0718389915424,31.595038041666783,27998.404921766974,1200.0000000000005,1200.0000000000018
2025-11-08,12,26318.66219910664,25710.77552804539,0.0,0.0,607.8866710612494,180.9768480833332,31536.22210802846,1200.0000000000018,1435.0435380410488
2025-11-09,12,60695.041845431115,58880.805561384564,683.2900451499318,0.0,1130.9462388966201,309.9676849999988,8438.190066655688,1435.0435380410488,5985.42834375
2025-11-10,12,61351.05835595869,58519.26472487613,447.3940225864069,0.0,2384.399608496152,596.5706507222221,7636.525984891799,5985.42834375,5402.572920454175
2025-11-11,12,61420.47947013022,60420.24620085314,49.439192092811645,0.0,950.7940771842789,214.09052902777796,16789.51189998662,5402.572920454175,1200.000000000001
2025-11-12,12,60680.48529304694,59343.062271947725,52.78772660635388,0.0,1284.635294492867,274.78442191666693,10147.54365504132,1200.000000000001,4772.595900647539
2025-11-13,12,62805.9502874027,56605.0874776847,5226.133619384223,0.0,974.7291903337801,269.1266953333337,14148.92150675617,4772.595900647539,1199.9999999999998
2025-11-14,12,25973.037791062012,25852.282735805427,0.0,0.0,120.75505525658411,21.035025000000132,27857.509343880654,1199.9999999999998,1200.000000000001
2025-11-15,12,31013.142133684036,29317.858644103566,1448.046641142243,0.0,247.23684843822878,97.16207566666634,25391.81671907442,1200.000000000001,10800.0
2025-11-16,12,60090.39395562688,55806.11207023465,2847.495852392217,0.0,1436.7860330000112,365.6502041111104,7810.851083027782,10800.0,5994.702647625002
2025-11-17,12,59969.42943356979,55585.50396932638,3328.5204695337025,0.0,1055.4049947097074,333.475767972222,12543.919816388889,5994.702647625002,1199.9999999999993
2025-11-18,12,63358.808643972196,61308.92508797602,1351.5267184133213,0.0,698.3568375828561,255.06724177777662,6262.585205250005,1199.9999999999993,7012.028992188895
2025-11-19,12,63426.038260359004,58265.29755128473,3796.95992232392,0.0,1363.7807867503498,411.4615370555566,6376.326795555553,7012.028992188895,7949.999999999999
2025-11-20,12,61050.10569423267,56300.58776862581,3924.198060338067,0.0,825.3198652687945,219.2821110833338,12674.290779344134,7949.999999999999,1200.000000000001
2025-11-21,12,26687.473765953415,26687.473765953415,0.0,0.0,0.0,0.0,26473.37570563992,1200.000000000001,1200.0000000000043
2025-11-22,12,30476.08333917186,30068.183648147693,0.0,0.0,407.8996910241667,199.0162957499998,31051.915334908772,1200.0000000000043,2535.7661857533963
2025-11-23,12,62715.38439745854,60170.04586931871,1041.2719555309934,0.0,1504.0665726088334,386.69443194444443,5867.115332111112,2535.7661857533963,5981.773747909723
2025-11-24,12,61516.65321100061,57798.69410497687,2507.8816345451687,0.0,1210.0774714785694,309.98109144444425,12389.538778684157,5981.773747909723,1200.0000000000005
2025-11-25,12,70131.64366651075,69130.77753168793,0.0,0.0,1000.8661348228129,320.7962002638891,14907.436626827677,1200.0000000000005,5294.88753412084
2025-11-26,12,65882.01614367405,63619.44558628575,1387.0332840052502,0.0,875.5372733830419,243.04708516666665,9061.457112965714,5294.88753412084,7287.664018629626
2025-11-27,12,62025.95014202831,60350.06157971313,953.0431997089664,0.0,722.8453626062079,169.9881626111112,12800.385395301442,7287.664018629626,1200.0000000000002
2025-11-28,12,28489.31495440028,27924.138210539175,0.0,0.0,565.1767438611051,99.16267845833352,27843.56132129886,1200.0000000000002,1199.9999999999993
2025-11-29,12,35000.0657872889,34365.79907560861,0.0,0.0,634.266711680292,285.9070935833332,33828.32159138134,1199.9999999999993,1933.4836369475272
2025-11-30,12,69825.84968027718,65622.93272303828,2947.9256581454943,0.0,1254.991299093411,320.9992231388886,7540.379332555553,1933.4836369475272,5997.1820844375
2025-12-01,12,88381.8795728908,71379.25781690214,7429.007157436425,0.0,9573.614598552234,2824.590111972222,14560.913700896606,5997.1820844375,1200.0000000000002
2025-12-02,12,93767.6663688879,77975.42929981733,7096.853751153447,0.0,8695.383317917114,2563.2712454166676,10797.328842750012,1200.0000000000002,5922.997726125
2025-12-03,12,90159.33770472278,66322.25915787164,14144.393106965146,0.0,9692.685439886005,2814.1866960555562,8393.215385638892,5922.997726125,5617.461975000001
2025-12-04,12,89445.03669471141,73806.80476095446,4784.8293492131925,0.0,10853.40258454376,2700.6753135277772,15148.267083007033,5617.461975000001,1200.0000000000014
2025-12-05,12,35477.30188548549,35361.466199505114,0.0,0.0,115.8356859803745,59.0686631666664,25201.02844078241,1200.0000000000014,1940.9443498296248
2025-12-06,12,38801.73957600247,37769.22838973674,877.8514438348943,0.0,154.65974243083326,75.86854824999995,20041.825998742108,1940.9443498296248,8499.750604725
2025-12-07,12,84605.82237579195,75806.02673037136,5901.1784286035545,0.0,2898.617216817029,945.914588861111,11746.215236013717,8499.750604725,8550.0
2025-12-08,12,83177.6184000874,76285.07476044583,4996.264641887807,0.0,1896.2789977537764,619.5469290555551,17196.871051305556,8550.0,1200.000000000001
2025-12-09,12,84298.83914681136,78271.3704595534,4565.5860107200415,0.0,1461.8826765379067,460.69232618055514,16586.273527473768,1200.000000000001,1199.9999999999995
2025-12-10,12,84077.55303254043,75981.48886984169,4412.46537530914,0.0,3683.598787389594,849.7735264444433,12453.44936574897,1199.9999999999995,1200.0000000000005
2025-12-11,12,80454.93340016667,77334.03157574355,2508.947053114505,0.0,611.9547713086234,221.6955686666663,16321.860789227714,1200.0000000000005,1200.000000000003
2025-12-12,12,37824.43572228934,37824.43572228934,0.0,0.0,0.0,0.0,26718.80543039403,1200.000000000003,1200.0
2025-12-13,12,39397.02128407752,39146.37115111601,169.31064909317976,0.0,81.33948386833303,38.58609291666653,21699.782076083335,1200.0,6885.484466737034
2025-12-14,12,82977.37056015863,72332.18633930388,7459.888387497136,0.0,3185.295833357607,635.0641322361105,13031.891530796302,6885.484466737034,1200.0000000000005
2025-12-15,12,86692.94439081084,76200.1653971442,7042.607538235636,0.0,3450.1714554309983,731.7888639999995,7317.784134666665,1200.0000000000005,8549.999999999998
2025-12-16,12,79567.73973353097,77577.0558224859,1884.5763190285202,0.0,106.10759201653971,35.845767583332645,14821.271925866256,8549.999999999998,1200.0000000000014
2025-12-17,12,84444.55617851902,81739.97792543769,2161.003859226001,0.0,543.5743938553301,163.5915118333328,12006.382970000002,1200.0000000000014,5883.89235375
2025-12-18,12,79389.6627833238,74486.35366235473,4359.984279308497,0.0,543.3248416605819,213.12629508333293,14638.273915317912,5883.89235375,1199.9999999999995
2025-12-19,12,37978.324019336724,37698.700194869016,0.0,0.0,279.6238244677075,95.66869166666646,23617.702589849454,1199.9999999999995,4407.441727783645
2025-12-20,12,38432.637539723066,37865.025361247375,340.6374377835671,0.0,226.97474069212598,121.02913916666711,22727.92531106173,4407.441727783645,8740.071320207411
2025-12-21,12,83805.36228235366,76120.45276601744,7213.301597908074,0.0,471.60791842814547,117.72340870833318,11076.27498852778,8740.071320207411,9450.0
2025-12-22,12,79122.78448240078,76176.19634580654,2315.7625766098963,0.0,630.8255599843426,149.08738333333463,14595.310786947528,9450.0,1199.9999999999998
2025-12-23,12,82638.82481262421,81649.72659637978,417.4055759568421,0.0,571.6926402875846,94.36009933333344,17260.67926911729,1199.9999999999998,1200.0000000000023
2025-12-24,12,81224.03160188736,80474.6382935041,200.5423822970458,0.0,548.8509260862011,104.95914166666557,15196.18989630865,1200.0000000000023,1200.0000000000005
2025-12-25,12,81516.73794390941,76855.19516250995,3930.724975652738,0.0,730.8178057467367,171.50287104166787,14347.514596231476,1200.0000000000005,1200.0000000000014
2025-12-26,12,38821.12365631748,38717.06095706248,0.0,0.0,104.06269925500071,55.479936833333625,27096.730235401927,1200.0000000000014,2973.131643062026
2025-12-27,12,39657.686870536236,38466.892673942675,0.0,0.0,1190.7941965935634,294.1872610416668,25747.953379327853,2973.131643062026,5899.740372383327
2025-12-28,12,79023.18873298197,76755.79379733754,1596.7727413085713,0.0,670.622194335875,127.37260479166656,10377.956173954733,5899.740372383327,7949.999999999999
2025-12-29,12,78691.21638458128,74569.19426290927,3556.038075765356,0.0,565.9840459066459,136.47934483333347,9834.953535249999,7949.999999999999,8248.58487417685
2025-12-30,12,75823.78207991678,74368.21199635057,1287.0615627036248,0.0,168.50852086258487,42.60240208333357,9989.873156243813,8248.58487417685,8026.245904541669
2025-12-31,12,80325.49439133584,76135.0624076033,3248.3931129565563,0.0,942.0388707759867,255.2576307083342,9755.694446763891,8026.245904541669,8258.24309522777
2025-02-01,18,35478.333195808664,29425.53212594514,274.72100315681246,0.0,5778.080066706709,1483.9892710833333,19788.63127333591,3353.7775111111096,10800.0
2025-02-02,18,62204.144320811254,60976.18447260637,0.0,0.0,1227.9598482048796,196.49803927777862,9384.597772943423,10800.0,4972.8259164898145
2025-02-03,18,67832.10984909901,66051.37870850228,0.0,0.0,1780.7311405967328,352.8653663472215,7119.632304055558,4972.8259164898145,6560.822074368052
2025-02-04,18,68045.5209986116,66929.54982456629,0.0,0.0,1115.9711740453008,212.8822226111113,13056.397186611111,6560.822074368052,1595.8828527777819
2025-02-05,18,70051.80454274522,64065.197874252255,0.0,0.0,5986.606668492957,1375.9876271805542,4250.6469913185765,1595.8828527777819,5817.592957267448
2025-02-06,18,68277.23184321051,66686.08618621208,0.0,0.0,1591.1456569984318,305.9504368888888,13860.139598638889,5817.592957267448,1420.2185833333374
2025-02-07,18,33131.84380875756,28552.53086841802,0.0,0.0,4579.312940339541,826.089971833333,26845.628168166666,1420.2185833333374,3768.173368055559
2025-02-08,18,28813.859019675067,23498.943624343836,0.0,0.0,5314.915395331232,952.4954262083338,19160.994566916663,3768.173368055559,3869.864197916666
2025-02-09,18,66824.20667929035,62742.1500485109,0.0,0.0,4082.0566307794456,811.6888669444447,4897.238511063451,3869.864197916666,6131.945666840117
2025-02-10,18,58621.08914348716,56353.45684018602,0.0,0.0,2267.632303301134,459.48768975000195,6187.822431216582,6131.945666840117,5445.061425468972
2025-02-11,18,63864.48328126722,58136.60382715083,0.0,0.0,5727.879454116386,1206.3984786805572,6239.496827978051,5445.061425468972,5861.551550598922
2025-02-12,18,60628.49322191949,57403.80024499894,0.0,0.0,3224.6929769205476,637.1096712916668,4714.554937541667,5861.551550598922,6499.829152569444
2025-02-13,18,56879.0847333818,51757.13751464769,0.0,0.0,5121.947218734108,1072.5606116666672,9364.256376999998,6499.829152569444,1429.5821916666696
2025-02-14,18,28580.196317582755,24063.804558166292,0.0,0.0,4516.391759416461,818.3065945000004,20704.23566433333,1429.5821916666696,3874.0462518518534
2025-02-15,18,28112.133522555516,23787.554990802208,0.0,0.0,4324.578531753308,775.3399662916659,22230.815840499996,3874.0462518518534,3612.815593750001
2025-02-16,18,62540.82238000498,58177.37215697778,0.0,0.0,4363.450223027206,890.1661636666666,6118.974785916677,3612.815593750001,4826.507801936104
2025-02-17,18,61640.847816919726,56527.7844246238,0.0,0.0,5113.063392295921,1086.9865180833333,10396.103213708333,4826.507801936104,4784.689121076389
2025-02-18,18,66946.44351721322,48489.62692957293,0.0,0.0,18456.8165876403,4266.157631249995,6978.995604166666,4784.689121076389,1330.8324999999988
2025-02-19,18,68043.03415629786,50629.681516599085,0.0,0.0,17413.35263969878,4021.5468235833314,1102.1279205113076,1330.8324999999988,5837.709193842601
2025-02-20,18,60155.21092916885,50904.76930984528,0.0,0.0,9250.441619323568,1859.4024592499998,8950.384747583335,5837.709193842601,1359.4048277777815
2025-02-21,18,25220.868712933778,21729.783921489063,0.0,0.0,3491.0847914447163,641.6989113611126,19095.198070777777,1359.4048277777815,3637.445812500001
2025-02-22,18,24972.571748700033,21478.311488740157,0.0,0.0,3494.2602599598767,630.1041462083335,17920.885343166665,3637.445812500001,3542.2154895833355
2025-02-23,18,65431.45608309268,49871.68348612511,0.0,0.0,15559.77259696757,3187.9415733611104,3624.9791277304594,3542.2154895833355,4740.022121362038
2025-02-24,18,61189.98414733874,47418.464591925906,0.0,0.0,13771.519555412839,3521.3244965833314,4559.491261975305,4740.022121362038,4108.040812663894
2025-02-25,18,55181.85911728104,47864.566123543176,0.0,0.0,7317.292993737866,1645.0040087361094,10430.440600152779,4108.040812663894,1231.0419749999987
2025-02-26,18,76809.39976117777,44695.96132541381,0.0,0.0,32113.43843576396,7359.863650874998,1409.422417786348,1231.0419749999987,5425.532994552474
2025-02-27,18,65418.718881871675,42887.894439734184,0.0,0.0,22530.82444213749,4682.437111166665,6680.414771,5425.532994552474,1305.383931481482
2025-02-28,18,23324.429505196065,20000.10029211484,0.0,0.0,3324.329213081225,701.1643484305549,18447.184079972223,1305.383931481482,3400.675947916667
2025-03-01,18,27353.6125313345,21683.403893570463,0.0,0.0,5670.208637764038,1006.3722451666661,24846.897047833332,3400.675947916667,3887.347111111111
2025-03-02,18,63836.71588692898,50708.15064589579,0.0,0.0,13128.565241033188,2786.1633195416644,4367.762110249999,3887.347111111111,4236.220544995372
2025-03-03,18,65847.45931538669,52148.476802864236,0.0,0.0,13698.982512522447,2909.8952368333335,8273.990349367637,4236.220544995372,3438.257205927464
2025-03-04,18,66008.55785534068,45791.99013459336,0.0,0.0,20216.567720747327,4767.960789083335,6155.398712833334,3438.257205927464,1472.9321527777763
2025-03-05,18,54743.10519775445,48135.28592065597,0.0,0.0,6607.819277098476,1318.0846026944437,7213.681493706803,1472.9321527777763,3361.5971165495284
2025-03-06,18,58567.65265760391,43952.17385753966,0.0,0.0,14615.478800064251,3198.4894811388886,6450.592236055555,3361.5971165495284,1441.3359259259275
2025-03-07,18,24863.651095146637,21170.017527864802,0.0,0.0,3693.633567281836,652.2049245416672,22926.312355166665,1441.3359259259275,3751.719322916671
2025-03-08,18,21849.55441470902,18413.32399255921,0.0,0.0,3436.2304221498093,621.7463053749995,20935.81499574999,3751.719322916671,3705.2968090277786
2025-03-09,18,55535.02068201701,45503.78242354974,0.0,0.0,10031.238258467278,1978.3472337500002,9888.282108921818,3705.2968090277786,2893.6144487481447
2025-03-10,18,66515.45021999087,44970.14077665158,0.0,0.0,21545.309443339298,4600.224730722221,4408.261381124482,2893.6144487481447,3037.822314129635
2025-03-11,18,76054.05321827083,39405.74372356682,0.0,0.0,36648.309494704015,8748.402055777777,6457.024447361109,3037.822314129635,1385.6503865740774
2025-03-12,18,51436.8792228822,45902.13228434617,0.0,0.0,5534.746938536035,1237.124948777776,7798.385435234565,1385.6503865740774,3398.377986141206
2025-03-13,18,62475.866810021354,45727.33541065023,0.0,0.0,16748.53139937112,3529.678839847222,7329.473987180554,3398.377986141206,1337.8294972222227
2025-03-14,18,21772.565626494077,18898.48850207529,0.0,0.0,2874.0771244187845,507.900420333332,23582.269131805555,1337.8294972222227,3509.2939722222213
2025-03-15,18,21696.5428720509,18282.45723101165,0.0,0.0,3414.0856410392503,644.8448935833335,19019.57413741667,3509.2939722222213,3522.664222222222
2025-03-16,18,56088.041434023355,42994.06795465281,0.0,0.0,13093.973479370541,3025.3326613611116,7801.906546777777,3522.664222222222,1274.9106138888906
2025-03-17,18,54129.25936177929,39769.98015150831,0.0,0.0,14359.279210270975,3151.936315694442,8581.390603257201,1274.9106138888906,2175.711465632411
2025-03-18,18,51121.56010545728,45806.41077286903,0.0,0.0,5315.149332588254,1121.6056787916673,12445.175225333334,2175.711465632411,1337.8716905092597
2025-03-19,18,64456.75027625602,37821.65470261439,0.0,0.0,26635.095573641633,6479.880513875,6201.140018242796,1337.8716905092597,1563.7198355824098
2025-03-20,18,62464.73138692291,43428.683236295416,0.0,0.0,19036.048150627495,4356.592252138891,9705.792660972222,1563.7198355824098,1296.482625000002
2025-03-21,18,21741.086060474652,17807.793667413738,0.0,0.0,3933.2923930609145,703.3801761666664,26164.33671333333,1296.482625000002,3436.7853819444463
2025-03-22,18,20332.33676091496,17865.64626677759,0.0,0.0,2466.6904941373714,440.18004445833276,22864.515876333327,3436.7853819444463,3466.3451562499986
2025-03-23,18,47704.56003362336,42329.11442126044,20.60284755000107,0.0,5354.842764812922,1269.0568422777783,11389.569199552468,3466.3451562499986,1200.0000000000005
2025-03-24,18,49512.57519674868,40774.46801412567,0.0,0.0,8738.10718262301,2138.5871238055547,8284.109347139234,1200.0000000000005,1909.3753314084854
2025-03-25,18,51473.081209533746,45187.692643945185,176.2590018443757,0.0,6109.129563744187,1494.5360120000007,12738.23116745679,1909.3753314084854,1200.0000000000002
2025-03-26,18,51253.689211207195,39589.530159680464,0.0,0.0,11664.159051526733,2724.3330096944424,8763.802844435188,1200.0000000000002,1761.0866714120364
2025-03-27,18,47482.20898125972,41121.63639912827,0.0,0.0,6360.57258213145,1613.9486851249997,8962.090773625001,1761.0866714120364,1238.5840101851868
2025-03-28,18,21243.925487394383,18030.339479668786,0.0,0.0,3213.586007725596,570.0259602500012,27339.52116126389,1238.5840101851868,3538.131387731484
2025-03-29,18,19705.681286697625,16271.330874734835,0.0,0.0,3434.3504119627887,611.1699816666661,28876.662329361112,3538.131387731484,3482.32278472222
2025-03-30,18,46818.664944214026,38464.610024521826,250.8128303702501,0.0,8103.242089321955,2067.3779465833322,11260.990972316873,3482.32278472222,1998.0825663398164
2025-03-31,18,63101.623855553495,35336.225067960244,0.0,0.0,27765.398787593254,6983.0239939722205,6044.3831486238,1998.0825663398164,1451.9326566052466
2025-04-01,18,53893.2519376204,43351.96723810568,198.13979500949637,0.0,10343.144904505223,2598.8520738611105,9893.576678092595,1451.9326566052466,2233.5919286166622
2025-04-02,18,53661.90979653564,39968.16811786637,276.0574580535016,0.0,13417.684220615767,3232.4269195833303,7272.461007849793,2233.5919286166622,1761.6746510796315
2025-04-03,18,45662.55392372185,41863.58691403225,114.25015078953092,0.0,3684.7168589000685,941.9014210416666,11519.67663229321,1761.6746510796315,1200.0000000000014
2025-04-04,18,20140.286646319077,16684.339032905908,0.0,0.0,3455.94761341317,620.3060616666673,29573.455119638886,1200.0000000000014,3617.7756092592626
2025-04-05,18,21299.760460001708,15831.233775830706,0.0,0.0,5468.526684171002,1439.337203527778,24569.288174111105,3617.7756092592626,3304.2337000000034
2025-04-06,18,46441.451567974,37777.11706500956,0.0,0.0,8664.334502964439,2022.058082152778,9934.171898847912,3304.2337000000034,1733.1499446970668
2025-04-07,18,55624.924894140146,33983.4671442526,0.0,0.0,21641.457749887544,5413.69289036111,6332.527942353914,1733.1499446970668,2260.251338754622
2025-04-08,18,45713.910322958815,38755.86027766987,17.98156400250285,0.0,6940.06848128644,1448.135890888888,10787.102522054525,2260.251338754622,1200.0
2025-04-09,18,55381.71874693899,38745.17885941929,31.024770651975516,0.0,16605.515116867726,4080.4969055833308,7245.206422422838,1200.0,1200.0000000000002
2025-04-10,18,46605.71742069195,38571.18690362564,10.919079098499653,0.0,8023.611437967811,1847.697941611109,8632.860107124485,1200.0000000000002,1200.000000000001
2025-04-11,18,18790.438856100183,15917.36764997618,0.0,0.0,2873.071206124003,516.7563995000006,29088.189496305553,1200.000000000001,3348.626121944443
2025-04-12,18,18052.526447633718,16053.742151857277,0.0,0.0,1998.7842957764396,359.59018937500036,27367.38404019444,3348.626121944443,3281.123048996914
2025-04-13,18,50001.91083797897,35299.57091964995,46.69391248176616,0.0,14655.646005847251,3470.6441688749997,6692.356979848939,3281.123048996914,1941.1287386748447
2025-04-14,18,42761.891687838346,37829.77489141494,337.4008602425046,0.0,4594.715936180899,1286.7651623611096,9365.514698625513,1941.1287386748447,2385.573212664815
2025-04-15,18,50492.76650005378,32444.394718984837,26.67601241582455,0.0,18021.695768653117,4280.330042861114,6981.656088592242,2385.573212664815,2116.8901044919835
2025-04-16,18,48828.62256797913,36549.96224007185,220.96691863690572,0.0,12057.693409270374,2858.8138759444437,7511.499868090018,2116.8901044919835,1199.9999999999995
2025-04-17,18,54377.351972293836,34118.19567746103,31.65449863983224,0.0,20227.501796192973,5033.7787153611125,6641.4404654711925,1199.9999999999995,1200.0000000000014
2025-04-18,18,20838.617360470293,15890.80400340105,0.0,0.0,4947.813357069244,1093.6163114166657,28542.800159333332,1200.0000000000014,3702.067844444443
2025-04-19,18,18538.13348147493,14672.587974813778,0.0,0.0,3865.545506661153,762.5976966666656,27735.178908972222,3702.067844444443,3587.156275925922
2025-04-20,18,51331.46270844819,33469.160295230235,174.8337948621828,0.0,17687.468618355775,4375.441457527781,8256.730501410493,3587.156275925922,1200.0
2025-04-21,18,42876.05880441923,35616.859923282405,505.4061739859385,0.0,6753.792707150885,1607.4621816944432,11141.35663392558,1200.0,2795.9534711503097
2025-04-22,18,57192.7686237359,32596.88427532871,302.2847954577889,0.0,24293.599552949407,6513.666330916667,6457.703530266811,2795.9534711503097,2746.694198727463
2025-04-23,18,59384.3851812819,31752.278425751,285.0317435540921,0.0,27347.075011976805,7217.160612374999,7820.1983163549385,2746.694198727463,1200.0000000000002
2025-04-24,18,43791.6162117325,32775.04837253674,122.1300877261706,0.0,10894.437751469595,2873.177920555554,8662.324469214507,1200.0000000000002,1199.9999999999998
2025-04-25,18,19414.801836152685,15279.184141389134,0.0,0.0,4135.617694763552,736.3165333611105,32052.108973805553,1199.9999999999998,3532.5022944444463
2025-04-26,18,19485.52403004957,14632.082802150278,0.0,0.0,4853.441227899295,883.9850016944424,33801.54611588888,3532.5022944444463,3632.5639629629604
2025-04-27,18,50611.63732690875,30689.486386487515,107.63314103117801,0.0,19814.517799390054,4603.249819305553,6542.032169353397,3632.5639629629604,2347.582636481947
2025-04-28,18,49721.58438426796,37579.50956725249,201.10382486625332,0.0,11940.970992149221,2527.5943168472204,7047.65003108334,2347.582636481947,2490.08894833333
2025-04-29,18,46133.2133623533,31748.341243615425,114.53715623437121,0.0,14270.3349625035,3269.272678777774,8749.415158778465,2490.08894833333,1699.97014022438
2025-04-30,18,49542.36739175915,31100.5333238927,0.0,0.0,18441.834067866446,5011.376100416667,6819.656643354267,1699.97014022438,1967.8813439651185
2025-05-01,18,57522.24486536551,32992.36964611903,105.71739556538031,0.0,24424.157823681104,5044.081040499999,6665.8955420895045,1967.8813439651185,1200.0000000000011
2025-05-02,18,25585.11649519609,17224.11252100076,0.0,0.0,8361.00397419533,1497.0620433055544,22220.17276519444,1200.0000000000011,3518.170181481479
2025-05-03,18,25045.859835705338,15342.290740566965,0.0,0.0,9703.569095138373,1704.7083530277778,26780.469001499994,3518.170181481479,3402.6393981481506
2025-05-04,18,48888.441798719425,34445.74368769175,618.6989986531955,0.0,13823.999112374478,2990.467739999999,7265.10209849811,3402.6393981481506,2089.3795424354967
2025-05-05,18,53153.976485480285,36653.605853877816,121.7496908835259,0.0,16378.620940718945,3985.107972388887,6726.2254351241345,2089.3795424354967,1622.7182590271666
2025-05-06,18,62928.6724072439,33105.80249146455,641.6184988400776,0.0,29181.251416939274,6799.889284249997,4908.099598989356,1622.7182590271666,1997.048666975316
2025-05-07,18,61633.944724138004,35263.38940015523,275.1743567821692,0.0,26095.380967200603,6229.304124694439,5872.199487502057,1997.048666975316,1466.14351609537
2025-05-08,18,49996.14833150941,38012.52610878663,370.4114174896937,0.0,11613.210805233084,2507.480418666667,8141.533798472224,1466.14351609537,1200.000000000005
2025-05-09,18,21402.01595817925,17027.318959883458,0.0,0.0,4374.696998295792,761.5512737916666,27572.369263361106,1200.000000000005,3265.5849587191356
2025-05-10,18,21394.539112150545,16428.939483657792,0.0,0.0,4965.599628492753,888.0593306388895,23739.16949919444,3265.5849587191356,3391.0857081481495
2025-05-11,18,50245.7696093243,36084.33473276756,356.3983880210111,0.0,13805.036488535723,2992.346350847224,7367.565134495884,3391.0857081481495,1200.0000000000002
2025-05-12,18,56692.663306976494,33930.26940786638,352.6639324323772,0.0,22409.72996667774,5410.314192680553,6404.3030930648165,1200.0000000000002,1307.3984008111106
2025-05-13,18,48614.46977679738,38217.02881533392,215.3524188942161,0.0,10182.088542569241,2306.994966472221,11303.906073632203,1307.3984008111106,1200.0000000000002
2025-05-14,18,48065.83003565537,38052.32474605732,48.05178172062807,0.0,9965.453507877424,2393.359763305554,9724.251093334362,1200.0000000000002,1200.0000000000014
2025-05-15,18,47344.37992474943,38789.58358415953,5.228092006093442,0.0,8549.5682485838,2491.162785624996,8897.67560268724,1200.0000000000014,1200.0000000000002
2025-05-16,18,19878.524313775084,17641.178703331014,0.0,0.0,2237.34561044407,395.8453665277779,33268.880938472226,1200.0000000000002,3258.897890185187
2025-05-17,18,21132.191302238192,16992.704791423435,0.0,0.0,4139.486510814758,699.2102416388902,25869.39142272222,3258.897890185187,3196.132805925929
2025-05-18,18,42648.33859775176,39301.54296213868,443.8620407124422,0.0,2902.9335949006436,854.1919753611094,11941.587678753087,3196.132805925929,1200.0000000000005
2025-05-19,18,42464.18046638682,36603.447208399826,32.767556774109025,0.0,5827.965701212881,1295.086395597222,11961.570774790122,1200.0000000000005,1501.6981166685216
2025-05-20,18,52260.08901128743,36160.97240583417,9.686213185259735,0.0,16089.430392268003,3871.2334807222223,7358.166571563273,1501.6981166685216,1200.0
2025-05-21,18,52134.34340967101,35380.540025400085,19.561625964741538,0.0,16734.241758306183,4150.344108499998,7433.923686833335,1200.0,1200.0000000000027
2025-05-22,18,45912.74360777401,37235.61303525054,149.4784411255949,0.0,8527.652131397874,2684.9755854861087,9700.819114635802,1200.0000000000027,1200.0000000000002
2025-05-23,18,19018.822575514212,17593.554035971592,0.0,0.0,1425.2685395426206,247.1024766666659,29538.142470249993,1200.0000000000002,3178.4993180555557
2025-05-24,18,18546.72995337702,17667.187950093878,0.0,0.0,879.5420032831418,154.1740416249993,32535.401326541665,3178.4993180555557,3290.2700662037014
2025-05-25,18,41201.692248700405,36824.591818613924,212.61558681249963,0.0,4164.484843273984,1036.0997733333331,12850.346426382715,3290.2700662037014,1199.9999999999993
2025-05-26,18,53004.87845095304,36825.306323801466,0.0,0.0,16179.572127151572,4397.292642611109,7700.282543555558,1199.9999999999993,1226.5855325617301
2025-05-27,18,46779.20921782765,35239.59611210684,126.82691243749687,0.0,11412.786193283313,2766.9487441388874,7995.78248758539,1226.5855325617301,1200.0000000000011
2025-05-28,18,42429.66350954873,39320.77874960708,61.859871833644156,0.0,3047.0248881080015,830.2838310277783,10982.548410617284,1200.0000000000011,1200.000000000002
2025-05-29,18,49364.366630620934,39220.80871363442,315.7678985256681,0.0,9827.79001846084,2479.3931399999983,10322.09517128395,1200.000000000002,1199.9999999999993
2025-05-30,18,18902.853866434572,18812.808846849864,0.0,0.0,90.04501958470837,28.434165749999977,30518.46566936111,1199.9999999999993,3136.339995370373
2025-05-31,18,19618.375395331408,18917.487870036577,0.0,0.0,700.8875252948308,171.54102199999954,31670.270902527776,3136.339995370373,3165.6887962962974
2025-06-01,18,67386.19190449486,53582.261771342775,1119.7792815351124,0.0,12684.150851616978,3193.1436519332947,9319.02181617387,3165.6887962962974,1858.865540793209
2025-06-02,18,69153.07069769534,55012.27561009907,1661.969533755056,0.0,12478.82555384122,3117.3421659722194,13633.360206202331,1858.865540793209,2276.401692438275
2025-06-03,18,66900.61482305152,50413.48341997537,1625.9966386895567,0.0,14861.13476438661,3556.039577416668,10287.35270120679,2276.401692438275,1200.0000000000002
2025-06-04,18,69502.41380710951,60283.73660126378,1662.503218019865,0.0,7556.173987825873,2372.0198275972216,18998.36413703087,1200.0000000000002,1200.0000000000002
2025-06-05,18,69240.27737520788,53505.89192615018,1478.0646412396209,0.0,14256.320807818078,3381.181077833333,9856.989132324075,1200.0000000000002,1200.0000000000002
2025-06-06,18,30224.76939959589,29207.7946740446,0.0,0.0,1016.9747255512923,184.3242570000001,23827.908185166667,1200.0000000000002,2485.1333888888903
2025-06-07,18,32992.65256796403,31217.639335988988,0.0,0.0,1775.0132319750414,328.4008590000001,29747.411132,2485.1333888888903,2504.544579629633
2025-06-08,18,59734.41499807613,52826.52640063267,758.6906956062483,0.0,6149.197901837217,1520.6993573888876,14665.961408916668,2504.544579629633,1200.0000000000002
2025-06-09,18,64852.5116849854,61781.8392689511,995.9330821634835,0.0,2074.739333870814,769.0472255277765,16903.639232482,1200.0000000000002,1200.0000000000002
2025-06-10,18,61719.29440249848,57734.78817661004,1028.7575894100007,0.0,2955.74863647844,854.918973166666,11406.6335711358,1200.0000000000002,1200.0000000000002
2025-06-11,18,68151.24449149938,63426.45055201925,821.4470112478145,0.0,3903.346928232327,946.2499780416666,12680.489767558645,1200.0000000000002,1200.0000000000002
2025-06-12,18,64030.94562090777,62030.89311183378,850.811417736386,0.0,1149.2410913376004,372.84245933333244,14946.251411914098,1200.0000000000002,1200.0000000000002
2025-06-13,18,31086.46279632733,30225.844229751376,0.0,0.0,860.6185665759567,138.65494866666643,28441.815161833332,1200.0000000000002,2661.2724037037055
2025-06-14,18,31477.522658975937,30758.53375770162,0.0,0.0,718.9889012743147,124.0066259722214,32242.86040944444,2661.2724037037055,2615.923508641975
2025-06-15,18,62372.211237425065,58708.14781739232,298.74218250716456,0.0,3365.321237525585,782.8087320833336,13791.246488953704,2615.923508641975,1200.0000000000002
2025-06-16,18,64574.55391656675,62573.46958606361,789.3737965891269,0.0,1211.7105339140082,349.5941893194448,14758.280185364198,1200.0000000000002,1200.0000000000002
2025-06-17,18,65885.21047938705,64173.492570175425,308.932158078689,0.0,1402.7857511329446,373.1804208055555,14571.011736673867,1200.0000000000002,1200.0000000000002
2025-06-18,18,65997.12861913112,64545.747135216996,460.6612790789782,0.0,990.7202048351517,299.88056316666615,19104.384193622427,1200.0000000000002,1263.0971787037035
2025-06-19,18,62110.76430110075,59594.24541850606,1054.8827602869399,0.0,1461.6361223077495,373.2422503888884,18008.71340458796,1263.0971787037035,1200.0000000000002
2025-06-20,18,30432.967927401463,30390.410283401463,0.0,0.0,42.557644000000074,6.999612500000012,34482.11195508333,1200.0000000000002,2692.585648148151
2025-06-21,18,27978.71611207784,27478.77160497684,0.0,0.0,499.94450710100085,80.04565100000013,32759.25130469444,2692.585648148151,2733.1365469135835
2025-06-22,18,59852.565469581685,59270.233764965225,138.60212447994908,0.0,443.72958013651163,140.55521772222158,17941.856362116254,2733.1365469135835,1210.6631053703704
2025-06-23,18,61394.64780061908,61092.351709631854,104.68640256031559,0.0,197.60968842691568,81.67791241666623,18949.869607788067,1210.6631053703704,1282.0623413888895
2025-06-24,18,72489.39092608358,71777.46753136997,377.8972806329165,0.0,334.02611408069424,115.31357008333327,20937.306246355965,1282.0623413888895,1200.0000000000002
2025-06-25,18,63415.01919904253,62237.65545707267,0.0,0.0,1177.3637419698596,221.34033233333304,18197.541711000005,1200.0000000000002,1209.3755509259302
2025-06-26,18,59359.885401631545,59201.88472840817,0.0,0.0,158.00067322337617,49.8513197222226,17509.572540666668,1209.3755509259302,1219.9374987654326
2025-06-27,18,30537.894521066217,30311.198603260993,0.0,0.0,226.69591780522248,37.63988362500004,36535.67584320833,1219.9374987654326,3029.664571296299
2025-06-28,18,29816.308296768475,29753.962250995974,0.0,0.0,62.34604577250078,10.144166250000126,34162.23773280555,3029.664571296299,2940.425793827161
2025-06-29,18,60774.71414419254,58470.53803987066,208.369508028106,0.0,2095.806596293774,506.6514436944434,15709.102958238684,2940.425793827161,1217.183388935185
2025-06-30,18,63591.897483078,63126.80469224928,0.0,0.0,465.09279082872104,111.19930927777756,19431.505145472223,1217.183388935185,1294.7987233024696
2025-07-01,18,84505.33543101365,60027.81119558459,5435.69946880604,0.0,19041.824766623013,5490.383460388889,8171.744452824074,1294.7987233024696,1200.0000000000002
2025-07-02,18,73228.50287625221,57253.58316887767,4897.732027411031,0.0,11077.187679963517,3554.9529546388862,6410.3210255961985,1200.0000000000002,2442.819867175923
2025-07-03,18,80868.47415452581,63620.512299747046,5139.698393980416,0.0,12108.263460798345,3557.001458111112,9282.325491769547,2442.819867175923,1200.0000000000002
2025-07-04,18,32401.889105878214,29525.54617662206,0.0,0.0,2876.3429292561523,816.7828331805556,19868.237768347215,1200.0000000000002,1730.6492472222235
2025-07-05,18,30969.705358302912,29289.400923619993,0.0,0.0,1680.3044346829208,749.994961791665,20654.6906045787,1730.6492472222235,1637.8439490740736
2025-07-06,18,93048.92616564085,60024.92930405791,4846.767012356629,0.0,28177.22984922632,6783.581045319441,5820.28507349897,1637.8439490740736,1892.2128345564824
2025-07-07,18,71754.03061796134,62159.29932124597,3345.549645301423,0.0,6249.181651413945,1850.1257592499999,11345.938297924895,1892.2128345564824,1865.1573995370404
2025-07-08,18,73163.87728510286,65957.76757010873,3071.976138198661,0.0,4134.1335767954715,1075.2869617222216,13344.72162270885,1865.1573995370404,1603.794490370372
2025-07-09,18,71459.68286229565,65236.798896425054,2883.2274255519833,0.0,3339.656540318617,800.5695291666663,13960.105073595683,1603.794490370372,1906.0717027319417
2025-07-10,18,70559.26777652244,60243.627371309056,3067.728593022995,0.0,7247.911812190381,1713.5634360277759,9420.164081815845,1906.0717027319417,1200.0000000000002
2025-07-11,18,34817.23368665227,34625.172112155895,0.0,0.0,192.0615744963721,34.75584741666637,23532.327222624997,1200.0000000000002,2196.34143125
2025-07-12,18,31821.917884136354,31630.507543266518,0.0,0.0,191.41034086983396,105.22607391666679,20873.541171875,2196.34143125,2107.563522453705
2025-07-13,18,65868.23484009788,62337.702250119255,2317.7729413359966,0.0,1212.7596486426257,341.228887027778,15411.499231904321,2107.563522453705,1200.0000000000002
2025-07-14,18,69923.31030773713,59011.003839943885,3156.7182721100085,0.0,7755.58819568324,1683.5640101111119,9432.21982311111,1200.0000000000002,2184.787381452783
2025-07-15,18,67420.73281314733,64046.01880099027,1481.9028199354161,0.0,1892.8111922216415,445.7072148611121,14154.751410425923,2184.787381452783,1200.0000000000002
2025-07-16,18,77204.96872829826,63453.68519127939,1349.9186954727109,0.0,12401.364841546158,3165.348047527775,13166.765815929015,1200.0000000000002,1200.0000000000002
2025-07-17,18,77719.81749298968,60642.675808977576,1611.8791493301856,0.0,15465.262534681926,3145.4935912500005,10367.168185560698,1200.0000000000002,1200.0000000000002
2025-07-18,18,36000.28844907775,35788.87833566661,0.0,0.0,211.410113411143,28.19847916666629,27273.468649208335,1200.0000000000002,2507.8487099537047
2025-07-19,18,35286.4890683999,34996.59816390689,0.0,0.0,289.89090449300073,38.96984408333344,29699.671867958332,2507.8487099537047,2501.1427229166648
2025-07-20,18,68076.31504304301,61969.49009727497,1344.3641517963786,0.0,4762.460793971662,1011.4950552222213,14041.28066896605,2501.1427229166648,1200.0000000000002
2025-07-21,18,70706.01321207886,65193.09023073724,1382.1081952905351,0.0,4130.8147860511,907.9217326388896,12449.385280483022,1200.0000000000002,1200.0000000000002
2025-07-22,18,72092.26687671756,64696.363673758715,340.011770733689,0.0,7055.891432225153,1702.6294476388891,12463.706185040122,1200.0000000000002,1200.0000000000002
2025-07-23,18,71699.62630178955,71069.16598501489,379.17557533716536,0.0,251.2847414374982,59.816524999999565,19673.142378709876,1200.0000000000002,1200.0000000000002
2025-07-24,18,71806.7497211139,71126.74502026755,572.8755932893031,0.0,107.12910755705514,26.353281416666505,19398.62336064043,1200.0000000000002,1200.0000000000002
2025-07-25,18,35349.600337363474,35320.50164234084,0.0,0.0,29.0986950226388,10.949650055555523,29714.88013495833,1200.0000000000002,2850.987990972225
2025-07-26,18,35189.37883594216,35189.37883594216,0.0,0.0,0.0,0.0,29626.775042458336,2850.987990972225,2758.586458101853
2025-07-27,18,76643.14972179571,63625.68872654678,347.43865205895906,0.0,12670.022343189967,2440.022016027777,14296.856065389402,2758.586458101853,1200.0000000000002
2025-07-28,18,77916.45369515955,67379.28736850184,345.7598962564364,0.0,10191.406430401268,2132.1878319444427,12755.787589311727,1200.0000000000002,1204.9966736125004
2025-07-29,18,79010.10483008355,65826.02700540681,0.0,0.0,13184.07782467674,2907.290113277776,13528.107113694448,1204.9966736125004,1270.316226851854
2025-07-30,18,86736.17174717059,61824.85860107602,171.83796441360806,0.0,24739.475181680973,5835.8968825833335,11336.705030799898,1270.316226851854,1293.3936361050908
2025-07-31,18,75751.79529738777,63142.7997971944,0.0,0.0,12608.995500193376,2732.817226305555,11692.608189805556,1293.3936361050908,1362.0496625000023
2025-08-01,18,34760.90178814323,34697.64990867667,0.0,0.0,63.25187946656218,8.440899374999958,34131.782396083334,1362.0496625000023,2803.2000849537053
2025-08-02,18,35103.878553806164,34976.8143905209,0.0,0.0,127.06416328526578,16.548798291666003,38723.52530366667,2803.2000849537053,2918.234311342594
2025-08-03,18,58565.52436115628,54360.56553172266,0.0,0.0,4204.958829433613,1050.6367740000003,10713.35584391667,2918.234311342594,1277.6729861111098
2025-08-04,18,65426.97115574488,59254.852622068356,117.56444464781259,0.0,6054.554089028716,1301.6856911805526,12958.03884988426,1277.6729861111098,1200.0000000000002
2025-08-05,18,66904.53635132202,57422.88915525612,0.0,0.0,9481.6471960659,2499.322193111111,12051.22570248611,1200.0000000000002,1376.3826243055576
2025-08-06,18,69959.72031645819,63381.059471224995,0.0,0.0,6578.660845233189,1363.5891559444428,14616.208072527781,1376.3826243055576,1297.9400532407435
2025-08-07,18,61630.06621470405,60296.34614348876,0.0,0.0,1333.720071215294,294.61024630555625,19887.967550388887,1297.9400532407435,1275.240771296296
2025-08-08,18,32475.817086192925,31556.654506163966,0.0,0.0,919.1625800289595,123.02166983333348,36439.51304061111,1275.240771296296,2868.5141203703697
2025-08-09,18,32347.486075290355,31297.588684620147,0.0,0.0,1049.897390670207,139.16959558333315,33037.03938058334,2868.5141203703697,2996.03164074074
2025-08-10,18,64152.5055827999,57420.26513499336,0.0,0.0,6732.240447806542,1357.7141493333331,12143.599756000001,2996.03164074074,1254.689861111112
2025-08-11,18,61019.525550389466,54816.003269696914,0.0,0.0,6203.522280692554,1381.4114511944442,11316.52980711111,1254.689861111112,1310.0480222222238
2025-08-12,18,63006.546081100365,59676.79876872919,0.0,0.0,3329.7473123711743,754.2785939722211,13464.748116527779,1310.0480222222238,1227.070461419757
2025-08-13,18,68739.38940138536,54601.02543990478,0.0,0.0,14138.36396148058,2741.253976708333,9473.786216583336,1227.070461419757,1211.3219016203723
2025-08-14,18,65576.02876377116,56511.65036651636,0.0,0.0,9064.378397254797,1913.2614750694445,10112.101779194441,1211.3219016203723,1236.7746881944445
2025-08-15,18,34632.00880043521,32319.409228040382,0.0,0.0,2312.5995723948267,303.21599374999914,35593.608124,1236.7746881944445,2879.4375125000006
2025-08-16,18,34765.48870280247,32401.882881737507,0.0,0.0,2363.6058210649603,316.5054815000003,36885.80524054167,2879.4375125000006,2888.229417824077
2025-08-17,18,60165.74641802833,56010.14640073228,0.0,0.0,4155.60001729605,679.2339146666659,14919.423570083334,2888.229417824077,1303.2658500000011
2025-08-18,18,60330.342695657346,56430.20029313667,0.0,0.0,3900.142402520673,892.7147995416665,10903.56159733334,1303.2658500000011,1276.4789488425915
2025-08-19,18,61634.86988801123,55290.087664272534,0.0,0.0,6344.782223738692,1456.9008707222201,10072.378241138887,1276.4789488425915,1339.4182013888887
2025-08-20,18,67107.04587106509,60461.72984309115,0.0,0.0,6645.316027973935,1245.7941057500007,11757.232513375002,1339.4182013888887,1377.2506363425928
2025-08-21,18,59820.08305870864,57123.30305574347,0.0,0.0,2696.7800029651694,517.1849201944447,11895.950719319446,1377.2506363425928,1285.8814585648142
2025-08-22,18,34460.137646594616,31291.98281886594,0.0,0.0,3168.1548277286715,429.6036352777765,29953.386160435188,1285.8814585648142,2818.1243231481485
2025-08-23,18,31628.505764859965,29102.4080185201,0.0,0.0,2526.0977463398654,377.3458193472218,27300.678901222218,2818.1243231481485,2897.1519956018515
2025-08-24,18,60623.91500960758,54723.30918342119,0.0,0.0,5900.605826186394,1321.7017434722209,9966.77425488889,2897.1519956018515,1230.9744620370388
2025-08-25,18,71375.74395061216,69718.38552811273,0.0,0.0,1657.358422499423,397.25751734722223,23490.53765697222,1230.9744620370388,1322.7412668981513
2025-08-26,18,65178.45962978447,55758.303207462704,0.0,0.0,9420.156422321763,2378.4273624999996,9720.883444995881,1322.7412668981513,1280.7116850777786
2025-08-27,18,74107.0086339901,55909.73531719201,0.0,0.0,18197.273316798084,4067.785026194445,10244.960979027777,1280.7116850777786,1383.0266625000036
2025-08-28,18,78753.15802434992,54381.83345307345,42.07413128750313,0.0,24329.250439988966,5441.182193055554,7746.582849305555,1383.0266625000036,1200.0000000000034
2025-08-29,18,35539.19275321318,32723.04751855138,0.0,0.0,2816.145234661803,375.59886551388956,30838.540369055554,1200.0000000000034,3021.593736435186
2025-08-30,18,35035.311241219155,31461.36321550466,0.0,0.0,3573.9480257144946,476.0934200833326,34067.677847750005,3021.593736435186,3044.829911203704
2025-08-31,18,69600.93112065483,53885.5292454132,0.0,0.0,15715.401875241638,3446.585763263891,9536.952812472224,3044.829911203704,1363.2371405092601
2025-09-01,18,53945.1280856239,53945.1280856239,0.0,0.0,0.0,0.0,28361.591648541667,1363.2371405092601,2216.30371689815
2025-09-02,18,47956.5690233361,47686.39682961219,0.0,0.0,270.17219372391406,71.83534008333268,17906.870142833337,2216.30371689815,2107.815659259257
2025-09-03,18,50271.300439124825,50049.50092690848,0.0,0.0,221.79951221634772,39.46130397222232,18876.346132888888,2107.815659259257,1929.3224074074055
2025-09-04,18,49383.275335655424,48769.43725492459,0.0,0.0,613.8380807308341,119.3120555694446,17807.50266127778,1929.3224074074055,1873.9123849537057
2025-09-05,18,26589.278087211376,25035.603099623757,0.0,0.0,1553.674987587619,276.31060580555436,40255.83435547222,1873.9123849537057,3683.7366666666644
2025-09-06,18,24929.034214108273,24282.95617648023,0.0,0.0,646.0780376280404,106.45746758333314,39365.28388044445,3683.7366666666644,3586.4891172839516
2025-09-07,18,48752.62260148226,45071.11500349591,0.0,0.0,3681.5075979863577,770.6791321111104,14381.000643652784,3586.4891172839516,1755.6807488425904
2025-09-08,18,52414.03478341464,50599.747177063975,0.0,0.0,1814.2876063506658,443.608616472222,16762.490505597223,1755.6807488425904,1743.556884953703
2025-09-09,18,48690.303031662836,44810.71616348106,0.0,0.0,3879.5868681817765,1070.493591583333,13195.990248305552,1743.556884953703,1698.2367652777796
2025-09-10,18,51859.457977204336,51684.23287275767,0.0,0.0,175.22510444666517,43.877223124999716,15993.057605833335,1698.2367652777796,1671.847345138888
2025-09-11,18,53687.38853727902,50836.09484854381,0.0,0.0,2851.2936887352043,503.65427172222144,23691.122162805557,1671.847345138888,1747.579490740739
2025-09-12,18,25392.71963865684,24954.969355000758,0.0,0.0,437.75028365608273,86.24347016666661,35421.99387316666,1747.579490740739,3538.905164506169
2025-09-13,18,24323.526249992057,24127.936140413163,0.0,0.0,195.59010957889365,34.22812058333295,38483.21527448611,3538.905164506169,3649.5898043981483
2025-09-14,18,53871.76110617871,53589.36128137301,0.0,0.0,282.39982480570643,101.4636473333328,20739.87767270833,3649.5898043981483,1664.3142395833343
2025-09-15,18,48100.6465404702,44065.33483187303,0.0,0.0,4035.3117085971735,1070.4166907777767,10171.433171000004,1664.3142395833343,1458.734019907406
2025-09-16,18,53747.34688139605,52000.503004285296,0.0,0.0,1746.8438771107503,475.29449066666643,18280.353628333334,1458.734019907406,1371.3367129629662
2025-09-17,18,52187.82568852598,50008.773714926356,0.0,0.0,2179.051973599627,631.8128531944449,14048.192445944447,1371.3367129629662,1467.4587310185207
2025-09-18,18,54749.55122834351,43863.541186254915,0.0,0.0,10886.010042088597,2815.7003758333312,8783.5514755,1467.4587310185207,1467.8873236111117
2025-09-19,18,25202.683178762243,23571.03432192887,0.0,0.0,1631.6488568333748,280.3579435,28067.232125166665,1467.8873236111117,3446.0393842592557
2025-09-20,18,25295.455011765163,22604.58225694367,0.0,0.0,2690.8727548214915,463.6232134166653,29269.92414133333,3446.0393842592557,3451.8922129629655
2025-09-21,18,49617.37397553242,47942.99846999046,0.0,0.0,1674.3755055419583,447.7434285416669,14622.901166833333,3451.8922129629655,1456.6774349537031
2025-09-22,18,55948.8351769629,49655.998745241275,0.0,0.0,6292.836431721626,1763.7960945833333,14169.456485406376,1456.6774349537031,1570.1415950018575
2025-09-23,18,54655.35126881481,48130.28720678473,0.0,0.0,6525.064062030086,1451.6334357500004,11054.159970499999,1570.1415950018575,1230.3617305555572
2025-09-24,18,61783.80055610114,42737.23345325062,82.77619573537876,0.0,18963.790907115137,6023.042432583332,7321.97803244599,1230.3617305555572,1200.0
2025-09-25,18,56089.884770961755,45979.531915437416,0.0,0.0,10110.352855524337,2526.0934040277784,10627.645404361108,1200.0,1272.8132444444443
2025-09-26,18,27618.418214232704,22890.72652001987,0.0,0.0,4727.691694212834,814.2427492500001,28016.585460416667,1272.8132444444443,3424.270860648149
2025-09-27,18,28734.331691933618,21209.77223971022,0.0,0.0,7524.5594522234,1679.3006981527767,25486.799233277772,3424.270860648149,3313.2940451388895
2025-09-28,18,54403.94521031361,45686.70825535718,0.0,0.0,8717.236954956426,2259.2346848611087,7719.976931611112,3313.2940451388895,1219.4950083333356
2025-09-29,18,56328.97577630456,48944.475345339786,257.55593863125756,0.0,7126.944492333519,1781.7731684999985,11178.035501271606,1219.4950083333356,1200.0000000000014
2025-09-30,18,64044.77829726058,48829.33963389962,69.59123720625345,0.0,15145.847426154709,4132.0252561666675,7995.294762823052,1200.0000000000014,2869.91141718703
2025-10-01,18,43649.80404102221,42884.71919194059,0.0,0.0,765.0848490816228,348.88117349999914,19073.523758916665,2869.91141718703,1232.8902472222248
2025-10-02,18,48905.16713457821,48013.482860644595,33.43244189999258,0.0,858.2518320336239,398.14131616666646,23671.050034981483,1232.8902472222248,1200.0000000000007
2025-10-03,18,20686.406114583602,19517.225449368936,0.0,0.0,1169.180665214665,207.31740916666638,32644.477310416663,1200.0000000000007,3310.591531296296
2025-10-04,18,24076.45392194942,21837.542411874558,0.0,0.0,2238.911510074864,739.401524833331,27942.212399666667,3310.591531296296,9801.38235785648
2025-10-05,18,44354.382928174,43185.383267845755,9.456103948124317,0.0,1159.5435563801232,467.40138922222184,19649.462604796296,9801.38235785648,1200.0000000000002
2025-10-06,18,53613.96918392988,42152.55368402424,0.0,0.0,11461.415499905639,3408.014493499999,6897.428437967092,1200.0000000000002,2560.9825220101766
2025-10-07,18,45175.35577538224,43178.900085922694,0.0,0.0,1996.455689459541,598.733199388889,10549.822273555557,2560.9825220101766,1253.240711111113
2025-10-08,18,44296.150412669005,42573.27901477687,0.0,0.0,1722.8713978921394,439.9108332083322,6810.91395235339,1253.240711111113,3392.8513437361144
2025-10-09,18,48026.204899711425,47457.59385940604,0.0,0.0,568.6110403053862,196.07131995833288,19378.314543041666,3392.8513437361144,1211.2541194444482
2025-10-10,18,22384.176740574156,21213.466502873078,0.0,0.0,1170.7102377010779,209.01998074999898,34163.296481833335,1211.2541194444482,3322.598430555555
2025-10-11,18,26108.116276354354,20634.335177917306,399.3463792063526,0.0,5074.434719230694,1300.3996810833305,23380.42685105555,3322.598430555555,10800.0
2025-10-12,18,42563.6232677934,39739.45647798117,0.0,0.0,2824.166789812234,688.0323775416666,8347.544635292012,10800.0,3621.894276827471
2025-10-13,18,45519.28589932801,44491.217211222836,0.0,0.0,1028.0686881051763,256.58139974999904,10494.182388076479,3621.894276827471,4353.643506553392
2025-10-14,18,49341.98447752643,46870.19303051382,56.1616398603761,0.0,2415.629807152232,594.441890305555,9765.431561858026,4353.643506553392,4608.426149650001
2025-10-15,18,49299.43165859456,47587.42462362,0.0,0.0,1712.0070349745683,442.2051870833327,10387.381659905004,4608.426149650001,4521.319826010498
2025-10-16,18,49297.966486202626,46173.696658398316,178.22362114343724,0.0,2946.0462066608707,821.0243355555538,9827.400535350309,4521.319826010498,1200.0000000000018
2025-10-17,18,24475.176520078,19932.719070673462,0.0,0.0,4542.457449404537,929.5693385833338,25284.98303636111,1200.0000000000018,3513.885396296293
2025-10-18,18,23375.98644306232,21138.14797279345,0.0,0.0,2237.838470268872,403.3608463333327,28557.556042666667,3513.885396296293,3532.341604166669
2025-10-19,18,50946.269509361446,48488.018253634626,0.0,0.0,2458.2512557268174,552.8566261527762,6034.559186117628,3532.341604166669,5367.899280009411
2025-10-20,18,52211.05941548101,50977.872644523726,0.0,0.0,1233.1867709572798,308.28577813888876,14345.797183805556,5367.899280009411,1215.9775000000018
2025-10-21,18,55072.67606387144,52368.21741869216,9.726033495932445,0.0,2694.7326116833424,751.3334352222209,11981.31842880247,1215.9775000000018,1200.0
2025-10-22,18,55568.32638692303,49730.49521373445,69.51690814999965,0.0,5768.314265038578,1392.8162177499983,6070.582875279825,1200.0,4768.691519771306
2025-10-23,18,57904.36096525008,54889.07694392746,29.177531674683724,0.0,2986.106489647934,590.4461679583344,22237.268070604936,4768.691519771306,1199.9999999999998
2025-10-24,18,26756.31797431219,21109.54052665837,0.0,0.0,5646.777447653821,1021.1399896666682,25669.569837666662,1199.9999999999998,3577.381262962964
2025-10-25,18,26790.780133995948,21595.86675987874,0.0,0.0,5194.913374117208,923.3871843333334,29549.39794233333,3577.381262962964,3603.4722551851905
2025-10-26,18,54899.82595523266,52124.35993665772,114.52636446581238,0.0,2660.9396541091373,562.7910632916646,11523.23860799913,3603.4722551851905,4852.26321856745
2025-10-27,18,50743.73224074231,46788.656204903,101.31741989874793,0.0,3853.758615940563,887.0361562777789,5148.951367854265,4852.26321856745,5658.544975325607
2025-10-28,18,55910.44756293315,46416.05025933296,150.3763627725025,0.0,9344.020940827684,2263.856875166664,8907.119033319443,5658.544975325607,1200.0000000000014
2025-10-29,18,59998.95182596001,54162.83043006578,124.61577769780894,0.0,5711.5056181964255,1122.233391777777,7282.687463104939,1200.0000000000014,5142.746540939352
2025-10-30,18,54376.91377324116,46983.78993095025,0.0,0.0,7393.123842290909,1850.0733971666648,9046.880589166669,5142.746540939352,1236.1117166666693
2025-10-31,18,28958.77668489601,24026.01131661563,0.0,0.0,4932.765368280379,868.4461410416674,26680.420938083334,1236.1117166666693,3541.3993011574125
2025-11-01,18,27207.66915956628,21318.733416741674,552.4500650996472,0.0,5336.485677724959,1377.865142,17420.762542166667,3541.3993011574125,10800.0
2025-11-02,18,54173.79163335483,49219.25436573865,164.8130835258756,0.0,4789.7241840903025,1227.7274852499988,6903.716101591559,10800.0,4561.7155484148225
2025-11-03,18,58104.34240563054,56248.95249096562,223.49314057547184,0.0,1631.8967740894536,477.7655979861105,9540.598134569445,4561.7155484148225,5949.542376145831
2025-11-04,18,56353.166273295275,51274.58376679673,340.08112901212496,0.0,4738.50137748642,994.5017318333317,6379.534464833332,5949.542376145831,6559.168698629629
2025-11-05,18,59507.52586398155,57971.93000019494,208.39126674434502,0.0,1327.2045970422676,408.1502100138896,12282.163070725817,6559.168698629629,5871.4079126060215
2025-11-06,18,57377.79569442994,54978.73486189923,99.1047872058103,0.0,2299.9560453248905,564.4593096388892,10986.292297451648,5871.4079126060215,1200.000000000001
2025-11-07,18,27167.636868199614,23876.71989294157,0.0,0.0,3290.9169752580415,574.3736777083333,26305.66686966666,1200.000000000001,3365.684392361111
2025-11-08,18,27153.939350635457,24917.197778010668,0.0,0.0,2236.7415726247896,396.5372308333329,29689.661686749998,3365.684392361111,3412.14718518519
2025-11-09,18,59337.545291316346,57929.81370960692,361.15304432802975,0.0,1046.5785373813992,289.96935708333376,8192.774744249999,3412.14718518519,5971.71281925
2025-11-10,18,61341.46335811922,58526.24135500513,388.59555899480983,0.0,2426.626444119277,602.1399878055554,7447.42299085973,5971.71281925,5519.938664068373
2025-11-11,18,61298.21194615175,60361.080825433404,192.14874439718184,0.0,744.9823763211666,175.39870708333342,16802.66607049588,5519.938664068373,1200.0
2025-11-12,18,60643.04443060653,59343.062271947725,0.0,0.0,1299.9821586588112,277.59793997222357,8964.07573895473,1200.0,5780.099875725003
2025-11-13,18,62569.97804578299,56109.161902925116,344.4701641355,0.0,6116.345978722378,1446.1608053611103,11705.795647907922,5780.099875725003,1199.9999999999995
2025-11-14,18,28385.351697658843,25852.282735805427,0.0,0.0,2533.0689618534143,448.90643449999965,25902.873888833332,1199.9999999999995,3421.492104166668
2025-11-15,18,32637.60508177638,28407.221014654493,661.9233100893841,0.0,3568.4607570325015,894.6193147500003,24835.333282833333,3421.492104166668,10800.0
2025-11-16,18,57611.42007498734,55806.11207023465,329.43045174218514,0.0,1475.877553010505,370.734263166666,5985.125671250003,10800.0,5934.270306900462
2025-11-17,18,57529.781261854056,55616.94893061672,0.0,0.0,1912.8323312373298,522.8122831111104,9998.628250694444,5934.270306900462,1226.4348842592606
2025-11-18,18,62306.28714897943,61298.23364589783,228.45404146696478,0.0,779.59946161463,279.4022687916661,5876.619377541667,1226.4348842592606,5967.1960063125
2025-11-19,18,60455.96314795566,58760.50228592094,175.53344356900095,0.0,1519.927418465722,450.90200797222224,4692.737484805559,5967.1960063125,5970.670376467593
2025-11-20,18,59308.82296156654,57248.3019282743,292.3812671662457,0.0,1768.139766125999,411.73679005555533,10214.09621114815,5970.670376467593,1200.000000000001
2025-11-21,18,27901.813899821333,26687.473765953415,0.0,0.0,1214.3401338679175,217.48051300000014,24493.979346708333,1200.000000000001,3347.863204861112
2025-11-22,18,32157.951249172493,29242.03646459368,0.0,0.0,2915.914784578815,522.6730595833338,30429.076991208334,3347.863204861112,3457.3951006944444
2025-11-23,18,61360.11380600507,59737.75886866605,97.44842217768871,0.0,1524.906515161335,390.7227194444447,5130.819242111112,3457.3951006944444,5994.4474888125
2025-11-24,18,59802.537773748285,57792.62197489101,63.19036942543482,0.0,1946.7254294318427,455.4499835555546,10703.827437971195,5994.4474888125,1200.0
2025-11-25,18,70109.50461906668,69130.77753168793,22.432593354376955,0.0,956.294494024374,311.64688602777744,14037.06236877778,1200.0,5997.73745625
2025-11-26,18,64375.54478713024,63280.01423355797,221.54606624630844,0.0,873.9844873259583,242.32842454166655,9187.376837840546,5997.73745625,5626.370065773139
2025-11-27,18,62028.13031419012,61183.451779935654,33.932562918756126,0.0,810.7459713357075,188.69412925000006,12103.560111657409,5626.370065773139,1200.000000000001
2025-11-28,18,30450.834015983823,27924.138210539175,0.0,0.0,2526.6958054446463,448.65938191666675,25965.334029291662,1200.000000000001,3261.9580381944447
2025-11-29,18,36179.4776483562,33587.10445379341,0.0,0.0,2592.373194562794,464.3928107500004,32304.88949183333,3261.9580381944447,3420.5326805555587
2025-11-30,18,67118.15271885203,64943.706333084105,129.8584725192745,0.0,2044.5879132486457,484.8190863611107,6375.837342077688,3420.5326805555587,5477.621866133322
2025-12-01,18,84832.35750659146,71656.05961228666,3503.431170642921,0.0,9672.866723661888,2840.7253496111107,12247.205998736114,5477.621866133322,1200.0
2025-12-02,18,90110.17985952967,77975.42929981733,3376.020542551627,0.0,8758.730017160711,2574.4534991111123,8509.91897352778,1200.0,5880.39546075
2025-12-03,18,89848.13430732733,66345.27858192926,3613.9885339130515,0.0,19888.867191485013,4843.698208277778,3329.85134952778,5880.39546075,6172.267329969452
2025-12-04,18,87795.52570276185,73515.77852975325,2884.1281405122095,0.0,11395.619032496386,2793.7300151111103,14118.86453624074,6172.267329969452,1200.0000000000002
2025-12-05,18,35741.33661033432,35361.466199505114,0.0,0.0,379.87041082920746,87.82024358333308,24579.351711166666,1200.0000000000002,2610.477451388887
2025-12-06,18,38316.156301735056,37475.8729265221,0.0,0.0,840.2833752129586,317.1641364999998,21497.361111349783,2610.477451388887,6029.7329045888955
2025-12-07,18,82801.45603122741,77004.58295376325,2735.841978292878,0.0,3061.0310991712795,974.6851753611112,10745.628572361114,6029.7329045888955,6450.000000000002
2025-12-08,18,80914.55656349985,77327.40809377917,1648.9192530728415,0.0,1938.2292166478312,624.8623013749994,15199.478348324072,6450.000000000002,1200.0000000000005
2025-12-09,18,81660.12632175743,78271.3704595534,1500.8644985144992,0.0,1887.8913636895259,530.6877369166664,14767.2101687963,1200.0000000000005,1200.0000000000014
2025-12-10,18,81409.52017311422,75981.48886984169,1605.6451556718757,0.0,3822.3861476006355,889.0987837777766,10586.868179177985,1200.0000000000014,1200.0000000000014
2025-12-11,18,79646.95278453881,77334.03157574355,1558.6771833662208,0.0,754.2440254290404,244.16359095833286,15762.651444594652,1200.0000000000014,1199.9999999999995
2025-12-12,18,38029.663305060465,37824.43572228934,0.0,0.0,205.22758277112518,29.847703000000024,25398.27194783333,1199.9999999999995,2581.0801666666675
2025-12-13,18,39444.60660317156,38573.4157942086,0.0,0.0,871.1908089629596,287.01029208333347,23603.979401828205,2581.0801666666675,5455.852408149069
2025-12-14,18,78046.60348196923,73024.82822995068,1579.4863208475338,0.0,3442.2889311710233,678.3344287361103,9226.699682651237,5455.852408149069,1200.0
2025-12-15,18,82958.72343892694,76200.1653971442,2982.2501971365014,0.0,3776.307844646247,789.2991932499992,4599.25090391667,1200.0,8550.0
2025-12-16,18,78730.4333356531,77577.0558224859,893.099027518752,0.0,260.2784856484541,62.68164766666564,14187.66469813066,8550.0,1200.0000000000014
2025-12-17,18,83441.5301594494,81739.97792543769,1072.2619367369978,0.0,629.2902972747074,179.43553316666646,11288.9230655,1200.0000000000014,5980.271653500001
2025-12-18,18,75955.07727373959,74429.59696361306,980.492055627939,0.0,544.9882544985823,213.80579379166636,12465.806790592593,5980.271653500001,1200.0000000000018
2025-12-19,18,39532.474311983264,37698.70019486901,0.0,0.0,1833.7741171142525,287.59739941666703,25360.49922625,1200.0000000000018,3162.593455555557
2025-12-20,18,40654.695040744235,38328.60699591323,0.0,0.0,2326.0880448310063,628.385979500001,27577.785003822006,3162.593455555557,4158.311552183808
2025-12-21,18,82526.49195049256,78387.63111211642,3518.3309822019373,0.0,620.5298561742076,140.0141056666663,8727.924915833333,4158.311552183808,9450.000000000002
2025-12-22,18,77399.02305501851,76176.19634580654,290.50951691657013,0.0,932.3171922953966,198.75545712500002,13215.637450283954,9450.000000000002,1200.0000000000014
2025-12-23,18,82250.94055539466,81649.72659637978,142.7072400247862,0.0,458.50671899008955,77.88686058333417,17063.575348595165,1200.0000000000014,1200.000000000001
2025-12-24,18,81211.21398330251,80474.6382935041,139.18034760700704,0.0,597.3953421914089,113.29359624999881,15152.72328589198,1200.000000000001,1200.0000000000005
2025-12-25,18,78134.84124992383,76855.19516250995,236.70503992143205,0.0,1042.9410474924507,247.86920895833433,11885.67291998148,1200.0000000000005,1200.0000000000014
2025-12-26,18,39663.00108240665,38717.06095706248,0.0,0.0,945.9401253441697,157.0550771666671,26754.617449166664,1200.0000000000014,3429.247848148146
2025-12-27,18,40500.20178153747,38298.03254651683,0.0,0.0,2202.1692350206467,464.21835295833336,28219.157834170786,3429.247848148146,3780.201661718053
2025-12-28,18,80598.00441470675,77859.4543016552,1918.7520541046285,0.0,819.7980589469187,154.0790370416667,10145.077273625,3780.201661718053,8700.000000000004
2025-12-29,18,76223.88470032784,74182.97759624259,1389.7150460556873,0.0,651.1920580295614,151.09941274999994,8451.013160666664,8700.000000000004,8054.11477674306
2025-12-30,18,76282.92762037147,74465.55508401048,1615.0738867958007,0.0,202.29864956518713,49.876331249999794,9858.028637833335,8054.11477674306,8550.000000000004
2025-12-31,18,78307.9234076224,75886.62838165756,1362.6405668802502,0.0,1058.6544590845872,276.8320818055556,8759.396316472226,8550.000000000004,7960.46349952778
2025-02-01,6+12,32310.00708536628,30304.132187792056,710.1616353325606,0.0,1295.7132622416643,414.43121874999946,19876.467170627064,1200.0,10800.0
2025-02-02,6+12,64631.9361022997,60976.18447260637,0.0,0.0,3655.75162969333,626.8054219027783,10121.557444871754,10800.0,4992.661899609876
2025-02-03,6+12,71700.3630064561,66041.5995688241,0.0,0.0,5658.763437632006,1033.4114175694467,8246.839553222904,4992.661899609876,6581.3994430763905
2025-02-04,6+12,72051.52404539348,66918.4563364582,0.0,0.0,5133.067708935281,947.7461694722238,14531.321640735603,6581.3994430763905,1200.0000000000011
2025-02-05,6+12,69236.17013834017,64253.198242338054,362.4292281999535,0.0,4620.542667802159,880.4555411805538,3420.040511051275,1200.0000000000011,6448.7305285833345
2025-02-06,6+12,73188.45436532737,66368.09501294399,0.0,0.0,6820.3593523833915,1229.9998885833338,15564.11864244839,6448.7305285833345,1200.0000000000011
2025-02-07,6+12,30451.87223697203,28628.67756078839,0.0,0.0,1823.1946761836405,336.75213716666565,29542.111605024693,1200.0000000000011,1200.0
2025-02-08,6+12,25791.362093395954,24527.738320798315,0.0,0.0,1263.6237725976387,246.10501879166662,21598.135878951987,1200.0,1200.000000000001
2025-02-09,6+12,67832.38523297166,64071.156631662525,0.0,0.0,3761.228601309135,724.5440427083327,5525.056733542964,1200.000000000001,5678.740360580866
2025-02-10,6+12,63528.979277315695,56558.507063195764,2186.644192113127,0.0,4783.828022006808,908.1471650277797,8383.61773241907,5678.740360580866,5832.871573509101
2025-02-11,6+12,69268.98679506277,57954.303731774875,0.0,0.0,11314.683063287895,2203.886205249999,8925.745896303837,5832.871573509101,4757.227018225008
2025-02-12,6+12,69937.49382359709,57919.626488291804,0.0,0.0,12017.867335305284,2250.3532191666627,7594.008471601499,4757.227018225008,5858.522550476082
2025-02-13,6+12,58772.21475207105,52063.45911473312,1036.3805835956518,0.0,5672.375053742273,1124.4937770000015,10784.756840950615,5858.522550476082,1199.9999999999995
2025-02-14,6+12,25701.862414990115,24155.12725218481,0.0,0.0,1546.735162805302,287.2595958055549,23581.753831953356,1199.9999999999995,1200.0000000000014
2025-02-15,6+12,26079.06166672914,24816.74315732731,0.0,0.0,1262.3185094018281,298.8259610277785,24410.80242290638,1200.0000000000014,1290.96703854815
2025-02-16,6+12,75683.59616960908,59279.03454358372,0.0,0.0,16404.561626025366,3149.585692578191,9315.060796737998,1290.96703854815,4529.884113181481
2025-02-17,6+12,68515.2494693253,56672.98312737176,0.0,0.0,11842.266341953537,2421.9282737222265,12479.494411926964,4529.884113181481,4697.348776566658
2025-02-18,6+12,64407.841471165666,48528.37692908708,899.1875749145536,0.0,14980.276967164034,3106.682803138887,6873.096301055553,4697.348776566658,1200.0000000000023
2025-02-19,6+12,68504.30337824342,50694.42906715463,1160.3760664765666,0.0,16649.498244612223,3571.1361373194404,1532.9281980931037,1200.0000000000023,6098.324008125001
2025-02-20,6+12,65033.74597753073,50779.326712570684,0.0,0.0,14254.419264960045,2795.821550999999,10353.560041062588,6098.324008125001,1200.000000000001
2025-02-21,6+12,23301.13803308964,21793.970932140917,0.0,0.0,1507.167100948722,350.85584272222223,21714.690851393687,1200.000000000001,1199.9999999999995
2025-02-22,6+12,24085.42884438847,22468.73702007349,0.0,0.0,1616.6918243149767,464.8971220555549,19823.469729639914,1199.9999999999995,1758.6679718756204
2025-02-23,6+12,69402.15364705242,50707.88463079113,360.5713228625547,0.0,18333.697693398724,3785.6963678611137,4969.339880423803,1758.6679718756204,4427.166162858951
2025-02-24,6+12,65346.1577339489,47563.73404199084,0.0,0.0,17782.423691958058,3512.6921537638855,5133.714826988327,4427.166162858951,3858.3683405453776
2025-02-25,6+12,64392.25267924936,47978.152685941524,46.59123131666695,0.0,16367.508761991166,3495.2577581944433,12914.13750154218,3858.3683405453776,1200.0000000000002
2025-02-26,6+12,69093.5322695057,44711.278815522135,2733.023692648861,0.0,21649.22976133471,4778.459366388888,883.1456728055568,1200.0000000000002,6021.131145000001
2025-02-27,6+12,64175.87692174899,42612.38328220241,467.4703158662959,0.0,21096.02332368028,4327.358898430552,6966.738027600475,6021.131145000001,1200.0000000000036
2025-02-28,6+12,22876.33012287262,20041.23515336978,0.0,0.0,2835.0949695028394,757.0848478472185,20981.67378256532,1200.0000000000036,1200.0000000000018
2025-03-01,6+12,30158.540474356945,22508.574955400323,0.0,0.0,7649.965518956623,1624.1041678055537,28912.367868646597,1200.0000000000018,1200.0000000000005
2025-03-02,6+12,72588.5425675568,51882.10908826615,130.90178188212064,0.0,20575.531697408525,4094.6359252916636,6139.228850885628,1200.0000000000005,3958.0081106745383
2025-03-03,6+12,77475.31478915982,52279.33522708455,0.0,0.0,25195.97956207527,4979.0813378194425,11685.579505645586,3958.0081106745383,2611.6289934606443
2025-03-04,6+12,67244.37137000606,46167.831724094096,155.8672253914852,0.0,20920.67242052048,4656.018270736104,6454.642702117273,2611.6289934606443,1199.999999999998
2025-03-05,6+12,67513.11252904148,48262.53295543992,0.0,0.0,19250.57957360156,3907.783380013885,10428.90776114471,1199.999999999998,3222.1043229310185
2025-03-06,6+12,63074.25282802095,44019.27042884906,402.7832988109077,0.0,18652.199100360984,3907.2849670416645,7957.677423810533,3222.1043229310185,1199.999999999999
2025-03-07,6+12,25826.44210558731,21259.097299634348,0.0,0.0,4567.344805952962,1073.6014355956756,26477.652443305553,1199.999999999999,1200.0000000000011
2025-03-08,6+12,21383.23597438639,19352.10862028857,0.0,0.0,2031.1273540978184,456.44012925000004,23652.14264925909,1200.0000000000011,1200.0000000000005
2025-03-09,6+12,63082.20920815861,46783.53331385452,1420.4551186848894,0.0,14878.220775619198,3054.6640779583367,12949.127564689648,1200.0000000000005,2497.9389853009234
2025-03-10,6+12,65980.38087103885,45164.0877094444,1455.5876283333714,0.0,19360.705533261083,4190.5560979999955,5467.331961855968,2497.9389853009234,2820.32625883889
2025-03-11,6+12,64537.92046800142,39509.5618406256,3913.3464612495336,0.0,21115.01216612628,4545.184736999994,6811.452193008234,2820.32625883889,1200.0000000000005
2025-03-12,6+12,62545.457895778156,45992.09021055167,1881.649827214096,0.0,14671.717858012387,3104.772885222221,12265.833865364195,1200.0000000000005,2852.043409606792
2025-03-13,6+12,63148.92528356923,45995.17381777787,0.0,0.0,17153.751465791363,3427.858531277776,7754.0712843069305,2852.043409606792,1200.0000000000014
2025-03-14,6+12,20967.129163858892,18940.097695847824,0.0,0.0,2027.0314680110675,403.673501930555,26281.222155295953,1200.0000000000014,1200.000000000001
2025-03-15,6+12,21172.22374752259,19118.93634654612,0.0,0.0,2053.287400976466,460.4572674722225,21548.75979123543,1200.000000000001,1199.9999999999986
2025-03-16,6+12,56880.240166170355,44048.91425050466,668.834038735577,0.0,12162.491876930115,2624.6897462222205,8641.558139342587,1199.9999999999986,1200.0000000000016
2025-03-17,6+12,55463.36312066257,39804.67208914041,2196.6599516563188,0.0,13462.031079865843,2914.894269333334,10759.879015306593,1200.0000000000016,1944.2723979740745
2025-03-18,6+12,59016.71210456836,45921.79600582269,0.0,0.0,13094.916098745667,2600.8463672222206,14718.593598046977,1944.2723979740745,1200.0
2025-03-19,6+12,56107.30587813077,37891.31054447501,2739.2924466162685,0.0,15476.702887039493,3686.473914694443,7058.1459217345655,1200.0,1260.3972736888945
2025-03-20,6+12,61484.98277068897,43577.850531733275,1943.5428917519569,0.0,15963.589347203733,3387.0244903611097,10860.606144352714,1260.3972736888945,1200.0000000000018
2025-03-21,6+12,19992.35788488057,17839.62221337207,0.0,0.0,2152.735671508499,517.4935995833333,28454.304821860078,1200.0000000000018,1200.0
2025-03-22,6+12,19371.320558578278,18646.293338521416,0.0,0.0,725.027220056862,212.833545652778,25248.13703970662,1200.0,1199.9999999999995
2025-03-23,6+12,51827.05858884077,43403.352110375024,25.015609481871305,0.0,8398.690868983875,1874.107180055555,12345.737740191356,1199.9999999999995,1200.0
2025-03-24,6+12,51534.457754320916,40774.46801412567,822.702539665648,0.0,9937.287200529598,2227.9248255694442,9087.329559713646,1200.0,2015.9237557882716
2025-03-25,6+12,56387.207980224266,45138.43175574027,487.36826729886013,0.0,10761.407957185136,2494.4357198055577,14441.760522608023,2015.9237557882716,1200.0000000000007
2025-03-26,6+12,48705.06835122481,39589.530159680464,0.0,0.0,9115.538191544343,2126.535388097221,8230.434345843962,1200.0000000000007,1656.3773375152732
2025-03-27,6+12,53596.01124203675,41175.177771860814,0.0,0.0,12420.833470175934,2884.757798624997,10686.166125771084,1656.3773375152732,1200.0
2025-03-28,6+12,18945.71511566631,18043.440894682783,0.0,0.0,902.2742209835283,271.5254465277777,29839.87191707819,1200.0,1200.0000000000005
2025-03-29,6+12,18057.633550349547,17175.867091909837,0.0,0.0,881.7664584397083,237.80699633333325,31019.66963434602,1200.0000000000005,1200.000000000001
2025-03-30,6+12,52026.13762005107,39535.80324177877,348.1382079012484,0.0,12142.196170371051,2924.249763499998,11384.543375948391,1200.000000000001,2861.0591463537016
2025-03-31,6+12,51420.672259642786,34958.10838081238,2851.42774255048,0.0,13611.13613627993,3260.5726239444416,6369.99319090055,2861.0591463537016,1379.3256623645075
2025-04-01,6+12,52170.71743109393,43390.336000840005,614.1062544661105,0.0,8166.275175787816,2052.207728861113,10068.046250991767,1379.3256623645075,2149.607414868212
2025-04-02,6+12,49812.405033060364,40015.796668774376,1243.4291975448016,0.0,8553.179166741189,2108.296927194441,7106.3421562561725,2149.607414868212,1847.457607784263
2025-04-03,6+12,48789.61644005079,41825.30211621053,265.2075779448434,0.0,6699.106745895422,1612.3469343055535,12758.850539651761,1847.457607784263,1200.000000000001
2025-04-04,6+12,18385.865778937827,16684.339032905908,0.0,0.0,1701.5267460319196,402.5935543611118,32051.90693594153,1200.000000000001,1199.999999999999
2025-04-05,6+12,20475.69889330034,16765.35273686507,0.0,0.0,3710.3461564352715,1082.399979527776,26533.274805255136,1199.999999999999,1200.0000000000011
2025-04-06,6+12,47955.38872437666,38816.7884168429,1944.5363619666632,0.0,7194.063945567099,1702.624897277779,11524.194070446163,1200.0000000000011,1723.2617385419746
2025-04-07,6+12,47438.24971388343,33988.13108148909,2038.2733391558838,0.0,11411.845293238457,2686.3273131111137,5721.215412400216,1723.2617385419746,2280.7800687898075
2025-04-08,6+12,51275.33773018051,38745.737332792516,0.0,0.0,12529.600397387992,2759.671603083329,12341.489651266453,2280.7800687898075,1200.0000000000023
2025-04-09,6+12,51585.285225531305,38745.17885941929,1163.9766916095318,0.0,11676.129674502477,2694.418245055554,7264.126942304365,1200.0000000000023,1200.000000000002
2025-04-10,6+12,51253.41163695908,38571.18690362563,876.2833106308749,0.0,11805.94142270257,2612.396462222222,10734.675695553688,1200.000000000002,1199.9999999999998
2025-04-11,6+12,17417.28280373695,15917.367649976182,0.0,0.0,1499.9151537607697,334.23535488889013,31208.33739361831,1199.9999999999998,1199.999999999999
2025-04-12,6+12,17509.06608127309,16809.945278713672,0.0,0.0,699.120802559417,166.45056466666685,29561.25992671193,1199.999999999999,1200.0
2025-04-13,6+12,49011.067923077,36317.65535650969,1046.027163356312,0.0,11647.385403210996,2743.714734305557,7465.0604102579,1200.0,1639.4171548595655
2025-04-14,6+12,50253.142768026795,37987.216306830516,319.301554655001,0.0,11946.624906541278,2945.8654723333307,11191.76640625291,1639.4171548595655,2599.2741174209887
2025-04-15,6+12,44612.6854653295,32338.161624776047,1158.7468213589277,0.0,11115.777019194522,2529.8640328611104,6527.137709327155,2599.2741174209887,2245.6928877055616
2025-04-16,6+12,47740.377512648236,36486.505402208626,1252.3474389441017,0.0,10001.524671495503,2319.186524208331,8034.959007384261,2245.6928877055616,1200.0000000000007
2025-04-17,6+12,47659.32299255775,34118.19567746103,2627.347581582326,0.0,10913.779733514388,2407.3577985000015,7585.599888057097,1200.0000000000007,1200.0000000000002
2025-04-18,6+12,17350.895313962767,15890.80400340105,0.0,0.0,1460.0913105617178,370.71339102777677,30464.293134638887,1200.0000000000002,1200.0
2025-04-19,6+12,16024.929869967948,15660.840686834421,0.0,0.0,364.0891831335273,80.08153080555559,29678.641660490397,1200.0,1199.9999999999995
2025-04-20,6+12,44533.632787064074,34607.51033389779,1826.7810419930274,0.0,8099.341411173256,1887.7836415694455,7639.8697915992825,1199.9999999999995,1200.000000000001
2025-04-21,6+12,45665.63638513544,35616.859923282405,349.06517531500435,0.0,9699.711286538033,2256.1633031944393,11988.925515880306,1200.000000000001,2612.3122225938314
2025-04-22,6+12,45049.036706074054,32684.911995203896,3210.3417473977834,0.0,9153.782963472377,2168.5298527222258,5520.133420472912,2612.3122225938314,2917.878863861416
2025-04-23,6+12,44015.56101201849,31670.585299445407,4991.826469987691,0.0,7353.149242585386,1832.7754887222188,8157.287585757718,2917.878863861416,1200.000000000001
2025-04-24,6+12,43876.13335404802,32775.04837253673,2637.567201889908,0.0,8463.517779621381,2026.1928541944453,11003.081827949594,1200.000000000001,1200.0000000000036
2025-04-25,6+12,16595.66236174413,15279.184141389134,0.0,0.0,1316.4782203549935,259.5098134444446,34135.81137891289,1200.0000000000036,1200.0
2025-04-26,6+12,16700.466453992318,15430.911127256943,0.0,0.0,1269.5553267353748,228.1690364444445,35773.91196899879,1200.0,1199.9999999999989
2025-04-27,6+12,46064.05997746014,31807.942263774825,2602.588190841051,0.0,11653.529522844268,2651.67459297222,8049.525666669755,1199.9999999999989,2179.426624322221
2025-04-28,6+12,47278.78408220106,37651.723232474425,2406.864706817414,0.0,7220.196142909221,1510.6618853888867,8541.752555034811,2179.426624322221,2331.347368530086
2025-04-29,6+12,39380.503836044176,31819.281091834164,1761.0592639389913,0.0,5800.16348027102,1315.2692220416675,8002.323511563959,2331.347368530086,1736.2040400993799
2025-04-30,6+12,45282.499738809274,31083.8174180837,817.7944277635356,0.0,13380.887892962037,3482.267784458329,6038.805981145407,1736.2040400993799,1998.6996296580246
2025-05-01,6+12,54704.24164320511,32978.61441793809,2839.3747837871606,0.0,18886.252441479857,3879.8529058611107,8488.489476456787,1998.6996296580246,1200.0000000000002
2025-05-02,6+12,21488.234165652008,17224.11252100076,0.0,0.0,4264.121644651246,810.607073430556,24076.325455534126,1200.0000000000002,1199.9999999999995
2025-05-03,6+12,22045.082252980414,16141.309122968752,0.0,0.0,5903.773130011661,1064.1173219444433,28610.845623631685,1199.9999999999995,1200.0
2025-05-04,6+12,60847.90861470829,35547.69458225946,158.43672001728265,0.0,25141.77731243155,5858.471486930559,10401.2219707013,1200.0,1766.1919578682105
2025-05-05,6+12,56257.663519851965,36808.63031501533,0.0,0.0,19449.03320483663,4113.475331583326,7273.34260693928,1766.1919578682105,1391.6670565370446
2025-05-06,6+12,52712.86899244883,33207.18262464605,4895.586827655654,0.0,14610.099540147132,3267.8611795138922,6079.486678472214,1391.6670565370446,1931.4097604166716
2025-05-07,6+12,51071.86997974203,35295.21697662433,4023.051512170812,0.0,11753.60149094688,2414.4255908611094,7023.088167641977,1931.4097604166716,1482.0277562180543
2025-05-08,6+12,51033.47577834662,38004.08981236591,1962.3897351834557,0.0,11066.99623079725,2305.617965638889,9643.091908075614,1482.0277562180543,1200.0000000000032
2025-05-09,6+12,19317.897052136384,17027.31895988346,0.0,0.0,2290.578092252922,427.99060599999973,29456.834134322864,1200.0000000000032,1200.0000000000023
2025-05-10,6+12,19720.910487537636,17215.044735772597,0.0,0.0,2505.865751765039,487.2529175555552,25886.85330371056,1200.0000000000023,1200.0000000000007
2025-05-11,6+12,49177.42721347281,37192.527586841636,1683.8394108463408,0.0,10301.060215784833,2229.9060783611076,7853.074316129119,1200.0000000000007,1200.0000000000007
2025-05-12,6+12,48138.626834842114,33930.26940786638,5625.355409296452,0.0,8583.002017679282,1814.5374224027778,8653.113969204223,1200.0000000000007,1286.0582742370327
2025-05-13,6+12,48482.59728147367,38226.40898652582,1558.8826168056594,0.0,8697.305678142184,1836.3878545138905,12640.258067349803,1286.0582742370327,1200.0000000000002
2025-05-14,6+12,48087.385123578315,38052.32474605732,1346.6578992943923,0.0,8688.402478226606,1931.0591176944463,11207.654319160672,1200.0000000000002,1200.0000000000023
2025-05-15,6+12,46704.07939965907,38789.58358415953,2071.0043745884404,0.0,5843.4914409111025,1442.406809499998,10971.206738126542,1200.0000000000023,1200.0
2025-05-16,6+12,18563.923208318236,17641.178703331014,0.0,0.0,922.7445049872234,178.03408830555574,35250.74197409705,1200.0,1200.0
2025-05-17,6+12,20221.977295873257,17741.759516698512,0.0,0.0,2480.2177791747463,433.05272094444376,27757.79935626851,1200.0,1199.999999999999
2025-05-18,6+12,43507.92255836573,40261.89137897884,882.0861886600907,0.0,2363.944990726801,737.525510402777,12161.904064186045,1199.999999999999,1244.0268366953674
2025-05-19,6+12,41817.53419614495,36583.997130321965,879.8690337087656,0.0,4353.668032114221,910.1718316111112,12517.39035614352,1244.0268366953674,1460.5775263509279
2025-05-20,6+12,45661.59480305011,36178.006417845725,3473.922191376674,0.0,6009.6661938277075,1334.0346467222219,8948.737901305556,1460.5775263509279,1199.9999999999995
2025-05-21,6+12,44448.3285800481,35380.540025400085,5040.76901757614,0.0,4027.0195370718766,997.4270439166669,10127.417089749997,1199.9999999999995,1200.0000000000027
2025-05-22,6+12,43190.50933177331,37235.61303525054,2003.4555762557434,0.0,3951.4407202670236,950.6283010555547,10716.33543107716,1200.0000000000027,1200.0000000000002
2025-05-23,6+12,18058.363150227447,17593.554035971592,203.1470836850225,0.0,261.66203057083237,46.07565999999984,32109.007783149864,1200.0000000000002,1200.0000000000018
2025-05-24,6+12,18713.54181138169,18421.924365350118,0.0,0.0,291.6174460315688,53.228544180555446,34696.55318684362,1200.0000000000018,1200.0000000000018
2025-05-25,6+12,41732.95732776698,37779.01389105482,1042.9012552909203,0.0,2911.042181421236,736.2843914444445,13256.729091875508,1200.0000000000018,1199.9999999999993
2025-05-26,6+12,46360.73673431096,36825.306323801466,6611.981568158521,0.0,2923.4488423509683,820.5483109583326,11589.156030375003,1199.9999999999993,1199.999999999998
2025-05-27,6+12,42889.42134121484,35250.40165411915,4109.328617102276,0.0,3529.691069993406,910.5584820416691,11629.560061648142,1199.999999999998,1200.0000000000002
2025-05-28,6+12,41955.34144070655,39320.77874960708,1570.9564005961404,0.0,1063.606290503324,374.17053141666787,11935.182051685182,1200.0000000000002,1200.000000000003
2025-05-29,6+12,47543.08331946721,39220.80871363442,4375.5826726578525,0.0,3946.691933174938,1036.0183295277764,13607.660831858022,1200.000000000003,1200.000000000002
2025-05-30,6+12,18852.572692195696,18812.80884684986,0.0,0.0,39.76384534583325,19.37337166666663,32660.334057869688,1200.000000000002,1199.9999999999995
2025-05-31,6+12,19849.99221328092,19610.20221673092,0.0,0.0,239.78999654999993,90.52094999999997,33913.46847494324,1199.9999999999995,1199.9999999999982
2025-06-01,6+12,76937.9407995652,54559.31484261849,3503.399932130844,0.0,18875.226024815867,4396.370432250002,13343.871709048877,1199.9999999999982,1550.4941159861075
2025-06-02,6+12,70414.64744682563,55180.24653360367,1078.6586997233362,0.0,14155.742213498625,3460.416123138894,14786.963179450117,1550.4941159861075,1709.996464629625
2025-06-03,6+12,68023.0051203116,50712.36003018839,4226.407218866243,0.0,13084.237871256955,3065.83696086111,12352.342602430384,1709.996464629625,1200.0000000000002
2025-06-04,6+12,72077.47912340204,60283.73660126378,3179.3728062984496,0.0,8614.36971583981,2566.81747572222,21311.7278773035,1200.0000000000002,1200.0000000000002
2025-06-05,6+12,67338.9954097909,53505.89192615018,6903.997098985434,0.0,6929.106384655288,1845.7562454722206,12508.927345811731,1200.0000000000002,1200.000000000002
2025-06-06,6+12,30986.963792163613,29207.7946740446,0.0,0.0,1779.169118119016,320.77102838888925,25577.186854372772,1200.000000000002,1199.9999999999998
2025-06-07,6+12,32677.61389136904,31736.14112595059,0.0,0.0,941.4727654184483,194.04904202777857,32000.966158885458,1199.9999999999998,1200.0000000000007
2025-06-08,6+12,61009.120947231204,53474.40275146065,3541.3731859635864,0.0,3993.345009806963,969.3552657083343,17006.90695240724,1200.0000000000007,1200.0000000000002
2025-06-09,6+12,65255.1347797994,61781.8392689511,392.45192683125026,0.0,3080.8435840170496,943.5499858611099,16975.03016432853,1200.0000000000002,1200.000000000002
2025-06-10,6+12,65391.69876214958,57734.78817661004,5411.346310186054,0.0,2245.5642753534817,709.6572508611104,14752.013186770062,1200.000000000002,1200.0000000000002
2025-06-11,6+12,69819.57534249374,63426.45055201925,4821.6175710340085,0.0,1571.5072194404966,467.753593958333,15335.100616029325,1200.0000000000002,1200.0000000000002
2025-06-12,6+12,65294.38214148147,62030.89311183378,1999.4628988110949,0.0,1264.0261308365934,392.2154826666658,16111.183966453713,1200.0000000000002,1200.0000000000002
2025-06-13,6+12,30607.16468502042,30225.844229751376,0.0,0.0,381.3204552690431,61.884144750000246,30223.169690776584,1200.0000000000002,1199.999999999999
2025-06-14,6+12,31504.895554051942,31376.90071003975,0.0,0.0,127.99484401219158,27.83245027777724,33908.56907485974,1199.999999999999,1199.9999999999993
2025-06-15,6+12,65435.32352913516,59399.584300276816,5740.230274535241,0.0,295.5089543230975,55.97336377777788,17940.24769141976,1199.9999999999993,1200.0000000000002
2025-06-16,6+12,67546.98712597459,62573.46958606361,4442.882062364675,0.0,530.6354775462931,204.94248563888937,17816.600609489713,1200.0000000000002,1200.0000000000002
2025-06-17,6+12,69315.44792713271,64173.492570175425,4242.202855451724,0.0,899.7525015055704,268.4546315416668,17603.33809842335,1200.0000000000002,1200.0000000000002
2025-06-18,6+12,68239.85639823182,64545.747135216996,3227.1303496717,0.0,466.9789133431225,167.91391699999912,21532.549618971534,1200.0000000000002,1233.5827907407406
2025-06-19,6+12,66554.01424450708,59608.54022040946,6348.079203856813,0.0,597.3948202408029,172.26651019444364,22130.897114041156,1233.5827907407406,1200.0000000000002
2025-06-20,6+12,30510.220676192857,30390.410283401463,0.0,0.0,119.81039279139269,20.111725666666132,36357.15417854149,1200.0000000000002,1200.0000000000018
2025-06-21,6+12,28126.975938005777,28055.659452645777,0.0,0.0,71.31648536000031,11.290506666666715,34570.646740473254,1200.0000000000018,1199.9999999999986
2025-06-22,6+12,64117.188273810556,60056.21269036482,3711.098982638319,0.0,349.8766008074214,117.46990281944385,20769.615198882715,1199.9999999999986,1211.2364595370364
2025-06-23,6+12,62327.96851795009,61092.05891677074,973.9330838240691,0.0,261.9765173552832,96.13424681944389,19893.279766920783,1211.2364595370364,1265.9342750462954
2025-06-24,6+12,73717.14672773304,71785.90251006716,1617.603692738303,0.0,313.6405249275694,110.37340549999999,21939.720515580928,1265.9342750462954,1200.000000000002
2025-06-25,6+12,67101.11429633023,62237.65545707267,4642.627234146134,0.0,220.8316051114166,59.43909200000002,21569.61078010769,1200.000000000002,1200.0000000000002
2025-06-26,6+12,62993.767514224106,59206.33394818647,3780.0040046769445,0.0,7.429561360695165,3.19409375000032,20859.625401083344,1200.0000000000002,1200.000000000002
2025-06-27,6+12,30319.656533292815,30319.656533292815,0.0,0.0,0.0,0.0,39248.50686495782,1200.000000000002,1200.0000000000005
2025-06-28,6+12,30458.514145349698,30458.514145349698,0.0,0.0,0.0,0.0,36188.52312046588,1200.0000000000005,1200.0000000000014
2025-06-29,6+12,67246.64229822591,59368.79928912594,7628.02761562979,0.0,249.81539347018077,88.20038363888878,20914.904381784807,1200.0000000000014,1225.0214653240737
2025-06-30,6+12,65026.28534203892,63122.64964086579,1524.5373578991384,0.0,379.0983432739986,95.66241094444416,20887.16428883247,1225.0214653240737,1200.0
2025-07-01,6+12,84880.24482945102,60077.03279936152,17805.487703013612,0.0,6997.724327075889,2630.733574375,15523.222517486629,1200.0,1200.0000000000002
2025-07-02,6+12,76916.83614521434,57253.58316887767,12433.726452423538,0.0,7229.526523913141,2628.5901825694427,13158.443434457824,1200.0000000000002,2218.0218979629612
2025-07-03,6+12,87673.54211538011,63743.87642974069,15662.791032858917,0.0,8266.874652780503,2820.257653083334,16987.08996983848,2218.0218979629612,1200.0000000000002
2025-07-04,6+12,32653.455002257346,29525.54617662206,1154.1641838790854,0.0,1973.7446417562,673.8266522916667,23381.42163139557,1200.0000000000002,1200.0000000000002
2025-07-05,6+12,31763.24654903524,29538.853590548933,416.00685768233916,0.0,1808.386100803967,643.268595409465,21425.814080462966,1200.0000000000002,1201.9660685185202
2025-07-06,6+12,88296.85411116068,60262.773334214384,22485.366605477386,0.0,5548.714171468902,2033.572174708333,15882.652065790124,1201.9660685185202,1851.6091354166676
2025-07-07,6+12,74891.6346498534,62183.819444004286,9098.992815811436,0.0,3608.822390037677,1336.3467734444434,15500.783925704738,1851.6091354166676,1889.0067254629676
2025-07-08,6+12,73523.55942011983,65944.2105532824,6212.975221819956,0.0,1366.3736450174554,511.1562624999989,15048.39536853035,1889.0067254629676,1537.7957065740773
2025-07-09,6+12,72423.9312004499,65275.75284526127,5842.6208521961125,0.0,1305.5575029925067,437.43295204166634,16065.828181030012,1537.7957065740773,1843.5901512736104
2025-07-10,6+12,70828.63463708694,60276.84672950107,8882.918531410334,0.0,1668.8693761755421,548.0018558888878,13500.05018550155,1843.5901512736104,1200.0000000000002
2025-07-11,6+12,34655.09657590173,34625.172112155895,0.0,0.0,29.92446374583358,13.629908333333447,24603.515048320478,1200.0000000000002,1200.0000000000027
2025-07-12,6+12,32826.586060711634,32058.067105306036,733.7949184055943,0.0,34.72403700000045,13.078733333333503,23020.889442666667,1200.0000000000027,1200.0
2025-07-13,6+12,66121.82454900093,62838.343416536336,2016.6339809230187,0.0,1266.84715154158,313.5967897777772,15387.986904349458,1200.0,1200.0000000000002
2025-07-14,6+12,67936.60647760994,59011.003839943885,7476.603124547105,0.0,1448.9995131189503,439.11990734722195,11683.728723233027,1200.0000000000002,2026.1765551263923
2025-07-15,6+12,68639.04588327918,64140.057397576675,1905.4459832580621,0.0,2593.542502444447,652.9306181388899,14863.70665379028,2026.1765551263923,1200.0000000000002
2025-07-16,6+12,69969.64617690156,63453.68519127939,3610.255065180472,0.0,2905.7059204416864,777.8287214999975,13126.544676184505,1200.0000000000002,1200.0000000000002
2025-07-17,6+12,68921.12998438529,60642.675808977576,6897.69230475162,0.0,1380.7618706560843,284.23855966666673,12185.94434123662,1200.0000000000002,1200.0000000000002
2025-07-18,6+12,36338.24065179078,35788.87833566661,0.0,0.0,549.362316124174,141.6251256527779,28914.823209484224,1200.0000000000002,1200.0000000000007
2025-07-19,6+12,35577.73717000979,35572.75909285562,0.0,0.0,4.978077154166691,1.695241666666675,31151.45980103001,1200.0000000000007,1199.9999999999995
2025-07-20,6+12,68072.11098751122,62699.24754646965,3037.380719878999,0.0,2335.4827211625657,505.14075568055483,14780.231617267324,1199.9999999999995,1200.0000000000002
2025-07-21,6+12,72096.32830230797,65193.09023073724,5503.345420667593,0.0,1399.89265090315,379.7293225277773,15107.03992886471,1200.0000000000002,1200.0000000000002
2025-07-22,6+12,71277.70252061894,64696.363673758715,4599.289849832398,0.0,1982.0489970278268,413.4007497638891,15688.258934425929,1200.0000000000002,1200.0000000000002
2025-07-23,6+12,78771.00742203793,71069.16598501489,1020.2984956334946,0.0,6681.542941389545,1218.6116756111105,22143.86858800771,1200.0000000000002,1200.0000000000039
2025-07-24,6+12,73356.13450058781,71126.74502026755,619.5297283883299,0.0,1609.859751931925,300.5942904861113,20131.005919473242,1200.0000000000039,1200.000000000002
2025-07-25,6+12,35501.06017631826,35320.50164234084,0.0,0.0,180.55853397742203,58.957816458332964,31578.43005616083,1200.000000000002,1200.000000000001
2025-07-26,6+12,35934.89606765391,35934.89606765391,0.0,0.0,0.0,0.0,31444.940464966217,1200.000000000001,1199.9999999999986
2025-07-27,6+12,71070.08538743808,64486.29393024207,3527.1729031332093,0.0,3056.618554062805,571.5694837222223,14969.598894569444,1199.9999999999986,1200.0000000000002
2025-07-28,6+12,73883.21479824065,67379.28736850184,1851.7283900160378,0.0,4652.19903972277,1042.5730067638888,12842.112792869859,1200.0000000000002,1200.2628772685189
2025-07-29,6+12,71885.08232674253,65828.67635342732,5486.645977909648,0.0,569.7599954055692,127.28274866666686,15962.112201583332,1200.2628772685189,1200.0000000000002
2025-07-30,6+12,72660.04841854273,61868.8453074289,10076.190592173787,0.0,715.0125189400374,177.46457886111168,15158.709802390942,1200.0000000000002,1253.907597573143
2025-07-31,6+12,69906.53574962629,63163.573840799814,4103.378328223132,0.0,2639.583580603348,526.4265682916667,13312.60849845834,1253.907597573143,1200.0
2025-08-01,6+12,35281.317236246214,34781.091774348744,0.0,0.0,500.2254618974728,81.12668880555566,35996.80508517541,1200.0,1200.0
2025-08-02,6+12,36121.21674737511,35661.36855017123,0.0,0.0,459.8481972038761,102.48013055555572,40938.12103337654,1200.0,1200.0000000000005
2025-08-03,6+12,59757.628808953414,55369.18698672048,720.1281376684803,0.0,3668.313684564455,831.1358927222211,11657.867331280842,1200.0000000000005,1199.9999999999995
2025-08-04,6+12,65518.27645629848,59297.193029830705,778.5242594870583,0.0,5442.559166980715,1138.3200412361125,13983.206147564995,1199.9999999999995,1200.0000000000016
2025-08-05,6+12,61297.854111665816,57422.88915525612,1547.9041603487979,0.0,2327.0607960608977,477.3429597083323,12443.239371928663,1200.0000000000016,1200.0
2025-08-06,6+12,66373.37239945894,63467.486957134715,363.8271397824321,0.0,2542.0583025417927,528.1520304861098,14448.778441299732,1200.0,1200.000000000002
2025-08-07,6+12,63441.42427455577,60348.65701414745,1364.5710839527424,0.0,1728.1961764555774,372.67785188889025,21314.825201992968,1200.000000000002,1200.0
2025-08-08,6+12,31808.332743577823,31590.696775132692,0.0,0.0,217.6359684451323,32.09186355555562,38343.36626813357,1200.0,1200.0000000000014
2025-08-09,6+12,32552.18079876857,31943.37842697453,0.0,0.0,608.8023717940413,122.74421233333332,35057.04089116564,1200.0000000000014,1199.9999999999986
2025-08-10,6+12,60810.78233169021,58419.9852946216,245.35934430129555,0.0,2145.4376927673143,501.4935799166639,11808.367976429356,1199.9999999999986,1200.0
2025-08-11,6+12,59419.09338230944,54844.186778122836,1885.0548633680294,0.0,2689.8517408185717,557.2397675277782,12164.51701011111,1200.0,1200.0
2025-08-12,6+12,63533.31485941078,59730.40438310944,1016.0555525365032,0.0,2786.854923764835,626.1134574722201,14192.348128944446,1200.0,1200.000000000002
2025-08-13,6+12,61624.88721747827,54618.16404981253,2529.985293181104,0.0,4476.737874484633,845.0799809722226,10459.068950847219,1200.000000000002,1199.999999999999
2025-08-14,6+12,61733.30483579674,56518.74290888699,2750.7549274104044,0.0,2463.8069994993493,471.2731593472224,12192.738580275196,1199.999999999999,1200.0
2025-08-15,6+12,32454.272560523703,32334.18448054162,0.0,0.0,120.08807998208354,15.674327583333366,37232.46585363924,1200.0,1200.0000000000014
2025-08-16,6+12,34448.316018207974,33068.77742255752,0.0,0.0,1379.538595650454,212.56223961111056,38630.43421493107,1200.0000000000014,1200.0
2025-08-17,6+12,61377.33487529914,56940.574883134424,528.3089711365044,0.0,3908.4510210282074,638.9909318611129,15551.199432914616,1200.0,1200.000000000005
2025-08-18,6+12,60907.27025570931,56486.67523910334,106.68577855841221,0.0,4313.909238047559,889.1526480277784,11269.015775893015,1200.000000000005,1199.999999999999
2025-08-19,6+12,61496.6054707754,55330.927422954475,1156.6650056032845,0.0,5009.013042217646,987.7349956111098,11169.598937989724,1199.999999999999,1200.0
2025-08-20,6+12,68164.19789927998,60538.96752666059,1287.1981359575866,0.0,6338.032236661805,1191.1330859027776,13337.831160225647,1200.0,1200.0
2025-08-21,6+12,62145.36040406377,57225.320644216205,1087.753455730196,0.0,3832.2863041173678,789.6743553055566,13743.674489231487,1200.0,1200.000000000001
2025-08-22,6+12,34355.39147458522,31337.003787922473,0.0,0.0,3018.3876866627497,439.76579599999997,31809.356132936387,1200.000000000001,1199.999999999999
2025-08-23,6+12,30071.08748348395,29810.65273735802,0.0,0.0,260.434746125929,56.24114358333304,29029.359594979425,1199.999999999999,1199.9999999999995
2025-08-24,6+12,62039.44548236118,55615.64049353895,4396.5037297226045,0.0,2027.3012590996327,428.1028838888893,13519.647127751541,1199.9999999999995,1201.9784351388892
2025-08-25,6+12,72687.98754606585,69733.52467593434,0.0,0.0,2954.462870131512,650.7745582638875,24865.891430506177,1201.9784351388892,1200.0
2025-08-26,6+12,61325.56766085907,55825.483594211626,414.84377110758874,0.0,5085.240295539859,1138.3548598055559,9399.399405889222,1200.0,1235.3933495379626
2025-08-27,6+12,62054.94964955853,55935.03301916446,3328.0234773217526,0.0,2791.8931530723235,505.2159808333339,10647.65866765278,1235.3933495379626,1200.0000000000018
2025-08-28,6+12,69259.45974536042,54480.464487865116,5582.724001141899,0.0,9196.271256353411,1920.228808499999,9413.176909611113,1200.0000000000018,1200.0000000000034
2025-08-29,6+12,33695.022003551014,32723.04751855138,0.0,0.0,971.9744849996326,133.40686283333343,32747.639461577157,1200.0000000000034,1200.000000000001
2025-08-30,6+12,33440.246974844995,32219.267724136487,0.0,0.0,1220.9792507085085,178.37684983333452,35952.00824684826,1200.000000000001,1200.0
2025-08-31,6+12,63840.54310497685,54861.45458922621,1372.9648344970935,0.0,7606.123681253551,1718.317005319446,9495.917709250001,1200.0,1200.0000000000036
2025-09-01,6+12,55589.18707703153,54019.98138327742,0.0,0.0,1569.2056937541083,328.47829219444384,30677.78348001834,1200.0000000000036,1199.9999999999993
2025-09-02,6+12,51284.15884237534,48173.555698640645,0.0,0.0,3110.6031437346955,619.706836597224,19738.76484897548,1199.9999999999993,1199.9999999999973
2025-09-03,6+12,51547.79514573892,50524.662865784194,205.20511205358284,0.0,817.927167901147,194.4006691944447,20382.556298630487,1199.9999999999973,1200.0000000000036
2025-09-04,6+12,51891.601460836886,49105.722329536125,279.44501268387125,0.0,2506.4341186168904,540.9763825138896,19779.569548920088,1200.0000000000036,1200.0000000000002
2025-09-05,6+12,25858.46185953332,25273.712614572778,0.0,0.0,584.7492449605409,101.51741416666647,42948.88650427057,1200.0000000000002,1199.999999999999
2025-09-06,6+12,25462.477100037915,25252.99105990338,0.0,0.0,209.4860401345349,34.7765580416667,42047.15981861882,1199.999999999999,1199.9999999999995
2025-09-07,6+12,49626.50509538854,46174.04539526551,1181.188113051409,0.0,2271.271587071619,453.76199137499873,16317.551896511322,1199.9999999999995,1199.9999999999993
2025-09-08,6+12,53644.911759305694,50866.84439034098,2255.031732853655,0.0,523.0356361110642,156.78837541666564,19418.800527172163,1199.9999999999993,1200.0000000000011
2025-09-09,6+12,47832.20296577805,45092.218234677646,730.5145978962032,0.0,2009.4701332042039,477.74127875000215,13944.474359785672,1200.0000000000011,1200.000000000009
2025-09-10,6+12,58809.362004934985,51963.35618059439,4425.417648899618,0.0,2420.5881754409756,476.5818229722227,21118.90200854321,1200.000000000009,1200.0
2025-09-11,6+12,53212.692869319195,51061.95244441696,0.0,0.0,2150.7404249022375,388.83232850000024,24495.407311186726,1200.0,1200.0000000000027
2025-09-12,6+12,25245.156031386676,25165.361563776474,0.0,0.0,79.79446761020081,28.63609101388868,38209.064324141626,1200.0000000000027,1200.0000000000005
2025-09-13,6+12,25029.479250983637,25029.479250983637,0.0,0.0,0.0,0.0,41342.86689598439,1200.0000000000005,1199.9999999999995
2025-09-14,6+12,55902.80796550627,54755.135237513954,732.5612138997319,0.0,415.11151409257974,134.12585845833246,22753.64564333333,1199.9999999999995,1200.0000000000005
2025-09-15,6+12,46511.97993585821,44270.87126859525,526.951545614123,0.0,1714.1571216488408,464.8175080277765,10638.520933654665,1200.0000000000005,1199.9999999999989
2025-09-16,6+12,53723.44241176673,52111.959870416526,0.0,0.0,1611.4825413502053,449.4302057916659,18818.649955158256,1199.9999999999989,1199.9999999999968
2025-09-17,6+12,51038.312479152795,50087.093630162984,90.41919343834638,0.0,860.7996555514596,245.87504622222218,14349.604370029323,1199.9999999999968,1200.0000000000023
2025-09-18,6+12,49911.08702695091,43996.85450484925,3688.474375456332,0.0,2225.758146645329,450.3513017222217,11999.034099305556,1200.0000000000023,1199.9999999999986
2025-09-19,6+12,24035.077056413986,23682.713570616525,0.0,0.0,352.3634857974628,59.51988087499956,30399.41042858076,1199.9999999999986,1199.999999999999
2025-09-20,6+12,24108.274308895114,23423.054047256323,0.0,0.0,685.2202616387899,121.92934483333312,31483.265664802468,1199.999999999999,1200.0000000000007
2025-09-21,6+12,50565.234794786746,49045.381980440055,0.0,0.0,1519.8528143466897,406.4073254027784,15215.6143797548,1200.0000000000007,1200.0000000000016
2025-09-22,6+12,57139.55877171769,49795.37459242114,148.9998351342073,0.0,7195.1843441623405,1931.091757611111,14510.019570835902,1200.0000000000016,1746.9544339787071
2025-09-23,6+12,55061.08185570242,48047.28340182059,0.0,0.0,7013.798453881829,1554.2646403333324,11289.799560525025,1746.9544339787071,1200.0000000000005
2025-09-24,6+12,53394.077294279276,42751.574310649696,5965.270155076864,0.0,4677.23282855272,1367.8572125555554,9286.741145462966,1200.0000000000005,1200.000000000001
2025-09-25,6+12,55763.27366969491,45979.531915437416,2311.19188414875,0.0,7472.549870108744,1924.8447896111124,12771.02036443056,1200.000000000001,1200.0000000000005
2025-09-26,6+12,24620.31953172495,22913.666418460893,0.0,0.0,1706.6531132640575,292.69235412499916,30080.551788118828,1200.0000000000005,1200.0000000000014
2025-09-27,6+12,24317.73581073402,22092.64902734198,0.0,0.0,2225.0867833920397,436.9300825833331,26533.347010277776,1200.0000000000014,1200.0000000000002
2025-09-28,6+12,55947.29220657293,46702.75680605742,4295.466757334413,0.0,4949.0686431810955,1302.4782463055549,11177.838937577162,1200.0000000000002,1200.0
2025-09-29,6+12,57932.80370764808,48953.72031151386,1243.4066686437961,0.0,7735.676727490425,1878.4741355416654,12545.865372104596,1200.0,1200.0
2025-09-30,6+12,57326.26345448686,48829.33963389962,3215.146577915104,0.0,5281.7772426721385,1440.833539652779,7636.988986822199,1200.0,3438.5650614290016
2025-10-01,6+12,43539.83957956766,42632.49610591616,133.7121796901894,0.0,773.6312939613101,350.24023287499904,19281.83337933282,3438.5650614290016,1200.0000000000014
2025-10-02,6+12,49127.755810423136,48027.94726047854,241.55671791097342,0.0,858.2518320336237,398.14131616666634,24411.4323201569,1200.0000000000014,1200.0
2025-10-03,6+12,19517.225449368936,19517.225449368936,0.0,0.0,0.0,0.0,34792.07095601852,1200.0,1200.0
2025-10-04,6+12,24498.117545324523,22637.83784274396,1508.6066180278121,0.0,351.6730845527494,187.35443712499966,29524.823421267487,1200.0,10800.0
2025-10-05,6+12,45273.67328397672,42700.945518606066,1445.365293120117,0.0,1127.36247225054,457.7450241666662,21304.325397781548,10800.0,1200.0000000000014
2025-10-06,6+12,47446.175979323714,42152.55368402424,4221.779272934698,0.0,1071.8430223647765,357.60719858333294,8466.82021571606,1200.0000000000014,2957.4155778291583
2025-10-07,6+12,46227.44953104161,42995.35158107851,2669.2776766319244,0.0,562.8202733311742,242.1612847361115,12586.618812877403,2957.4155778291583,1200.0000000000027
2025-10-08,6+12,44542.87092301461,42596.840987260824,1540.1380498842436,0.0,405.8918858695473,145.84754851388868,7956.516033109054,1200.0000000000027,3366.539037567131
2025-10-09,6+12,48604.69618500426,47471.916524730696,403.12160930337217,0.0,729.6580509701919,227.10745152777733,20292.57014840741,3366.539037567131,1199.9999999999968
2025-10-10,6+12,21217.849357167834,21217.849357167834,0.0,0.0,0.0,0.0,36526.123728668725,1199.9999999999968,1200.000000000001
2025-10-11,6+12,23239.90537424661,21437.44300362996,1074.5744819275683,0.0,727.8878886890832,299.7435445,24068.275959927978,1200.000000000001,10800.0
2025-10-12,6+12,42193.1797494534,39739.45647798117,169.04607446331454,0.0,2284.6771970089117,572.8512542916702,8484.230788499492,10800.0,3704.5780790249974
2025-10-13,6+12,48258.82779004357,44450.077426085,1381.7497161761337,0.0,2427.0006477824363,575.563535541665,13042.384995653812,3704.5780790249974,3531.391874214503
2025-10-14,6+12,52104.176311141506,47295.57858263143,3925.532332278032,0.0,883.0653962320408,303.1442874166668,12941.674020074071,3531.391874214503,4579.674576762035
2025-10-15,6+12,50806.07629794774,47601.407471901184,1457.5942297271495,0.0,1747.0745963194038,442.47726686111105,12369.686579222564,4579.674576762035,4098.758789419135
2025-10-16,6+12,50561.83370651578,46382.39485924816,2331.64333377252,0.0,1847.7955134951073,456.15337244444254,11417.510725614202,4098.758789419135,1200.000000000001
2025-10-17,6+12,20576.798580935,19932.719070673462,0.0,0.0,644.079510261538,131.63612858333266,26871.58488185939,1200.000000000001,1200.0000000000014
2025-10-18,6+12,22203.197119468925,22073.267526020136,0.0,0.0,129.92959344879074,23.433779458333163,30828.20165862398,1200.0000000000014,1199.9999999999977
2025-10-19,6+12,52298.23538039818,49582.75514688925,0.0,0.0,2715.48023350893,600.2243472222196,6130.878668415637,1199.9999999999977,5451.2799089600285
2025-10-20,6+12,52506.200850355584,50935.91365913291,0.0,0.0,1570.287191222679,339.8429630555561,14687.280530283439,5451.2799089600285,1200.0000000000027
2025-10-21,6+12,54217.18877447496,52376.50796591438,795.496582972034,0.0,1045.184225588546,313.3967587222231,12145.853628316187,1200.0000000000027,1200.000000000001
2025-10-22,6+12,56500.581363475656,49730.49521373445,3284.4784252339905,0.0,3485.607724507216,709.235551583332,8714.839067970497,1200.000000000001,4564.174055762666
2025-10-23,6+12,59694.31579917135,54985.99549770489,1732.8728436980148,0.0,2975.447457768446,586.6289462500007,24216.567791940834,4564.174055762666,1200.0000000000018
2025-10-24,6+12,22558.786291826123,21109.54052665837,0.0,0.0,1449.245765167753,263.83219533333386,27655.007501796284,1200.0000000000018,1199.9999999999986
2025-10-25,6+12,23885.447854191043,22537.456949914544,0.0,0.0,1347.9909042765,238.86275933333332,31830.9010026286,1199.9999999999986,1200.0000000000032
2025-10-26,6+12,57381.47042829255,53210.87885539817,1851.5513219682955,0.0,2319.040250926081,500.75852669444225,13170.850083427289,1200.0000000000032,4884.256586256182
2025-10-27,6+12,52610.14618539672,46774.32317617845,3421.7540759887124,0.0,2414.0689332295588,553.3391454166672,8152.460729030195,4884.256586256182,5527.483354770052
2025-10-28,6+12,52587.04608841785,46479.99413453789,4303.830479776364,0.0,1803.2214741035905,383.6892507083334,10838.082008454734,5527.483354770052,1200.0000000000014
2025-10-29,6+12,60353.37396790443,54162.83043006578,1398.892831298897,0.0,4791.650706539761,981.3200439583359,7159.402941441699,1200.0000000000014,5986.120145381946
2025-10-30,6+12,53575.755896391565,46582.80934115831,2332.2983712672885,0.0,4660.648183965965,1044.2710119305566,10393.933378014915,5986.120145381946,1200.000000000003
2025-10-31,6+12,24646.623817229065,24039.027584267482,0.0,0.0,607.596232961584,105.13561175000012,28666.414150872428,1200.000000000003,1200.0000000000002
2025-11-01,6+12,24348.448577195646,22187.288274081104,1164.9205352340814,0.0,996.2397678804621,340.44490675000117,17816.549190085727,1200.0000000000002,10799.999999999998
2025-11-02,6+12,55224.088023947144,49219.25436573865,3217.4095375007078,0.0,2787.424120707787,595.6760592499994,9004.390601059664,10799.999999999998,4597.645914382417
2025-11-03,6+12,57934.78732214265,56230.76374126024,380.4292129835668,0.0,1323.5943678988433,408.15221908333274,9919.328649930369,4597.645914382417,5738.555420333958
2025-11-04,6+12,57608.623759092836,51371.09857758312,1465.7180073416152,0.0,4771.8071741681015,973.8512770833343,9311.201814795435,5738.555420333958,4583.525134571608
2025-11-05,6+12,62356.65002734497,58917.48593299786,2125.2366827443534,0.0,1313.9274116027598,404.57602654166897,13628.578767740906,4583.525134571608,6475.691786811575
2025-11-06,6+12,59454.181964050396,54691.218170823544,2745.314974137101,0.0,2017.6488190897514,511.0325843333336,12838.686259604938,6475.691786811575,1200.0000000000005
2025-11-07,6+12,24061.791731933114,23876.71989294157,0.0,0.0,185.0718389915424,31.595038041666783,28188.97942547068,1200.0000000000005,1200.0000000000018
2025-11-08,6+12,26318.66219910664,25710.77552804539,0.0,0.0,607.8866710612494,180.9768480833332,32118.25480218381,1200.0000000000018,1435.0435380410488
2025-11-09,6+12,61596.79910449775,58880.805561384564,1585.0473042165702,0.0,1130.9462388966201,309.9676849999988,9122.350649088825,1435.0435380410488,5985.42834375
2025-11-10,6+12,64145.9866057567,58519.26472487613,3944.3945710246835,0.0,1682.327309855888,414.7095084027776,10223.041523877222,5985.42834375,5402.572920454175
2025-11-11,6+12,61420.47947013022,60420.24620085314,49.439192092811645,0.0,950.7940771842789,214.09052902777796,17060.356404201302,5402.572920454175,1200.000000000001
2025-11-12,6+12,62916.396278767264,59343.062271947725,2244.80641220671,0.0,1328.527594612832,283.5965583750002,11922.137106249655,1200.000000000001,4772.595900647539
2025-11-13,6+12,61729.55761060402,56605.0874776847,4191.123736584015,0.0,933.3463963353083,260.8786839722227,13435.920602339504,4772.595900647539,1199.9999999999998
2025-11-14,6+12,25973.037791062012,25852.282735805427,0.0,0.0,120.75505525658411,21.035025000000132,28069.69974295473,1199.9999999999998,1200.000000000001
2025-11-15,6+12,31013.142133684036,29317.858644103566,1448.046641142243,0.0,247.23684843822878,97.16207566666634,25907.649125967084,1200.000000000001,10800.0
2025-11-16,6+12,61164.66138976913,55806.11207023465,3958.301700529463,0.0,1400.2476190050115,358.4549757777771,8571.191976361115,10800.0,5994.702647625002
2025-11-17,6+12,63003.40325513206,55585.50396932638,6451.669411425639,0.0,966.2298743800416,306.9226366388889,15201.848315055551,5994.702647625002,1199.9999999999993
2025-11-18,6+12,66449.65479076233,61308.92508797602,4454.8304761219115,0.0,685.8992266644125,251.18408499999907,8521.649713345687,1199.9999999999993,7012.028992188893
2025-11-19,6+12,68470.31155275203,58265.29755128473,9077.732477608366,0.0,1127.2815238589196,366.0826080000012,10283.953808166661,7012.028992188893,7949.999999999999
2025-11-20,6+12,62034.10940088615,56300.58776862581,4908.201766991543,0.0,825.3198652687945,219.2821110833338,13456.991329344133,7949.999999999999,1200.000000000001
2025-11-21,6+12,26727.79802626786,26687.473765953415,40.32426031444613,0.0,0.0,0.0,26710.082896585394,1200.000000000001,1200.0000000000043
2025-11-22,6+12,30476.08333917186,30068.183648147693,0.0,0.0,407.8996910241667,199.0162957499998,31458.384001989365,1200.0000000000043,2535.7661857533963
2025-11-23,6+12,66070.72307990963,60170.04586931871,4651.142569129961,0.0,1249.534641460958,341.96691724999994,8292.821702416666,2535.7661857533963,5981.773747909723
2025-11-24,6+12,62225.69180763411,57798.69410497687,3268.19613978311,0.0,1158.801562874124,300.0550514444441,12992.26264201749,5981.773747909723,1200.0000000000005
2025-11-25,6+12,70110.80009055168,69130.77753168793,0.0,0.0,980.0225588637505,316.58154533333357,14994.146754355967,1200.0000000000005,5294.88753412084
2025-11-26,6+12,67804.62190916753,63619.44558628575,3256.6571222298835,0.0,928.5192006518955,253.18951245833318,10214.25764838238,5294.88753412084,7287.664018629626
2025-11-27,6+12,64106.446093763036,60350.06157971313,3044.722681134844,0.0,711.6618329150618,167.80281240277782,14328.101927593112,7287.664018629626,1200.0000000000002
2025-11-28,6+12,28489.31495440028,27924.138210539175,0.0,0.0,565.1767438611051,99.16267845833352,28063.003410887344,1200.0000000000002,1199.9999999999993
2025-11-29,6+12,35000.0657872889,34365.79907560861,0.0,0.0,634.266711680292,285.9070935833332,34426.10947416358,1199.9999999999993,1933.4836369475272
2025-11-30,6+12,70844.34115308589,65622.93272303828,4155.378114923165,0.0,1066.0303151244484,290.2699545833335,8258.39572795833,1933.4836369475272,5997.1820844375
2025-12-01,6+12,86568.44684992393,71379.25781690214,8914.972484038612,0.0,6274.2165489831805,2221.6404204027776,14913.020389535495,5997.1820844375,1200.0000000000002
2025-12-02,6+12,93187.63532143157,77975.42929981733,9910.327506331842,0.0,5301.878515282401,1934.5949271666682,11719.36474512501,1200.0000000000002,5922.997726125
2025-12-03,6+12,91222.88965477442,66322.25915787164,20474.296850153747,0.0,4426.333646749029,1636.0670630277777,11328.737050944444,5922.997726125,5617.461975000001
2025-12-04,6+12,87745.67259672156,73806.80476095446,9222.3343628412,0.0,4716.533472925906,1691.8892152222227,16427.24754344462,5617.461975000001,1200.0000000000014
2025-12-05,6+12,35477.30188548549,35361.466199505114,0.0,0.0,115.8356859803745,59.0686631666664,25282.011236842427,1200.0000000000014,1940.9443498296248
2025-12-06,6+12,38801.73957600247,37769.22838973674,877.8514438348943,0.0,154.65974243083326,75.86854824999995,20096.20539161934,1940.9443498296248,8499.750604725
2025-12-07,6+12,85837.74084670113,75806.02673037136,7807.088229395719,0.0,2224.6258869340413,821.096767833333,12700.182054646433,8499.750604725,8550.0
2025-12-08,6+12,82887.72422744837,76285.07476044583,5139.22924362884,0.0,1463.4202233737074,538.5636049583329,17330.624848736108,8550.0,1200.000000000001
2025-12-09,6+12,83507.10605994104,78271.3704595534,4375.402349958207,0.0,860.333250429416,345.3970968888889,16291.167413807107,1200.000000000001,1199.9999999999995
2025-12-10,6+12,86677.1783937172,75981.48886984169,9772.425610662302,0.0,923.2639132132052,359.16864119444335,15375.549138832303,1199.9999999999995,1200.0000000000005
2025-12-11,6+12,82104.1536168742,77334.03157574355,4236.752840288651,0.0,533.3692008419987,206.84989558333302,17283.070566423878,1200.0000000000005,1200.0000000000011
2025-12-12,6+12,37942.02765312277,37824.43572228934,117.5919308334376,0.0,0.0,0.0,26901.86348759139,1200.0000000000011,1200.0
2025-12-13,6+12,39246.321938047986,39146.37115111601,18.611303063647092,0.0,81.33948386833303,38.58609291666653,21820.024224077166,1200.0,6885.484466737035
2025-12-14,6+12,84737.59962794387,72332.18633930388,12085.978534060909,0.0,319.43475457908306,121.11435487499978,15428.780170101858,6885.484466737035,1200.0000000000005
2025-12-15,6+12,89444.35639285331,76200.1653971442,13101.110902965404,0.0,143.08009274370858,55.91959716666645,10565.242461999998,1200.0000000000005,8549.999999999998
2025-12-16,6+12,81167.48659763046,77577.0558224859,3515.707447761345,0.0,74.72332738320677,30.010634249999384,15876.647895866256,8549.999999999998,1200.0000000000014
2025-12-17,6+12,84535.5469201517,81739.97792543769,2354.337903312429,0.0,441.23109140158044,144.42071433333285,12251.2806498937,1200.0000000000014,5883.89235375
2025-12-18,6+12,81658.54104873409,74486.35366235473,6661.541344925021,0.0,510.64604145433276,206.70735966666643,16132.398523234577,5883.89235375,1199.9999999999995
2025-12-19,6+12,37978.324019336724,37698.700194869016,0.0,0.0,279.6238244677075,95.66869166666646,23758.25430806722,1199.9999999999995,4407.441727783645
2025-12-20,6+12,38432.637539723066,37865.025361247375,340.6374377835671,0.0,226.97474069212598,121.02913916666711,22944.025288530866,4407.441727783645,8740.071320207411
2025-12-21,6+12,83749.54170754054,76120.45276601744,7157.481023094964,0.0,471.60791842814547,117.72340870833318,11061.658657277778,8740.071320207411,9450.0
2025-12-22,6+12,81055.41131574145,76176.19634580654,4248.389409950574,0.0,630.8255599843426,149.08738333333463,15960.16489694753,9450.0,1199.9999999999998
2025-12-23,6+12,82292.48308942512,81649.72659637978,71.0638527577599,0.0,571.6926402875846,94.36009933333344,17180.034297793558,1199.9999999999998,1200.000000000004
2025-12-24,6+12,81606.27015146421,80474.6382935041,582.7809318739088,0.0,548.8509260862011,104.95914166666557,15509.915786933649,1200.000000000004,1200.0000000000005
2025-12-25,6+12,82460.61357660785,76855.19516250995,4980.714297851163,0.0,624.7041162467367,142.35075854166791,15107.649917898143,1200.0000000000005,1200.0000000000014
2025-12-26,6+12,38821.12365631748,38717.06095706248,0.0,0.0,104.06269925500071,55.479936833333625,27130.097892387184,1200.0000000000014,2973.131643062026
2025-12-27,6+12,39657.686870536236,38466.892673942675,0.0,0.0,1190.7941965935634,294.1872610416668,25841.27713752573,2973.131643062026,5899.740372383327
2025-12-28,6+12,80128.62924668609,76755.79379733754,2705.3834837446825,0.0,667.4519656038755,126.49393829166672,11064.735933095166,5899.740372383327,7949.999999999999
2025-12-29,6+12,81009.15400651164,74569.19426290927,5873.975697695725,0.0,565.9840459066459,136.47934483333347,11490.71849275,7949.999999999999,8248.58487417685
2025-12-30,6+12,76670.5921940224,74368.21199635057,2133.8716768092568,0.0,168.50852086258487,42.60240208333357,10443.18721457715,8248.58487417685,8026.245904541669
2025-12-31,6+12,79522.63968938644,76135.0624076033,2445.538411007165,0.0,942.0388707759867,255.2576307083342,9285.713635097225,8026.245904541669,8258.24309522777
2025-02-01,6+18,35493.06482229009,29838.362031876157,274.72100315681246,0.0,5379.981787257126,1415.6110025416665,20243.338561337452,2314.4123402777814,10800.0
2025-02-02,6+18,64052.06101666461,60976.18447260637,0.0,0.0,3075.8765440582392,548.9130538333338,10058.697468256865,10800.0,4972.8259164898145
2025-02-03,6+18,71940.948205522,66051.37870850228,0.0,0.0,5889.569497019729,1084.4278494583332,8310.45459985716,4972.8259164898145,6545.15584843055
2025-02-04,6+18,71605.47093673261,66937.99566103838,93.55161328628039,0.0,4573.923662407947,843.4878259166669,14437.937623640953,6545.15584843055,1199.9999999999995
2025-02-05,6+18,68691.06746310629,64253.198242338054,638.0598123142768,0.0,3799.809408453954,736.7781677777768,4166.4302681469435,1199.9999999999995,5817.592957267446
2025-02-06,6+18,71491.46547283231,66686.08618621208,153.31221606703787,0.0,4652.067070553199,816.863547180556,15115.101625270572,5817.592957267446,1200.0000000000005
2025-02-07,6+18,33207.99050112793,28628.67756078839,0.0,0.0,4579.312940339541,826.089971833333,28983.231393746566,1200.0000000000005,2253.426629611115
2025-02-08,6+18,29750.93743190827,24095.13593408215,0.0,0.0,5655.80149782612,1035.7311335833338,21232.151927961753,2253.426629611115,2386.7581345694452
2025-02-09,6+18,67453.96935171442,63451.94032407875,674.1616423843982,0.0,3327.8673852512743,636.8958983055563,5350.41489305231,2386.7581345694452,6131.945666840117
2025-02-10,6+18,68706.4882717314,56353.45684018602,0.0,0.0,12353.031431545382,2460.5008522500043,8831.915892131878,6131.945666840117,5445.061425468972
2025-02-11,6+18,67060.9506419512,58136.60382715083,0.0,0.0,8924.346814800374,1740.9623238472218,7204.564412986971,5445.061425468972,5861.551550598922
2025-02-12,6+18,69339.98145373813,57403.80024499894,0.0,0.0,11936.18120873919,2247.891026847224,6857.340526941529,5861.551550598922,6494.356580319443
2025-02-13,6+18,60030.245009787584,51759.98507640845,0.0,0.0,8270.259933379135,1658.9819513611114,10408.33518864506,6494.356580319443,1296.2337015555618
2025-02-14,6+18,28741.44381539239,24116.84762423271,0.0,0.0,4624.596191159683,846.253146555556,22721.65704040569,1296.2337015555618,2582.758474305558
2025-02-15,6+18,28926.951898399682,24280.84072381674,0.0,0.0,4646.111174582944,867.329053527778,22467.43825157613,2582.758474305558,3689.4344513888873
2025-02-16,6+18,72798.67152553004,58141.352780681096,0.0,0.0,14657.318744848935,2803.795219494858,8603.894705367635,3689.4344513888873,4826.507801936104
2025-02-17,6+18,62882.05525369597,56527.7844246238,0.0,0.0,6354.2708290721675,1285.9170423333321,11138.625988126027,4826.507801936104,4768.843894731017
2025-02-18,6+18,66667.89049230402,48496.65692832816,146.65608274646445,0.0,18024.577481229408,3787.049757222217,6841.394180138886,4768.843894731017,1200.0000000000005
2025-02-19,6+18,71215.77807421214,50694.42906715464,0.0,0.0,20521.3490070575,4492.346580111109,1722.8005951182995,1200.0000000000005,5837.709193842601
2025-02-20,6+18,62983.096122857925,50904.76930984528,968.5468581593684,0.0,11109.779954853275,2114.65899109722,10325.138785877567,5837.709193842601,1207.5259123055562
2025-02-21,6+18,25761.98683861365,21790.940498119213,0.0,0.0,3971.0463404944367,763.7649279722231,20962.105453294927,1207.5259123055562,2401.7312133194473
2025-02-22,6+18,25618.17201177681,21989.46434752037,0.0,0.0,3628.707664256439,663.108821625,18122.740038544754,2401.7312133194473,3603.1454944444467
2025-02-23,6+18,63494.15930655252,49842.904213829046,360.5713228625547,0.0,13290.68376986092,2741.560999541668,3382.779359674834,3603.1454944444467,4740.022121362038
2025-02-24,6+18,64772.425615984015,47418.464591925906,0.0,0.0,17353.96102405811,3399.3004079027733,4733.426230710038,4740.022121362038,4108.040812663894
2025-02-25,6+18,58784.28818012347,47864.566123543176,785.5690769961323,0.0,10134.152979584162,2134.085578736108,11915.77715582716,4108.040812663894,1231.0419749999987
2025-02-26,6+18,72644.44160266215,44695.96132541381,1321.5601642044312,0.0,26626.920113043896,5951.5608788472255,1462.7188476104263,1231.0419749999987,5425.532994552472
2025-02-27,6+18,65851.08727602287,42887.894439734184,205.52780644743427,0.0,22757.665029841253,4702.856814374994,6974.895252433807,5425.532994552472,1200.0000000000016
2025-02-28,6+18,23545.484956696422,20041.23515336978,0.0,0.0,3504.2498033266406,744.5274993194436,19762.30802885493,1200.0000000000016,2387.4418133333334
2025-03-01,6+18,28355.201364157037,22060.407374635877,0.0,0.0,6294.793989521159,1199.6750589305539,25408.27171885853,2387.4418133333334,3978.7996229166665
2025-03-02,6+18,68602.51075655718,50668.33831908976,130.90178188212064,0.0,17803.2706555853,3586.755652569441,5252.604425025712,3978.7996229166665,4266.709535504632
2025-03-03,6+18,75473.30791286076,52134.61447517936,310.54499145062994,0.0,23028.148446230774,4608.076441246904,10551.08498951544,4266.709535504632,3438.2572059274617
2025-03-04,6+18,66387.07364804481,45791.99013459336,155.8672253914852,0.0,20439.21628805996,4685.884277583337,6457.324908239185,3438.2572059274617,1216.2043441087978
2025-03-05,6+18,60816.67922942209,48254.97813011987,0.0,0.0,12561.70109930222,2504.5620307222225,8835.910604702345,1216.2043441087978,3361.5971165495284
2025-03-06,6+18,64343.9690256311,43952.17385753966,0.0,0.0,20391.795168091445,4312.8181636666695,7972.899444262694,3361.5971165495284,1200.0000000000007
2025-03-07,6+18,26399.01933225013,21259.097299634348,0.0,0.0,5139.922032615781,1083.0535494583337,25168.05006604938,1200.0000000000007,2429.989562361115
2025-03-08,6+18,23066.306674130068,18889.155900492697,0.0,0.0,4177.1507736373715,850.902091041666,21863.34463434722,2429.989562361115,3259.7309599868854
2025-03-09,6+18,67009.80563304496,45709.693373337446,0.0,0.0,21300.112259707515,4457.675083888889,12781.067887306934,3259.7309599868854,2893.6144487481447
2025-03-10,6+18,68344.0990549333,44970.14077665158,599.1217915526179,0.0,22774.836486729087,4951.812934361107,5297.562728079218,2893.6144487481447,3037.822314129635
2025-03-11,6+18,58954.11496443302,39405.74372356682,5877.8720157117305,0.0,13670.499225154475,2938.6552974999945,7237.730513666667,3037.822314129635,1200.0000000000014
2025-03-12,6+18,69084.99311636713,45992.09021055167,0.0,0.0,23092.902905815452,4988.194324277776,11904.429300356307,1200.0000000000014,3398.377986141206
2025-03-13,6+18,62226.342575216506,45727.33541065023,174.26794933915787,0.0,16324.739215227119,3352.7132155972195,7759.392576108532,3398.377986141206,1200.0000000000007
2025-03-14,6+18,21947.554884784004,18940.097695847824,0.0,0.0,3007.457188936179,561.9461729999985,25258.754481283097,1200.0000000000007,2322.3155608402753
2025-03-15,6+18,22638.452462380086,18712.96655909255,0.0,0.0,3925.4859032875356,805.1364319444449,20582.526514658268,2322.3155608402753,2412.412406909721
2025-03-16,6+18,53818.28169985082,43512.547041257516,1061.1088184353932,0.0,9244.62584015791,2010.427297347222,8403.14921526389,2412.412406909721,1200.0
2025-03-17,6+18,63160.17374478992,39804.67208914041,0.0,0.0,23355.50165564951,5230.372723958333,10626.370322132207,1200.0,2175.711465632411
2025-03-18,6+18,55982.29858618231,45806.41077286903,56.37949602075142,0.0,10119.508317292526,1956.5782381249978,13985.50146087294,2175.711465632411,1200.000000000001
2025-03-19,6+18,54186.72942012933,37891.31054447501,3944.0062821413344,0.0,12351.412593512985,3046.278517138887,7051.448220408435,1200.000000000001,1563.7198355824094
2025-03-20,6+18,68141.37893788132,43428.683236295416,0.0,0.0,24712.695701585904,5342.73156429167,10884.129599949934,1563.7198355824094,1283.9923408055542
2025-03-21,6+18,22372.19705612813,17811.91407338855,0.0,0.0,4560.282982739581,901.3886037499997,27506.44534583333,1283.9923408055542,2506.9816853916627
2025-03-22,6+18,22994.819749754643,18201.535209116006,0.0,0.0,4793.284540638637,1204.5071443852994,24442.027174333332,2506.9816853916627,2952.3345383271662
2025-03-23,6+18,50435.363050417196,42575.79059065492,37.299531779997835,0.0,7822.272927982277,1753.355193055555,12224.474679287032,2952.3345383271662,1200.0000000000005
2025-03-24,6+18,51904.19852235515,40774.46801412567,658.2322523711593,0.0,10471.498255858321,2351.9452070555544,9210.873904607855,1200.0000000000005,1909.3753314084854
2025-03-25,6+18,63902.61201316276,45187.692643945185,187.6089448837547,0.0,18527.310424333824,4275.377419583333,15997.329677849108,1909.3753314084854,1200.0000000000002
2025-03-26,6+18,46299.0164148376,39589.530159680464,0.0,0.0,6709.486255157137,1593.3751604722215,7553.613867951305,1200.0000000000002,1761.0866714120336
2025-03-27,6+18,49719.07837298114,41121.63639912827,935.3291544467102,0.0,7662.112819406157,1794.556775875002,10181.694250602368,1761.0866714120336,1238.5840101851886
2025-03-28,6+18,21986.89787812898,18030.339479668786,0.0,0.0,3956.5583984601935,809.8994063055567,28701.913509262864,1238.5840101851886,2878.3363541478393
2025-03-29,6+18,20611.536919992523,16529.53144770879,0.0,0.0,4082.005472283733,808.0520527777771,30215.03397022839,2878.3363541478393,2623.496023390125
2025-03-30,6+18,49342.310506624555,38889.1838843787,263.50152820393436,0.0,10189.625094041925,2488.4885377916653,11849.993326441188,2623.496023390125,1998.0825663398164
2025-03-31,6+18,49348.05140785187,35336.225067960244,6930.1360908791185,0.0,7081.690249012507,1786.7072275277762,8449.173087546304,1998.0825663398164,1451.9326566052466
2025-04-01,6+18,51041.01728955797,43351.96723810568,1984.7591530472573,0.0,5704.290898405029,1515.9027055833362,10517.598712295952,1451.9326566052466,2233.5919286166622
2025-04-02,6+18,48152.833577982274,39968.16811786637,2745.288924830634,0.0,5439.376535285274,1387.7617883055518,7809.871085738687,2233.5919286166622,1761.6746510796315
2025-04-03,6+18,49719.66332823262,41863.58691403225,118.92223766243694,0.0,7737.154176537934,1871.8656951111138,12791.158708528303,1761.6746510796315,1200.0000000000014
2025-04-04,6+18,21046.224783351772,16684.339032905908,0.0,0.0,4361.885750445866,890.4024809166676,30881.874548050593,1200.0000000000014,2830.285124131473
2025-04-05,6+18,19884.785142890334,16132.929017370278,0.0,0.0,3751.8561255200552,918.5099543333328,25137.625048003076,2830.285124131473,2390.9985592592643
2025-04-06,6+18,51309.85434876445,38247.41550144248,263.05689262406054,0.0,12799.381954697907,3064.917163208337,11244.59691408505,2390.9985592592643,1733.1499446970668
2025-04-07,6+18,45460.419255521614,33983.4671442526,3111.834575055806,0.0,8365.117536213205,1983.3718120833357,6085.906909076138,1733.1499446970668,2260.251338754622
2025-04-08,6+18,49664.71674583665,38755.86027766987,399.5551582860005,0.0,10509.301309880784,2295.5078606111065,12138.890449883056,2260.251338754622,1200.0
2025-04-09,6+18,50406.26954133986,38745.17885941929,1454.3247035811316,0.0,10206.765978339445,2344.4722983888864,7252.621665228396,1200.0,1200.0000000000002
2025-04-10,6+18,47340.113182559784,38571.18690362564,1045.7725113539793,0.0,7723.153767580165,1700.111793666666,10208.66147084671,1200.0000000000002,1200.000000000001
2025-04-11,6+18,19068.544617661308,15917.36764997618,0.0,0.0,3151.1769676851286,595.3013236666675,30176.867171673857,1200.000000000001,2471.7434361175965
2025-04-12,6+18,18739.824606059312,16387.537889953433,0.0,0.0,2352.2867161058775,458.3637802500005,28844.933055096026,2471.7434361175965,2214.364813872834
2025-04-13,6+18,52317.557275091414,35827.14699191008,46.69391248176616,0.0,16443.716370699567,3831.78116340278,7131.481716728578,2214.364813872834,1941.1287386748447
2025-04-14,6+18,54091.63435609374,37829.77489141494,337.40086024250155,0.0,15924.458604436299,3964.187323624994,12457.532250329208,1941.1287386748447,2385.573212664815
2025-04-15,6+18,42335.5371404307,32444.394718984837,2869.417300063507,0.0,7021.725121382355,1532.0304644722214,7452.898860203351,2385.573212664815,2116.8901044919844
2025-04-16,6+18,46472.69047197011,36549.96224007185,2839.807367390735,0.0,7082.920864507527,1609.7555326805536,8564.116018419752,2116.8901044919844,1199.9999999999995
2025-04-17,6+18,46018.46385468942,34118.19567746103,3591.1458759025454,0.0,8309.122301325844,1830.1522808472234,8535.53997262397,1199.9999999999995,1200.0000000000014
2025-04-18,6+18,20017.848277837955,15890.80400340105,0.0,0.0,4127.044274436904,749.9164599305543,29261.89336631944,1200.0000000000014,2811.933661111111
2025-04-19,6+18,19933.078143471583,15047.263353002527,0.0,0.0,4885.814790469056,1175.5158266944431,28896.940475944437,2811.933661111111,3113.9078164074035
2025-04-20,6+18,44701.00996188763,33693.51572580473,1180.4305096763928,0.0,9827.063726406499,2235.000230083339,7492.113282299382,3113.9078164074035,1200.0
2025-04-21,6+18,48452.851710002826,35616.859923282405,505.4061739859385,0.0,12330.585612734481,2962.934514472218,12576.904216184837,1200.0,2795.9534711503097
2025-04-22,6+18,42957.46608424255,32596.88427532871,4559.009568451352,0.0,5801.572240462492,1344.776992916668,6388.259829350144,2795.9534711503097,2746.694198727463
2025-04-23,6+18,45530.288335453704,31752.278425751,4508.039337065614,0.0,9269.970572637092,2302.7392442638866,7952.39837824383,2746.694198727463,1200.0000000000002
2025-04-24,6+18,45574.13676422358,32775.04837253674,421.151178562104,0.0,12377.937213124736,3065.2794029722213,9373.968383957312,1200.0000000000002,1199.9999999999998
2025-04-25,6+18,19593.58171286298,15279.184141389134,0.0,0.0,4314.397571473844,791.2306053194441,33418.546200396944,1199.9999999999998,2447.837075925926
2025-04-26,6+18,20347.575255016294,14968.41960808355,0.0,0.0,5379.1556469327425,1114.69498411111,35289.89991527915,2447.837075925926,2589.3933685185157
2025-04-27,6+18,48954.77584220152,31150.964849299686,2160.217758722601,0.0,15643.593234179227,3637.1658865277773,8294.333854214505,2589.3933685185157,2347.582636481947
2025-04-28,6+18,46914.51481119159,37579.50956725249,2796.7238360827423,0.0,6538.281407856357,1361.2228968749973,8498.706702777785,2347.582636481947,2490.08894833333
2025-04-29,6+18,42322.14694474822,31748.341243615425,940.0924121168208,0.0,9633.71328901598,2237.621011374998,8199.41962037295,2490.08894833333,1699.97014022438
2025-04-30,6+18,45158.314281725456,31100.5333238927,1481.7413765192814,0.0,12576.039581313478,3233.8897482777757,6610.023764816533,1699.97014022438,1967.881343965118
2025-05-01,6+18,56138.21026657376,32992.36964611903,2299.727632445638,0.0,20846.112988009096,4519.216175291663,7948.748792075615,1967.881343965118,1200.0000000000011
2025-05-02,6+18,25865.466658835605,17224.11252100076,0.0,0.0,8641.354137834844,1548.1329936805548,23109.040122810853,1200.0000000000011,2912.7483800092673
2025-05-03,6+18,25347.801778529232,15530.21175332972,0.0,0.0,9817.590025199512,1742.1905490277775,27705.046820027776,2912.7483800092673,2766.936890315275
2025-05-04,6+18,54126.74974129755,34787.25387801301,997.4742804752789,0.0,18342.021582809255,4322.1735825576125,9017.935123977873,2766.936890315275,2089.3795424354967
2025-05-05,6+18,56328.530393866866,36653.605853877816,545.5519700413815,0.0,19129.372569947674,4032.2627032222213,7254.123908230792,2089.3795424354967,1622.7182590271666
2025-05-06,6+18,54737.1380171031,33105.80249146455,4968.861270367388,0.0,16662.47425527116,3714.0641458055584,7281.030575267136,1622.7182590271666,1997.048666975316
2025-05-07,6+18,49955.7654856514,35263.38940015523,4322.604272963268,0.0,10369.7718125329,2125.793555791665,6773.318938765946,1997.048666975316,1466.14351609537
2025-05-08,6+18,54266.722561356066,38012.52610878663,669.6433753566691,0.0,15584.553077212768,3420.327466499998,9372.763667216044,1466.14351609537,1200.000000000005
2025-05-09,6+18,21807.611056419053,17027.318959883458,0.0,0.0,4780.292096535597,892.855248375,28586.759216872768,1200.000000000005,2513.998202637346
2025-05-10,6+18,21742.261046298692,16696.28938344073,0.0,0.0,5045.971662857961,917.0152290000004,24925.802761258743,2513.998202637346,2463.3983507407406
2025-05-11,6+18,49481.904367914445,36569.34743374233,2800.549013698404,0.0,10112.007920473712,2134.5825284722196,8927.800058787556,2463.3983507407406,1200.0000000000002
2025-05-12,6+18,48785.75103606636,33930.26940786638,7582.152069920025,0.0,7273.329558279957,1528.0540064861086,10437.374881870375,1200.0000000000002,1307.3984008111106
2025-05-13,6+18,48635.21784479905,38217.02881533392,1397.663770179257,0.0,9020.525259285874,1933.1082790972246,12556.040052376033,1307.3984008111106,1200.0000000000002
2025-05-14,6+18,47283.46900114769,38052.32474605732,2483.3834664122774,0.0,6747.7607886781,1453.8457724999978,12302.027996695479,1200.0000000000002,1200.0000000000014
2025-05-15,6+18,46173.569101822744,38789.58358415953,4080.9955444857487,0.0,3302.989973177463,871.5485285138884,12509.257152608021,1200.0000000000014,1200.0000000000014
2025-05-16,6+18,19905.32452331511,17641.178703331014,0.0,0.0,2264.1458199840977,405.2062500555557,34463.686726753425,1200.0000000000014,2236.0426740175944
2025-05-17,6+18,21492.341210305,17352.854699490243,0.0,0.0,4139.486510814758,699.2102416388902,26788.383935013888,2236.0426740175944,2435.5325268791676
2025-05-18,6+18,43091.610121160906,39681.1094282035,1072.8402141170473,0.0,2337.6604788403633,722.3419506111102,12345.100743155177,2435.5325268791676,1200.0000000000005
2025-05-19,6+18,41676.66517080112,36603.447208399826,863.8729572528716,0.0,4209.345005148427,885.1553457083344,12398.182438365224,1200.0000000000005,1501.6981166685216
2025-05-20,6+18,45477.76891298109,36160.97240583417,4533.733159560365,0.0,4783.0633475865625,1064.7694557777766,9580.147039535495,1501.6981166685216,1199.9999999999995
2025-05-21,6+18,45079.297622888254,35380.540025400085,6566.202910688139,0.0,3132.554686800031,792.1877380833325,11706.509264749995,1199.9999999999995,1200.000000000001
2025-05-22,6+18,43331.97586005088,37235.61303525054,1642.6861293430923,0.0,4453.676695457242,1062.1984705694445,10162.844158052469,1200.000000000001,1200.0000000000002
2025-05-23,6+18,19048.968887331088,17593.554035971592,0.0,0.0,1455.4148513594957,253.77966291666593,30716.213936483196,1200.0000000000002,2233.791550592593
2025-05-24,6+18,18885.443092570695,18005.901089287552,0.0,0.0,879.5420032831418,154.1740416249993,33481.76006854167,2233.791550592593,2492.8257170513925
2025-05-25,6+18,41362.27547215078,37178.65738522723,1540.4579677602933,0.0,2643.16011916326,671.3927174444437,13869.488892716043,2492.8257170513925,1199.9999999999993
2025-05-26,6+18,46555.31175428277,36825.306323801466,4804.59202815515,0.0,4925.413402326149,1395.6037359722213,10217.633720250004,1199.9999999999993,1201.1427541666687
2025-05-27,6+18,45677.104930274,35249.93718803675,7189.46607129706,0.0,3237.701670940197,848.2489217916691,15020.523183571497,1201.1427541666687,1200.0000000000011
2025-05-28,6+18,42046.01754202318,39320.77874960708,1711.0542048432899,0.0,1014.1845875728079,371.45991541666734,12083.37106889506,1200.0000000000011,1200.000000000002
2025-05-29,6+18,48078.01288082727,39220.80871363442,6497.79016633094,0.0,2359.4140008619156,674.165626194444,15427.267840811724,1200.000000000002,1199.9999999999993
2025-05-30,6+18,18902.853866434572,18812.808846849864,0.0,0.0,90.04501958470837,28.434165749999977,31736.612590114022,1199.9999999999993,2135.252933893519
2025-05-31,6+18,19992.580687371872,19291.69316207704,0.0,0.0,700.8875252948308,171.54102199999954,32543.75944475343,2135.252933893519,2624.8667409754626
2025-06-01,6+18,67770.33031646692,53843.779280760136,4445.134976623612,0.0,9481.416059083173,2564.2792859749625,11471.659489850304,2624.8667409754626,1858.865540793209
2025-06-02,6+18,67599.22484986886,55012.27561009907,2494.7284467829754,0.0,10092.22079298682,2652.7807340833306,14182.529477421296,1858.865540793209,2276.401692438275
2025-06-03,6+18,66413.23544223353,50413.48341997537,9455.93490508692,0.0,6543.8171171712465,1810.5640804166683,15023.14230087346,2276.401692438275,1200.0000000000002
2025-06-04,6+18,76237.21834540938,60283.73660126378,1915.7094861167413,0.0,14037.772258028861,3687.2632630972194,21330.46043471536,1200.0000000000002,1200.0000000000002
2025-06-05,6+18,67470.24483252977,53505.89192615018,8725.763013812819,0.0,5238.589892566772,1547.375786027777,13350.242319268524,1200.0000000000002,1200.0000000000002
2025-06-06,6+18,30305.807518060057,29207.7946740446,0.0,0.0,1098.0128440154601,198.24952866666695,24707.634336841904,1200.0000000000002,1902.816848606487
2025-06-07,6+18,33248.759225942886,31451.770429416625,0.0,0.0,1796.9887965262637,334.6876747777779,31456.886331940328,1902.816848606487,1893.9141164490743
2025-06-08,6+18,60988.0941471246,53117.45789242358,5108.001097998087,0.0,2762.635156702928,738.1044183333327,17779.017072825452,1893.9141164490743,1200.0000000000002
2025-06-09,6+18,65048.59627099957,61781.8392689511,1002.9695898459524,0.0,2263.7874122025196,794.6057120833317,17144.349109896615,1200.0000000000002,1200.0000000000002
2025-06-10,6+18,63484.619136388355,57734.78817661004,3775.354488454557,0.0,1974.4764713237607,653.3728455833328,13302.86652549691,1200.0000000000002,1200.0000000000002
2025-06-11,6+18,70118.05419547689,63426.45055201925,3959.1411998841245,0.0,2732.462443573522,711.9462512500002,14861.732336335393,1200.0000000000002,1200.0000000000002
2025-06-12,6+18,66993.97826272622,62030.89311183378,3945.219830654415,0.0,1017.8653202380185,349.51630516666603,17416.64439108077,1200.0000000000002,1200.0000000000002
2025-06-13,6+18,31086.46279632733,30225.844229751376,0.0,0.0,860.6185665759567,138.65494866666643,29468.645747035145,1200.0000000000002,1992.6474491967615
2025-06-14,6+18,31756.973124674594,31037.98422340028,0.0,0.0,718.9889012743147,124.0066259722214,33123.65498746382,1992.6474491967615,2011.5313252499973
2025-06-15,6+18,64842.02643440402,58997.20213349998,5629.89702493122,0.0,214.92727597282237,40.08130155555614,17798.01954981482,2011.5313252499973,1200.0000000000002
2025-06-16,6+18,68641.21417723669,62573.46958606361,5548.845455785853,0.0,518.8991353872308,202.66601543055606,18659.534588141978,1200.0000000000002,1200.0000000000002
2025-06-17,6+18,72255.51551996356,64173.492570175425,7247.61700172424,0.0,834.4059480639029,257.8194332083333,19716.443694076646,1200.0000000000002,1200.0000000000002
2025-06-18,6+18,71845.03796610374,64545.747135216996,6832.311917543633,0.0,466.9789133431225,167.91391699999912,24077.71195578909,1200.0000000000002,1263.0971787037035
2025-06-19,6+18,64538.1740701822,59594.24541850606,4451.287936992688,0.0,492.64071468344514,156.40250470833303,20698.873371793212,1263.0971787037035,1200.0000000000002
2025-06-20,6+18,30432.967927401463,30390.410283401463,0.0,0.0,42.557644000000074,6.999612500000012,35789.86371902708,1200.0000000000002,1743.8797489074086
2025-06-21,6+18,28349.755304446688,27849.810797345686,0.0,0.0,499.94450710100085,80.04565100000013,33843.524171,1743.8797489074086,1999.3528514814843
2025-06-22,6+18,65422.49076046268,59671.020041317366,5401.594118337891,0.0,349.8766008074214,117.46990281944385,21969.31089684568,1999.3528514814843,1210.6631053703704
2025-06-23,6+18,63410.67267721269,61092.351709631854,2056.3444502255575,0.0,261.9765173552832,96.13424681944389,20642.195697329727,1210.6631053703704,1282.0623413888895
2025-06-24,6+18,73277.34505029733,71777.46753136997,1186.2369939997943,0.0,313.6405249275694,110.37340549999999,21588.73242493793,1282.0623413888895,1200.0000000000002
2025-06-25,6+18,66010.8112599748,62237.65545707267,3552.324197790701,0.0,220.8316051114166,59.43909200000002,20751.439605107687,1200.0000000000002,1200.0000000000002
2025-06-26,6+18,62684.800884652825,59206.33394818647,3471.037375105665,0.0,7.429561360695165,3.19409375000032,20586.03984108334,1200.0000000000002,1199.9999999999998
2025-06-27,6+18,30546.35245109804,30319.656533292815,0.0,0.0,226.69591780522248,37.63988362500004,38464.67041908385,1199.9999999999998,1996.1271771481506
2025-06-28,6+18,30228.30404605207,30165.95800027957,0.0,0.0,62.34604577250078,10.144166250000126,35479.24149914505,1996.1271771481506,1808.576893018521
2025-06-29,6+18,65741.49619940248,59075.1868266582,6407.2210331293745,0.0,259.0883396149021,89.60026412499977,19938.886752957653,1808.576893018521,1217.183388935185
2025-06-30,6+18,64088.332954919584,63126.80469224928,553.9432101555776,0.0,407.5850525147276,99.76387365277748,20028.655907096356,1217.183388935185,1235.4107248696027
2025-07-01,6+18,85480.79026348794,60058.64676410423,18444.27485587684,0.0,6977.868643506864,2632.461002333334,15672.208653101852,1235.4107248696027,1200.0000000000002
2025-07-02,6+18,78042.0834263442,57253.58316887767,13760.459701650161,0.0,7028.040555816359,2596.5557084166658,13680.968897707311,1200.0000000000002,2442.819867175923
2025-07-03,6+18,90523.51569861085,63620.512299747046,18975.308504101817,0.0,7927.694894761977,2772.8532415833342,19100.770750241772,2442.819867175923,1200.0000000000002
2025-07-04,6+18,36504.76323740417,29525.54617662206,4362.04052944756,0.0,2617.176531334556,759.8480092083336,27115.373837208335,1200.0000000000002,1730.6492472222235
2025-07-05,6+18,32444.525312813344,29289.400923619993,1842.8319925752855,0.0,1312.292396618069,533.6704671805553,22800.551436930557,1730.6492472222235,1637.8439490740736
2025-07-06,6+18,88116.79759253183,60024.92930405791,22561.030241131688,0.0,5530.838047342236,2031.4506313749998,15981.844999554527,1637.8439490740736,1892.2128345564824
2025-07-07,6+18,72290.6506184556,62159.29932124597,6522.5289071719535,0.0,3608.822390037677,1336.3467734444432,13743.993544758232,1892.2128345564824,1865.1573995370404
2025-07-08,6+18,71933.25833942526,65957.76757010873,4349.25314397137,0.0,1626.2376253451635,552.3444058333322,13581.966808569616,1865.1573995370404,1603.794490370372
2025-07-09,6+18,73136.31270206167,65236.798896425054,6063.857313202778,0.0,1835.656492433825,530.6614901666661,16321.682266262356,1603.794490370372,1906.0717027319417
2025-07-10,6+18,72260.47055068945,60243.627371309056,10391.393221043934,0.0,1625.4499583364736,585.9551263611112,14293.69408034362,1906.0717027319417,1200.0000000000002
2025-07-11,6+18,34817.23368665227,34625.172112155895,0.0,0.0,192.0615744963721,34.75584741666637,23634.35837587603,1200.0000000000002,2192.7621496250003
2025-07-12,6+18,33554.53451804394,31631.915791736974,1887.8946893069674,0.0,34.72403700000045,13.078733333333503,23441.78271495833,2192.7621496250003,2107.563522453705
2025-07-13,6+18,65336.95046904298,62337.702250119255,2347.386569445268,0.0,651.861649478458,196.68769308333322,15402.169704801783,2107.563522453705,1200.0000000000002
2025-07-14,6+18,68215.8110696125,59011.003839943885,7488.977227808782,0.0,1715.8300018598309,481.7016342777773,11504.904753111114,1200.0000000000002,2184.787381452783
2025-07-15,6+18,71086.49924085665,64046.01880099027,2129.3282363880016,0.0,4911.152203478369,1098.957596249999,15323.201564725463,2184.787381452783,1200.0000000000002
2025-07-16,6+18,72592.40966275464,63453.68519127939,1349.9186954727109,0.0,7788.8057760025295,1975.6071087499968,12150.816194993145,1200.0000000000002,1200.0000000000002
2025-07-17,6+18,69819.24173724825,60642.675808977576,8017.226728938494,0.0,1159.3391993321757,249.5377853888879,13240.59881303292,1200.0000000000002,1200.0000000000002
2025-07-18,6+18,36000.28844907775,35788.87833566661,0.0,0.0,211.410113411143,28.19847916666629,28005.28405433556,1200.0000000000002,2003.1793043287084
2025-07-19,6+18,37277.17319424261,35214.00593191241,0.0,0.0,2063.167262330198,502.4073614305545,30775.803835130322,2003.1793043287084,2064.363849247685
2025-07-20,6+18,66864.12818053826,62212.29062004896,3363.3056130055875,0.0,1288.5319474837138,288.9533738333331,14761.40275924383,2064.363849247685,1200.0000000000002
2025-07-21,6+18,73873.14242775939,65193.09023073724,1870.1418620848265,0.0,6809.910334937329,1442.4909446666659,13336.548571698037,1200.0000000000002,1200.0000000000002
2025-07-22,6+18,76535.99680408821,64696.363673758715,11837.271799192835,0.0,2.361331136666446,0.5145633333332853,21042.167093234573,1200.0000000000002,1200.0000000000002
2025-07-23,6+18,78547.74691022393,71069.16598501489,451.57767870181783,0.0,7027.0032465072345,1273.1913465277773,21709.90871065055,1200.0000000000002,1200.0000000000002
2025-07-24,6+18,73416.06786681002,71126.74502026755,604.9797911128001,0.0,1684.3430554296674,325.36326444444444,20140.977502084694,1200.0000000000002,1200.0000000000002
2025-07-25,6+18,35480.29606800776,35320.50164234084,0.0,0.0,159.79442566692273,55.49019649999975,30790.322633427302,1200.0000000000002,1999.8433205671263
2025-07-26,6+18,35591.988724426206,35591.988724426206,0.0,0.0,0.0,0.0,30752.34350658144,1999.8433205671263,1902.7166999652757
2025-07-27,6+18,72144.86058376782,64115.28636266234,2863.740667781185,0.0,5165.83355332429,965.7276110416667,14765.733664684667,1902.7166999652757,1200.0000000000002
2025-07-28,6+18,75077.12559786934,67379.28736850184,2911.4335230108104,0.0,4786.40470635669,1064.5283633888885,13529.245586723257,1200.0000000000002,1204.9966736125004
2025-07-29,6+18,71322.48470021441,65826.02700540681,4489.201259593421,0.0,1007.2564352141828,190.7032793194449,15047.469230569444,1204.9966736125004,1200.0000000000005
2025-07-30,6+18,72454.32260673179,61868.8453074289,9401.329684956156,0.0,1184.1476143467312,344.07397208333555,14505.698131966557,1200.0000000000005,1293.3936361050908
2025-07-31,6+18,70691.94097377265,63142.7997971944,2915.9141094780753,0.0,4633.227067100175,945.5092580349857,12809.175313222222,1293.3936361050908,1200.0000000000045
2025-08-01,6+18,35671.50209533258,34781.09177434874,0.0,0.0,890.410320983846,193.9466680416665,35260.865661075615,1200.0000000000045,2042.4850354513892
2025-08-02,6+18,35440.61879501316,35313.55463172789,0.0,0.0,127.06416328526578,16.548798291666003,39661.08986466975,2042.4850354513892,2354.6957367685204
2025-08-03,6+18,58785.759991575775,54691.326916846556,3035.1272384136855,0.0,1059.3058363155355,261.42059819444296,13161.637383111116,2354.6957367685204,1277.6729861111098
2025-08-04,6+18,61829.67792851121,59254.852622068356,2035.1262528720613,0.0,539.699053570797,128.364048944444,14532.167194939817,1277.6729861111098,1200.0000000000002
2025-08-05,6+18,61728.40917583221,57422.88915525612,2526.944446036475,0.0,1778.575574539616,350.76474027777743,13678.742444652777,1200.0000000000002,1256.493365351853
2025-08-06,6+18,66280.78073220255,63439.80520811231,46.46122258678724,0.0,2794.5143015034546,583.8533724027741,14100.211105764407,1256.493365351853,1200.0000000000036
2025-08-07,6+18,63515.57114923584,60348.65701414745,1586.094204704198,0.0,1580.8199303841934,329.0718849444445,21352.36575737483,1200.0000000000036,1274.261745370368
2025-08-08,6+18,32476.26004103408,31557.09746100512,0.0,0.0,919.1625800289595,123.02166983333348,38006.53774263923,1274.261745370368,1668.028509745373
2025-08-09,6+18,33018.73846137196,31766.575946080047,0.0,0.0,1252.1625152919155,201.74751716666657,34548.2374707289,1668.028509745373,1812.6850226736115
2025-08-10,6+18,60259.74071801045,58081.48940629338,320.62716073593947,0.0,1857.6241509811277,446.2207852361097,11760.729528045096,1812.6850226736115,1200.0
2025-08-11,6+18,59784.57586499205,54844.186778122836,1526.5089489885959,0.0,3413.8801378806234,689.9103694444443,11989.02637925,1200.0,1200.0000000000007
2025-08-12,6+18,64282.7180682525,59730.40438310944,2000.8887994452512,0.0,2551.4248856978093,583.828666888887,14776.631607860429,1200.0000000000007,1227.070461419757
2025-08-13,6+18,61435.30467176568,54601.02543990478,1596.9274168633208,0.0,5237.351814997589,1010.2911283194449,9916.553365902777,1227.070461419757,1200.0000000000011
2025-08-14,6+18,62447.964697045274,56518.74290888699,3699.291539351655,0.0,2229.9302488066314,411.6021853611109,13302.771687194436,1200.0000000000011,1200.0000000000005
2025-08-15,6+18,34646.78405293645,32334.18448054162,0.0,0.0,2312.5995723948267,303.21599374999914,36994.555651611445,1200.0000000000005,1786.511337731481
2025-08-16,6+18,35248.07052168386,32811.2382257564,0.0,0.0,2436.8322959274606,339.22491175000044,38098.628743060195,1786.511337731481,1899.49156135648
2025-08-17,6+18,60860.15915971702,56537.33109776344,164.95256884361035,0.0,4157.875493109965,705.7717475277764,15337.278138288757,1899.49156135648,1200.0
2025-08-18,6+18,60496.300752529096,56486.67523910334,762.0590913903095,0.0,3247.566422035452,649.6967245694445,11884.636489027786,1200.0,1219.5466150462992
2025-08-19,6+18,62653.78288007861,55320.48953051975,0.0,0.0,7333.293349558858,1495.8517947777796,10351.065314239717,1219.5466150462992,1237.4151243981426
2025-08-20,6+18,68937.46718425195,60518.239547744015,1784.559310608583,0.0,6634.668325899344,1351.983330694444,13586.804631614537,1237.4151243981426,1296.909164671295
2025-08-21,6+18,65329.986782642576,57169.54403610539,1093.1937652419988,0.0,7067.248981295181,1484.1724184444442,13969.709229662043,1296.909164671295,1262.322771527779
2025-08-22,6+18,34718.746249864984,31304.332806137132,0.0,0.0,3414.4134437278526,514.5142961805543,31333.641139435527,1262.322771527779,1760.0878565956746
2025-08-23,6+18,33244.79910027255,29596.688080008556,0.0,0.0,3648.111020263991,687.3654707638887,28232.982463472224,1760.0878565956746,2579.2936979509213
2025-08-24,6+18,68694.56107172379,54894.2109947915,462.01908032877157,0.0,13338.330996603512,2710.2244780277774,12048.775469830241,2579.2936979509213,1200.0
2025-08-25,6+18,72124.27753979934,69734.55763890296,2.9502241087878813,0.0,2386.7696767875927,538.060855527777,24719.97404090536,1200.0,1200.0000000000025
2025-08-26,6+18,61879.65855094313,55825.483594211626,1529.9453732300033,0.0,4524.229583501507,1048.5411611388909,10321.672766052467,1200.0000000000025,1280.7116850777786
2025-08-27,6+18,64279.19140023026,55909.73531719201,6057.8410193267,0.0,2311.615063711547,421.80115722222297,13480.812705055556,1280.7116850777786,1231.4767387500046
2025-08-28,6+18,70689.51289831672,54463.50202309428,7118.262373036556,0.0,9107.748502185881,1918.6413199305555,10602.350210208333,1231.4767387500046,1200.0000000000034
2025-08-29,6+18,35595.76974926256,32723.04751855138,0.0,0.0,2872.7222307111774,397.3383452638894,32407.484035909463,1200.0000000000034,1834.9737900475307
2025-08-30,6+18,35511.65590623888,31937.70788052438,0.0,0.0,3573.9480257144946,476.0934200833326,35047.04623545833,1834.9737900475307,2382.0935250675975
2025-08-31,6+18,64452.682599604566,54223.95818093787,1302.563593020468,0.0,8926.160825646224,2015.350036333332,9543.590799708338,2382.0935250675975,1200.0000000000002
2025-09-01,6+18,57841.13701119382,54019.98138327742,300.6080663386621,0.0,3520.5475615777414,793.8856681388869,31407.51304144993,1200.0000000000002,1199.9999999999995
2025-09-02,6+18,51433.62529945059,48173.555698640645,180.91563187110378,0.0,3079.1539689388437,600.8008637222242,19762.5343088426,1199.9999999999995,1200.0
2025-09-03,6+18,52230.25412448644,50524.662865784194,38.552544624837154,0.0,1667.0387140774114,394.9254510000003,20420.74447645885,1200.0,1200.0
2025-09-04,6+18,52709.33383487106,49105.72232953613,284.4297929173431,0.0,3319.1817124175886,858.4499273055552,19812.335703086763,1200.0,1200.0000000000011
2025-09-05,6+18,26814.99738356594,25273.712614572778,0.0,0.0,1541.2847689931605,263.6639948333322,42802.21485093862,1200.0000000000011,1563.5790893395074
2025-09-06,6+18,25760.626259846253,25114.54822221821,0.0,0.0,646.0780376280404,106.45746758333314,41159.767316819445,1563.5790893395074,2171.3983647038585
2025-09-07,6+18,49338.672111267,45704.78466969876,1786.369000813554,0.0,1847.518440754684,347.9234807916661,16934.539704625004,2171.3983647038585,1200.0000000000002
2025-09-08,6+18,52971.74173133451,50866.84439034098,128.0171862394164,0.0,1976.8801547541063,482.33226468055466,17808.859626991605,1200.0000000000002,1200.0
2025-09-09,6+18,49334.481684580176,45092.218234677646,2025.600519470967,0.0,2216.6629304315657,508.12421340278,14994.468882896777,1200.0,1200.0000000000002
2025-09-10,6+18,59905.86915438247,51963.3561805944,270.68275581067525,0.0,7671.830217977393,1628.0299005277786,18764.25977012654,1200.0000000000002,1199.9999999999998
2025-09-11,6+18,54078.38398264443,51061.95244441696,239.20684140213083,0.0,2777.224696825336,534.2915425138895,24865.810565249492,1199.9999999999998,1200.0
2025-09-12,6+18,25684.75168026224,25165.361563776478,0.0,0.0,519.3901164857627,107.04517930555522,37754.74669806,1200.0,1742.7410144807136
2025-09-13,6+18,24994.7596560827,24799.169546503806,0.0,0.0,195.59010957889365,34.22812058333295,41059.35766398543,1742.7410144807136,1572.222994194442
2025-09-14,6+18,56721.199368420566,54569.39596341093,261.0091701193726,0.0,1890.7942348902639,459.73369033333177,22598.006318125,1572.222994194442,1200.0000000000005
2025-09-15,6+18,47096.26762369721,44270.87126859525,0.0,0.0,2825.3963551019647,701.5555573888876,10092.59315271742,1200.0000000000005,1200.0
2025-09-16,6+18,53987.90208532149,52111.959870416526,55.43917505884458,0.0,1820.5030398461174,480.7377634722218,18820.308318868993,1200.0,1200.0000000000002
2025-09-17,6+18,52306.52164444911,50087.093630162984,87.27969342735818,0.0,2132.1483208587665,527.1634884722226,14537.778755571504,1200.0000000000002,1200.0000000000005
2025-09-18,6+18,51659.232820909856,43996.85450484926,4947.499832900888,0.0,2714.8784831597063,529.209521722222,13456.241319305553,1200.0000000000005,1200.0000000000005
2025-09-19,6+18,25314.362427449898,23682.713570616525,0.0,0.0,1631.6488568333748,280.3579435,29686.56454089711,1200.0000000000005,2128.1200104768513
2025-09-20,6+18,25777.97934635569,23087.106591534197,0.0,0.0,2690.8727548214915,463.6232134166653,31075.99623656996,2128.1200104768513,1982.1895380972185
2025-09-21,6+18,50442.5061389031,48662.023158858225,8.168227917309405,0.0,1772.3147521275641,439.0227138333338,15239.741605171297,1982.1895380972185,1200.0
2025-09-22,6+18,56383.95966009031,49795.37459242114,148.9998351342073,0.0,6439.585232534962,1791.5949505000008,14520.15264840912,1200.0,1570.1415950018575
2025-09-23,6+18,55033.48356154313,48130.28720678473,171.89134529608927,0.0,6731.305009462309,1487.1105615694446,11303.851769883915,1570.1415950018575,1200.000000000001
2025-09-24,6+18,53629.88493647781,42751.574310649696,4039.1778476786653,0.0,6839.13277814945,1924.0376496111114,8095.798292834877,1200.000000000001,1200.0
2025-09-25,6+18,56299.984235275646,45979.531915437416,2973.9054885901905,0.0,7346.546831248034,1906.471211027779,13510.609894069446,1200.0,1243.7303396944505
2025-09-26,6+18,27627.738541322222,22900.04684710939,0.0,0.0,4727.691694212834,814.2427492500001,29475.934590875,1243.7303396944505,2338.9261369143514
2025-09-27,6+18,27558.152844762146,21624.29287013819,0.0,0.0,5933.859974623956,1064.4418147916663,25796.195217633067,2338.9261369143514,2374.7479754722226
2025-09-28,6+18,59447.29525490661,46131.515949664725,8000.337934078308,0.0,5315.441371163575,1362.9458628749985,14520.298394625002,2374.7479754722226,1214.1873220277744
2025-09-29,6+18,59951.54085882075,48946.992368134466,266.24671248750445,0.0,10738.301778198776,2562.0541311666643,12237.597666672496,1214.1873220277744,1200.0000000000014
2025-09-30,6+18,56924.77733682411,48829.33963389962,2194.230454766129,0.0,5901.2072481583655,1575.02850363889,7222.126137031385,1200.0000000000014,2869.91141718703
2025-10-01,6+18,44375.219802873675,42884.71919194059,725.4157618514655,0.0,765.0848490816228,348.88117349999914,19664.1374985,2869.91141718703,1214.5396291666707
2025-10-02,6+18,48916.088582779215,48021.55305467391,36.28369607168294,0.0,858.2518320336239,398.14131616666646,24272.08789654424,1214.5396291666707,1200.0000000000025
2025-10-03,6+18,21237.841963737283,19517.225449368936,0.0,0.0,1720.6165143683452,375.0589723333329,33989.077827416666,1200.0000000000025,2380.1839547212985
2025-10-04,6+18,24446.15070172239,22207.239191647524,0.0,0.0,2238.911510074864,739.401524833331,28435.906554184156,2380.1839547212985,9801.382357856477
2025-10-05,6+18,45380.64314223707,43185.383267845755,308.3980643276947,0.0,1886.8618100636213,628.5330327083325,20506.65324853772,9801.382357856477,1200.0000000000002
2025-10-06,6+18,47440.96433946987,42152.55368402424,4009.3362125912463,0.0,1279.0744428543867,439.40950680555466,8946.710579855979,1200.0000000000002,2560.9825220101766
2025-10-07,6+18,45674.50050086699,43178.900085922694,820.4335295742738,0.0,1675.1668853700219,518.3174941527783,11160.137821738508,2560.9825220101766,1200.0000000000005
2025-10-08,6+18,44051.91274096926,42596.840987260824,653.0360142869479,0.0,802.0357394214882,238.48724872222135,7137.977814186728,1200.0000000000005,3392.8513437361144
2025-10-09,6+18,48558.885696687896,47457.59385940604,5.787052516125094,0.0,1095.5047847657274,303.78750009722046,19989.861508928167,3392.8513437361144,1211.2541194444482
2025-10-10,6+18,22384.176740574156,21213.466502873078,0.0,0.0,1170.7102377010779,209.01998074999898,35468.12931944958,1211.2541194444482,2457.298063402777
2025-10-11,6+18,26396.480676902967,20961.959534799484,360.0864228727894,0.0,5074.434719230694,1300.3996810833305,23693.316580677976,2457.298063402777,10800.0
2025-10-12,6+18,42009.065670720425,39739.45647798117,502.0996436014416,0.0,1767.5095491378179,454.71419312499995,8824.659417788926,10800.0,3621.8942768274705
2025-10-13,6+18,48734.091194830056,44491.217211222836,988.946514091625,0.0,3253.9274695156014,766.7212261666647,11880.085676149185,3621.8942768274705,4353.643506553392
2025-10-14,6+18,55745.977789604694,46870.19303051382,1277.708512808876,0.0,7598.076246281999,1810.2060160833332,12165.808610751032,4353.643506553392,4608.426149650001
2025-10-15,6+18,51962.35268107601,47587.42462362,98.91921006445801,0.0,4276.008847391553,986.5415638611104,11282.318445658091,4608.426149650001,4521.319826010498
2025-10-16,6+18,50203.67558511586,46173.696658398316,1794.556363036767,0.0,2235.422563680774,537.3274959444439,10871.11753432253,4521.319826010498,1200.0000000000018
2025-10-17,6+18,23215.102564097735,19932.719070673462,0.0,0.0,3282.3834934242745,602.0183842500005,25935.705068028463,1200.0000000000018,2536.2257518518477
2025-10-18,6+18,23803.55202179229,21565.71355152342,0.0,0.0,2237.838470268872,403.3608463333327,29820.58707639199,2536.2257518518477,2538.346548791667
2025-10-19,6+18,51232.243395437596,48953.907535072256,0.6791028976877352,0.0,2277.656757467652,511.61728293055427,6044.716035840709,2538.346548791667,5367.899280009413
2025-10-20,6+18,52341.07619398769,50977.872644523726,0.0,0.0,1363.2035494639629,300.36436215277814,14593.403996399695,5367.899280009413,1211.3879363078695
2025-10-21,6+18,54196.567536853865,52370.59889229685,711.5621982946013,0.0,1114.4064462624062,330.4056797500007,12062.04797952401,1211.3879363078695,1200.0
2025-10-22,6+18,56821.15939926445,49730.49521373445,560.9732724880857,0.0,6529.690913041912,1428.5404763333322,6600.453068325607,1200.0,4768.691519771306
2025-10-23,6+18,58816.42748376364,54889.07694392746,286.67152000093677,0.0,3640.6790198352483,733.3211902916669,23135.34333328189,4768.691519771306,1199.9999999999998
2025-10-24,6+18,26756.31797431219,21109.54052665837,0.0,0.0,5646.777447653821,1021.1399896666682,25988.272880041666,1199.9999999999998,3518.600361293981
2025-10-25,6+18,26811.725728623995,21616.812354506787,0.0,0.0,5194.913374117208,923.3871843333334,29945.490721417184,3518.600361293981,3667.2269415277774
2025-10-26,6+18,55260.370748898305,52096.47080330986,409.7023575929003,0.0,2754.197587995548,606.252599097219,12179.124841849953,3667.2269415277774,4852.26321856745
2025-10-27,6+18,54377.63393187233,46788.656204903,5064.313806969588,0.0,2524.6639199997417,575.0309821666676,9559.087635409825,4852.26321856745,5658.544975325607
2025-10-28,6+18,52795.532808370015,46416.05025933296,4582.176430628255,0.0,1797.3061184088,382.60550487500035,10933.226510458335,5658.544975325607,1200.0000000000007
2025-10-29,6+18,59789.18260485235,54162.830430065784,1011.3958778513438,0.0,4614.956296935225,916.3303265555562,7715.209294157748,1200.0000000000007,5142.746540939352
2025-10-30,6+18,53399.42914952789,46983.78993095025,1928.0938212042315,0.0,4487.545397373404,1022.8189085555557,9865.966425473249,5142.746540939352,1200.0000000000011
2025-10-31,6+18,28971.79295254786,24039.027584267482,0.0,0.0,4932.765368280379,868.4461410416674,27732.96572272222,1200.0000000000011,2908.230269860193
2025-11-01,6+18,27418.67159164478,21564.163004082315,518.0229098375069,0.0,5336.485677724959,1377.865142,17601.277140752398,2908.230269860193,10800.0
2025-11-02,6+18,57296.956574517935,49219.25436573865,5097.532531375082,0.0,2980.169677404209,631.3459833333336,10824.490339674894,10800.0,4561.7155484148225
2025-11-03,6+18,58290.14070096193,56248.95249096562,661.7865535226731,0.0,1379.4016564736344,434.45336984722167,9913.34086454098,4561.7155484148225,5949.542376145831
2025-11-04,6+18,58750.85196742581,51274.58376679673,3014.292218307042,0.0,4461.975982322043,939.0979272916647,8456.101140083336,5949.542376145831,6559.168698629627
2025-11-05,6+18,59727.85764978291,57971.93000019494,221.00435672145895,0.0,1534.9232928665165,445.9462986250005,12558.110913952842,6559.168698629627,5871.4079126060215
2025-11-06,6+18,60272.686497271236,54978.73486189923,3116.684076948334,0.0,2177.2675584236677,542.5546602500002,13166.821748062759,5871.4079126060215,1200.0000000000005
2025-11-07,6+18,27167.636868199614,23876.71989294157,0.0,0.0,3290.9169752580415,574.3736777083333,27451.47196462551,1200.0000000000005,2515.0331979166644
2025-11-08,6+18,27469.10121852435,25232.35964589956,0.0,0.0,2236.7415726247896,396.5372308333329,31190.49807878292,2515.0331979166644,2585.223857095373
2025-11-09,6+18,60044.45181470742,58303.84374160189,825.24992715184,0.0,915.3581459536892,266.13942888888903,8555.337055061043,2585.223857095373,5971.71281925
2025-11-10,6+18,64583.003507432644,58526.24135500513,4369.984697413436,0.0,1686.777455014083,413.8411842361111,10571.750067151397,5971.71281925,5519.938664068373
2025-11-11,6+18,61402.30093654701,60361.080825433404,272.71084626960135,0.0,768.5092648440125,179.24684305555536,17116.780018618316,5519.938664068373,1200.0
2025-11-12,6+18,64895.46099622408,59343.062271947725,4237.8948891188265,0.0,1314.503835157528,280.89584073611275,12231.669313805554,1200.0,5780.099875725003
2025-11-13,6+18,60286.141966636635,56109.161902925116,3153.3787791953555,0.0,1023.6012845161601,276.98943447222234,12715.246950630144,5780.099875725003,1199.9999999999995
2025-11-14,6+18,28385.351697658843,25852.282735805427,0.0,0.0,2533.0689618534143,448.90643449999965,26314.862721527777,1199.9999999999995,3312.26557730787
2025-11-15,6+18,32675.009099085135,28444.62503196325,661.9233100893841,0.0,3568.4607570325015,894.6193147500003,25422.134198490407,3312.26557730787,10800.0
2025-11-16,6+18,61807.025284105475,55806.11207023465,4606.819773878202,0.0,1394.0934399926155,353.5002399444436,9019.061054694448,10800.0,5934.270306900462
2025-11-17,6+18,64868.28231885247,55616.94893061672,8310.409332661955,0.0,940.924055573792,303.00654858333337,16798.34675533333,5934.270306900462,1200.0000000000002
2025-11-18,6+18,63854.612252188745,61308.92508797602,1024.2367996215398,0.0,1521.4503645911861,411.2796304861107,6542.970401609568,1200.0000000000002,5967.1960063125
2025-11-19,6+18,69313.7048791646,58760.50228592094,9303.473680851865,0.0,1249.7289123917897,398.92920124999966,11690.049632249998,5967.1960063125,5970.670376467593
2025-11-20,6+18,61810.83925232001,57248.3019282743,3703.883070866506,0.0,858.654253179207,225.0008798333331,12602.400300925927,5970.670376467593,1200.000000000001
2025-11-21,6+18,28082.13347432778,26687.473765953415,180.31957450644612,0.0,1214.3401338679175,217.48051300000014,25940.171306708333,1200.000000000001,2512.2476278333356
2025-11-22,6+18,32482.43868129152,29566.523896712708,0.0,0.0,2915.914784578815,522.6730595833338,31792.57053587534,2512.2476278333356,2692.120618104169
2025-11-23,6+18,67553.07393044535,60098.6288007637,6184.070545668181,0.0,1270.3745840134595,345.9952047500002,9368.738897416668,2692.120618104169,5994.4474888125
2025-11-24,6+18,62363.98349963443,57792.62197489101,3212.93409964046,0.0,1358.427425102967,339.53094416666556,12932.927438582305,5994.4474888125,1200.0
2025-11-25,6+18,70097.62693557814,69130.77753168793,45.54276572459368,0.0,921.3066381656233,304.77378172222177,14207.800087448044,1200.0,5997.73745625
2025-11-26,6+18,66700.5260940814,63280.01423355797,2493.5454459286057,0.0,926.966414594812,252.47085183333309,10663.230480896102,5997.73745625,5626.370065773139
2025-11-27,6+18,65536.28132152115,61183.451779935654,3628.3800156126144,0.0,724.449525972872,171.19677129166632,14768.439068699083,5626.370065773139,1200.000000000001
2025-11-28,6+18,30450.834015983823,27924.138210539175,0.0,0.0,2526.6958054446463,448.65938191666675,27142.419098448052,1200.000000000001,2411.9377505833363
2025-11-29,6+18,36492.78996000151,33900.41676543871,0.0,0.0,2592.373194562794,464.3928107500004,34304.01137812379,2411.9377505833363,2390.307469437502
2025-11-30,6+18,71717.10577870581,65408.936136618526,5242.139326962835,0.0,1066.0303151244489,290.26995458333374,9519.289605855465,2390.307469437502,5477.621866133322
2025-12-01,6+18,87604.66562154167,71656.05961228666,9674.389460271828,0.0,6274.2165489831805,2221.6404204027776,15483.347778902778,5477.621866133322,1200.0
2025-12-02,6+18,92607.69318692984,77975.42929981733,9330.38537183011,0.0,5301.878515282401,1934.5949271666682,11289.116039083334,1200.0,5880.39546075
2025-12-03,6+18,89757.08117537596,66345.27858192926,18985.468946697678,0.0,4426.33364674903,1636.067063027778,10160.230334277774,5880.39546075,6172.267329969452
2025-12-04,6+18,86245.49147056433,73515.77852975325,8013.179467885169,0.0,4716.533472925905,1691.8892152222224,15764.681160211594,6172.267329969452,1200.0000000000002
2025-12-05,6+18,35741.33661033432,35361.466199505114,0.0,0.0,379.87041082920746,87.82024358333308,24665.115635124996,1200.0000000000002,2521.4122043481466
2025-12-06,6+18,38357.20173751898,37516.91836230602,0.0,0.0,840.2833752129586,317.1641364999998,21674.379611907407,2521.4122043481466,6029.7329045888955
2025-12-07,6+18,83690.57423521833,77004.58295376325,4456.9209154598575,0.0,2229.070365995207,821.7812709999996,11653.2963328131,6029.7329045888955,6450.000000000002
2025-12-08,6+18,86122.8946763686,77327.40809377917,7295.385261835588,0.0,1500.101320753832,542.9570769166662,18895.166932893513,6450.000000000002,1200.0000000000005
2025-12-09,6+18,82565.75039729638,78271.3704595534,3352.332653373237,0.0,942.0472843697299,356.13552043055574,15724.900273143528,1200.0000000000005,1200.0000000000014
2025-12-10,6+18,88072.19618357779,75981.48886984169,11167.443400522903,0.0,923.2639132132052,359.16864119444335,16213.75883659465,1200.0000000000014,1200.0000000000014
2025-12-11,6+18,80812.76893019561,77334.03157574355,2899.221199718815,0.0,579.5161547332491,212.77072620833292,16526.25664486523,1200.0000000000014,1199.9999999999995
2025-12-12,6+18,38229.09912255107,37824.43572228934,199.43581749060712,0.0,205.22758277112518,29.847703000000024,26112.94702283333,1199.9999999999995,2143.4807577430556
2025-12-13,6+18,41695.25493855154,38752.666741316476,2071.397388272104,0.0,871.1908089629596,287.01029208333347,25633.743397802995,2143.4807577430556,5455.852408149069
2025-12-14,6+18,83940.25644575196,73024.82822995068,10554.337162921365,0.0,361.0910528799164,126.57103529166636,14483.345489206793,5455.852408149069,1200.0
2025-12-15,6+18,89860.5256447479,76200.1653971442,13511.4355071325,0.0,148.9247404712075,56.95514779166626,10860.096813458338,1200.0,8550.0
2025-12-16,6+18,80070.37360800769,77577.0558224859,2404.166738852582,0.0,89.15104666920551,31.883391166665888,15117.336392741774,8550.0,1200.0000000000014
2025-12-17,6+18,83683.7786992001,81739.97792543769,1431.6386786452877,0.0,512.162095117126,157.69880375000014,11635.022941069623,1200.0000000000014,5980.271653500001
2025-12-18,6+18,82683.27624560792,74429.59696361306,7741.369827702518,0.0,512.309454292333,207.38685837499986,16893.81447517592,5980.271653500001,1200.0000000000018
2025-12-19,6+18,39532.474311983264,37698.70019486901,0.0,0.0,1833.7741171142525,287.59739941666703,25960.25920958334,1200.0000000000018,2598.0046109219156
2025-12-20,6+18,40868.276781340035,38569.74916466564,0.0,0.0,2298.527616674391,612.2922988246052,27940.647419360597,2598.0046109219156,4158.311552183808
2025-12-21,6+18,84006.34462530506,78387.63111211642,5045.667084614444,0.0,573.046428574208,131.67050566666637,9694.00962847222,4158.311552183808,9450.000000000002
2025-12-22,6+18,79854.95358236042,76176.19634580654,3017.6796715693195,0.0,661.0775649845621,153.30769595833317,15156.329954672845,9450.000000000002,1200.0000000000014
2025-12-23,6+18,82531.12449018138,81649.72659637978,505.2884465990057,0.0,376.10944720258925,63.10442933333411,17423.144270272976,1200.0000000000014,1200.000000000001
2025-12-24,6+18,81669.77760932794,80474.6382935041,589.9229414311764,0.0,605.2163743926596,114.64780937499893,15536.14804485031,1200.000000000001,1200.0000000000005
2025-12-25,6+18,79490.63707602146,76855.19516250995,2014.636988451433,0.0,620.8049250600886,141.74939783333423,13134.487493856479,1200.0000000000005,1200.0000000000014
2025-12-26,6+18,39663.00108240665,38717.06095706248,0.0,0.0,945.9401253441697,157.0550771666671,26931.49816256482,1200.0000000000014,3429.247848148146
2025-12-27,6+18,40500.20178153747,38298.03254651683,0.0,0.0,2202.1692350206467,464.21835295833336,28449.19254039164,3429.247848148146,3780.201661718053
2025-12-28,6+18,81550.56482950848,77859.4543016552,3053.611302023788,0.0,637.4992258295013,122.46725595833334,10828.919290484055,3780.201661718053,8700.000000000004
2025-12-29,6+18,80326.65233340382,74182.97759624259,5498.856714135636,0.0,644.818023025603,149.99678733333326,11381.16150025,8700.000000000004,8054.11477674306
2025-12-30,6+18,78393.44790253982,74465.55508401048,3725.5941689641418,0.0,202.29864956518713,49.876331249999794,11123.568818388896,8054.11477674306,8550.000000000004
2025-12-31,6+18,78435.20020208076,75886.62838165756,1497.27150713377,0.0,1051.3003132894216,276.34159716666693,8819.632287666669,8550.000000000004,7954.458621750001
2025-02-01,12+18,35811.34898431849,30156.646193904548,274.72100315681246,0.0,5379.981787257126,1415.6110025416665,19859.735055897123,1570.5678238379617,10800.0
2025-02-02,12+18,63894.30363562608,60976.18447260637,98.2913513868691,0.0,2819.827811632836,478.21326756944484,9824.775476795792,10800.0,4972.8259164898145
2025-02-03,12+18,69680.58538097866,66051.37870850228,0.0,0.0,3629.2066724763927,690.2520753749993,7638.096587280179,4972.8259164898145,6557.123079993051
2025-02-04,12+18,71737.95182571662,66931.54399353379,84.5297574209569,0.0,4721.878074761876,889.9236681666677,14439.50553698663,6557.123079993051,1199.9999999999995
2025-02-05,12+18,71469.53068074519,64253.198242338054,0.0,0.0,7216.332438407128,1572.6737446805546,4496.424505456098,1199.9999999999995,5817.592957267448
2025-02-06,12+18,71755.45322759783,66686.08618621208,153.31221606704102,0.0,4916.054825318694,939.6402594166678,15184.318234435703,5817.592957267448,1200.0000000000005
2025-02-07,12+18,33276.44148499981,28628.67756078839,0.0,0.0,4647.763924211414,838.6890853749995,29312.03397580247,1200.0000000000005,1646.7789285416675
2025-02-08,12+18,29668.55886030781,24353.64346497658,0.0,0.0,5314.915395331232,952.4954262083338,21312.386505430037,1646.7789285416675,1955.4965229444451
2025-02-09,12+18,66817.69453491103,63668.529489028195,553.2658091874698,0.0,2595.8992366953726,501.68953656481455,4921.488446733203,1955.4965229444451,6131.945666840117
2025-02-10,12+18,59945.80142240683,56353.45684018602,0.0,0.0,3592.3445822208096,712.6091500277801,6506.932690418393,6131.945666840117,5445.061425468972
2025-02-11,12+18,67911.57037522327,58136.60382715083,112.76606459918276,0.0,9662.200483473243,1942.6884541805566,7413.411530652265,5445.061425468972,5861.551550598921
2025-02-12,12+18,66553.66573612386,57403.80024499894,66.53843836525864,0.0,9083.32705275966,1751.1625024583304,6284.186589803148,5861.551550598921,6242.847583125002
2025-02-13,12+18,56222.661071968876,51887.31014143571,312.14977747815306,0.0,4023.2011530550117,817.4277961527797,9539.879572597227,6242.847583125002,1199.9999999999995
2025-02-14,12+18,28844.473859304606,24155.12725218481,0.0,0.0,4689.3466071197945,849.4921061666671,23048.32713118518,1199.9999999999995,1792.4308921851875
2025-02-15,12+18,29004.24290896897,24576.80864599231,0.0,0.0,4427.434262976656,809.6953009861106,24229.27274542078,1792.4308921851875,1869.5255777777784
2025-02-16,12+18,70017.10508387494,59014.40705428403,143.68566079089013,0.0,10859.012368800017,2203.4528103976354,7866.603948023668,1869.5255777777784,4826.507801936106
2025-02-17,12+18,67140.93217005042,56527.7844246238,47.942941892052616,0.0,10565.204803534572,2190.246870680558,11722.528414208511,4826.507801936106,4768.843894731015
2025-02-18,12+18,64881.42786859914,48496.65692832816,722.7785512867574,0.0,15661.992388984225,3472.937471999997,6994.280361583331,4768.843894731015,1200.0000000000005
2025-02-19,12+18,64959.5211967503,50694.42906715464,1160.8190151515091,0.0,13104.273114444146,3011.572392337961,1113.4910732165536,1200.0000000000005,5837.709193842601
2025-02-20,12+18,60783.59009063806,50904.76930984528,0.0,0.0,9878.820780792783,1999.3573200138885,9267.062020691192,5837.709193842601,1199.9999999999995
2025-02-21,12+18,25519.803928446716,21793.970932140917,0.0,0.0,3725.8329963058004,706.0410465000018,21061.17170385905,1199.9999999999995,1946.3011509861142
2025-02-22,12+18,26137.48502667697,22166.424228407,0.0,0.0,3971.060798269973,736.2844913194446,19872.29520834705,1946.3011509861142,1909.3292873750001
2025-02-23,12+18,70945.42357053969,50633.36090861012,0.0,0.0,20312.062661929573,4192.064968625,4796.898369540749,1909.3292873750001,4740.022121362039
2025-02-24,12+18,63773.58461263936,47418.464591925906,86.96518078606779,0.0,16268.15483992739,3786.0365780833313,4941.819181954383,4740.022121362039,4108.040812663894
2025-02-25,12+18,60575.74579493648,47864.566123543176,7.5795338891662265,0.0,12703.600137504136,2825.814950958333,11728.709124812249,4108.040812663894,1231.0419749999987
2025-02-26,12+18,69797.92055335068,44695.96132541381,2692.280520701958,0.0,22409.678707234914,5002.836549930553,1551.4369159159753,1231.0419749999987,5425.532994552474
2025-02-27,12+18,62952.85993254139,42887.894439734184,549.7513610272085,0.0,19515.214131779998,4014.2834800555556,6661.870227666666,5425.532994552474,1200.0000000000016
2025-02-28,12+18,23945.464092686656,20041.23515336978,0.0,0.0,3904.228939316874,876.370535777774,20546.313868142483,1200.0000000000016,1689.7066406597244
2025-03-01,12+18,29334.06176000314,22306.92464314644,0.0,0.0,7027.137116856698,1370.8973028749992,28233.53505137757,1689.7066406597244,1200.0000000000005
2025-03-02,12+18,74384.17191633712,51882.10908826615,236.1611855575887,0.0,22265.90164251337,4508.65771108333,6436.943581914944,1200.0000000000005,4200.64534078565
2025-03-03,12+18,71440.4570466189,52164.65166237826,424.56988277750764,0.0,18851.235501463143,3873.4698381388894,9563.367974328374,4200.64534078565,3438.2572059274635
2025-03-04,12+18,67488.07794917669,45791.99013459336,168.3769826313707,0.0,21527.710831951947,4913.416869861105,6716.455587283939,3438.2572059274635,1199.9999999999989
2025-03-05,12+18,65567.06864853197,48262.53295543992,141.821557160227,0.0,17162.71413593182,3513.909603069443,9774.624793603223,1199.9999999999989,3361.597116549528
2025-03-06,12+18,63742.616485518985,43952.17385753966,192.85388247300122,0.0,19597.588745506328,4184.182680194443,7910.284012827157,3361.597116549528,1200.0000000000007
2025-03-07,12+18,25556.60396631706,21259.097299634348,0.0,0.0,4297.5066666827115,808.9819639583341,25801.034998862142,1200.0000000000007,1370.4924473194471
2025-03-08,12+18,23514.979934340994,19291.51827484424,0.0,0.0,4223.461659496756,819.9303350138887,23447.398630327163,1370.4924473194471,1647.961622861111
2025-03-09,12+18,62042.17088132192,46565.17690946655,219.0576244573771,0.0,15257.936347398,3092.4651660833365,11451.202033642672,1647.961622861111,2893.614448748144
2025-03-10,12+18,68324.11235153847,44970.14077665158,151.60818726530687,0.0,23202.363387621586,4899.19855669444,4820.734449223762,2893.614448748144,3037.8223141296353
2025-03-11,12+18,73045.50124328304,39405.74372356682,1083.8933407725015,0.0,32555.864178943717,7439.13310436111,6791.7650355277765,3037.8223141296353,1200.0000000000014
2025-03-12,12+18,58635.82460871097,45992.09021055167,210.8635020895992,0.0,12432.870896069706,2676.9654285416655,9595.360780573043,1200.0000000000014,3398.3779861412077
2025-03-13,12+18,58467.71035718023,45727.33541065022,1182.2272807918007,0.0,11558.14766573821,2412.227346152776,7348.567867652776,3398.3779861412077,1200.0000000000007
2025-03-14,12+18,22289.561831502197,18940.097695847824,0.0,0.0,3349.4641356543734,625.8890033472205,26000.733546095165,1200.0000000000007,1463.45205952083
2025-03-15,12+18,22520.65434210694,19019.819827264175,0.0,0.0,3500.8345148427643,661.2585266111112,21143.466256041153,1463.45205952083,1648.4572614999993
2025-03-16,12+18,57898.3328499315,43848.40402602955,74.78214977039764,0.0,13975.146674131554,3101.1859326249987,8206.156108130142,1648.4572614999993,1200.0
2025-03-17,12+18,54290.34361578532,39804.67208914041,420.11890631725527,0.0,14065.552620327653,3050.11349236111,8760.489658130657,1200.0,2175.7114656324093
2025-03-18,12+18,54741.88047471695,45806.41077286903,102.13600870681579,0.0,8833.3336931411,1869.409635541668,13463.746265052978,2175.7114656324093,1200.000000000001
2025-03-19,12+18,58976.48927099141,37891.31054447501,2203.2822056918517,0.0,18881.896520824554,4508.472826444446,6812.88733971399,1200.000000000001,1563.7198355824094
2025-03-20,12+18,68591.7292203759,43428.683236295416,50.577690441124616,0.0,25112.468293639355,5660.564016555554,11399.0630715823,1563.7198355824094,1199.9999999999995
2025-03-21,12+18,22048.01672218815,17839.62221337207,0.0,0.0,4208.394508816082,781.0741364999999,28163.877566925927,1199.9999999999995,1728.783322569444
2025-03-22,12+18,20940.58437182283,18473.89387768546,0.0,0.0,2466.6904941373714,440.18004445833276,24579.33985152109,1728.783322569444,1942.3080486111105
2025-03-23,12+18,49726.867972789354,43042.65195288892,21.368763156875357,0.0,6662.847256743558,1556.4918127777778,11815.516590283261,1942.3080486111105,1200.0000000000005
2025-03-24,12+18,47990.704539967825,40774.46801412567,822.702539665648,0.0,6393.533986176508,1562.7536210416665,8368.443670582132,1200.0000000000005,1909.3753314084854
2025-03-25,12+18,54281.59688312154,45187.692643945185,208.93923191612518,0.0,8884.965007260234,2137.986097222224,13588.015778741079,1909.3753314084854,1200.0000000000002
2025-03-26,12+18,54623.44796597154,39589.530159680464,134.66713095432846,0.0,14899.250675336745,3419.8107176805534,9661.844562177983,1200.0000000000002,1761.0866714120332
2025-03-27,12+18,50571.410276589035,41121.63639912827,0.0,0.0,9449.773877460766,2336.323833458329,9832.179969346187,1761.0866714120332,1200.0
2025-03-28,12+18,21176.792838988393,18043.440894682783,0.0,0.0,3133.3519443056093,546.8601872500009,28993.163974820814,1200.0,2047.1960052353425
2025-03-29,12+18,20289.08598222421,16853.157659265336,0.0,0.0,3435.928322958872,611.6494441388883,30376.251280284978,2047.1960052353425,2148.5007348842623
2025-03-30,12+18,52122.92974717569,39102.27369637078,263.52219866312817,0.0,12757.133852141782,3125.827223388886,12345.528543067903,2148.5007348842623,1998.0825663398164
2025-03-31,12+18,57351.139620240276,35336.225067960244,1322.9623081771927,0.0,20691.95224410284,5185.394502638887,6113.49193988306,1998.0825663398164,1451.9326566052466
2025-04-01,12+18,52580.20251630969,43351.96723810568,677.5815726724887,0.0,8550.653705531518,2154.9385893611116,9891.960526859057,1451.9326566052466,2233.5919286166627
2025-04-02,12+18,51542.91319520816,39968.16811786637,1385.1600232215392,0.0,10189.585054120245,2451.612687833331,7627.919023183127,2233.5919286166627,1761.6746510796315
2025-04-03,12+18,47785.12058372538,41863.58691403225,114.25015078953092,0.0,5807.283518903603,1420.235773888887,12084.113258663583,1761.6746510796315,1200.0000000000014
2025-04-04,12+18,20140.286646319077,16684.339032905908,0.0,0.0,3455.94761341317,620.3060616666673,31451.52193033848,1200.0000000000014,1927.5154796296292
2025-04-05,12+18,21445.926317694826,16484.3855195773,0.0,0.0,4961.540798117527,1288.5950590833327,26274.62557699176,1927.5154796296292,1633.762107407411
2025-04-06,12+18,46157.34210058287,38627.95731275154,833.2726014844452,0.0,6696.112186346883,1584.3856549861114,10143.562747780354,1633.762107407411,1733.1499446970668
2025-04-07,12+18,44615.31663561517,33983.4671442526,3454.937307259953,0.0,7176.9121841026135,1847.368181305556,6648.580816631693,1733.1499446970668,2260.251338754622
2025-04-08,12+18,49741.82378057063,38755.86027766987,112.77716550124666,0.0,10873.186337399518,2425.2543584722202,11891.722542879628,2260.251338754622,1200.0
2025-04-09,12+18,56909.549622540595,38745.17885941929,139.01236296201233,0.0,18025.35840015929,4397.47357736111,7702.607834796815,1200.0,1200.0000000000002
2025-04-10,12+18,49532.44349979084,38571.18690362564,10.919079098502136,0.0,10950.337517066695,2463.2990167499997,9253.136969853225,1200.0000000000002,1200.000000000001
2025-04-11,12+18,19100.579614145227,15917.36764997618,0.0,0.0,3183.211964169045,606.7888814166674,30855.377991543202,1200.000000000001,1856.368308409261
2025-04-12,12+18,18916.074096185865,16590.7492744088,0.0,0.0,2325.3248217770642,434.85284679166693,29217.819801589158,1856.368308409261,1702.3622253518538
2025-04-13,12+18,46770.87061166392,36062.00880183064,1351.6394936196673,0.0,9357.22231621361,2175.5496969305555,6740.665819015606,1702.3622253518538,1941.1287386748447
2025-04-14,12+18,48272.32136904741,37829.77489141494,337.4008602424987,0.0,10105.145617389968,2521.421884472221,10625.686558658432,1941.1287386748447,2385.573212664815
2025-04-15,12+18,44161.07322411213,32444.394718984837,1605.8594130489296,0.0,10110.819092078356,2388.8787071388892,7016.316943842242,2385.573212664815,2116.8901044919844
2025-04-16,12+18,44912.52026610693,36549.96224007185,1853.2829087429132,0.0,6509.275117292165,1596.038464819444,7674.130022520573,2116.8901044919844,1199.9999999999995
2025-04-17,12+18,53259.09916706258,34118.19567746103,441.6851583441868,0.0,18699.218331257358,4437.345880722225,6777.8817516656345,1199.9999999999995,1200.0000000000014
2025-04-18,12+18,20463.755201341613,15890.80400340105,0.0,0.0,4572.9511979405615,930.8678683611097,30057.83991998148,1200.0000000000014,2192.058461111113
2025-04-19,12+18,18928.441510588444,15294.135673825984,0.0,0.0,3634.3058367624585,664.4171789444433,29132.23406916118,2192.058461111113,2221.241007407403
2025-04-20,12+18,44921.34180783628,34128.20515546171,3209.5222091053497,0.0,7583.614443269224,1795.3183506388891,8840.920902854941,2221.241007407403,1200.0
2025-04-21,12+18,45376.45978548777,35616.859923282405,505.4061739859385,0.0,9254.19368821943,2208.340747777774,11771.42224667455,1200.0,2795.9534711503097
2025-04-22,12+18,46348.06390387923,32596.88427532871,3895.724021971303,0.0,9855.455606579215,2723.096307611113,6743.525165294589,2795.9534711503097,2746.694198727463
2025-04-23,12+18,47479.23352761536,31752.278425751,4005.9522772627797,0.0,11721.002824601575,3217.3771395972194,8290.225084410496,2746.694198727463,1200.0000000000002
2025-04-24,12+18,41596.80948143638,32775.04837253674,2626.4015631233315,0.0,6195.359545776307,1565.234728638888,10336.117078964506,1200.0000000000002,1199.9999999999998
2025-04-25,12+18,19517.49287155675,15279.184141389134,0.0,0.0,4238.308730167615,756.8938373194438,33900.81005536419,1199.9999999999998,1909.6115388888877
2025-04-26,12+18,19867.08234747771,15152.49930961651,0.0,0.0,4714.583037861199,841.5531669999982,35549.798672688776,1909.6115388888877,2040.1622148148124
2025-04-27,12+18,50444.733395954165,31394.399423733295,720.3665336976685,0.0,18329.9674385232,4324.2469255833275,6676.024854797836,2040.1622148148124,2347.582636481947
2025-04-28,12+18,49697.95494325874,37579.50956725249,408.7663643883369,0.0,11709.679011617915,2501.4609317638865,7176.77929526269,2347.582636481947,2490.08894833333
2025-04-29,12+18,43083.650495126785,31748.341243615425,1611.9759890747778,0.0,9723.333262436576,2190.4750119027767,8856.364303986804,2490.08894833333,1699.97014022438
2025-04-30,12+18,48997.311637734994,31100.5333238927,282.0919107007792,0.0,17614.686403141517,4638.192954555554,6863.283845233207,1699.97014022438,1967.881343965118
2025-05-01,12+18,58081.90522824046,32992.36964611903,330.2830134603752,0.0,24759.25256866106,5123.699966499999,6943.374668922844,1967.881343965118,1200.0000000000011
2025-05-02,12+18,26209.294667450227,17224.11252100076,0.0,0.0,8985.182146449468,1628.9526211388877,23884.42639652572,1200.0000000000011,2139.0434333333314
2025-05-03,12+18,25596.02737732873,15815.33606408723,0.0,0.0,9780.6913132415,1719.4813092777777,28405.680143475307,2139.0434333333314,1969.8290925925949
2025-05-04,12+18,53638.62069625884,35173.86069952093,618.6989986531955,0.0,17846.060998084715,3991.488497027777,8267.931303022458,1969.8290925925949,2089.3795424354967
2025-05-05,12+18,55128.5264100902,36653.605853877816,325.80289890384256,0.0,18149.117657308536,4231.313962388882,7106.8842529018975,2089.3795424354967,1622.7182590271666
2025-05-06,12+18,59548.208136804315,33105.80249146455,2408.654873709883,0.0,24033.75077162988,5525.276016263889,5866.090498503245,1622.7182590271666,1997.048666975316
2025-05-07,12+18,58026.50214681458,35263.38940015523,1858.6890877279143,0.0,20904.42365893143,4899.409838027774,6978.911270002058,1997.048666975316,1466.14351609537
2025-05-08,12+18,48501.84499374409,38012.52610878663,1110.4281048646708,0.0,9378.890780092785,1984.9244009027784,8224.166864458326,1466.14351609537,1200.000000000005
2025-05-09,12+18,21579.196772339354,17027.318959883458,0.0,0.0,4551.877812455895,807.9963854583333,29320.74462885064,1200.000000000005,1733.8477302785527
2025-05-10,12+18,22133.759966503836,17006.88825672414,0.0,0.0,5126.871709779695,916.8793278611115,25512.14867911248,1733.8477302785527,1819.5013922481498
2025-05-11,12+18,48655.89798993947,36882.63907610223,1420.3206578588808,0.0,10352.938255978363,2205.2502060833285,7390.33941480144,1819.5013922481498,1200.0000000000002
2025-05-12,12+18,49855.57848354221,33930.26940786638,3925.274664088419,0.0,12000.03441158741,2799.4395401527754,7296.567623870371,1200.0000000000002,1307.3984008111106
2025-05-13,12+18,45670.806416071806,38217.02881533392,2188.095421722039,0.0,5265.682179015845,1121.4039315833336,12041.642243743314,1307.3984008111106,1200.0000000000002
2025-05-14,12+18,50989.14658437182,38052.32474605732,48.05178172062807,0.0,12888.770056593869,3026.517217837965,10483.141387970682,1200.0000000000002,1200.0000000000014
2025-05-15,12+18,48820.23031478831,38789.58358415953,155.39805379616539,0.0,9875.248676832605,2622.029858402774,9202.992863762345,1200.0000000000014,1200.0000000000014
2025-05-16,12+18,19878.524313775084,17641.178703331014,0.0,0.0,2237.34561044407,395.8453665277779,35075.038625474284,1200.0000000000014,1633.3559718833299
2025-05-17,12+18,21801.092175372065,17595.09259554778,0.0,0.0,4205.999579824285,719.9728665833345,27530.652248778802,1633.3559718833299,1719.684424925003
2025-05-18,12+18,43402.25276420533,40025.030766640804,713.1119859291086,0.0,2664.1100116354246,807.480244222221,12159.113546139233,1719.684424925003,1200.0000000000005
2025-05-19,12+18,41887.662371360784,36603.447208399826,1017.6998274049782,0.0,4266.515335555985,915.5167303055556,12542.952391304008,1200.0000000000005,1501.6981166685216
2025-05-20,12+18,45804.432303121735,36160.97240583417,3861.311452789418,0.0,5782.148444498143,1341.5605336666667,8590.475469924382,1501.6981166685216,1199.9999999999995
2025-05-21,12+18,48629.12833812831,35380.540025400085,2086.0489080463667,0.0,11162.539404681856,2741.1607126944436,8170.967274361112,1199.9999999999995,1200.000000000001
2025-05-22,12+18,44163.96919978333,37235.61303525054,1773.5495249189312,0.0,5154.806639613851,1644.5850539027754,10788.865545969136,1200.000000000001,1200.0000000000002
2025-05-23,12+18,19054.459062375463,17593.554035971592,0.0,0.0,1460.9050264038706,254.03092749999922,30859.032746440666,1200.0000000000002,1903.9562499351857
2025-05-24,12+18,19083.1069627218,18134.5002081772,0.0,0.0,948.6067545445998,167.2272926666659,34483.613027248975,1903.9562499351857,1548.6274615046268
2025-05-25,12+18,41492.29668206439,37631.50573845375,1032.9553767531545,0.0,2827.8355668574845,741.5553180416666,13234.111685466045,1548.6274615046268,1199.9999999999993
2025-05-26,12+18,50974.34848664077,36825.306323801466,2711.5341344777958,0.0,11437.508028361499,2920.5466073472207,9411.126550097224,1199.9999999999993,1200.0000000000007
2025-05-27,12+18,47840.32519157067,35250.40165411915,1745.8564338220463,0.0,10844.067103629475,2595.3971133749988,9925.1730443215,1200.0000000000007,1200.0000000000011
2025-05-28,12+18,41897.685774948746,39320.77874960708,1580.2001370888531,0.0,996.7068882528087,356.9987915000008,11933.022321089506,1200.0000000000011,1200.000000000002
2025-05-29,12+18,46324.398321406836,39220.80871363442,2194.7624940731166,0.0,4908.827113699297,1297.5598720277758,11310.32700331173,1200.000000000002,1199.9999999999993
2025-05-30,12+18,18902.853866434572,18812.808846849864,0.0,0.0,90.04501958470837,28.434165749999977,32272.097777118317,1199.9999999999993,1558.0710983888885
2025-05-31,12+18,20283.670798923915,19493.272110268146,0.0,0.0,790.3986886557691,187.60980637499966,33173.300635976855,1558.0710983888885,1827.423942129629
2025-06-01,12+18,75065.53074961132,54226.818017062935,1202.0944109157065,0.0,19636.61832163269,4629.375534516628,11221.598619878603,1827.423942129629,1858.865540793209
2025-06-02,12+18,69325.46010090479,55012.27561009907,1806.9791277922632,0.0,12506.205363013458,3135.256121944444,14101.220760226683,1858.865540793209,2276.401692438275
2025-06-03,12+18,64195.71868055934,50413.48341997537,2581.302944553936,0.0,11200.932316030037,2735.2592966944458,10173.077256890265,2276.401692438275,1200.0000000000002
2025-06-04,12+18,69430.78434554335,60283.73660126378,1919.7117837616788,0.0,7227.335960517882,2312.468484069443,19352.86315230967,1200.0000000000002,1200.0000000000002
2025-06-05,12+18,64937.0362862326,53505.89192615018,5162.882938988978,0.0,6268.261421093443,1745.164405458332,10733.415139740742,1200.0000000000002,1200.0000000000002
2025-06-06,12+18,30878.90177694171,29207.7946740446,0.0,0.0,1671.1071028971126,298.64261630761257,25455.44507128498,1200.0000000000002,1199.9999999999993
2025-06-07,12+18,33513.697873558966,31736.14112595059,0.0,0.0,1777.5567476083752,328.85701316666683,31232.110067398837,1199.9999999999993,1439.6495149537045
2025-06-08,12+18,60577.0085144713,53349.70512051307,4145.808561984606,0.0,3081.494831973622,795.2023058333326,16591.88532798611,1439.6495149537045,1200.0000000000002
2025-06-09,12+18,65540.52782564863,61781.8392689511,1053.3552071332178,0.0,2705.3333495643105,882.9635661111092,17009.381871887348,1200.0000000000002,1200.0000000000002
2025-06-10,12+18,64580.31548850453,57734.78817661004,4214.522368517535,0.0,2631.0049433769536,785.6653879444438,13711.145165913578,1200.0000000000002,1200.0000000000002
2025-06-11,12+18,68337.9753152536,63426.45055201925,831.0049810450963,0.0,4080.519782189264,978.7505975416665,12748.654268001721,1200.0000000000002,1200.0000000000002
2025-06-12,12+18,64797.42928654579,62030.89311183378,1748.6708544739963,0.0,1017.8653202380185,349.51630516666603,15554.5534994141,1200.0000000000002,1200.0000000000002
2025-06-13,12+18,31086.46279632733,30225.844229751376,0.0,0.0,860.6185665759567,138.65494866666643,30237.18920676372,1200.0000000000002,1199.9999999999995
2025-06-14,12+18,32095.889611314065,31376.90071003975,0.0,0.0,718.9889012743147,124.0066259722214,34038.56888792456,1199.9999999999995,1199.999999999999
2025-06-15,12+18,64146.959620316244,59399.584300276816,2154.18344977486,0.0,2593.191870264571,594.3748122500002,15156.925076203705,1199.999999999999,1200.0000000000002
2025-06-16,12+18,64626.73649508176,62573.46958606361,841.5563751041367,0.0,1211.7105339140082,349.5941893194448,14833.186307980803,1200.0000000000002,1200.0000000000002
2025-06-17,12+18,66534.34866834148,64173.492570175425,958.0703470331132,0.0,1402.7857511329446,373.1804208055555,15092.350165111107,1200.0000000000002,1200.0000000000002
2025-06-18,12+18,66197.15179902758,64545.747135216996,660.6844589754359,0.0,990.7202048351517,299.88056316666615,19374.438606644544,1200.0000000000002,1263.0971787037035
2025-06-19,12+18,66937.90861255926,59594.24541850606,6752.049628656843,0.0,591.6135653963627,177.4884528333332,22071.58148119908,1263.0971787037035,1200.0000000000002
2025-06-20,12+18,30432.967927401463,30390.410283401463,0.0,0.0,42.557644000000074,6.999612500000012,36165.46904241015,1200.0000000000002,1199.9999999999982
2025-06-21,12+18,28555.60395974678,28055.659452645777,0.0,0.0,499.94450710100085,80.04565100000013,34171.21304262551,1199.9999999999982,1444.290106796297
2025-06-22,12+18,64204.10150285659,59944.8978317013,3815.4740910187793,0.0,443.72958013651163,140.55521772222158,20604.70060128292,1444.290106796297,1210.6631053703704
2025-06-23,12+18,62526.61599939203,61092.351709631854,1236.6546013332645,0.0,197.60968842691568,81.67791241666623,19920.879413204733,1210.6631053703704,1282.0623413888895
2025-06-24,12+18,72489.39092608358,71777.46753136997,377.8972806329165,0.0,334.02611408069424,115.31357008333327,21054.570917609395,1282.0623413888895,1200.0000000000002
2025-06-25,12+18,67276.08000393808,62237.65545707267,4916.082523459476,0.0,122.34202340592965,36.51778308333314,21652.47235841667,1200.0000000000002,1209.3755509259265
2025-06-26,12+18,62864.24673335438,59201.88472840817,3626.625626242809,0.0,35.73637870340377,13.606754166667088,20513.138289000002,1209.3755509259265,1199.9999999999998
2025-06-27,12+18,30546.35245109804,30319.656533292815,0.0,0.0,226.69591780522248,37.63988362500004,38224.14595764146,1199.9999999999998,1680.3540481481505
2025-06-28,12+18,30357.70024761687,30295.35420184437,0.0,0.0,62.34604577250078,10.144166250000126,35943.646635495024,1680.3540481481505,1362.287911719134
2025-06-29,12+18,67559.4267626879,59290.63061164789,7975.883878157054,0.0,292.9122728829574,99.97570377777745,21122.053762488686,1362.287911719134,1217.183388935185
2025-06-30,12+18,63810.3348350319,63126.80469224928,218.43735195389849,0.0,465.09279082872104,111.19930927777756,19665.09655333265,1217.183388935185,1289.3119491705265
2025-07-01,12+18,82547.56520687506,60030.66005064221,12936.201186020946,0.0,9580.7039702119,3349.7476711944455,11898.437942796298,1289.3119491705265,1200.0000000000002
2025-07-02,12+18,75401.03311198618,57253.58316887767,9945.719822789933,0.0,8201.730120318585,2951.662623291665,10143.912456748976,1200.0000000000002,2442.819867175923
2025-07-03,12+18,82201.19492305876,63620.512299747046,10246.78039269723,0.0,8333.902230614489,2857.7999634722237,12284.800747130657,2442.819867175923,1200.0000000000002
2025-07-04,12+18,33194.30712422094,29525.54617662206,1051.5844162643236,0.0,2617.176531334556,759.8480092083336,22599.985053541663,1200.0000000000002,1344.1026823055577
2025-07-05,12+18,31365.977952265588,29465.473302437113,289.3800835406422,0.0,1611.1245662878327,605.6408509305554,21717.915000384255,1344.1026823055577,1234.7282483518527
2025-07-06,12+18,94091.19987804853,60244.896104752,12435.802512375347,0.0,21410.501260921177,5383.549049430554,9786.425595110084,1234.7282483518527,1892.2128345564824
2025-07-07,12+18,74552.48346928704,62159.29932124597,6292.5951356708665,0.0,6100.589012370194,1819.6076571666663,13494.380635841568,1892.2128345564824,1865.1573995370404
2025-07-08,12+18,74340.59309779774,65957.76757010873,6161.729886299892,0.0,2221.0956413891254,709.4048671666662,15093.447504958853,1865.1573995370404,1603.794490370372
2025-07-09,12+18,71120.93352812421,65236.798896425054,4435.564481821859,0.0,1448.5701498772983,460.4222156249997,14702.237252360255,1603.794490370372,1906.0717027319417
2025-07-10,12+18,70828.53381400235,60243.627371309056,5245.997093576291,0.0,5338.909349117007,1318.9975389027761,10581.464292190849,1906.0717027319417,1200.0000000000002
2025-07-11,12+18,34817.23368665227,34625.172112155895,0.0,0.0,192.0615744963721,34.75584741666637,24327.758738944445,1200.0000000000002,1480.4530665625011
2025-07-12,12+18,33528.38186496332,31935.523137871554,1514.0178718292568,0.0,78.84085526250068,47.59893541666702,24107.620842541666,1480.4530665625011,1403.3151428124988
2025-07-13,12+18,66719.92256822523,62725.30019713259,2348.0734614866824,0.0,1646.54890960596,442.75541413888925,15740.61301710529,1403.3151428124988,1200.0000000000002
2025-07-14,12+18,67896.78229277069,59011.003839943885,7144.151952895456,0.0,1741.6264999313364,481.9316586944436,11124.237851138889,1200.0000000000002,2184.787381452783
2025-07-15,12+18,68128.42950656956,64046.01880099027,1680.0567463782913,0.0,2402.353959201004,572.5081165277788,14428.842889494326,2184.787381452783,1200.0000000000002
2025-07-16,12+18,71366.97555342306,63453.68519127939,4153.915628441213,0.0,3759.374733702456,1046.31178636111,13588.377426012346,1200.0000000000002,1200.0000000000002
2025-07-17,12+18,69352.50515512502,60642.675808977576,6646.69760497604,0.0,2063.131741171405,499.4920580555561,11801.774785699588,1200.0000000000002,1200.0000000000002
2025-07-18,12+18,36208.17663548213,35788.87833566661,0.0,0.0,419.29829981551757,68.69880770833288,28756.09307356841,1200.0000000000002,1323.077752094909
2025-07-19,12+18,35805.664998128676,35515.77409363567,0.0,0.0,289.89090449300073,38.96984408333344,30791.43900980984,1323.077752094909,1598.0661692129606
2025-07-20,12+18,68707.82177076502,62473.67671724896,2852.61764091763,0.0,3381.527412598427,709.2419514444437,14842.66535951475,1598.0661692129606,1200.0000000000002
2025-07-21,12+18,70582.651956876,65193.09023073724,2853.765652510279,0.0,2535.796073628485,611.8522662499998,13215.0217582608,1200.0000000000002,1200.0000000000002
2025-07-22,12+18,70558.801764242,64696.363673758715,1579.1730530880106,0.0,4283.265037395273,960.1585495694451,12880.923269054012,1200.0000000000002,1200.0000000000002
2025-07-23,12+18,75176.78934619499,71069.16598501489,473.60847220055433,0.0,3634.0148889795573,677.6683680277768,20572.02457021879,1200.0000000000002,1200.0000000000002
2025-07-24,12+18,73291.71286295544,71126.74502026755,592.2916821657466,0.0,1572.6761605221332,292.6299277083334,19888.489754647293,1200.0000000000002,1200.0000000000002
2025-07-25,12+18,35349.600337363474,35320.50164234084,0.0,0.0,29.0986950226388,10.949650055555523,31364.91499096399,1200.0000000000002,1365.95662056713
2025-07-26,12+18,35864.512020908944,35864.512020908944,0.0,0.0,0.0,0.0,31291.253688385455,1365.95662056713,1270.3701384606477
2025-07-27,12+18,71168.44293022015,64449.81092290237,3978.0428310329667,0.0,2740.589176284804,510.4971023888889,15180.869644667178,1270.3701384606477,1200.0000000000002
2025-07-28,12+18,77670.41218916053,67379.28736850184,1499.2125438715975,0.0,8791.912276787083,1812.666016569443,13272.337248209875,1200.0000000000002,1204.9966736125004
2025-07-29,12+18,74839.27843962297,65826.02700540681,1771.8178893754896,0.0,7241.433544840663,1614.249659791666,13984.388739375,1204.9966736125004,1207.1501218942908
2025-07-30,12+18,77468.44994439199,61864.37250895503,7801.369670600395,0.0,7802.707764836559,1859.9572797499993,13762.43610546656,1207.1501218942908,1293.3936361050917
2025-07-31,12+18,70557.3123724443,63142.7997971944,3163.841565334902,0.0,4250.671009914989,873.7063813055547,12637.858360222228,1293.3936361050917,1200.0000000000036
2025-08-01,12+18,34844.3436538153,34781.09177434874,0.0,0.0,63.25187946656218,8.440899374999958,35913.11582380967,1200.0000000000036,1200.0000000000014
2025-08-02,12+18,35891.54222927533,35661.36855017123,0.0,0.0,230.17367910409914,39.02743701388823,40278.11557670885,1200.0000000000014,1635.2941261574088
2025-08-03,12+18,58848.94665455041,55099.256262488874,3.567880553233822,0.0,3746.1225115083034,912.5907866388885,10668.592596509268,1635.2941261574088,1199.999999999999
2025-08-04,12+18,66050.46571394002,59297.193029830705,272.247240456085,0.0,6481.0254436532305,1357.1698950277778,13134.8761758071,1199.999999999999,1200.0000000000002
2025-08-05,12+18,65996.14227927191,57422.88915525612,0.0,0.0,8573.253124015786,2078.959249166666,11802.146201089676,1200.0000000000002,1200.0000000000002
2025-08-06,12+18,70572.65607741017,63467.486957134715,4.272159168069304,0.0,7100.896961107381,1432.7645939722202,15053.957600883068,1200.0000000000002,1200.0000000000036
2025-08-07,12+18,63043.76935533441,60348.65701414745,1269.9596477659138,0.0,1425.1526934210447,308.50808608333415,20864.032801531204,1200.0000000000036,1275.2407712962943
2025-08-08,12+18,32475.81708619293,31556.65450616397,0.0,0.0,919.1625800289595,123.02166983333348,38293.417618800406,1275.2407712962943,1200.0000000000023
2025-08-09,12+18,32993.27581764474,31943.37842697453,0.0,0.0,1049.897390670207,139.16959558333315,34992.43572634465,1200.0000000000023,1236.1749295555544
2025-08-10,12+18,66127.40306900305,58400.39857998557,1.9136966739022194,0.0,7725.090792343581,1541.5795786666658,12582.30121870713,1236.1749295555544,1200.0
2025-08-11,12+18,59976.36748694296,54844.186778122836,1757.3572213105854,0.0,3374.8234875095395,731.4974676944441,12067.369145277778,1200.0,1286.5290595123467
2025-08-12,12+18,63092.50641190674,59688.25511678698,1009.4552009677511,0.0,2394.796094152006,535.0366618333319,14075.317653741084,1286.5290595123467,1227.0704614197589
2025-08-13,12+18,64226.965701341636,54601.02543990478,3205.51468781872,0.0,6420.425573618134,1255.421525958333,11034.013483194445,1227.0704614197589,1211.3219016203686
2025-08-14,12+18,65215.966724609905,56511.65036651636,70.19250237849135,0.0,8634.123855715052,1724.2112807777771,10032.341806795781,1211.3219016203686,1200.0000000000005
2025-08-15,12+18,34646.78405293645,32334.18448054162,0.0,0.0,2312.5995723948267,303.21599374999914,36847.519683564125,1200.0000000000005,1797.9192439814815
2025-08-16,12+18,35170.61502189542,32807.009200830464,0.0,0.0,2363.6058210649603,316.5054815000003,38694.283126683644,1797.9192439814815,1292.7172601851871
2025-08-17,12+18,60974.04799786074,56886.34558784388,599.396044186593,0.0,3488.306365830266,554.337267833334,15287.790370651583,1292.7172601851871,1200.0
2025-08-18,12+18,60869.287628194565,56486.67523910334,0.0,0.0,4382.612389091231,889.4227944861118,10968.619314613179,1200.0,1199.9999999999993
2025-08-19,12+18,60950.89039466119,55330.927422954475,171.5929627367434,0.0,5448.370008969969,1257.878026888887,10159.463893972223,1199.9999999999993,1259.602413935186
2025-08-20,12+18,68429.28994755475,60505.9477893405,93.74454161349261,0.0,7829.5976166007595,1478.8612347638893,12472.121959223092,1259.602413935186,1200.0
2025-08-21,12+18,61020.017275016886,57225.320644216205,68.94633912935873,0.0,3725.750291671324,770.7842211388896,12395.737276570302,1200.0,1201.9377104513878
2025-08-22,12+18,34777.38227072813,31335.987997043623,0.0,0.0,3441.3942736845047,471.4954629444431,31802.49514104595,1201.9377104513878,1200.0000000000036
2025-08-23,12+18,32322.43384313937,29810.652737358017,0.0,0.0,2511.7811057813515,357.10790537499963,28825.931066972225,1200.0000000000036,1506.2109238518497
2025-08-24,12+18,61417.58159807391,55443.05991669724,406.9030561230744,0.0,5567.618625253598,1249.3127080555555,10293.788024908437,1506.2109238518497,1230.9744620370388
2025-08-25,12+18,72174.29318504495,69718.38552811273,0.0,0.0,2455.907656932228,546.0931250694443,24242.628044761317,1230.9744620370388,1200.0000000000025
2025-08-26,12+18,60847.330701194354,55825.483594211626,408.4892792874774,0.0,4613.357827695254,1201.1149744444429,8983.94736769136,1200.0000000000025,1280.7116850777786
2025-08-27,12+18,63877.94954956808,55909.73531719201,4215.367681183496,0.0,3752.8465511925733,984.1729582119328,11489.303291541664,1280.7116850777786,1200.0000000000014
2025-08-28,12+18,69247.96354674744,54480.464487865116,5735.663460948991,0.0,9031.835597933341,1925.1454030833324,9173.056086,1200.0000000000014,1200.0000000000034
2025-08-29,12+18,35539.19275321318,32723.04751855138,0.0,0.0,2816.145234661803,375.59886551388956,32618.09714513889,1200.0000000000034,1419.9926379601861
2025-08-30,12+18,35687.74150176229,32113.7934760478,0.0,0.0,3573.9480257144946,476.0934200833326,36036.451147832304,1419.9926379601861,1364.4239356666667
2025-08-31,12+18,71103.98287801536,54773.98105545154,20.97688955392996,0.0,16309.024933009892,3453.6063003333365,9787.81233834568,1364.4239356666667,1200.0000000000002
2025-09-01,12+18,54019.98138327742,54019.98138327742,0.0,0.0,0.0,0.0,29548.149776837792,1200.0000000000002,1289.0275214236128
2025-09-02,12+18,48188.384439340916,48131.594060209645,0.0,0.0,56.79037913127117,22.7206957916668,18655.737851545782,1289.0275214236128,1319.6621251504585
2025-09-03,12+18,50689.88707205283,50462.850730248145,0.0,0.0,227.03634180468057,40.85961619444448,19758.64203788957,1319.6621251504585,1200.0
2025-09-04,12+18,50050.4099763824,49105.72232953613,0.0,0.0,944.6876468462685,187.82987068055672,18766.815181826136,1200.0,1264.125910254633
2025-09-05,12+18,26772.52391877147,25250.993233298017,0.0,0.0,1521.5306854734526,258.3025934166657,42997.53375049074,1264.125910254633,1200.0000000000014
2025-09-06,12+18,25899.069097531417,25252.991059903376,0.0,0.0,646.0780376280404,106.45746758333314,41942.60941298559,1200.0000000000014,1266.8961379969132
2025-09-07,12+18,49795.22091524728,46146.78150257966,0.0,0.0,3648.4394126676193,763.9090282499988,14957.35620970937,1266.8961379969132,1222.6453757291667
2025-09-08,12+18,51729.02856766312,50855.95951307383,643.8799940425397,0.0,229.18906054674932,98.01426022222199,17478.360274347222,1222.6453757291667,1209.5436344907412
2025-09-09,12+18,47153.93652885657,45087.27569241528,1168.2228556033572,0.0,898.4379808379313,345.2358050833336,14610.06670045011,1209.5436344907412,1200.0000000000002
2025-09-10,12+18,52897.16895005657,51963.3561805944,432.396474954379,0.0,501.41629450778913,110.9157676249995,16823.30976991667,1200.0000000000002,1243.9727912268497
2025-09-11,12+18,53892.19782375158,51040.904135016375,0.0,0.0,2851.2936887352043,503.65427172222144,24485.58593528343,1243.9727912268497,1358.1467643634287
2025-09-12,12+18,25530.162701311383,25104.598062535508,0.0,0.0,425.5646387758744,72.03280558333324,38006.5667247013,1358.1467643634287,1200.0000000000005
2025-09-13,12+18,25225.06936056253,25029.479250983637,0.0,0.0,195.59010957889365,34.22812058333295,41115.663042780856,1200.0000000000005,1280.3868129328707
2025-09-14,12+18,54997.42204266615,54715.022217860445,0.0,0.0,282.39982480570643,101.4636473333328,21307.697940596707,1280.3868129328707,1200.0000000000014
2025-09-15,12+18,47274.63655424311,44270.87126859525,859.4939645402084,0.0,2144.271321107645,496.5394868611101,11209.375532083337,1200.0000000000014,1269.8225805787006
2025-09-16,12+18,53723.074432256035,52081.88185431612,0.0,0.0,1641.192577939917,454.01098962499975,18715.747353025887,1269.8225805787006,1220.7885007523166
2025-09-17,12+18,52254.895912510634,50077.59097548576,0.0,0.0,2177.3049370248777,630.9803363611118,14566.475485901236,1220.7885007523166,1227.0442117592615
2025-09-18,12+18,54051.028413517226,43983.37446774347,1133.2922953178058,0.0,8934.361650455945,2227.424581277776,10165.860267611111,1227.0442117592615,1204.8422011111102
2025-09-19,12+18,25312.34376760891,23680.694910775535,0.0,0.0,1631.6488568333748,280.3579435,30279.3380444002,1204.8422011111102,1455.1440569490753
2025-09-20,12+18,26051.634975122757,23331.485680151265,0.0,0.0,2720.1492949714907,468.6449184166652,31361.08260355556,1455.1440569490753,1574.3691314629639
2025-09-21,12+18,50397.82879308612,48856.65834161256,0.0,0.0,1541.170451473563,410.5220935277781,14946.553097593795,1574.3691314629639,1215.1061259375024
2025-09-22,12+18,56953.36444533876,49787.17196603707,18.876086439539417,0.0,7147.316392862151,1923.8945746527772,14582.510073685178,1215.1061259375024,1570.1415950018593
2025-09-23,12+18,55153.22597908364,48130.28720678473,0.0,0.0,7022.938772298916,1555.7475436666664,11250.905141116933,1570.1415950018593,1204.6013045555583
2025-09-24,12+18,56633.621529334545,42749.400961131294,3988.9435214550917,0.0,9895.277046748164,3275.1479929722204,8835.542049501546,1204.6013045555583,1200.0
2025-09-25,12+18,54872.83968201274,45979.531915437416,1413.2314067077643,0.0,7480.0763598675585,1927.6294036929048,11468.18024883333,1200.0,1200.0000000000016
2025-09-26,12+18,27641.358112673726,22913.666418460893,0.0,0.0,4727.691694212834,814.2427492500001,29749.225477740576,1200.0000000000016,1895.7644620370372
2025-09-27,12+18,27733.68967772526,21799.829703101303,0.0,0.0,5933.859974623956,1064.4418147916663,26469.044542787036,1895.7644620370372,1875.9002715555555
2025-09-28,12+18,53854.01249989031,46358.547082469464,1795.1420166883586,0.0,5700.323400732486,1523.5545184999987,8735.749946916669,1875.9002715555555,1219.4950083333338
2025-09-29,12+18,56386.0226663995,48944.475345339786,266.1237355504764,0.0,7175.423585509234,1791.1117135416653,11243.981995241254,1219.4950083333338,1200.0000000000014
2025-09-30,12+18,63665.89043018268,48829.33963389962,79.93575263231901,0.0,14756.615043650738,3931.1987159444448,7837.1998402860145,1200.0000000000014,2869.91141718703
2025-10-01,12+18,43681.5434999324,42884.71919194059,31.739458910189462,0.0,765.0848490816228,348.88117349999914,19187.639047457822,2869.91141718703,1209.876841805562
2025-10-02,12+18,48925.87457732105,48023.60364493783,44.019100349592634,0.0,858.2518320336237,398.14131616666634,23928.30636008505,1209.876841805562,1200.0000000000007
2025-10-03,12+18,20686.406114583602,19517.225449368936,0.0,0.0,1169.180665214665,207.31740916666638,34435.39596462139,1200.0000000000007,1718.0885110444467
2025-10-04,12+18,24683.848061302666,22444.936551227802,0.0,0.0,2238.911510074864,739.401524833331,27942.212399666667,1718.0885110444467,9801.382357856477
2025-10-05,12+18,44750.10542754271,43185.383267845755,426.48537558417615,0.0,1138.2367841127766,463.5072519166664,19987.945283048524,9801.382357856477,1200.0000000000002
2025-10-06,12+18,49939.783925813186,42152.55368402424,1481.0033103418148,0.0,6306.226931447123,1983.6853514583327,7604.952988425424,1200.0000000000002,2560.9825220101766
2025-10-07,12+18,45599.101676332575,43178.900085922694,1859.112690485823,0.0,561.0888999240561,241.79481772222266,11839.903111333335,2560.9825220101766,1232.7094501388924
2025-10-08,12+18,44433.23110412115,42582.36523838269,161.17422971956847,0.0,1689.6916360188925,433.98136970833275,6964.439391353391,1232.7094501388924,3392.8513437361144
2025-10-09,12+18,48208.58159944204,47457.59385940604,3.89741045399998,0.0,747.090329581998,230.71324826388854,19588.286418412725,3392.8513437361144,1211.2541194444482
2025-10-10,12+18,22384.176740574156,21213.466502873078,0.0,0.0,1170.7102377010779,209.01998074999898,35898.42816907613,1211.2541194444482,1779.524131944445
2025-10-11,12+18,26640.70228597759,21227.64224406647,338.625322680428,0.0,5074.434719230694,1300.3996810833305,23289.421104388883,1779.524131944445,10800.0
2025-10-12,12+18,42097.91618405339,39739.45647798117,217.91630131268795,0.0,2140.543404759532,544.9764297083359,8375.027731440154,10800.0,3621.894276827471
2025-10-13,12+18,47200.05371466497,44491.217211222836,0.0,0.0,2708.83650344214,624.0684229999987,10949.920675953184,3621.894276827471,4353.643506553392
2025-10-14,12+18,49356.14583527172,46870.19303051382,70.32299760567103,0.0,2415.629807152232,594.441890305555,10008.734165004125,4353.643506553392,4608.426149650001
2025-10-15,12+18,49615.28398099996,47587.42462362,1.2440184866249313,0.0,2026.6153388933303,505.39696847222126,10689.75054933985,4608.426149650001,4521.319826010498
2025-10-16,12+18,49506.02887240878,46173.696658398316,201.9520910767513,0.0,3130.3801229337087,837.6970110277755,9960.536173818924,4521.319826010498,1200.000000000001
2025-10-17,12+18,23456.658914884945,19932.719070673462,262.5842713424178,0.0,3261.3555728690662,580.3958438333339,27532.684886611114,1200.000000000001,1922.0424555555558
2025-10-18,12+18,24033.414409220422,21795.57593895155,0.0,0.0,2237.838470268872,403.3608463333327,30701.482297093626,1922.0424555555558,1666.672852243056
2025-10-19,12+18,52322.09962460151,49368.085634857445,0.0,0.0,2954.013989744065,651.8924322499967,6254.812743050753,1666.672852243056,5367.899280009411
2025-10-20,12+18,52604.25106258714,50977.872644523726,0.0,0.0,1626.378418063407,381.3399513888892,14611.043271664608,5367.899280009411,1200.0000000000027
2025-10-21,12+18,55149.67530565068,52376.50796591438,14.015073511497881,0.0,2759.152266224801,763.3877027222211,12116.866186990059,1200.0000000000027,1200.0
2025-10-22,12+18,55305.014199759215,49730.49521373445,318.5587432476451,0.0,5255.96024277712,1208.5502711111099,6245.693580724271,1200.0,4768.691519771306
2025-10-23,12+18,58106.53442828761,54889.07694392746,513.3881067851635,0.0,2704.0693775749905,535.0096752083347,22621.057135573385,4768.691519771306,1199.9999999999998
2025-10-24,12+18,26756.31797431219,21109.54052665837,0.0,0.0,5646.777447653821,1021.1399896666682,27313.864990111106,1199.9999999999998,2107.8342777777752
2025-10-25,12+18,27367.936868192246,22173.023494075038,0.0,0.0,5194.913374117208,923.3871843333334,31313.752534503095,2107.8342777777752,2034.2222601027813
2025-10-26,12+18,55795.00212746086,52839.94629391303,638.0814074717495,0.0,2316.974426076078,500.47022669444175,11811.1096096658,2034.2222601027813,4852.26321856745
2025-10-27,12+18,51930.04123967145,46788.656204903,2650.7460871687695,0.0,2490.638947599676,569.4014438611127,6904.984465437599,4852.26321856745,5658.544975325607
2025-10-28,12+18,53909.273065826026,46416.05025933296,5059.404325550484,0.0,2433.818480942584,665.8170805,11470.038956986113,5658.544975325607,1200.0000000000014
2025-10-29,12+18,60011.377456570204,54162.83043006578,255.7016466394219,0.0,5592.845379865004,1101.1954629583329,7439.526869650724,1200.0000000000014,5142.746540939352
2025-10-30,12+18,54277.54538834455,46983.78993095025,2539.4662655771535,0.0,4754.2891918171445,1176.3963519999998,10582.901266500001,5142.746540939352,1200.0000000000011
2025-10-31,12+18,28971.79295254786,24039.027584267482,0.0,0.0,4932.765368280379,868.4461410416674,28323.18316887037,1200.0000000000011,2183.6867085648178
2025-11-01,12+18,27676.35427861517,21831.062825196685,508.80577569352704,0.0,5336.485677724959,1377.865142,17363.917639466385,2183.6867085648178,10800.0
2025-11-02,12+18,53938.02133544508,49219.25436573865,180.62008655587573,0.0,4538.146883150553,1126.5891940833324,6834.693325715016,10800.0,4561.7155484148225
2025-11-03,12+18,58053.97693187939,56248.95249096562,327.8615742222268,0.0,1477.1628666915508,451.9703541527772,9619.230220269716,4561.7155484148225,5949.542376145831
2025-11-04,12+18,57255.84558353206,51274.58376679673,1228.257222964632,0.0,4753.004593770694,991.2590789583323,7209.220942791664,5949.542376145831,6494.281448249999
2025-11-05,12+18,59569.27513472191,57999.031241770164,226.57531019315468,0.0,1343.668582758587,411.0657648750007,12449.551620270577,6494.281448249999,5871.407912606023
2025-11-06,12+18,58290.04865007483,54978.734861899226,1124.2882942230076,0.0,2187.0254939525985,544.6258375555558,11727.407731409978,5871.407912606023,1200.0000000000005
2025-11-07,12+18,27167.636868199614,23876.71989294157,0.0,0.0,3290.9169752580415,574.3736777083333,27813.039178308638,1200.0000000000005,2025.1593561319464
2025-11-08,12+18,27654.273530718972,25417.531958094183,0.0,0.0,2236.7415726247896,396.5372308333329,31438.86076082407,2025.1593561319464,1837.8680185185206
2025-11-09,12+18,60426.947691253416,58664.21235746906,897.6419100310831,0.0,865.093423753273,257.03826541666695,8551.559204572355,1837.8680185185206,5971.71281925
2025-11-10,12+18,61336.62761984719,58526.24135500513,478.2486398509096,0.0,2332.137624991153,585.9917607222224,7512.7897145179995,5971.71281925,5519.938664068373
2025-11-11,12+18,61310.126547404114,60361.080825433404,194.94711704155634,0.0,754.0986049291532,177.2488827777779,16832.620975691356,5519.938664068373,1200.0
2025-11-12,12+18,60683.219678153306,59343.062271947725,52.78772660635388,0.0,1287.3696795992269,275.20431650000114,9028.728540904322,1200.0,5780.099875725003
2025-11-13,12+18,62290.981111744884,56109.161902925116,5167.321834319726,0.0,1014.4973745000494,276.3081583333335,14124.063475880143,5780.099875725003,1199.9999999999995
2025-11-14,12+18,28385.351697658843,25852.282735805427,0.0,0.0,2533.0689618534143,448.90643449999965,27714.729002963988,1199.9999999999995,1852.908286381944
2025-11-15,12+18,33265.37207612238,29034.9880090005,661.9233100893841,0.0,3568.4607570325015,894.6193147500003,24934.370207532753,1852.908286381944,10800.0
2025-11-16,12+18,60072.28850945321,55806.11207023465,2896.4985956749,0.0,1369.6778435436563,351.03585244444344,7862.001313861116,10800.0,5934.270306900462
2025-11-17,12+18,59994.82971262593,55616.94893061672,3347.4458397224143,0.0,1030.4349422867922,329.6198854722222,12550.34628722222,5934.270306900462,1200.0000000000002
2025-11-18,12+18,62642.6052075049,61308.92508797602,608.496565897374,0.0,725.1835536315052,261.867295319444,6240.262631291669,1200.0000000000002,5967.1960063125
2025-11-19,12+18,62496.13970500959,58760.50228592094,2249.409243805427,0.0,1486.2281752832196,444.3081303055551,6279.260623805557,5967.1960063125,5970.670376467593
2025-11-20,12+18,61997.91080442616,57248.3019282743,3901.786871579945,0.0,847.8220045719158,223.07171712499985,12666.390754050924,5970.670376467593,1200.000000000001
2025-11-21,12+18,27901.813899821333,26687.473765953415,0.0,0.0,1214.3401338679175,217.48051300000014,25893.58117093159,1200.000000000001,2100.847438354171
2025-11-22,12+18,32636.348063288897,29720.433278710083,0.0,0.0,2915.914784578815,522.6730595833338,32114.64778562088,2100.847438354171,2044.8741168333302
2025-11-23,12+18,62935.851640047695,60381.12945895434,1029.8156659320234,0.0,1524.906515161335,390.7227194444447,5856.641784611111,2044.8741168333302,5994.4474888125
2025-11-24,12+18,61566.31370079414,57792.62197489101,2364.0319881846044,0.0,1409.659737718523,349.44906194444343,12351.717436360083,5994.4474888125,1200.0
2025-11-25,12+18,70147.94412140008,69130.77753168793,43.045064752367026,0.0,974.1215249597903,314.9688325555552,14147.977963698053,1200.0,5997.73745625
2025-11-26,12+18,64623.508867498706,63280.01423355797,469.51014661477234,0.0,873.9844873259583,242.32842454166655,9413.650181972924,5997.73745625,5626.370065773139
2025-11-27,12+18,62862.996613581665,61183.451779935654,967.7799309958459,0.0,711.7649026501646,168.20182719444426,12806.754452935189,5626.370065773139,1200.000000000001
2025-11-28,12+18,30450.834015983823,27924.138210539175,0.0,0.0,2526.6958054446463,448.65938191666675,27759.45159371553,1200.000000000001,1700.5494791180558
2025-11-29,12+18,36791.54491023388,34199.17171567109,0.0,0.0,2592.373194562794,464.3928107500004,34172.464681545265,1700.5494791180558,1939.2729567361118
2025-11-30,12+18,69801.41063729304,65620.2207483462,2926.1985898534313,0.0,1254.9912990934117,320.99922313888885,8079.555093022131,1939.2729567361118,5477.621866133322
2025-12-01,12+18,87833.39243620978,71656.05961228666,6603.718225370896,0.0,9573.614598552234,2824.590111972222,14158.19690693056,5477.621866133322,1200.0
2025-12-02,12+18,92681.1794334537,77975.42929981733,6010.36681571925,0.0,8695.383317917114,2563.2712454166676,10109.328672750007,1200.0,5880.39546075
2025-12-03,12+18,90279.05225773441,66345.27858192926,14241.088235919146,0.0,9692.685439886005,2814.1866960555567,8173.621970638893,5880.39546075,6172.267329969452
2025-12-04,12+18,88470.92331996965,73515.77852975325,4101.74220567263,0.0,10853.40258454376,2700.6753135277772,14822.3696286629,6172.267329969452,1200.0000000000002
2025-12-05,12+18,35741.33661033432,35361.466199505114,0.0,0.0,379.87041082920746,87.82024358333308,25574.40408475977,1200.0000000000002,1742.2644174513887
2025-12-06,12+18,38692.5033999081,37852.22002469514,0.0,0.0,840.2833752129586,317.1641364999998,21586.745365175222,1742.2644174513887,6029.7329045888955
2025-12-07,12+18,83882.41882673661,77004.58295376325,3974.7741770951698,0.0,2903.0616958781948,946.5990920277776,11501.660494180385,6029.7329045888955,6450.000000000002
2025-12-08,12+18,83911.58646655396,77327.40809377917,4651.218277640894,0.0,1932.960095133901,623.9404010138884,17024.823851296293,6450.000000000002,1200.0000000000005
2025-12-09,12+18,83938.11992933264,78271.3704595534,4123.152759301011,0.0,1543.5967104782208,471.430749722222,16365.141546393521,1200.0000000000005,1200.0000000000014
2025-12-10,12+18,83822.44761383512,75981.48886984169,4157.359956603833,0.0,3683.598787389594,849.7735264444433,12318.797281844647,1200.0000000000014,1200.0000000000014
2025-12-11,12+18,80246.07402757907,77334.03157574355,2253.940726635656,0.0,658.1017251998738,227.6163992916662,16192.625868919073,1200.0000000000014,1199.9999999999995
2025-12-12,12+18,38029.663305060465,37824.43572228934,0.0,0.0,205.22758277112518,29.847703000000024,26323.782070060697,1199.9999999999995,1682.8733485972214
2025-12-13,12+18,39814.540543290976,38943.34973432802,0.0,0.0,871.1908089629596,287.01029208333347,23452.219656111472,1682.8733485972214,5455.852408149069
2025-12-14,12+18,83477.87427547995,73024.82822995068,7226.093913870824,0.0,3226.9521316584405,640.5208126527771,12919.524334067906,5455.852408149069,1200.0
2025-12-15,12+18,86587.96663768485,76200.1653971442,6937.629785109641,0.0,3450.1714554309983,731.7888639999995,7243.069974666669,1200.0,8550.0
2025-12-16,12+18,79215.47330883176,77577.0558224859,1517.882175043334,0.0,120.53531130253846,37.71852449999915,14626.221455658439,8550.0,1200.0000000000014
2025-12-17,12+18,84387.85012982044,81739.97792543769,2033.366806811875,0.0,614.5053975708757,176.86960125000007,11879.933749416667,1200.0000000000014,5980.271653500001
2025-12-18,12+18,79118.94383205034,74429.59696361306,4144.358613938684,0.0,544.9882544985823,213.80579379166636,14527.145480592597,5980.271653500001,1200.0000000000018
2025-12-19,12+18,39532.474311983264,37698.70019486901,0.0,0.0,1833.7741171142525,287.59739941666703,26720.123796247946,1200.0000000000018,1939.745647407409
2025-12-20,12+18,41095.281718276645,38848.11883436491,0.0,0.0,2247.1628839117357,582.2982942916676,27765.658779333833,1939.745647407409,4158.311552183808
2025-12-21,12+18,85775.08932146644,78387.63111211642,6814.411780775822,0.0,573.046428574208,131.67050566666637,10802.908215486112,4158.311552183808,9450.000000000002
2025-12-22,12+18,79132.92922969333,76176.19634580654,2196.3522228753445,0.0,760.3806610114403,169.8285808750004,14555.402364033951,9450.000000000002,1200.0000000000014
2025-12-23,12+18,82646.20155928418,81649.72659637978,542.4922277293083,0.0,453.98273517508835,77.07523808333394,17309.155124845165,1200.0000000000014,1200.000000000001
2025-12-24,12+18,81224.03160188736,80474.6382935041,200.5423822970458,0.0,548.8509260862011,104.95914166666557,15196.18989630865,1200.000000000001,1200.0000000000005
2025-12-25,12+18,81516.73794390941,76855.19516250995,3930.724975652738,0.0,730.8178057467367,171.50287104166787,14347.514596231476,1200.0000000000005,1200.0000000000014
2025-12-26,12+18,39663.00108240665,38717.06095706248,0.0,0.0,945.9401253441697,157.0550771666671,28514.187266220848,1200.0000000000014,1943.7506929953693
2025-12-27,12+18,41471.156879820104,38883.90946444179,0.0,0.0,2587.247415378313,616.6559149583331,28533.04562065038,1943.7506929953693,3780.2016617180525
2025-12-28,12+18,80637.19342928765,77859.4543016552,2032.7459285853233,0.0,744.9931990471262,141.2751014166666,10294.946265579732,3780.2016617180525,8700.000000000004
2025-12-29,12+18,78218.23499283749,74182.97759624259,3359.6838539818023,0.0,675.5735426131054,155.55691233333368,9758.643265249997,8700.000000000004,8048.205681131946
2025-12-30,12+18,76285.88545100793,74468.51291464694,1615.0738867958007,0.0,202.29864956518713,49.876331249999794,9949.866545827153,8048.205681131946,8550.000000000004
2025-12-31,12+18,79889.6231606125,75886.62838165756,2986.8741918458254,0.0,1016.1205871091082,269.96374591666677,9730.43809280556,8550.000000000004,7960.46349952778
2025-02-01,6+12+18,35811.34898431849,30156.646193904548,274.72100315681246,0.0,5379.981787257126,1415.6110025416665,20251.53109471194,1570.5678238379617,10800.0
2025-02-02,6+12+18,64462.27448881384,60976.18447260637,98.2913513868691,0.0,3387.7986648205997,581.6301969861114,10158.255085991263,10800.0,4972.8259164898145
2025-02-03,6+12+18,71637.35097533361,66051.37870850228,0.0,0.0,5585.972266831328,1019.9949372361115,8258.083035389573,4972.8259164898145,6557.123079993051
2025-02-04,6+12+18,71964.20213183147,66931.54399353379,84.5297574209569,0.0,4948.128380876718,919.1761883055572,14549.016466235602,6557.123079993051,1199.9999999999995
2025-02-05,6+12+18,69047.04605477881,64253.198242338054,362.4292281999535,0.0,4431.418584240803,852.8647522222204,4100.933976980964,1199.9999999999995,5817.592957267448
2025-02-06,6+12+18,73420.9532585165,66686.08618621208,153.31221606704102,0.0,6581.554856237375,1192.965846000001,15611.43072319839,5817.592957267448,1200.0000000000005
2025-02-07,6+12+18,33369.26217676936,28628.67756078839,0.0,0.0,4740.584615980974,861.0930572083323,29708.004732358026,1200.0000000000005,1646.7789285416675
2025-02-08,6+12+18,30009.4449628027,24353.64346497658,0.0,0.0,5655.80149782612,1035.7311335833338,21747.20824853532,1646.7789285416675,1955.4965229444451
2025-02-09,6+12+18,67410.7887591454,63668.529489028195,0.0,0.0,3742.2592701172175,722.5177519675965,5020.653592143795,1955.4965229444451,6131.945666840117
2025-02-10,6+12+18,63342.475493695965,56353.45684018602,2186.644192113127,0.0,4802.374461396813,912.3117366944473,8819.584199192057,6131.945666840117,5445.061425468972
2025-02-11,6+12+18,69156.0723213558,58136.60382715083,112.76606459918276,0.0,10906.702429605775,2133.257890375,7690.266453235598,5445.061425468972,5861.551550598921
2025-02-12,6+12+18,69816.90886250664,57403.80024499894,66.53843836525864,0.0,12346.57017914244,2321.381238208331,7276.847043255478,5861.551550598921,6242.847583125002
2025-02-13,6+12+18,58731.09750089176,51887.31014143571,1036.3805835956518,0.0,5807.406775860402,1145.4835263750024,10812.311285603397,6242.847583125002,1199.9999999999995
2025-02-14,6+12+18,28952.67829104783,24155.12725218481,0.0,0.0,4797.551038863016,877.4386582222227,23659.92035770336,1199.9999999999995,1792.4308921851875
2025-02-15,6+12+18,29119.39046216482,24576.80864599231,0.0,0.0,4542.581816172512,842.2570975694443,24471.5903456821,1792.4308921851875,1869.5255777777784
2025-02-16,6+12+18,75228.87867851202,59014.40705428403,143.68566079089013,0.0,16070.785963437094,3094.5167876198575,9010.999318718968,1869.5255777777784,4826.507801936106
2025-02-17,6+12+18,68260.89962525324,56527.7844246238,47.942941892052616,0.0,11685.172258737379,2391.057813930558,12395.181108619348,4826.507801936106,4768.843894731015
2025-02-18,6+12+18,64101.720277669694,48496.65692832816,1039.5114561931343,0.0,14565.551893148408,3041.8673656388864,6884.057763555553,4768.843894731015,1200.0000000000005
2025-02-19,6+12+18,68282.8864598104,50694.42906715464,1160.3760664765666,0.0,16428.081326179192,3523.6686963935144,1776.0354839624342,1200.0000000000005,5837.709193842601
2025-02-20,6+12+18,65019.88684999214,50904.76930984528,0.0,0.0,14115.117540146857,2774.094305208332,10338.72217005487,5837.709193842601,1199.9999999999995
2025-02-21,6+12+18,26043.849071184144,21793.970932140917,0.0,0.0,4249.878139043229,846.9659941388901,21557.421284893684,1199.9999999999995,1946.3011509861142
2025-02-22,6+12+18,26491.647177567727,22166.424228407,0.0,0.0,4325.2229491607295,828.108437347222,20186.688075279493,1946.3011509861142,1909.3292873750001
2025-02-23,6+12+18,69398.84150019212,50633.36090861012,360.5713228625547,0.0,18404.90926871945,3814.794593069446,4651.600526276857,1909.3292873750001,4740.022121362039
2025-02-24,6+12+18,65124.944879967064,47418.464591925906,86.96518078606779,0.0,17619.515107255098,3483.2903856805515,4875.648214328863,4740.022121362039,4108.040812663894
2025-02-25,6+12+18,64357.766200180464,47864.566123543176,7.5795338891662265,0.0,16485.620542748118,3516.4091459861093,12885.936096556072,4108.040812663894,1231.0419749999987
2025-02-26,6+12+18,69088.72926283092,44695.96132541381,2733.023692648861,0.0,21659.744244768255,4781.413316597222,1551.4369159159753,1231.0419749999987,5425.532994552474
2025-02-27,6+12+18,64379.68067815734,42887.894439734184,514.9011300959567,0.0,20976.885108327206,4308.766283263886,6974.895252433807,5425.532994552474,1200.0000000000016
2025-02-28,6+12+18,24965.561008776473,20041.23515336978,0.0,0.0,4924.325855406693,1132.9227160555517,20935.281414315323,1200.0000000000016,1689.7066406597244
2025-03-01,6+12+18,30210.566241225883,22306.92464314644,0.0,0.0,7903.64159807944,1668.4064828055546,28981.423349194436,1689.7066406597244,1200.0000000000005
2025-03-02,6+12+18,71871.92805227856,51882.10908826615,367.0629674397094,0.0,19622.75599657269,3909.824228624997,5819.228738539948,1200.0000000000005,4200.64534078565
2025-03-03,6+12+18,76513.19959437706,52164.65166237826,424.56988277750764,0.0,23923.978049221296,4770.070983402777,10788.379916265789,4200.64534078565,3438.2572059274635
2025-03-04,6+12+18,66482.25843059963,45791.99013459336,324.2442080228559,0.0,20366.024087983413,4568.344641986106,6462.752806700606,3438.2572059274635,1199.9999999999989
2025-03-05,6+12+18,67229.26134808245,48262.53295543992,141.821557160227,0.0,18824.906835482307,3838.560315638888,10281.28203052692,1199.9999999999989,3361.597116549528
2025-03-06,6+12+18,62607.89029017455,43952.17385753966,595.637181283909,0.0,18060.079251350988,3815.398973708332,7973.757403810533,3361.597116549528,1200.0000000000007
2025-03-07,6+12+18,27253.546412784606,21259.097299634348,0.0,0.0,5994.449113150257,1325.5056245540095,26601.86863497222,1200.0000000000007,1370.4924473194471
2025-03-08,6+12+18,23760.56047985187,19291.51827484424,0.0,0.0,4469.0422050076295,897.5518946249998,23712.340966509095,1370.4924473194471,1647.961622861111
2025-03-09,6+12+18,62598.48450408847,46565.17690946655,1639.5127431422666,0.0,14393.79485147965,2959.740049375003,12531.451508942737,1647.961622861111,2893.614448748144
2025-03-10,6+12+18,65551.4611012984,44970.14077665158,1607.1958155986783,0.0,18974.124509048146,4113.428073499996,5229.654990366253,2893.614448748144,3037.8223141296353
2025-03-11,6+12+18,64327.89281331502,39405.74372356682,4050.2304167792067,0.0,20871.91867296899,4506.901920333328,6849.7350096749,3037.8223141296353,1200.0000000000014
2025-03-12,6+12+18,62107.48014952758,45992.09021055167,2092.513329303695,0.0,14022.876609672217,2999.621034430554,11666.836972867623,1200.0000000000014,3398.3779861412077
2025-03-13,6+12+18,62217.44132286274,45727.33541065022,328.12738041000694,0.0,16161.978531802511,3274.7909519027753,7779.6860815985965,3398.3779861412077,1200.0000000000007
2025-03-14,6+12+18,22401.780132580843,18940.097695847824,0.0,0.0,3461.6824367330187,659.1471691388871,26321.716670837624,1200.0000000000007,1463.45205952083
2025-03-15,6+12+18,23032.054604355224,19019.819827264175,0.0,0.0,4012.2347770910496,821.5500649722226,21526.512362068763,1463.45205952083,1648.4572614999993
2025-03-16,6+12+18,56706.321018371586,43848.40402602955,743.6161885059746,0.0,12114.300803836053,2617.07200934722,8674.568332467588,1648.4572614999993,1200.0
2025-03-17,6+12+18,55339.28310501497,39804.67208914041,2378.885125669487,0.0,13155.72589020507,2866.9847435833335,10555.257306602885,1200.0,2175.7114656324093
2025-03-18,6+12+18,58842.07071002933,45806.41077286903,102.13600870681579,0.0,12933.523928453482,2575.869963263888,14750.706117421974,2175.7114656324093,1200.000000000001
2025-03-19,6+12+18,56163.204288577705,37891.31054447501,2941.9243158590507,0.0,15329.96942824364,3663.0442381111097,6812.88733971399,1200.000000000001,1563.7198355824094
2025-03-20,6+12+18,61274.42040958265,43428.683236295416,1994.1205821930814,0.0,15851.616591094156,3369.4564876527775,10870.778881644379,1563.7198355824094,1199.9999999999995
2025-03-21,6+12+18,22832.86794095415,17839.62221337207,0.0,0.0,4993.245727582082,1022.7581124166664,28502.13799094341,1199.9999999999995,1728.783322569444
2025-03-22,6+12+18,21665.611591879693,18473.89387768546,0.0,0.0,3191.7177141942334,653.0135901111107,25111.682066873283,1728.783322569444,1860.010044798608
2025-03-23,6+12+18,51502.927546514795,43079.02767057404,21.368763156875357,0.0,8402.531112783876,1874.7203508888883,12344.403178771601,1860.010044798608,1200.0000000000005
2025-03-24,6+12+18,51540.36424328525,40774.46801412567,822.702539665648,0.0,9943.193689493937,2230.743545986111,9212.385416282745,1200.0000000000005,1909.3753314084854
2025-03-25,6+12+18,56440.875421361896,45187.692643945185,406.19812318782033,0.0,10846.984654228887,2510.4685773055576,14414.359732901234,1909.3753314084854,1200.0000000000002
2025-03-26,6+12+18,48743.3153174001,39589.530159680464,134.66713095432846,0.0,9019.118026765304,2111.5876502222213,8174.3749774355265,1200.0000000000002,1761.0866714120332
2025-03-27,6+12+18,53516.97980752473,41121.63639912827,0.0,0.0,12395.343408396458,2880.753525708331,10683.122370879111,1761.0866714120332,1200.0
2025-03-28,6+12+18,21955.405357977375,18043.440894682783,0.0,0.0,3911.9644632945947,797.1786809166673,29533.660995911523,1200.0,2124.293506172842
2025-03-29,6+12+18,20907.512523300848,16823.92914002103,0.0,0.0,4083.583383279816,808.5315152499993,30751.189038679353,2124.293506172842,2148.5007348842623
2025-03-30,6+12+18,51569.568257157334,39102.27369637078,263.52219866312817,0.0,12203.772362123424,2934.742913166664,12308.673321540984,2148.5007348842623,1998.0825663398164
2025-03-31,6+12+18,51798.898861758156,35336.225067960244,2855.444353873401,0.0,13607.229439924513,3259.9545889444416,6290.905711188616,1998.0825663398164,1451.9326566052466
2025-04-01,6+12+18,52121.78655463942,43351.96723810568,677.5815726724887,0.0,8092.237743861248,2038.6844115555577,9994.835967684843,1451.9326566052466,2233.5919286166627
2025-04-02,6+12+18,49754.82596700784,39968.16811786637,1177.6192830606758,0.0,8609.038566080799,2118.708560055552,7176.703253580761,2233.5919286166627,1761.6746510796315
2025-04-03,6+12+18,48797.73725996906,41863.58691403225,319.4223871983986,0.0,6614.727958738407,1596.1398610555552,12770.954395028304,1761.6746510796315,1200.0000000000014
2025-04-04,6+12+18,20976.602294759254,16684.339032905908,0.0,0.0,4292.263261853345,865.7964083333343,31860.345858247085,1200.0000000000014,1927.5154796296292
2025-04-05,6+12+18,21568.674482137812,16484.3855195773,0.0,0.0,5084.288962560513,1327.3033936944437,26387.792322755136,1927.5154796296292,1633.762107407411
2025-04-06,6+12+18,47812.56709737568,38627.95731275154,1944.5363619666632,0.0,7240.073422657479,1710.43135276389,11525.55136399297,1633.762107407411,1733.1499446970668
2025-04-07,6+12+18,47493.401086250225,33983.4671442526,1988.173959569947,0.0,11521.759982427675,2708.433775694446,5743.441912687251,1733.1499446970668,2260.251338754622
2025-04-08,6+12+18,51182.52059110494,38755.86027766987,112.7771655012436,0.0,12313.88314793383,2726.0041155833296,12369.253798848758,2260.251338754622,1200.0
2025-04-09,6+12+18,51583.01254116779,38745.17885941929,1233.8597571861646,0.0,11603.973924562331,2681.7713456388874,7290.976322810538,1200.0,1200.0000000000002
2025-04-10,6+12+18,51242.133831782936,38571.18690362564,763.6158635122295,0.0,11907.331064645066,2632.9445304166657,10690.7478976113,1200.0000000000002,1200.000000000001
2025-04-11,6+12+18,19379.583970747433,15917.36764997618,0.0,0.0,3462.2163207712542,685.7410546388899,30976.60870195164,1200.000000000001,1856.368308409261
2025-04-12,6+12+18,19067.11351274749,16590.7492744088,0.0,0.0,2476.3642383386905,486.20768129166726,29445.951925906375,1856.368308409261,1702.3622253518538
2025-04-13,6+12+18,48701.0085687479,36062.00880183064,1180.2786503072443,0.0,11458.721116610019,2707.9525310416675,7171.883478811911,1702.3622253518538,1941.1287386748447
2025-04-14,6+12+18,50057.699053011216,37829.77489141494,337.4008602424987,0.0,11890.523301353775,2936.7421223333304,11430.087049037546,1941.1287386748447,2385.573212664815
2025-04-15,6+12+18,44523.19881643531,32444.394718984837,1255.0192088590827,0.0,10823.784888591394,2484.78423736111,6675.17324073113,2385.573212664815,2116.8901044919844
2025-04-16,6+12+18,47826.81572775189,36549.96224007185,1377.4232815382888,0.0,9899.430206141753,2298.839402541664,8085.1801382947515,2116.8901044919844,1199.9999999999995
2025-04-17,6+12+18,47616.58845667914,34118.19567746103,2639.9510328642336,0.0,10858.441746353876,2398.629946916669,7583.833380360079,1199.9999999999995,1200.0000000000014
2025-04-18,6+12+18,20463.755201341613,15890.80400340105,0.0,0.0,4572.9511979405615,930.8678683611097,30131.59499697222,1200.0000000000014,2192.058461111113
2025-04-19,6+12+18,18961.885042702193,15294.135673825984,0.0,0.0,3667.749368876209,675.80414936111,29355.247372379286,2192.058461111113,2221.241007407403
2025-04-20,6+12+18,44035.241012175946,34128.20515546171,1770.4539015625023,0.0,8136.581955151731,1894.1562165694459,7615.117197952162,2221.241007407403,1200.0
2025-04-21,6+12+18,45683.45066834804,35616.859923282405,505.4061739859385,0.0,9561.1845710797,2233.065276111106,11847.034977823725,1200.0,2795.9534711503097
2025-04-22,6+12+18,44980.82681456985,32596.88427532871,3212.7689533134894,0.0,9171.173585927656,2170.3645678611147,5713.853562627922,2795.9534711503097,2746.694198727463
2025-04-23,6+12+18,44098.235939209364,31752.278425751,4984.975960754268,0.0,7360.981552704102,1834.029737847219,8154.88733099383,2746.694198727463,1200.0000000000002
2025-04-24,6+12+18,44068.13540472396,32775.04837253674,2536.6895361569887,0.0,8756.397496030226,2073.143031277777,10996.561417262867,1200.0000000000002,1199.9999999999998
2025-04-25,6+12+18,19696.27274826704,15279.184141389134,0.0,0.0,4417.088606877907,811.8079092777774,34049.45908974622,1199.9999999999998,1909.6115388888877
2025-04-26,6+12+18,19897.389252251625,15152.49930961651,0.0,0.0,4744.889942635116,851.2689368333316,35640.86587605435,1909.6115388888877,2040.1622148148124
2025-04-27,6+12+18,45559.64712905393,31394.399423733295,2715.7373025578945,0.0,11449.510402762739,2622.402891888886,7894.555788742282,2040.1622148148124,2347.582636481947
2025-04-28,6+12+18,47144.041053974935,37579.50956725249,2566.0368063271408,0.0,6998.4946803953035,1470.9640757638867,8410.262574679356,2347.582636481947,2490.08894833333
2025-04-29,6+12+18,39278.22194426184,31748.341243615425,1665.996886250646,0.0,5863.883814395773,1329.4226253750003,7934.45757933402,2490.08894833333,1699.97014022438
2025-04-30,6+12+18,45266.99735776606,31100.5333238927,825.5622797071792,0.0,13340.901754166178,3477.750336138886,6076.776111844312,1699.97014022438,1967.881343965118
2025-05-01,6+12+18,54419.77901842385,32992.36964611903,2949.3900018791364,0.0,18478.01937042568,3800.7498454444426,8466.501498061723,1967.881343965118,1200.0000000000011
2025-05-02,6+12+18,26252.30959192679,17224.11252100076,0.0,0.0,9028.197070926031,1642.2226888472212,24062.80198095079,1200.0000000000011,2139.0434333333314
2025-05-03,6+12+18,25710.04830738987,15815.33606408723,0.0,0.0,9894.712243302638,1756.9635052777774,28610.845623631685,2139.0434333333314,1969.8290925925949
2025-05-04,6+12+18,59253.72940358928,35173.86069952093,618.6989986531955,0.0,23461.169705415152,5549.228870638889,9986.12016928343,1969.8290925925949,2089.3795424354967
2025-05-05,6+12+18,55225.751696413434,36653.605853877816,325.80289890384256,0.0,18246.342943631775,3903.1625690833275,6987.532327243466,2089.3795424354967,1622.7182590271666
2025-05-06,6+12+18,52399.4403665436,33105.80249146455,4996.177357322031,0.0,14297.460517757023,3211.359439513891,6004.439961475471,1622.7182590271666,1997.048666975316
2025-05-07,6+12+18,51068.24457883694,35263.38940015523,4009.270255082294,0.0,11795.584923599408,2422.148237319442,7041.452040293725,1997.048666975316,1466.14351609537
2025-05-08,6+12+18,50715.253312574714,38012.52610878663,2138.025319900175,0.0,10564.701883887912,2222.594987472222,9650.357717077157,1466.14351609537,1200.000000000005
2025-05-09,6+12+18,21653.66358742558,17027.318959883458,0.0,0.0,4626.344627542125,830.2453036944444,29391.09096250342,1200.000000000005,1733.8477302785527
2025-05-10,6+12+18,22268.554847392767,17006.88825672414,0.0,0.0,5261.666590668626,964.6745423888893,25807.435279543894,1733.8477302785527,1819.5013922481498
2025-05-11,6+12+18,48847.65205373466,36882.63907610223,1721.2974719850915,0.0,10243.715505647342,2218.1545200277756,7861.551891232,1819.5013922481498,1200.0000000000002
2025-05-12,6+12+18,48061.52622968562,33930.26940786638,5679.278594639665,0.0,8451.978227179588,1793.623698583332,8636.178753134262,1200.0000000000002,1307.3984008111106
2025-05-13,6+12+18,48445.13161753086,38217.02881533392,1625.7423697887518,0.0,8602.360432408192,1819.9994741250016,12660.34571159826,1307.3984008111106,1200.0000000000002
2025-05-14,6+12+18,48055.68307249989,38052.32474605732,1394.7096810150204,0.0,8608.648645427555,1915.2098515601865,11218.270697272814,1200.0000000000002,1200.0000000000014
2025-05-15,6+12+18,46739.03622948111,38789.58358415953,2226.4024283846056,0.0,5723.050216936974,1422.0848255416654,11036.89574017901,1200.0000000000014,1200.0000000000014
2025-05-16,6+12+18,19905.32452331511,17641.178703331014,0.0,0.0,2264.1458199840977,405.2062500555557,35133.33861801372,1200.0000000000014,1633.3559718833299
2025-05-17,6+12+18,21801.092175372065,17595.09259554778,0.0,0.0,4205.999579824285,719.9728665833345,27604.5333399074,1633.3559718833299,1719.684424925003
2025-05-18,6+12+18,43335.92762826828,40025.030766640804,713.1119859291086,0.0,2597.784875698368,778.7859192361097,12162.663778097565,1719.684424925003,1200.0000000000005
2025-05-19,6+12+18,41822.7866433585,36603.447208399826,946.9343850151454,0.0,4272.405049943528,896.7669942500004,12495.159581143005,1200.0000000000005,1501.6981166685216
2025-05-20,6+12+18,45519.497163942986,36160.97240583417,3548.342857036431,0.0,5810.181901072388,1301.2820067222208,8956.086142979939,1501.6981166685216,1199.9999999999995
2025-05-21,6+12+18,44435.68089719561,35380.540025400085,5073.505580329829,0.0,3981.6352914656945,990.4513941944444,10137.653605027775,1199.9999999999995,1200.000000000001
2025-05-22,6+12+18,42984.493464939784,37235.61303525054,1944.7128054547247,0.0,3804.167624234523,927.9752633472212,10666.399413746914,1200.000000000001,1200.0000000000002
2025-05-23,6+12+18,19263.160546415485,17593.554035971592,203.1470836850225,0.0,1466.4594267588707,255.92695083333257,31709.9236677332,1200.0000000000002,1903.9562499351857
2025-05-24,6+12+18,19083.1069627218,18134.5002081772,0.0,0.0,948.6067545445998,167.2272926666659,34543.92249241307,1903.9562499351857,1548.6274615046268
2025-05-25,6+12+18,41567.60686958998,37631.50573845375,1032.9553767531545,0.0,2903.1457543830757,735.2053083888889,13250.684558117791,1548.6274615046268,1199.9999999999993
2025-05-26,6+12+18,46381.708879958656,36825.306323801466,6620.3661406364645,0.0,2936.036415520726,822.6140522083329,11593.975469958337,1199.9999999999993,1200.0000000000007
2025-05-27,6+12+18,42803.28049311773,35250.40165411915,4012.0579065780894,0.0,3540.820932420489,913.8653382916691,11580.706828404833,1200.0000000000007,1200.0000000000011
2025-05-28,6+12+18,41907.912504151864,39320.77874960708,1523.5274640414566,0.0,1063.606290503324,374.17053141666787,11911.028690728395,1200.0000000000011,1200.000000000002
2025-05-29,6+12+18,47547.032813730635,39220.80871363442,4496.4474467032205,0.0,3829.7766533929953,1018.3548545277765,13654.392067506169,1200.000000000002,1199.9999999999993
2025-05-30,6+12+18,18902.853866434572,18812.808846849864,0.0,0.0,90.04501958470837,28.434165749999977,32381.308182786353,1199.9999999999993,1558.0710983888885
2025-05-31,6+12+18,20194.159635562977,19493.272110268146,0.0,0.0,700.8875252948308,171.54102199999954,33429.80699902657,1558.0710983888885,1827.423942129629
2025-06-01,6+12+18,75461.6298818068,54226.818017062935,4030.679662935515,0.0,17204.132201808352,4134.53871126663,13010.628444336937,1827.423942129629,1858.865540793209
2025-06-02,6+12+18,69138.66748671545,55012.27561009907,1806.9791277922632,0.0,12319.412748824125,3093.694438222222,14169.719932698736,1858.865540793209,2276.401692438275
2025-06-03,6+12+18,66615.02726912849,50413.48341997537,5000.611533123092,0.0,11200.932316030037,2735.2592966944458,12406.438221890261,2276.401692438275,1200.0000000000002
2025-06-04,6+12+18,71344.80258261863,60283.73660126378,3872.5408638198905,0.0,7188.525117534965,2304.0184855972207,21407.499640586422,1200.0000000000002,1200.0000000000002
2025-06-05,6+12+18,66941.54582340506,53505.89192615018,7336.495956543264,0.0,6099.15794071161,1706.0519654305544,12582.964745962967,1200.0000000000002,1200.0000000000002
2025-06-06,6+12+18,30878.90177694171,29207.7946740446,0.0,0.0,1671.1071028971126,298.64261630761257,25592.0432349561,1200.0000000000002,1199.9999999999993
2025-06-07,6+12+18,33513.697873558966,31736.14112595059,0.0,0.0,1777.5567476083752,328.85701316666683,31949.037758357677,1199.9999999999993,1439.6495149537045
2025-06-08,6+12+18,60501.87968220622,53349.70512051307,4090.3782366661962,0.0,3061.796325026955,790.6195591666659,17101.254459700453,1439.6495149537045,1200.0000000000002
2025-06-09,6+12+18,65369.04463889767,61781.8392689511,1053.3552071332178,0.0,2533.8501628133536,844.3401466666651,17223.794185831106,1200.0000000000002,1200.0000000000002
2025-06-10,6+12+18,65480.070702615856,57734.78817661004,5770.8060546820525,0.0,1974.4764713237607,653.3728455833328,14874.378567510801,1200.0000000000002,1200.0000000000002
2025-06-11,6+12+18,69793.9811596835,63426.45055201925,5190.781871684305,0.0,1176.7487359799536,399.4021910000006,15450.09830475309,1200.0000000000002,1200.0000000000002
2025-06-12,6+12+18,65416.23092937217,62030.89311183378,2367.4724973003767,0.0,1017.8653202380185,349.51630516666603,16257.040057747434,1200.0000000000002,1200.0000000000002
2025-06-13,6+12+18,31086.46279632733,30225.844229751376,0.0,0.0,860.6185665759567,138.65494866666643,30335.98705836609,1200.0000000000002,1199.9999999999995
2025-06-14,6+12+18,32095.889611314065,31376.90071003975,0.0,0.0,718.9889012743147,124.0066259722214,34065.64269952538,1199.9999999999995,1199.999999999999
2025-06-15,6+12+18,65601.86305463551,59399.584300276816,5987.351478385869,0.0,214.92727597282237,40.08130155555614,18050.291528842597,1199.999999999999,1200.0000000000002
2025-06-16,6+12+18,67716.94391715777,62573.46958606361,4624.575195706936,0.0,518.8991353872308,202.66601543055606,17907.621598419755,1200.0000000000002,1200.0000000000002
2025-06-17,6+12+18,69329.15212035095,64173.492570175425,4321.25360211162,0.0,834.4059480639029,257.8194332083333,17634.394223937757,1200.0000000000002,1200.0000000000002
2025-06-18,6+12+18,68514.50601697544,64545.747135216996,3501.7799684153347,0.0,466.9789133431225,167.91391699999912,21636.230197754972,1200.0000000000002,1263.0971787037035
2025-06-19,6+12+18,66613.10213953532,59594.24541850606,6526.216006345807,0.0,492.64071468344514,156.40250470833303,22206.233776168214,1263.0971787037035,1200.0000000000002
2025-06-20,6+12+18,30432.967927401463,30390.410283401463,0.0,0.0,42.557644000000074,6.999612500000012,36394.17455114643,1200.0000000000002,1199.9999999999982
2025-06-21,6+12+18,28555.60395974678,28055.659452645777,0.0,0.0,499.94450710100085,80.04565100000013,34476.219454251026,1199.9999999999982,1444.2901067962953
2025-06-22,6+12+18,64022.4261906744,59944.8978317013,3727.6517581656753,0.0,349.8766008074214,117.46990281944385,20778.93944240123,1444.2901067962953,1210.6631053703704
2025-06-23,6+12+18,62482.17283348419,61092.351709631854,1127.844606497056,0.0,261.9765173552832,96.13424681944389,19956.932795176956,1210.6631053703704,1282.0623413888895
2025-06-24,6+12+18,73860.43182931938,71777.46753136997,1769.323773021842,0.0,313.6405249275694,110.37340549999999,22018.35837327126,1282.0623413888895,1200.0000000000002
2025-06-25,6+12+18,67097.32091266107,62237.65545707267,4638.833850476978,0.0,220.8316051114166,59.43909200000002,21559.74066260769,1200.0000000000002,1209.3755509259265
2025-06-26,6+12+18,62990.206486929914,59201.88472840817,3780.892197161046,0.0,7.429561360695165,3.19409375000032,20859.31979108334,1209.3755509259265,1199.9999999999998
2025-06-27,6+12+18,30546.35245109804,30319.656533292815,0.0,0.0,226.69591780522248,37.63988362500004,39265.65935941615,1199.9999999999998,1309.7059193981513
2025-06-28,6+12+18,30479.952072733286,30417.606026960784,0.0,0.0,62.34604577250078,10.144166250000126,36131.158117271436,1309.7059193981513,1362.2879117191358
2025-06-29,6+12+18,67094.46348898418,59290.63061164789,7544.744537721394,0.0,259.0883396149021,89.60026412499977,20884.059669624316,1362.2879117191358,1217.183388935185
2025-06-30,6+12+18,65058.92710266315,63126.80469224928,1524.5373578991384,0.0,407.5850525147276,99.76387365277748,20811.676225568583,1217.183388935185,1289.3119491705265
2025-07-01,6+12+18,85628.73863785822,60030.66005064221,18667.743538795432,0.0,6930.3350484205785,2621.2052210833335,15901.413192685188,1289.3119491705265,1200.0000000000002
2025-07-02,6+12+18,77284.6739557219,57253.58316887767,12972.709066070973,0.0,7058.381720773268,2602.3311276527766,13119.489653610088,1200.0000000000002,2442.819867175923
2025-07-03,6+12+18,87834.83814567335,63620.512299747046,16253.798891345581,0.0,7960.526954580727,2777.6329853333345,17209.097952325104,2442.819867175923,1200.0000000000002
2025-07-04,6+12+18,33296.886891835704,29525.54617662206,1154.1641838790854,0.0,2617.176531334556,759.8480092083336,23358.996252478904,1200.0000000000002,1344.1026823055577
2025-07-05,6+12+18,31492.604726407284,29465.473302437113,416.00685768233916,0.0,1611.1245662878327,605.6408509305554,21385.11158739352,1344.1026823055577,1234.7282483518527
2025-07-06,6+12+18,88360.2812408552,60244.896104752,22584.547088760974,0.0,5530.838047342237,2031.450631375,15877.522380387862,1234.7282483518527,1892.2128345564824
2025-07-07,6+12+18,74708.88545698402,62159.29932124597,8940.763745700373,0.0,3608.822390037677,1336.3467734444432,15453.69155795268,1892.2128345564824,1865.1573995370404
2025-07-08,6+12+18,73761.16789814268,65957.76757010873,6437.026683016493,0.0,1366.3736450174554,511.1562624999989,15072.641692375515,1865.1573995370404,1603.794490370372
2025-07-09,6+12+18,72570.89960165169,65236.798896425054,5916.843571406005,0.0,1417.2571338206317,453.24033120833303,16040.452912665816,1603.794490370372,1906.0717027319417
2025-07-10,6+12+18,70969.47805418223,60243.627371309056,9110.618275431265,0.0,1615.2324074419014,539.2770094305552,13595.362673135292,1906.0717027319417,1200.0000000000002
2025-07-11,6+12+18,34817.23368665227,34625.172112155895,0.0,0.0,192.0615744963721,34.75584741666637,24425.812912612142,1200.0000000000002,1480.4530665625011
2025-07-12,6+12+18,32704.04209327715,31935.523137871554,733.7949184055943,0.0,34.72403700000045,13.078733333333503,22876.207775791667,1480.4530665625011,1403.3151428124988
2025-07-13,6+12+18,66055.87851629512,62725.30019713259,2360.31108941595,0.0,970.2672297465838,271.03634227777775,15499.093099503778,1403.3151428124988,1200.0000000000002
2025-07-14,6+12+18,68228.11488263014,59011.003839943885,7791.4984719390395,0.0,1425.6125707472127,435.59830783333285,11638.386846111112,1200.0000000000002,2184.787381452783
2025-07-15,6+12+18,68802.69545437486,64046.01880099027,2173.092119651393,0.0,2583.584533733197,649.7048427222232,14977.321210919908,2184.787381452783,1200.0000000000002
2025-07-16,6+12+18,70102.0306719999,63453.68519127939,3741.946951113202,0.0,2906.3985296073124,777.9262377499977,13183.097245243145,1200.0000000000002,1200.0000000000002
2025-07-17,6+12+18,69039.8904337586,60642.675808977576,7025.201645966185,0.0,1372.0129788148333,282.9682109166666,12241.586271977363,1200.0000000000002,1200.0000000000002
2025-07-18,6+12+18,36549.65076520193,35788.87833566661,0.0,0.0,760.7724295353169,169.8236048194442,28902.577571359223,1200.0000000000002,1323.077752094909
2025-07-19,6+12+18,35805.664998128676,35515.77409363567,0.0,0.0,289.89090449300073,38.96984408333344,31149.87855115501,1323.077752094909,1310.6028392129601
2025-07-20,6+12+18,68204.33081862608,62636.57260424897,3232.275493214542,0.0,2335.4827211625657,505.14075568055483,14867.526875528638,1310.6028392129601,1200.0000000000002
2025-07-21,6+12+18,71926.64864456905,65193.09023073724,5333.665762928668,0.0,1399.89265090315,379.7293225277773,15031.729313725817,1200.0000000000002,1200.0000000000002
2025-07-22,6+12+18,71298.87530182459,64696.363673758715,4620.462631038052,0.0,1982.0489970278268,413.4007497638891,15699.26701424846,1200.0000000000002,1200.0000000000002
2025-07-23,6+12+18,78632.10262473793,71069.16598501489,881.3936983335074,0.0,6681.542941389545,1218.6116756111105,22080.377495932094,1200.0000000000002,1200.0000000000002
2025-07-24,6+12+18,73328.89645436523,71126.74502026755,592.2916821657466,0.0,1609.859751931925,300.5942904861113,20121.962515476327,1200.0000000000002,1200.0000000000002
2025-07-25,6+12+18,35480.29606800776,35320.50164234084,0.0,0.0,159.79442566692273,55.49019649999975,31505.974070994165,1200.0000000000002,1365.95662056713
2025-07-26,6+12+18,35864.512020908944,35864.512020908944,0.0,0.0,0.0,0.0,31455.83759267455,1365.95662056713,1270.3701384606477
2025-07-27,6+12+18,71014.26660203842,64449.81092290237,3507.8371250732393,0.0,3056.618554062805,571.5694837222223,14960.757912504114,1270.3701384606477,1200.0000000000002
2025-07-28,6+12+18,73960.62037280155,67379.28736850184,1929.1339645769535,0.0,4652.19903972277,1042.5730067638888,12872.42108795062,1200.0000000000002,1204.9966736125004
2025-07-29,6+12+18,71882.43297872202,65826.02700540681,5486.645977909648,0.0,569.7599954055692,127.28274866666686,15956.31183075,1204.9966736125004,1207.1501218942908
2025-07-30,6+12+18,72781.12362419895,61864.37250895503,10308.408414627778,0.0,608.3427006161489,162.96581886111173,15204.250996244336,1207.1501218942908,1293.3936361050917
2025-07-31,6+12+18,69955.82733497956,63142.7997971944,4191.086747365589,0.0,2621.9407904195627,523.8915025277778,13347.536612694448,1293.3936361050917,1200.0000000000036
2025-08-01,6+12+18,34844.3436538153,34781.09177434874,0.0,0.0,63.25187946656218,8.440899374999958,36011.454376243826,1200.0000000000036,1200.0000000000014
2025-08-02,6+12+18,36038.59884186525,35661.36855017123,0.0,0.0,377.2302916940156,85.70466684722152,41013.240996301436,1200.0000000000014,1200.0000000000018
2025-08-03,6+12+18,59748.72959520029,55369.18698672048,720.1281376684803,0.0,3659.414470811328,829.142826472221,11659.625940817885,1200.0000000000018,1199.999999999999
2025-08-04,6+12+18,65724.80393291272,59297.193029830705,1050.7714999431432,0.0,5376.839403138874,1126.9354179722236,14098.964910296478,1199.999999999999,1200.0000000000002
2025-08-05,6+12+18,61297.0404415852,57422.88915525612,1547.9041603487979,0.0,2326.2471259802874,477.2251815972213,12449.952685173004,1200.0000000000002,1200.0000000000002
2025-08-06,6+12+18,66373.56817993715,63467.486957134715,368.0992989505014,0.0,2537.9819238519285,527.5825479861093,14450.199915466397,1200.0000000000002,1200.0000000000036
2025-08-07,6+12+18,63586.70755581523,60348.65701414745,1269.9596477659138,0.0,1968.0908939018625,404.76408986111164,21232.20376413186,1200.0000000000036,1275.2407712962943
2025-08-08,6+12+18,32475.81708619293,31556.65450616397,0.0,0.0,919.1625800289595,123.02166983333348,38526.56942013408,1275.2407712962943,1200.0000000000023
2025-08-09,6+12+18,33195.540942266445,31943.37842697453,0.0,0.0,1252.1625152919155,201.74751716666657,35228.99860703292,1200.0000000000023,1200.0000000000016
2025-08-10,6+12+18,60803.83275188182,58419.9852946216,247.27304097519777,0.0,2136.5744162850274,500.9621982499978,11805.69428809602,1200.0000000000016,1200.0
2025-08-11,6+12+18,59676.4084540951,54844.186778122836,1885.0548633680294,0.0,2947.1668126042364,589.0076515277781,12118.614820777777,1200.0,1286.5290595123467
2025-08-12,6+12+18,63554.37564816388,59688.25511678698,1009.4552009677511,0.0,2856.6653304091424,635.6069060833315,14174.260440611113,1286.5290595123467,1227.070461419757
2025-08-13,6+12+18,61640.6120978473,54601.02543990478,2501.807314015111,0.0,4537.779343927408,853.2184267361113,10443.689091819442,1227.070461419757,1211.3219016203686
2025-08-14,6+12+18,61731.42009575231,56511.65036651636,2820.947429788896,0.0,2398.8222994470534,463.3348710138886,12215.687895275198,1211.3219016203686,1200.0000000000005
2025-08-15,6+12+18,34646.78405293645,32334.18448054162,0.0,0.0,2312.5995723948267,303.21599374999914,37525.10320022257,1200.0000000000005,1309.0185439814813
2025-08-16,6+12+18,35456.61193955108,33019.779643623624,0.0,0.0,2436.8322959274606,339.22491175000044,38772.8224110283,1309.0185439814813,1292.7172601851871
2025-08-17,6+12+18,61219.826021332214,56886.34558784388,599.396044186593,0.0,3734.0843893017363,617.5601189444448,15560.600851664618,1292.7172601851871,1200.0
2025-08-18,6+12+18,60956.574056014,56486.67523910334,106.68577855841221,0.0,4363.2130383522435,894.9836219861114,11277.85582036318,1200.0,1199.9999999999993
2025-08-19,6+12+18,61755.608404814855,55330.927422954475,1156.6650056032845,0.0,5268.0159762571,1014.7839911388887,11150.5089472675,1199.9999999999993,1259.602413935186
2025-08-20,6+12+18,68046.20334246925,60505.9477893405,1380.9426775710792,0.0,6159.312875557674,1169.5791201388888,13354.13636446176,1259.602413935186,1200.0
2025-08-21,6+12+18,62067.306502317726,57225.320644216205,1087.753455730196,0.0,3754.2324023713236,777.2869861388896,13734.437964023153,1200.0,1201.9377104513878
2025-08-22,6+12+18,34779.51671691902,31335.987997043623,0.0,0.0,3443.528719875394,472.287171472221,31913.73385538906,1201.9377104513878,1200.0000000000036
2025-08-23,6+12+18,32322.43384313937,29810.652737358017,0.0,0.0,2511.7811057813515,357.10790537499963,29119.65888406276,1200.0000000000036,1506.2109238518497
2025-08-24,6+12+18,61998.23879976433,55443.05991669724,4250.112350157488,0.0,2305.066532909601,467.9454773888898,13468.693740302468,1506.2109238518497,1230.9744620370388
2025-08-25,6+12+18,72687.93703586914,69718.38552811273,0.0,0.0,2969.551507756412,651.782020888888,24869.77034617387,1230.9744620370388,1200.0000000000025
2025-08-26,6+12+18,61263.30187161207,55825.483594211626,654.0647163650578,0.0,4783.753561035387,1100.8745894444446,9413.812437706094,1200.0000000000025,1280.7116850777786
2025-08-27,6+12+18,62053.29971433322,55909.73531719201,3328.0234773217526,0.0,2815.540919819451,506.1495497119337,10654.753736611112,1280.7116850777786,1200.0000000000014
2025-08-28,6+12+18,69268.20147972432,54480.464487865116,5578.261089266896,0.0,9209.4759025923,1922.1353307222212,9412.8835985,1200.0000000000014,1200.0000000000034
2025-08-29,6+12+18,35539.19275321318,32723.04751855138,0.0,0.0,2816.145234661803,375.59886551388956,32986.10685479938,1200.0000000000034,1294.6477212716059
2025-08-30,6+12+18,35747.837425707985,32173.889399993488,0.0,0.0,3573.9480257144946,476.0934200833326,36177.790223681586,1294.6477212716059,1364.4239356666649
2025-08-31,6+12+18,63746.57792795355,54773.98105545154,1393.9417240510236,0.0,7578.65514845098,1714.7824712916681,9501.618130222225,1364.4239356666649,1200.0000000000002
2025-09-01,6+12+18,55589.18707703153,54019.98138327742,0.0,0.0,1569.2056937541083,328.47829219444384,30650.82739814334,1200.0000000000002,1289.0275214236128
2025-09-02,6+12+18,51242.19720394434,48131.594060209645,0.0,0.0,3110.6031437346955,619.706836597224,19673.33792897548,1289.0275214236128,1319.6621251504585
2025-09-03,6+12+18,51583.68530705038,50462.850730248145,205.20511205358284,0.0,915.6294647486473,208.79087419444474,20434.076785667523,1319.6621251504585,1200.0
2025-09-04,6+12+18,51989.812041444646,49105.72232953613,279.44501268387125,0.0,2604.64469922464,555.1236859722228,19772.195369253423,1200.0,1264.125910254633
2025-09-05,6+12+18,26792.278002291176,25250.993233298017,0.0,0.0,1541.2847689931605,263.6639948333322,43206.191616871394,1264.125910254633,1200.0000000000014
2025-09-06,6+12+18,25899.069097531417,25252.991059903376,0.0,0.0,646.0780376280404,106.45746758333314,42164.76979093827,1200.0000000000014,1266.8961379969132
2025-09-07,6+12+18,49599.24120270269,46146.78150257966,1181.188113051409,0.0,2271.271587071619,453.76199137499873,16326.385920886321,1266.8961379969132,1222.6453757291667
2025-09-08,6+12+18,53634.026882038546,50855.95951307383,2255.031732853655,0.0,523.0356361110642,156.78837541666564,19439.99281404716,1222.6453757291667,1209.5436344907412
2025-09-09,6+12+18,47932.457167257715,45087.27569241528,730.5145978962032,0.0,2114.666876946232,493.1292040694467,13986.065472499671,1209.5436344907412,1200.0000000000002
2025-09-10,6+12+18,58829.61690600874,51963.3561805944,4425.417648899618,0.0,2440.8430765147245,479.6535398472226,21106.056233126543,1200.0000000000002,1243.9727912268497
2025-09-11,6+12+18,53191.64455991861,51040.904135016375,0.0,0.0,2150.7404249022375,388.83232850000024,24375.991016186726,1243.9727912268497,1358.1467643634287
2025-09-12,6+12+18,25609.957168921585,25104.598062535508,0.0,0.0,505.3591063860752,100.66889659722193,38351.41598699691,1358.1467643634287,1200.0000000000005
2025-09-13,6+12+18,25225.06936056253,25029.479250983637,0.0,0.0,195.59010957889365,34.22812058333295,41383.62008760939,1200.0000000000005,1280.3868129328707
2025-09-14,6+12+18,55895.50346988307,54715.022217860445,732.5612138997319,0.0,447.9200381228919,138.92950274999907,22769.22915929166,1280.3868129328707,1200.0000000000014
2025-09-15,6+12+18,46733.53848990967,44270.87126859525,526.951545614123,0.0,1935.7156757002967,498.0496323611095,10619.234516737997,1200.0000000000014,1269.8225805787006
2025-09-16,6+12+18,53723.074432256035,52081.88185431612,0.0,0.0,1641.192577939917,454.01098962499975,18812.337813991588,1269.8225805787006,1220.7885007523166
2025-09-17,6+12+18,51236.74513246452,50077.59097548576,90.41919343834638,0.0,1068.7349635404169,276.9734078888887,14370.713970445988,1220.7885007523166,1227.0442117592615
2025-09-18,6+12+18,50131.62864533263,43983.37446774347,3688.474375456332,0.0,2459.779802132831,484.5352533888887,12044.005006388888,1227.0442117592615,1204.8422011111102
2025-09-19,6+12+18,25312.34376760891,23680.694910775535,0.0,0.0,1631.6488568333748,280.3579435,30434.31560037242,1204.8422011111102,1455.1440569490753
2025-09-20,6+12+18,26051.634975122757,23331.485680151265,0.0,0.0,2720.1492949714907,468.6449184166652,31534.151726719138,1455.1440569490753,1574.3691314629639
2025-09-21,6+12+18,50397.82879308612,48856.65834161256,0.0,0.0,1541.170451473563,410.5220935277781,15219.857453088134,1574.3691314629639,1215.1061259375024
2025-09-22,6+12+18,57102.364280472975,49787.17196603707,167.87592157375,0.0,7147.316392862151,1923.8945746527772,14709.78302118518,1215.1061259375024,1570.1415950018593
2025-09-23,6+12+18,55153.22597908364,48130.28720678473,0.0,0.0,7022.938772298916,1555.7475436666664,11288.297466358359,1570.1415950018593,1204.6013045555583
2025-09-24,6+12+18,53699.92435568032,42749.400961131294,5697.720522746993,0.0,5252.80287180203,1473.061793638888,9257.076013529324,1204.6013045555583,1200.0
2025-09-25,6+12+18,55746.190362959795,45979.531915437416,2311.19188414875,0.0,7455.466563373633,1922.1757091790157,12769.453730263893,1200.0,1200.0000000000016
2025-09-26,6+12+18,27641.358112673726,22913.666418460893,0.0,0.0,4727.691694212834,814.2427492500001,30172.436418660494,1200.0000000000016,1718.8944359120394
2025-09-27,6+12+18,27803.789164746133,21869.929190122177,0.0,0.0,5933.859974623956,1064.4418147916663,26568.09526186111,1718.8944359120394,1875.9002715555555
2025-09-28,6+12+18,55793.07527667674,46358.547082469464,4206.309865443165,0.0,5228.21832876411,1351.7823958888875,11164.095950138892,1875.9002715555555,1219.4950083333338
2025-09-29,6+12+18,57810.13805459788,48944.475345339786,1308.0649697729868,0.0,7557.597739485107,1845.7334192916649,12547.096364241943,1219.4950083333338,1200.0000000000014
2025-09-30,6+12+18,57516.17135207978,48829.33963389962,3058.7813316487313,0.0,5628.050386531428,1503.0860004027786,8247.465575809161,1200.0000000000014,2869.91141718703
2025-10-01,6+12+18,43783.5162207124,42884.71919194059,133.7121796901894,0.0,765.0848490816228,348.88117349999914,19272.61804745782,2869.91141718703,1209.876841805562
2025-10-02,6+12+18,48925.87457732105,48023.60364493783,44.019100349592634,0.0,858.2518320336237,398.14131616666634,24305.476177247947,1209.876841805562,1200.0000000000007
2025-10-03,6+12+18,20686.406114583602,19517.225449368936,0.0,0.0,1169.180665214665,207.31740916666638,34564.39423368518,1200.0000000000007,1718.0885110444467
2025-10-04,6+12+18,24683.848061302666,22444.936551227802,0.0,0.0,2238.911510074864,739.401524833331,28435.906554184152,1718.0885110444467,9801.382357856477
2025-10-05,6+12+18,45577.24983901998,43185.383267845755,1227.5279117852713,0.0,1164.3386593889572,468.8044239999997,21198.108863996054,9801.382357856477,1200.0000000000002
2025-10-06,6+12+18,47380.03592027295,42152.55368402424,3998.975553893981,0.0,1228.5066823547347,395.892186041666,8831.321159925421,1200.0000000000002,2560.9825220101766
2025-10-07,6+12+18,46410.998035885794,43178.900085922694,2669.2776766319244,0.0,562.8202733311746,242.1612847361116,12558.101789544067,2560.9825220101766,1232.7094501388924
2025-10-08,6+12+18,44414.58077284316,42582.36523838269,1380.828259614465,0.0,451.38727484600486,155.50043705555527,7854.8807555756175,1232.7094501388924,3392.8513437361144
2025-10-09,6+12+18,48543.67221254045,47457.59385940604,321.8484086933793,0.0,764.2299444410252,234.00245048611063,20245.78461245833,3392.8513437361144,1211.2541194444482
2025-10-10,6+12+18,22384.176740574156,21213.466502873078,0.0,0.0,1170.7102377010779,209.01998074999898,36230.26178858538,1211.2541194444482,1779.524131944445
2025-10-11,6+12+18,26640.70228597759,21227.64224406647,338.625322680428,0.0,5074.434719230694,1300.3996810833305,23661.15173442798,1779.524131944445,10800.0
2025-10-12,6+12+18,42229.47959669506,39739.45647798117,169.04607446331454,0.0,2320.977044250573,580.816599291669,8586.558243842419,10800.0,3621.894276827471
2025-10-13,6+12+18,48305.123496686596,44491.217211222836,1381.7497161761337,0.0,2432.1565692876243,576.4040200833317,12131.777339726345,3621.894276827471,4353.643506553392
2025-10-14,6+12+18,51609.816467766716,46870.19303051382,3740.7064369151017,0.0,998.9170003377889,333.982096333333,12837.55481278292,4353.643506553392,4608.426149650001
2025-10-15,6+12+18,50826.217732732985,47587.42462362,1429.9788651692163,0.0,1808.814243943775,457.0627831111102,11902.719535880311,4608.426149650001,4521.319826010498
2025-10-16,6+12+18,50373.210888189504,46173.696658398316,2289.729606691076,0.0,1909.7846231001129,466.5887224444434,11405.41344950309,4521.319826010498,1200.000000000001
2025-10-17,6+12+18,23215.102564097735,19932.719070673462,0.0,0.0,3282.3834934242745,602.0183842500005,26692.128927526057,1200.000000000001,1922.0424555555558
2025-10-18,6+12+18,24033.414409220422,21795.57593895155,0.0,0.0,2237.838470268872,403.3608463333327,30808.302118415646,1922.0424555555558,1666.6728522430542
2025-10-19,6+12+18,52083.56586836637,49368.085634857445,0.0,0.0,2715.480233508927,600.2243472222192,6223.5238116941,1666.6728522430542,5367.899280009411
2025-10-20,6+12+18,52548.1598357464,50977.872644523726,0.0,0.0,1570.287191222679,339.8429630555561,14687.280530283435,5367.899280009411,1200.0000000000027
2025-10-21,6+12+18,54178.94371148588,52376.50796591438,714.9086292959137,0.0,1087.5271162755864,325.4658774722228,12114.069165656725,1200.0000000000027,1200.0
2025-10-22,6+12+18,56775.09163303032,49730.49521373445,3122.7625213469883,0.0,3921.8338979488867,792.8036974166661,8481.567450867275,1200.0,4768.691519771306
2025-10-23,6+12+18,59548.61393712224,54889.07694392746,1776.3816584906203,0.0,2883.1553347041563,569.8521585416678,24223.254359379105,4768.691519771306,1199.9999999999998
2025-10-24,6+12+18,26756.31797431219,21109.54052665837,0.0,0.0,5646.777447653821,1021.1399896666682,27595.264446129622,1199.9999999999998,2107.8342777777752
2025-10-25,6+12+18,27367.936868192246,22173.023494075038,0.0,0.0,5194.913374117208,923.3871843333334,31767.224531295273,2107.8342777777752,2034.2222601027813
2025-10-26,6+12+18,57015.8982664074,52839.94629391303,1844.5185978807963,0.0,2331.433374613578,503.4004016944417,13205.237149377732,2034.2222601027813,4852.26321856745
2025-10-27,6+12+18,52658.02643667507,46788.656204903,3403.7563242387123,0.0,2465.6139075333544,564.2179996666679,8008.2831962431555,4852.26321856745,5658.544975325607
2025-10-28,6+12+18,52519.434763125624,46416.05025933296,4306.078385383862,0.0,1797.3061184088,382.60550487500035,10838.235204625002,5658.544975325607,1200.0000000000014
2025-10-29,6+12+18,60086.28886700861,54162.83043006578,1475.3273408788955,0.0,4448.1310960639385,887.4029657916669,8044.96377026886,1200.0000000000014,5142.746540939352
2025-10-30,6+12+18,53875.436244602504,46983.78993095025,2420.6219025988175,0.0,4471.024411053437,1014.6623318888888,10412.69238797325,5142.746540939352,1200.0000000000011
2025-10-31,6+12+18,28971.79295254786,24039.027584267482,0.0,0.0,4932.765368280379,868.4461410416674,28544.40664245576,1200.0000000000011,2183.6867085648178
2025-11-01,6+12+18,27676.35427861517,21831.062825196685,508.80577569352704,0.0,5336.485677724959,1377.865142,17587.068598252394,2183.6867085648178,10800.0
2025-11-02,6+12+18,55342.464218739435,49219.25436573865,3143.0401755965822,0.0,2980.169677404209,631.3459833333336,9040.02855354835,10800.0,4561.7155484148225
2025-11-03,6+12+18,58024.98705945998,56248.95249096562,335.598366733227,0.0,1440.4362017611336,444.09501054166594,9711.469798102362,4561.7155484148225,5949.542376145831
2025-11-04,6+12+18,57836.905639184806,51274.58376679673,1852.9538611281205,0.0,4709.368011259963,982.4888064583321,7718.312664249999,5949.542376145831,6494.281448249999
2025-11-05,6+12+18,61054.03229386526,57999.031241770164,1732.0495321323394,0.0,1322.9515199627535,406.760145708334,13699.904121869506,6494.281448249999,5871.407912606023
2025-11-06,6+12+18,59825.03681052703,54978.734861899226,2670.730077409759,0.0,2175.5718712180424,542.2386715000001,12827.659365354424,5871.407912606023,1200.0000000000005
2025-11-07,6+12+18,27167.636868199614,23876.71989294157,0.0,0.0,3290.9169752580415,574.3736777083333,28003.613682012343,1200.0000000000005,2025.1593561319464
2025-11-08,6+12+18,27654.273530718972,25417.531958094183,0.0,0.0,2236.7415726247896,396.5372308333329,32020.893454979418,2025.1593561319464,1837.8680185185206
2025-11-09,6+12+18,61328.704950320054,58664.21235746906,1799.3991690977214,0.0,865.093423753273,257.03826541666695,9235.719787005492,1837.8680185185206,5971.71281925
2025-11-10,6+12+18,64131.5558696452,58526.24135500513,3975.2491882891863,0.0,1630.0653263508893,404.1306184027778,10099.305253503422,5971.71281925,5519.938664068373
2025-11-11,6+12+18,61310.126547404114,60361.080825433404,194.94711704155634,0.0,754.0986049291532,177.2488827777779,17103.46547990603,5519.938664068373,1200.0
2025-11-12,6+12+18,62919.13066387363,59343.062271947725,2244.80641220671,0.0,1331.2619797191917,284.0164529583344,10803.321992112658,1200.0,5780.099875725003
2025-11-13,6+12+18,61214.588434946214,56109.161902925116,4132.3119515195185,0.0,973.1145805015776,268.06014697222247,13411.062571463477,5780.099875725003,1199.9999999999995
2025-11-14,6+12+18,28385.351697658843,25852.282735805427,0.0,0.0,2533.0689618534143,448.90643449999965,27926.91940203806,1199.9999999999995,1852.908286381944
2025-11-15,6+12+18,33265.37207612238,29034.9880090005,661.9233100893841,0.0,3568.4607570325015,894.6193147500003,25450.202614425416,1852.908286381944,10800.0
2025-11-16,6+12+18,61146.55594359545,55806.11207023465,4007.304443812146,0.0,1333.1394295486566,343.8406241111102,8622.342207194448,10800.0,5934.270306900462
2025-11-17,6+12+18,63028.803534188206,55616.94893061672,6470.594781614351,0.0,941.2598219571264,303.0667541388891,15208.274785888883,5934.270306900462,1200.0000000000002
2025-11-18,6+12+18,65733.45135429504,61308.92508797602,3711.800323605967,0.0,712.7259427130616,257.9841385416664,8499.32713938735,1200.0000000000002,5967.1960063125
2025-11-19,6+12+18,67540.4129974026,58760.50228592094,7530.181799089874,0.0,1249.7289123917897,398.92920124999966,10186.887636416666,5967.1960063125,5970.670376467593
2025-11-20,6+12+18,62981.91451107963,57248.3019282743,4885.790578233421,0.0,847.8220045719158,223.07171712499985,13449.091304050924,5970.670376467593,1200.000000000001
2025-11-21,6+12+18,27942.13816013578,26687.473765953415,40.32426031444613,0.0,1214.3401338679175,217.48051300000014,26130.28836187706,1200.000000000001,2100.847438354171
2025-11-22,6+12+18,32636.348063288897,29720.433278710083,0.0,0.0,2915.914784578815,522.6730595833338,32521.11645270147,2100.847438354171,2044.8741168333302
2025-11-23,6+12+18,66291.19032249879,60381.12945895434,4639.686279530991,0.0,1270.3745840134595,345.9952047500002,8282.348154916664,2044.8741168333302,5994.4474888125
2025-11-24,6+12+18,62275.352297427635,57792.62197489101,3124.346493422546,0.0,1358.3838291140778,339.52302194444326,12954.441299693415,5994.4474888125,1200.0
2025-11-25,6+12+18,70127.10054544102,69130.77753168793,43.045064752367026,0.0,953.2779490007281,310.75417762499967,14234.688091226344,1200.0,5997.73745625
2025-11-26,6+12+18,66546.11463299219,63280.01423355797,2339.1339848394055,0.0,926.966414594812,252.47085183333309,10566.450717389589,5997.73745625,5626.370065773139
2025-11-27,6+12+18,64943.492565316395,61183.451779935654,3059.4594124217238,0.0,700.5813729590185,166.0164769861109,14334.470985226859,5626.370065773139,1200.000000000001
2025-11-28,6+12+18,30450.834015983823,27924.138210539175,0.0,0.0,2526.6958054446463,448.65938191666675,27978.893683304013,1200.000000000001,1700.5494791180558
2025-11-29,6+12+18,36791.54491023388,34199.17171567109,0.0,0.0,2592.373194562794,464.3928107500004,34770.2525643275,1700.5494791180558,1939.2729567361118
2025-11-30,6+12+18,70819.90211010174,65620.2207483462,4133.651046631103,0.0,1066.0303151244489,290.26995458333374,8797.571488424906,1939.2729567361118,5477.621866133322
2025-12-01,6+12+18,86019.95971324292,71656.05961228666,8089.683551973081,0.0,6274.2165489831805,2221.6404204027776,14510.303595569449,5477.621866133322,1200.0
2025-12-02,6+12+18,92101.14838599738,77975.42929981733,8823.840570897646,0.0,5301.878515282401,1934.5949271666682,11031.364575125008,1200.0,5880.39546075
2025-12-03,6+12+18,91342.60420778603,66345.27858192926,20570.99197910775,0.0,4426.33364674903,1636.067063027778,11109.143635944445,5880.39546075,6172.267329969452
2025-12-04,6+12+18,86771.5592219798,73515.77852975325,8539.247219300638,0.0,4716.533472925905,1691.8892152222224,16101.350089100482,6172.267329969452,1200.0000000000002
2025-12-05,6+12+18,35741.33661033432,35361.466199505114,0.0,0.0,379.87041082920746,87.82024358333308,25655.386880819788,1200.0000000000002,1742.2644174513887
2025-12-06,6+12+18,38692.5033999081,37852.22002469514,0.0,0.0,840.2833752129586,317.1641364999998,21641.124758052458,1742.2644174513887,6029.7329045888955
2025-12-07,6+12+18,85114.3372976458,77004.58295376325,5880.6839778873355,0.0,2229.070365995207,821.7812709999996,12455.627312813103,6029.7329045888955,6450.000000000002
2025-12-08,6+12+18,83621.69229391494,77327.40809377917,4794.182879381928,0.0,1500.101320753832,542.9570769166662,17158.57764872685,6450.000000000002,1200.0000000000005
2025-12-09,6+12+18,83146.38684246232,78271.3704595534,3932.969098539178,0.0,942.0472843697299,356.13552043055574,16070.035432726858,1200.0000000000005,1200.0000000000014
2025-12-10,6+12+18,86422.07297501189,75981.48886984169,9517.320191956995,0.0,923.2639132132052,359.16864119444335,15240.89705492798,1200.0000000000014,1200.0000000000014
2025-12-11,6+12+18,81895.2942442866,77334.03157574355,3981.746513809805,0.0,579.5161547332491,212.77072620833292,17153.835646115233,1200.0000000000014,1199.9999999999995
2025-12-12,6+12+18,38147.2552358939,37824.43572228934,117.5919308334376,0.0,205.22758277112518,29.847703000000024,26506.840127258056,1199.9999999999995,1682.8733485972214
2025-12-13,6+12+18,39814.540543290976,38943.34973432802,0.0,0.0,871.1908089629596,287.01029208333347,23836.98584488033,1682.8733485972214,5455.852408149069
2025-12-14,6+12+18,85238.10334326519,73024.82822995068,11852.184060434596,0.0,361.0910528799164,126.57103529166636,15316.412973373463,5455.852408149069,1200.0
2025-12-15,6+12+18,89339.37863972732,76200.1653971442,12996.133149839408,0.0,143.08009274370858,55.91959716666645,10490.528302000002,1200.0,8550.0
2025-12-16,6+12+18,80815.22017293127,77577.0558224859,3149.013303776159,0.0,89.15104666920551,31.883391166665888,15681.597425658438,8550.0,1200.0000000000014
2025-12-17,6+12+18,84478.84087145311,81739.97792543769,2226.7008508983026,0.0,512.162095117126,157.69880375000014,12124.831429310365,1200.0000000000014,5980.271653500001
2025-12-18,6+12+18,81387.82209746061,74429.59696361306,6445.915679555208,0.0,512.309454292333,207.38685837499986,16021.270088509264,5980.271653500001,1200.0000000000018
2025-12-19,6+12+18,39532.474311983264,37698.70019486901,0.0,0.0,1833.7741171142525,287.59739941666703,26860.67551446571,1200.0000000000018,1939.745647407409
2025-12-20,6+12+18,41095.281718276645,38848.11883436491,0.0,0.0,2247.1628839117357,582.2982942916676,27981.75875680297,1939.745647407409,4158.311552183808
2025-12-21,6+12+18,85719.26874665334,78387.63111211642,6758.5912059627135,0.0,573.046428574208,131.67050566666637,10788.29188423611,4158.311552183808,9450.000000000002
2025-12-22,6+12+18,81065.556063034,76176.19634580654,4128.979056216022,0.0,760.3806610114403,169.8285808750004,15920.256474033951,9450.000000000002,1200.0000000000014
2025-12-23,6+12+18,82299.85983608509,81649.72659637978,196.15050453022306,0.0,453.98273517508835,77.07523808333394,17228.510153521434,1200.0000000000014,1200.000000000001
2025-12-24,6+12+18,81606.27015146421,80474.6382935041,582.7809318739088,0.0,548.8509260862011,104.95914166666557,15509.915786933649,1200.000000000001,1200.0000000000005
2025-12-25,6+12+18,82460.61357660785,76855.19516250995,4980.714297851163,0.0,624.7041162467367,142.35075854166791,15107.649917898143,1200.0000000000005,1200.0000000000014
2025-12-26,6+12+18,39663.00108240665,38717.06095706248,0.0,0.0,945.9401253441697,157.0550771666671,28547.554923206102,1200.0000000000014,1943.7506929953693
2025-12-27,6+12+18,41471.156879820104,38883.90946444179,0.0,0.0,2587.247415378313,616.6559149583331,28626.369378848256,1943.7506929953693,3780.2016617180525
2025-12-28,6+12+18,81742.63394299177,77859.4543016552,3141.3566710214345,0.0,741.8229703151267,140.39643491666675,10981.726024720165,3780.2016617180525,8700.000000000004
2025-12-29,6+12+18,80536.17261476786,74182.97759624259,5677.621475912172,0.0,675.5735426131054,155.55691233333368,11414.408222749997,8700.000000000004,8048.205681131946
2025-12-30,6+12+18,77132.69556511356,74468.51291464694,2461.884000901433,0.0,202.29864956518713,49.876331249999794,10403.18060416049,8048.205681131946,8550.000000000004
2025-12-31,6+12+18,79086.76845866311,75886.62838165756,2184.019489896434,0.0,1016.1205871091082,269.96374591666677,9260.457281138892,8550.000000000004,7960.46349952778
