problem,run,iterations,runtime_s,solver_objective
Q1,single,367,0.0047997500000001025,35126.95234335018
Q2,2025-02-01,382,0.002545666999999696,35279.47675777305
Q3,2025-02-01@00,384,0.0020312080000000066,33751.06712962965
Q3,2025-02-01@06,260,0.002496374999999773,0.002591146187251749
Q3,2025-02-01@12,190,0.0014541249999999728,0.0018442239070567384
Q3,2025-02-01@18,85,0.0006282909999999475,0.0010382019673703705
Q4-2,2025-02-01,377,0.002049374999999909,33882.005990557554
Q4-3,2025-02-01@00,379,0.001962084000000086,32188.111786533085
Q4-3,2025-02-01@06,264,0.002135417000000306,0.0027034297187141796
Q4-3,2025-02-01@12,190,0.0014110830000002572,0.0019517431164956097
Q4-3,2025-02-01@18,77,0.0006444590000000971,0.001133853236253549
Q2,2025-02-02,353,0.001955582999999983,58946.762301895666
Q3,2025-02-02@00,362,0.0020235839999998007,56179.395318928444
Q3,2025-02-02@06,282,0.002236209000000322,0.003507586541330999
Q3,2025-02-02@12,189,0.0013325829999999428,0.00230423629375571
Q3,2025-02-02@18,91,0.000609292000000039,103.63884025635437
Q4-2,2025-02-02,352,0.0019531670000003665,68461.3929092244
Q4-3,2025-02-02@00,359,0.001939582999999967,65002.99976814201
Q4-3,2025-02-02@06,275,0.002181457999999914,0.0034615570201013014
Q4-3,2025-02-02@12,191,0.0012937090000000318,0.0022855415993261836
Q4-3,2025-02-02@18,92,0.0006159159999996611,111.56332230659963
Q2,2025-02-03,353,0.002013625000000019,57396.72723227957
Q3,2025-02-03@00,354,0.002155458999999915,57440.435959825954
Q3,2025-02-03@06,276,0.0021395840000000277,0.0034820600137486263
Q3,2025-02-03@12,181,0.0012320829999996619,0.0023628924030246897
Q3,2025-02-03@18,91,0.0005965000000003329,24.20592540275072
Q4-2,2025-02-03,350,0.001849375000000375,65747.91394326303
Q4-3,2025-02-03@00,352,0.001856875000000091,65931.65769789794
Q4-3,2025-02-03@06,276,0.0021151249999999955,0.0034640198063837424
Q4-3,2025-02-03@12,183,0.0012361669999996217,0.002357135669809412
Q4-3,2025-02-03@18,93,0.0005877920000001424,26.01671571258105
Q2,2025-02-04,358,0.0022857499999999753,57279.87553208492
Q3,2025-02-04@00,350,0.0019498330000002895,59182.53410230061
Q3,2025-02-04@06,272,0.002199250000000319,0.003754887935160201
Q3,2025-02-04@12,184,0.0012619999999996523,0.002531721548018311
Q3,2025-02-04@18,91,0.0005869999999998932,85.14586443008501
Q4-2,2025-02-04,357,0.001926666999999771,65325.33762274105
Q4-3,2025-02-04@00,348,0.0018953750000001435,67754.44166665128
Q4-3,2025-02-04@06,285,0.002172541999999833,0.00361152821632644
Q4-3,2025-02-04@12,185,0.0013614170000000314,0.0025317215480183115
Q4-3,2025-02-04@18,93,0.0006689999999998086,86.62619279843227
Q2,2025-02-05,355,0.0020170829999996975,57131.38392028357
Q3,2025-02-05@00,359,0.001882291000000258,55210.54352458893
Q3,2025-02-05@06,301,0.002212958999999959,383.2414404259616
Q3,2025-02-05@12,181,0.0012194160000000842,0.002249042880403754
Q3,2025-02-05@18,87,0.0005807080000002074,0.001376612473157407
Q4-2,2025-02-05,353,0.0018884169999999756,65208.55382327272
Q4-3,2025-02-05@00,359,0.0019177500000000514,62819.48457971177
Q4-3,2025-02-05@06,302,0.002302541000000158,630.5364567528773
Q4-3,2025-02-05@12,180,0.0013945420000003317,0.002221886248044358
Q4-3,2025-02-05@18,86,0.0006021249999998979,0.001376612473157407
Q2,2025-02-06,357,0.0019147089999997924,57185.393145721915
Q3,2025-02-06@00,362,0.001926291000000191,59029.038562451795
Q3,2025-02-06@06,275,0.002046167000000043,0.003668860963676164
Q3,2025-02-06@12,185,0.0012277090000001323,0.0024715325783278962
Q3,2025-02-06@18,90,0.0005789580000001848,155.2296935803166
Q4-2,2025-02-06,352,0.0019056250000000219,65293.86905953987
Q4-3,2025-02-06@00,359,0.0018877919999997772,67641.28123426196
Q4-3,2025-02-06@06,273,0.002304708000000044,0.00367268807907433
Q4-3,2025-02-06@12,181,0.0012335839999999543,0.002461724912969717
Q4-3,2025-02-06@18,92,0.000577625000000026,155.7278498239663
Q2,2025-02-07,375,0.0019316670000000258,33159.926662191116
Q3,2025-02-07@00,378,0.0019255000000000244,33034.461378386724
Q3,2025-02-07@06,263,0.002079415999999945,0.0026322008049594653
Q3,2025-02-07@12,194,0.0012186670000002842,0.001795910263299965
Q3,2025-02-07@18,81,0.0005854169999999215,0.0010733300295061728
Q4-2,2025-02-07,374,0.0019273750000001755,31266.887079409003
Q4-3,2025-02-07@00,373,0.002045957999999626,31110.017909119193
Q4-3,2025-02-07@06,268,0.0021957499999998298,0.0026779037596326477
Q4-3,2025-02-07@12,200,0.0012670410000001908,0.0017877076636332975
Q4-3,2025-02-07@18,83,0.0005710420000002436,0.001060483509537037
Q2,2025-02-08,369,0.0019443329999999648,32433.261836841655
Q3,2025-02-08@00,366,0.0018931669999999734,27983.606959526234
Q3,2025-02-08@06,261,0.0020715840000002927,0.0026693700855399344
Q3,2025-02-08@12,181,0.0012895830000001496,0.001740344122535356
Q3,2025-02-08@18,81,0.0005870829999996552,0.0010293706028436213
Q4-2,2025-02-08,367,0.0020514579999999505,30312.775903264108
Q4-3,2025-02-08@00,363,0.0020037920000000042,25629.207513568206
Q4-3,2025-02-08@06,261,0.0021156250000000654,0.0026693700855399344
Q4-3,2025-02-08@12,183,0.0012463750000000218,0.0017437116380426426
Q4-3,2025-02-08@18,81,0.0006060830000000905,0.0010177454090825617
Q2,2025-02-09,356,0.001904624999999882,55815.76939990991
Q3,2025-02-09@00,368,0.001906834000000135,55329.62280339961
Q3,2025-02-09@06,308,0.002282500000000187,544.1885666534806
Q3,2025-02-09@12,194,0.0013004170000003867,0.002190483686436136
Q3,2025-02-09@18,89,0.000585875000000069,0.0013818417119259257
Q4-2,2025-02-09,355,0.002181790999999933,63525.49466068063
Q4-3,2025-02-09@00,367,0.0019585829999999582,63063.86805321133
Q4-3,2025-02-09@06,299,0.0021801250000001993,671.9562137666936
Q4-3,2025-02-09@12,191,0.0013151250000000836,0.002190483686436136
Q4-3,2025-02-09@18,88,0.0005727499999998997,0.0013818417119259257
Q2,2025-02-10,360,0.0019296670000001903,54900.02393615996
Q3,2025-02-10@00,363,0.0019495830000000325,52149.01836027689
Q3,2025-02-10@06,278,0.002089290999999882,0.0030494055106196484
Q3,2025-02-10@12,189,0.0013874590000000353,2178.5223947990357
Q3,2025-02-10@18,87,0.0006694999999998785,0.001380339793771604
Q4-2,2025-02-10,352,0.0018929580000000001,62159.395344219694
Q4-3,2025-02-10@00,357,0.0019760410000002615,58782.16820785505
Q4-3,2025-02-10@06,272,0.002066040999999963,0.0030804986975447517
Q4-3,2025-02-10@12,187,0.0012434580000002526,2552.421437181198
Q4-3,2025-02-10@18,88,0.0005630000000000912,0.001380339793771604
Q2,2025-02-11,361,0.0019517090000000792,54770.145597398776
Q3,2025-02-11@00,361,0.002008542000000002,52936.64005305442
Q3,2025-02-11@06,286,0.002158416999999968,0.0033604381254923174
Q3,2025-02-11@12,186,0.0013396249999999554,0.002387972726814334
Q3,2025-02-11@18,91,0.0005973340000000604,114.42864050047548
Q4-2,2025-02-11,357,0.0018985410000000869,61670.52495695388
Q4-3,2025-02-11@00,361,0.0018947090000001054,59361.120821966724
Q4-3,2025-02-11@06,278,0.0020859999999998102,0.0032936757837299727
Q4-3,2025-02-11@12,186,0.0012104580000000809,0.002337872984265294
Q4-3,2025-02-11@18,92,0.0005758749999995594,114.72268152286662
Q2,2025-02-12,361,0.00194350000000032,54300.61625161855
Q3,2025-02-12@00,364,0.001966499999999982,52574.22587073999
Q3,2025-02-12@06,277,0.0023862079999998898,0.003195032228367935
Q3,2025-02-12@12,185,0.0013204999999998357,0.002280084139033316
Q3,2025-02-12@18,91,0.0005825000000001523,71.47845473771811
Q4-2,2025-02-12,355,0.00189704199999996,61063.903483442984
Q4-3,2025-02-12@00,361,0.0019224159999997603,58938.82620232786
Q4-3,2025-02-12@06,280,0.002105042000000168,0.003092151569931721
Q4-3,2025-02-12@12,182,0.0012181669999997702,0.0022665656585497775
Q4-3,2025-02-12@18,90,0.0005719580000000946,70.81139177199518
Q2,2025-02-13,366,0.0019381670000000462,53710.61118611115
Q3,2025-02-13@00,364,0.00204274999999976,48366.67346312936
Q3,2025-02-13@06,264,0.0022014160000001226,0.0032258040213665982
Q3,2025-02-13@12,189,0.0012981249999999278,975.4158296954307
Q3,2025-02-13@18,86,0.0005715000000003911,0.0013791704213055541
Q4-2,2025-02-13,356,0.001954916999999945,60211.25650976561
Q4-3,2025-02-13@00,362,0.0019124580000000613,53794.439756982785
Q4-3,2025-02-13@06,274,0.0021140419999996496,0.0031496653329482517
Q4-3,2025-02-13@12,196,0.0013422919999999117,1097.5007728948742
Q4-3,2025-02-13@18,87,0.0005653340000000284,0.0013791704213055543
Q2,2025-02-14,385,0.001985916999999837,29905.965065123786
Q3,2025-02-14@00,364,0.0020627079999999687,27686.95721832906
Q3,2025-02-14@06,247,0.0021376669999999542,0.0024884837513094306
Q3,2025-02-14@12,179,0.0012301250000001929,0.0017504178872512007
Q3,2025-02-14@18,81,0.0005696670000001625,0.0010796986389794237
Q4-2,2025-02-14,381,0.0019685410000001013,27408.792409105452
Q4-3,2025-02-14@00,368,0.0018887909999998342,25245.653214033086
Q4-3,2025-02-14@06,252,0.002081833999999727,0.0024884837513094297
Q4-3,2025-02-14@12,181,0.0012553749999999475,0.0016776833390157746
Q4-3,2025-02-14@18,82,0.0006220419999998228,0.0010908435159794232
Q2,2025-02-15,377,0.00205608299999982,29063.64385380641
Q3,2025-02-15@00,373,0.0019544579999997147,28144.112748117375
Q3,2025-02-15@06,246,0.002032208999999785,0.0025031472167650185
Q3,2025-02-15@12,188,0.0012651660000000398,0.0018246848674485596
Q3,2025-02-15@18,81,0.0005914579999997116,0.0010757664145226332
Q4-2,2025-02-15,375,0.0019643340000001785,26261.557990369347
Q4-3,2025-02-15@00,373,0.001891000000000087,25339.553402515743
Q4-3,2025-02-15@06,249,0.0021266250000002707,0.0025789657348925903
Q4-3,2025-02-15@12,187,0.0012985419999997916,0.001900503385576131
Q4-3,2025-02-15@18,85,0.0007230420000001736,0.001051324527364969
Q2,2025-02-16,365,0.0020078749999998813,51820.91307595149
Q3,2025-02-16@00,370,0.0019381670000000462,51920.95319793099
Q3,2025-02-16@06,278,0.0020607500000000556,0.0031397483446450256
Q3,2025-02-16@12,186,0.0011997089999997712,0.0022441162152786855
Q3,2025-02-16@18,91,0.0005682079999997924,148.31575014386024
Q4-2,2025-02-16,359,0.001925707999999915,57557.68387831288
Q4-3,2025-02-16@00,367,0.0019248339999999864,57741.7298581866
Q4-3,2025-02-16@06,285,0.0021315419999998753,0.003072248344645026
Q4-3,2025-02-16@12,187,0.0013282079999998864,0.0022428945190860077
Q4-3,2025-02-16@18,94,0.00059787499999997,145.79457284592567
Q2,2025-02-17,363,0.002009790999999872,50669.712513383645
Q3,2025-02-17@00,380,0.002085708000000075,51240.35610750864
Q3,2025-02-17@06,274,0.0021599580000000174,0.003054511871173696
Q3,2025-02-17@12,181,0.001297042000000026,0.0020706586898706423
Q3,2025-02-17@18,90,0.0005818330000000316,47.84404164800056
Q4-2,2025-02-17,357,0.001898333999999835,55998.0567086987
Q4-3,2025-02-17@00,374,0.001965833999999944,56843.902799481126
Q4-3,2025-02-17@06,278,0.002237625000000243,0.003015409451152365
Q4-3,2025-02-17@12,182,0.001297292000000283,0.0020875219878673844
Q4-3,2025-02-17@18,91,0.0005937499999997264,47.291135993568766
Q2,2025-02-18,364,0.0019274579999999375,50357.59426705654
Q3,2025-02-18@00,366,0.001875958999999927,45187.1855764581
Q3,2025-02-18@06,297,0.0021891669999996033,51.011212727183995
Q3,2025-02-18@12,194,0.001275915999999988,715.5246326092437
Q3,2025-02-18@18,90,0.000582125000000211,139.4591335772173
Q4-2,2025-02-18,360,0.001967709000000095,55413.40680899008
Q4-3,2025-02-18@00,364,0.001955499999999777,49198.84945023934
Q4-3,2025-02-18@06,294,0.0021715420000001373,64.67826144930089
Q4-3,2025-02-18@12,195,0.0013645829999999748,858.7532999573807
Q4-3,2025-02-18@18,89,0.0005814160000001678,136.0919179976945
Q2,2025-02-19,368,0.0019720420000002292,49718.07493533931
Q3,2025-02-19@00,361,0.0018440420000001012,45369.44768988896
Q3,2025-02-19@06,259,0.0020594579999997364,0.0034052693055390587
Q3,2025-02-19@12,191,0.0012825830000000593,1131.40637719225
Q3,2025-02-19@18,88,0.0005806669999999237,0.0013901353250740734
Q4-2,2025-02-19,363,0.001995500000000039,54700.44114854562
Q4-3,2025-02-19@00,358,0.001951000000000036,49395.64743502381
Q4-3,2025-02-19@06,272,0.0021737500000003074,0.0032531532954704714
Q4-3,2025-02-19@12,194,0.0013021250000000428,1338.8557962675302
Q4-3,2025-02-19@18,87,0.0005667499999999492,0.0013901353250740738
Q2,2025-02-20,371,0.001964124999999761,49894.881570774414
Q3,2025-02-20@00,370,0.0019180000000003083,46928.34516876977
Q3,2025-02-20@06,280,0.0022163329999997927,837.7418709160834
Q3,2025-02-20@12,175,0.0012202079999998894,0.0019136604813006332
Q3,2025-02-20@18,87,0.0005827080000000429,0.0013831640405216044
Q4-2,2025-02-20,364,0.002119583000000258,54826.238186386
Q4-3,2025-02-20@00,367,0.0019224580000001268,51390.06511620765
Q4-3,2025-02-20@06,287,0.0022999170000002067,1029.79113616044
Q4-3,2025-02-20@12,180,0.0013005839999999935,0.0019175572841378065
Q4-3,2025-02-20@18,92,0.0005850409999998973,0.0013831640405216044
Q2,2025-02-21,362,0.0019215420000002759,27053.182787827733
Q3,2025-02-21@00,359,0.001910416999999942,24409.787301158616
Q3,2025-02-21@06,239,0.0021079999999997767,0.0025116421651485946
Q3,2025-02-21@12,174,0.0013177920000000398,0.0017777349346526064
Q3,2025-02-21@18,81,0.0006402080000000865,0.0010646192184609053
Q4-2,2025-02-21,363,0.0018670419999997634,24147.51781715068
Q4-3,2025-02-21@00,356,0.001820874999999944,21671.55759157128
Q4-3,2025-02-21@06,244,0.0021262090000000455,0.0025116421651485946
Q4-3,2025-02-21@12,178,0.0012379170000000883,0.0017777349346526066
Q4-3,2025-02-21@18,87,0.0005757090000000353,0.0010403318125987654
Q2,2025-02-22,365,0.0019366249999999141,26289.220271214977
Q3,2025-02-22@00,363,0.001861625000000089,25071.710374171395
Q3,2025-02-22@06,248,0.0021119579999999694,0.00249194738545847
Q3,2025-02-22@12,179,0.0013168330000001838,0.0017120357901647808
Q3,2025-02-22@18,81,0.0005564169999998647,0.0010784969315185185
Q4-2,2025-02-22,360,0.0019102499999998912,23285.562187737276
Q4-3,2025-02-22@00,362,0.001846416999999878,22165.379170904835
Q4-3,2025-02-22@06,249,0.00213433399999996,0.0024901582505163903
Q4-3,2025-02-22@12,179,0.001275499999999763,0.0017047629547852024
Q4-3,2025-02-22@18,81,0.000577374999999769,0.0010543206556736112
Q2,2025-02-23,366,0.002052165999999911,48060.256928130264
Q3,2025-02-23@00,360,0.0019137090000000967,45405.0923810082
Q3,2025-02-23@06,279,0.002451582999999591,144.0643798097942
Q3,2025-02-23@12,179,0.0012590420000000435,0.0019135793635736786
Q3,2025-02-23@18,88,0.0005727079999999773,0.001391921132935184
Q4-2,2025-02-23,360,0.0019152079999997795,52207.22005482576
Q4-3,2025-02-23@00,362,0.0019404170000001386,49072.39812889741
Q4-3,2025-02-23@06,282,0.0021280839999997525,356.144308215747
Q4-3,2025-02-23@12,186,0.0012496660000000936,0.001918377257724735
Q4-3,2025-02-23@18,91,0.0006074590000002544,0.0013919211329351843
Q2,2025-02-24,361,0.0019398749999997023,46708.31828085767
Q3,2025-02-24@00,366,0.0019240409999996544,43938.32831870415
Q3,2025-02-24@06,290,0.002328041999999808,0.0031647742562295445
Q3,2025-02-24@12,184,0.0012347500000000622,0.0019576395274773836
Q3,2025-02-24@18,91,0.0005714159999996582,89.7177470640696
Q4-2,2025-02-24,364,0.0019303750000001507,50485.91536842628
Q4-3,2025-02-24@00,368,0.0018757919999998762,47072.23397725933
Q4-3,2025-02-24@06,294,0.002143750000000111,0.0030427350036910505
Q4-3,2025-02-24@12,182,0.0012272919999998244,0.0019572439362583343
Q4-3,2025-02-24@18,89,0.0005747089999998956,87.45124402926055
Q2,2025-02-25,363,0.0019076249999998574,47229.98997448277
Q3,2025-02-25@00,366,0.002151084000000303,44692.92667980155
Q3,2025-02-25@06,331,0.002429624999999991,765.5545499758044
Q3,2025-02-25@12,225,0.001362041000000147,52.88990987156117
Q3,2025-02-25@18,88,0.000580000000000247,0.0013910904472499996
Q4-2,2025-02-25,366,0.001955249999999964,51036.46812193373
Q4-3,2025-02-25@00,368,0.001949125000000329,48100.23685526619
Q4-3,2025-02-25@06,319,0.002342999999999762,884.7069940932876
Q4-3,2025-02-25@12,227,0.0013349579999997196,51.22697898233987
Q4-3,2025-02-25@18,90,0.0005784160000001926,0.00139109044725
Q2,2025-02-26,367,0.002097041999999938,45925.80227365893
Q3,2025-02-26@00,368,0.0019144579999998967,40003.948333804845
Q3,2025-02-26@06,298,0.0023212500000000524,1158.4982756520574
Q3,2025-02-26@12,202,0.0013485000000001968,1695.872220738419
Q3,2025-02-26@18,88,0.0005856669999997344,0.0013922903669043207
Q4-2,2025-02-26,361,0.0019775000000001874,49297.31650941872
Q4-3,2025-02-26@00,365,0.0019747919999999475,42327.574643869346
Q4-3,2025-02-26@06,296,0.002361125000000186,1420.9468314493681
Q4-3,2025-02-26@12,201,0.0014467499999999411,1916.9903229831148
Q4-3,2025-02-26@18,88,0.0006540409999997721,0.0013223225174400718
Q2,2025-02-27,364,0.0019054170000001314,45685.97688186638
Q3,2025-02-27@00,372,0.0018660829999999073,41232.11401752326
Q3,2025-02-27@06,265,0.002147082999999661,65.74615459747686
Q3,2025-02-27@12,182,0.0012501249999998798,443.9194217921145
Q3,2025-02-27@18,91,0.0005667500000003933,49.23106783414236
Q4-2,2025-02-27,361,0.0018655829999998375,49082.48021917689
Q4-3,2025-02-27@00,370,0.0019000839999998576,43858.9781428435
Q4-3,2025-02-27@06,262,0.002282582999999949,74.77193178017897
Q4-3,2025-02-27@12,184,0.0013934170000000634,503.86874321973534
Q4-3,2025-02-27@18,95,0.0005991249999999226,46.984036936382054
Q2,2025-02-28,360,0.0018304159999997793,24658.563525949336
Q3,2025-02-28@00,338,0.0017680829999999759,22894.423633487633
Q3,2025-02-28@06,226,0.0019661659999998804,0.0026424349190256177
Q3,2025-02-28@12,177,0.0011982500000002894,0.0019948846068698557
Q3,2025-02-28@18,80,0.0005621250000000799,0.001117639949329218
Q4-2,2025-02-28,361,0.001871249999999769,21764.765019732044
Q4-3,2025-02-28@00,340,0.001745958000000325,20228.513409090563
Q4-3,2025-02-28@06,232,0.0021798339999996585,0.0026424349190256177
Q4-3,2025-02-28@12,181,0.0012157909999999106,0.001994884606869856
Q4-3,2025-02-28@18,90,0.0005745830000001284,0.0010902107265586421
Q2,2025-03-01,357,0.0018098749999997388,24306.001772441126
Q3,2025-03-01@00,363,0.001920709000000187,26266.740519415773
Q3,2025-03-01@06,246,0.001993375000000075,0.002165428381065312
Q3,2025-03-01@12,209,0.0013102499999999573,0.001468125921206104
Q3,2025-03-01@18,77,0.0005544170000000292,0.0011254514966748971
Q4-2,2025-03-01,356,0.0018455829999997064,21479.914641680418
Q4-3,2025-03-01@00,366,0.001934667000000001,23147.162191857366
Q4-3,2025-03-01@06,246,0.0021607500000002666,0.0022369737225365056
Q4-3,2025-03-01@12,190,0.0012813340000001894,0.0015396712626772973
Q4-3,2025-03-01@18,78,0.0005407499999998677,0.0011047033689452162
Q2,2025-03-02,364,0.001954916999999945,44961.34804259151
Q3,2025-03-02@00,375,0.002061041999999791,46493.90050076268
Q3,2025-03-02@06,282,0.0021844170000000496,116.67898183798175
Q3,2025-03-02@12,189,0.0012980420000001658,0.0022500262487609216
Q3,2025-03-02@18,90,0.0005817079999999031,247.36313229644446
Q4-2,2025-03-02,361,0.00194204099999995,47783.95105552778
Q4-3,2025-03-02@00,376,0.002189708000000401,49557.736882198755
Q4-3,2025-03-02@06,283,0.0021385419999999655,132.3156755408683
Q4-3,2025-03-02@12,189,0.0012339999999997353,0.0021985872026734385
Q4-3,2025-03-02@18,92,0.0005767919999999371,236.57661396074207
Q2,2025-03-03,366,0.0019376669999999763,43595.29293761714
Q3,2025-03-03@00,377,0.001952208999999705,48120.81021909597
Q3,2025-03-03@06,280,0.0022018749999999088,277.2974284093678
Q3,2025-03-03@12,183,0.001283499999999993,0.0021404625390145228
Q3,2025-03-03@18,92,0.0006010409999999133,423.8144855945231
Q4-2,2025-03-03,366,0.002084666000000013,46091.149652282504
Q4-3,2025-03-03@00,374,0.0020643329999998627,51330.50872919328
Q4-3,2025-03-03@06,276,0.0021762499999997686,307.7337338276482
Q4-3,2025-03-03@12,192,0.0013457500000000344,0.0021452886927791313
Q4-3,2025-03-03@18,89,0.0005860410000000371,417.6379216419159
Q2,2025-03-04,362,0.0019660420000002787,44244.204684710436
Q3,2025-03-04@00,370,0.0019517919999998412,42372.75824296398
Q3,2025-03-04@06,287,0.00214837499999998,145.43583541193317
Q3,2025-03-04@12,183,0.0012780420000000348,0.0018874683227434145
Q3,2025-03-04@18,91,0.0007349589999998685,176.27915503816976
Q4-2,2025-03-04,364,0.0019962909999997613,46655.36966319212
Q4-3,2025-03-04@00,369,0.001903167000000039,44486.44000682664
Q4-3,2025-03-04@06,289,0.0021402500000000657,163.32003958853832
Q4-3,2025-03-04@12,183,0.0012399999999996858,0.001887468322743414
Q4-3,2025-03-04@18,92,0.0006392919999997915,169.74139107508682
Q2,2025-03-05,361,0.0018945409999999718,44727.9761332651
Q3,2025-03-05@00,370,0.0019878750000001943,44360.249475085264
Q3,2025-03-05@06,261,0.0020882499999999027,0.003071382408528839
Q3,2025-03-05@12,186,0.0013049579999999672,0.002028604397841358
Q3,2025-03-05@18,90,0.0005823750000000238,140.95429216077602
Q4-2,2025-03-05,362,0.0020090000000001496,47165.02209196091
Q4-3,2025-03-05@00,365,0.0019496660000002386,46810.516816656884
Q4-3,2025-03-05@06,264,0.0020832079999997255,0.0029860204417516104
Q4-3,2025-03-05@12,186,0.0012507500000000782,0.0020298650261746914
Q4-3,2025-03-05@18,93,0.0006010000000000737,132.74113579317077
Q2,2025-03-06,364,0.0019723339999999645,43452.903473515835
Q3,2025-03-06@00,374,0.0019044159999999088,41168.56893122522
Q3,2025-03-06@06,262,0.0021804169999999345,0.0032517065439563613
Q3,2025-03-06@12,184,0.0012372080000000452,357.06195040079183
Q3,2025-03-06@18,91,0.0005768750000001432,198.69901999867812
Q4-2,2025-03-06,365,0.0019636249999996913,45584.01964322767
Q4-3,2025-03-06@00,373,0.0018824999999997871,42953.044577547225
Q4-3,2025-03-06@06,262,0.0020882079999999803,0.00325000818917584
Q4-3,2025-03-06@12,187,0.0012348749999997466,410.78485508788646
Q4-3,2025-03-06@18,92,0.0005748749999998637,188.53844537177383
Q2,2025-03-07,356,0.0018938330000000114,23629.584250854587
Q3,2025-03-07@00,367,0.001964082999999839,24448.00570841275
Q3,2025-03-07@06,231,0.0021140420000000937,0.002294822309648457
Q3,2025-03-07@12,186,0.001361624999999922,0.0017197590704824068
Q3,2025-03-07@18,78,0.0005722919999997522,0.0011177027034362137
Q4-2,2025-03-07,352,0.0017860000000000653,20559.10484893223
Q4-3,2025-03-07@00,363,0.0018745000000000012,21262.103137861068
Q4-3,2025-03-07@06,232,0.0020253329999997405,0.002341014085898457
Q4-3,2025-03-07@12,186,0.0012604170000001247,0.0017659508467324065
Q4-3,2025-03-07@18,85,0.0006508749999998287,0.0010951090798464503
Q2,2025-03-08,359,0.001860792,23873.230416107308
Q3,2025-03-08@00,340,0.0018747910000000978,22153.458274323286
Q3,2025-03-08@06,222,0.002013583999999735,0.002473856863040035
Q3,2025-03-08@12,178,0.0012369169999999485,0.001946684789100479
Q3,2025-03-08@18,81,0.0005717919999996823,0.0010912407339053502
Q4-2,2025-03-08,357,0.0018514169999996888,20858.38423028427
Q4-3,2025-03-08@00,340,0.001765624999999993,19367.917456061157
Q4-3,2025-03-08@06,222,0.0019405830000001068,0.0024738568630400352
Q4-3,2025-03-08@12,179,0.001229708000000329,0.001946684789100479
Q4-3,2025-03-08@18,84,0.0005735410000000662,0.0010699458060362654
Q2,2025-03-09,364,0.0020041670000003897,44642.584941217276
Q3,2025-03-09@00,374,0.0021260419999999947,43248.334678749095
Q3,2025-03-09@06,268,0.002162250000000032,0.0031159817826381052
Q3,2025-03-09@12,188,0.0012832920000001025,1455.451051476342
Q3,2025-03-09@18,91,0.0005826670000002032,215.11773162667652
Q4-2,2025-03-09,364,0.001993208000000024,47251.09893148785
Q4-3,2025-03-09@00,362,0.001956625000000045,45759.98380983319
Q4-3,2025-03-09@06,264,0.0020823750000000807,0.0031175989434783836
Q4-3,2025-03-09@12,187,0.0012570000000002857,1584.3526546698677
Q4-3,2025-03-09@18,90,0.0005780419999998898,203.96528201070674
Q2,2025-03-10,367,0.0019657500000000994,42664.44073851803
Q3,2025-03-10@00,366,0.0019210409999996791,40931.59053458855
Q3,2025-03-10@06,264,0.002129708000000008,562.3180416469249
Q3,2025-03-10@12,185,0.0012003329999998869,852.5068659251608
Q3,2025-03-10@18,91,0.0005706249999999358,149.28016481280613
Q4-2,2025-03-10,367,0.001864208999999839,44654.93793495551
Q4-3,2025-03-10@00,366,0.0018710410000002398,42802.29755408538
Q4-3,2025-03-10@06,262,0.002091583000000341,611.4636664317519
Q4-3,2025-03-10@12,183,0.001219667000000424,981.2461705081689
Q4-3,2025-03-10@18,89,0.0006335000000001756,145.89615696374742
Q2,2025-03-11,363,0.0020388750000002176,42853.855946770724
Q3,2025-03-11@00,363,0.0019252500000002115,36853.10051971819
Q3,2025-03-11@06,278,0.0023332499999999534,5081.861803164455
Q3,2025-03-11@12,186,0.001269624999999941,0.0017990069852446499
Q3,2025-03-11@18,90,0.0005861669999998043,140.91069263265308
Q4-2,2025-03-11,370,0.0019705420000000196,44744.185884719554
Q4-3,2025-03-11@00,365,0.0019663329999999313,37806.85295311966
Q4-3,2025-03-11@06,281,0.002398582999999732,5943.018483326768
Q4-3,2025-03-11@12,185,0.0013117080000002446,0.0017990069852446494
Q4-3,2025-03-11@18,91,0.0005804579999999504,135.59066951406453
Q2,2025-03-12,366,0.0018484579999999973,42799.20122848231
Q3,2025-03-12@00,362,0.001871582999999788,42375.282643121915
Q3,2025-03-12@06,260,0.0020592090000000063,0.0031383642632524336
Q3,2025-03-12@12,189,0.0012492499999998685,1870.6032891134278
Q3,2025-03-12@18,91,0.0005804590000000331,208.31939598571674
Q4-2,2025-03-12,355,0.001941458000000118,44507.39143806355
Q4-3,2025-03-12@00,359,0.0018676250000000394,44064.48763639713
Q4-3,2025-03-12@06,258,0.00214495899999978,0.003138364263252433
Q4-3,2025-03-12@12,192,0.0012802499999997607,1988.2981522443094
Q4-3,2025-03-12@18,91,0.0005902500000001254,197.21489977861378
Q2,2025-03-13,368,0.0019266249999998486,41871.99729806796
Q3,2025-03-13@00,377,0.001996624999999863,42206.85369391828
Q3,2025-03-13@06,277,0.0021535419999998417,0.0029907784726497253
Q3,2025-03-13@12,184,0.0012661249999998958,0.0018231064477576798
Q3,2025-03-13@18,91,0.0005820000000000825,328.8435713019417
Q4-2,2025-03-13,367,0.00186733299999986,43223.35286017965
Q4-3,2025-03-13@00,372,0.002008415999999791,43617.823744665206
Q4-3,2025-03-13@06,278,0.002412375000000022,0.0030626230114638884
Q4-3,2025-03-13@12,187,0.001253875000000182,0.0018231064477576802
Q4-3,2025-03-13@18,95,0.0006047499999999317,323.2900032620986
Q2,2025-03-14,346,0.0018776249999996608,22938.938524697667
Q3,2025-03-14@00,338,0.0017775420000001318,21773.113022101603
Q3,2025-03-14@06,223,0.0019723750000002482,0.002370758015674467
Q3,2025-03-14@12,178,0.0012896249999996279,0.0018961796856176256
Q3,2025-03-14@18,80,0.0005652499999997396,0.00113199459471605
Q4-2,2025-03-14,348,0.0018580830000001214,19840.107197524154
Q4-3,2025-03-14@00,338,0.0019117080000001785,18846.261614010164
Q4-3,2025-03-14@06,224,0.002091833000000154,0.0023707580156744675
Q4-3,2025-03-14@12,178,0.0013091670000000555,0.0018961796856176256
Q4-3,2025-03-14@18,84,0.0005770830000000338,0.0011048415489421299
Q2,2025-03-15,345,0.0018817499999999043,22842.122113179394
Q3,2025-03-15@00,352,0.00182504200000011,21609.264153541695
Q3,2025-03-15@06,245,0.002212875000000114,0.0024326714178897284
Q3,2025-03-15@12,169,0.0012170000000000236,0.0016402368069867274
Q3,2025-03-15@18,80,0.0005682500000001589,0.0011098266939259262
Q4-2,2025-03-15,345,0.0018672090000002584,19890.631923345663
Q4-3,2025-03-15@00,351,0.001958666999999803,18819.22402076568
Q4-3,2025-03-15@06,254,0.002114208000000062,0.0023829047235813952
Q4-3,2025-03-15@12,170,0.0011947500000002442,0.001590470112678394
Q4-3,2025-03-15@18,81,0.0005615000000003256,0.0010842602178888889
Q2,2025-03-16,364,0.0019056250000000219,42341.03143687693
Q3,2025-03-16@00,379,0.001974417000000006,40607.56878836083
Q3,2025-03-16@06,286,0.0022100419999997456,997.0430215909724
Q3,2025-03-16@12,180,0.0012397079999999505,0.001897741994987484
Q3,2025-03-16@18,91,0.0005867920000000026,74.77192930828433
Q4-2,2025-03-16,364,0.002096792000000125,44025.307272124235
Q4-3,2025-03-16@00,377,0.0019698329999999764,42013.64756820761
Q4-3,2025-03-16@06,285,0.0022987919999999384,1198.4824580749732
Q4-3,2025-03-16@12,183,0.001252709000000074,0.0018951742224296306
Q4-3,2025-03-16@18,90,0.0006199169999998588,72.1199724737386
Q2,2025-03-17,364,0.001950333999999998,42009.22275562224
Q3,2025-03-17@00,357,0.0019100830000002844,37328.15003468635
Q3,2025-03-17@06,249,0.0021407080000002132,0.0029533802067496892
Q3,2025-03-17@12,186,0.0013776670000003044,2195.1048320312193
Q3,2025-03-17@18,91,0.0006354580000000887,184.85273608181927
Q4-2,2025-03-17,367,0.001948875000000072,43846.31113335856
Q4-3,2025-03-17@00,356,0.001876874999999778,38599.98748037284
Q4-3,2025-03-17@06,243,0.00203570899999983,0.0029533802067496897
Q4-3,2025-03-17@12,187,0.0012775000000000425,2340.090754299519
Q4-3,2025-03-17@18,91,0.0006122500000000919,175.56334933166949
Q2,2025-03-18,365,0.0018850829999998986,40807.19424667295
Q3,2025-03-18@00,367,0.0019597920000000713,43029.74360695539
Q3,2025-03-18@06,261,0.0020759999999997447,0.002946001721891872
Q3,2025-03-18@12,179,0.0013812499999996675,0.0019209918761206968
Q3,2025-03-18@18,91,0.0006058750000002,105.06628883690449
Q4-2,2025-03-18,370,0.0019568329999999357,41966.92204059459
Q4-3,2025-03-18@00,369,0.0019731659999999707,44409.767065261534
Q4-3,2025-03-18@06,270,0.0021223329999999763,0.002946001721891872
Q4-3,2025-03-18@12,184,0.0012552910000001027,0.0019162153345631515
Q4-3,2025-03-18@18,91,0.000599417000000102,100.24855075461515
Q2,2025-03-19,374,0.002003417000000063,40564.61085496811
Q3,2025-03-19@00,362,0.0018775830000001825,35344.72784289991
Q3,2025-03-19@06,277,0.0023563329999998217,3611.2233964411384
Q3,2025-03-19@12,189,0.0012465829999999123,964.3713597701964
Q3,2025-03-19@18,92,0.0005782920000001468,212.00527416703622
Q4-2,2025-03-19,371,0.0019610829999998636,41623.35058918035
Q4-3,2025-03-19@00,362,0.0018329169999997674,35943.832474956056
Q4-3,2025-03-19@06,279,0.0021715839999996156,3978.8473127538514
Q4-3,2025-03-19@12,190,0.0012759589999999932,1060.2998889543262
Q4-3,2025-03-19@18,95,0.0005912910000001048,203.5649088242231
Q2,2025-03-20,372,0.001928541999999922,40704.85121399503
Q3,2025-03-20@00,375,0.002093708000000305,40197.74192817836
Q3,2025-03-20@06,249,0.0019740829999999043,0.00322338386612368
Q3,2025-03-20@12,188,0.0012228750000002897,1907.6645644845505
Q3,2025-03-20@18,91,0.0005783749999999088,51.05469433050791
Q4-2,2025-03-20,368,0.0019381670000000462,41768.76369871673
Q4-3,2025-03-20@00,370,0.0019496659999997945,41179.60257802494
Q4-3,2025-03-20@06,255,0.002069042000000021,0.003223383866123679
Q4-3,2025-03-20@12,193,0.0012419999999999654,2063.9711246196903
Q4-3,2025-03-20@18,94,0.0005853330000000767,49.58697620562395
Q2,2025-03-21,340,0.001830666999999675,22083.861113877094
Q3,2025-03-21@00,347,0.001974584000000057,20908.94428579955
Q3,2025-03-21@06,216,0.0019534999999999414,0.002458958198100617
Q3,2025-03-21@12,173,0.0012318750000002154,0.0020655440367695465
Q3,2025-03-21@18,81,0.0005744579999999999,0.001109560150658436
Q4-2,2025-03-21,340,0.001783582999999922,19072.304488073354
Q4-3,2025-03-21@00,345,0.001782666999999627,18028.333552216853
Q4-3,2025-03-21@06,215,0.001903666000000026,0.002458958198100617
Q4-3,2025-03-21@12,172,0.0012625829999999283,0.0020655440367695465
Q4-3,2025-03-21@18,79,0.0005659160000002217,0.001081758933950617
Q2,2025-03-22,343,0.001921375000000225,21997.33394773174
Q3,2025-03-22@00,344,0.0019026660000003304,21517.990852107458
Q3,2025-03-22@06,223,0.0019124580000000613,0.002366247372665913
Q3,2025-03-22@12,178,0.001222834000000006,0.0020170308473751717
Q3,2025-03-22@18,83,0.0005709579999999548,0.0010917869481275723
Q4-2,2025-03-22,340,0.0018374169999999523,19059.857588349223
Q4-3,2025-03-22@00,344,0.0018605840000001095,18632.024185052356
Q4-3,2025-03-22@06,222,0.001984624999999962,0.002366247372665913
Q4-3,2025-03-22@12,177,0.0012455419999999329,0.0020170308473751717
Q4-3,2025-03-22@18,85,0.0005777090000003149,0.0010651267490154328
Q2,2025-03-23,367,0.0021848339999999133,40217.73853938095
Q3,2025-03-23@00,365,0.0020495000000000374,40663.6463855277
Q3,2025-03-23@06,270,0.002045916999999786,0.0030580987868731465
Q3,2025-03-23@12,229,0.0013483330000001459,30.417045576796607
Q3,2025-03-23@18,138,0.0006827920000000987,25.317239793748712
Q4-2,2025-03-23,366,0.0019350410000003038,41130.3885236772
Q4-3,2025-03-23@00,362,0.0018970409999998772,41593.3714671916
Q4-3,2025-03-23@06,272,0.002137625000000032,0.0030579650355699924
Q4-3,2025-03-23@12,228,0.0013477499999998699,29.81810811385667
Q4-3,2025-03-23@18,137,0.0007353330000001712,24.979328009667572
Q2,2025-03-24,360,0.001996333000000128,40119.61565846838
Q3,2025-03-24@00,368,0.0019238749999996863,37912.18036334545
Q3,2025-03-24@06,265,0.0021025409999997358,605.9847586909951
Q3,2025-03-24@12,201,0.0013482499999999398,787.67771312685
Q3,2025-03-24@18,88,0.0005719590000001773,0.0013927271316783263
Q4-2,2025-03-24,362,0.0018919170000000207,41121.915074225035
Q4-3,2025-03-24@00,364,0.0019539589999997276,38761.24068111638
Q4-3,2025-03-24@06,266,0.0021210830000000236,642.775777925938
Q4-3,2025-03-24@12,202,0.0014692910000002612,819.0346872115301
Q4-3,2025-03-24@18,94,0.0006512499999997701,0.0013355931217713989
Q2,2025-03-25,366,0.001938916999999929,39182.92007413648
Q3,2025-03-25@00,367,0.0019997080000000444,42493.74514942863
Q3,2025-03-25@06,316,0.0022283339999997764,285.2357708637726
Q3,2025-03-25@12,229,0.0013406250000000952,606.7000617065781
Q3,2025-03-25@18,135,0.0006626669999998391,213.3947860137662
Q4-2,2025-03-25,366,0.0019163330000000478,39826.739979704274
Q4-3,2025-03-25@00,367,0.001972959000000163,43381.31266327091
Q4-3,2025-03-25@06,314,0.0026663749999999986,278.80186766857395
Q4-3,2025-03-25@12,237,0.0014664999999998152,540.6244195729595
Q4-3,2025-03-25@18,132,0.0006969159999998809,220.7294514325329
Q2,2025-03-26,369,0.001982583999999843,39142.017327742135
Q3,2025-03-26@00,362,0.0019811670000002835,36928.049348583525
Q3,2025-03-26@06,256,0.002159500000000314,73.32423314620561
Q3,2025-03-26@12,187,0.0012862500000001553,0.0020957258699688445
Q3,2025-03-26@18,132,0.0006854999999998945,138.81064847815838
Q4-2,2025-03-26,365,0.001995749999999852,39746.54834166809
Q4-3,2025-03-26@00,360,0.002028791999999946,37328.566870269955
Q4-3,2025-03-26@06,260,0.0022257090000001867,0.003208070358813735
Q4-3,2025-03-26@12,183,0.0012483329999999349,0.002043892447260786
Q4-3,2025-03-26@18,132,0.0007181249999996808,131.807796408586
Q2,2025-03-27,371,0.001937375000000241,39337.32205539768
Q3,2025-03-27@00,372,0.0019165000000000987,38867.10682306145
Q3,2025-03-27@06,281,0.0022038339999999046,933.9877671251825
Q3,2025-03-27@12,185,0.001231417000000068,0.0018767515203158098
Q3,2025-03-27@18,87,0.0005703329999997564,0.0013944381388991767
Q4-2,2025-03-27,370,0.002059000000000033,39917.34877728584
Q4-3,2025-03-27@00,368,0.0020106250000000436,39422.79011669542
Q4-3,2025-03-27@06,279,0.0021796670000000518,986.2668794027439
Q4-3,2025-03-27@12,184,0.0012729999999998576,0.0018764141402883752
Q4-3,2025-03-27@18,93,0.0005997920000000434,0.0013943223400308632
Q2,2025-03-28,338,0.001854917000000178,21453.256026504816
Q3,2025-03-28@00,338,0.0017458750000001189,20747.05513408761
Q3,2025-03-28@06,218,0.001920541999999692,0.0023123972690072356
Q3,2025-03-28@12,171,0.0012378330000002435,0.00196270751622771
Q3,2025-03-28@18,81,0.0006187499999996682,0.0010630715540432094
Q4-2,2025-03-28,340,0.001845707999999835,18279.937607263135
Q4-3,2025-03-28@00,339,0.0018135000000003565,17690.818650639765
Q4-3,2025-03-28@06,218,0.001953209000000289,0.00231216678574249
Q4-3,2025-03-28@12,193,0.0012559169999999398,0.001962593468847737
Q4-3,2025-03-28@18,81,0.0005618329999999006,0.0010297196741405176
Q2,2025-03-29,339,0.0018134169999997063,21339.129627530485
Q3,2025-03-29@00,329,0.0017816669999999313,19734.071837822372
Q3,2025-03-29@06,209,0.0018775410000002601,0.002387723715603259
Q3,2025-03-29@12,169,0.001408874999999643,0.0020993842528952327
Q3,2025-03-29@18,84,0.0005761249999998164,0.001057647411915638
Q4-2,2025-03-29,341,0.0018647079999998262,18317.477558875336
Q4-3,2025-03-29@00,330,0.001751000000000058,16933.434972335424
Q4-3,2025-03-29@06,210,0.001929125000000198,0.0023886877193686914
Q4-3,2025-03-29@12,170,0.0011846250000000502,0.0020995256302820645
Q4-3,2025-03-29@18,84,0.0005719160000001722,0.001049192524623971
Q2,2025-03-30,369,0.0018972919999997728,38694.657430861545
Q3,2025-03-30@00,364,0.001917790999999891,37866.824775282104
Q3,2025-03-30@06,292,0.002152708999999753,297.4977865077934
Q3,2025-03-30@12,229,0.0015351249999997485,420.01239338961915
Q3,2025-03-30@18,135,0.0006941669999998012,302.14122716192446
Q4-2,2025-03-30,369,0.002046540999999902,39107.16139455728
Q4-3,2025-03-30@00,362,0.001904875000000139,38235.514270491214
Q4-3,2025-03-30@06,295,0.002207791999999653,294.24075964377477
Q4-3,2025-03-30@12,232,0.0014098329999998604,403.24533770442514
Q4-3,2025-03-30@18,132,0.0006967500000003568,288.0366396470773
Q2,2025-03-31,364,0.0019481250000001893,38099.93461227601
Q3,2025-03-31@00,364,0.001818166999999704,33318.17481606362
Q3,2025-03-31@06,287,0.0024352080000000775,6764.987241891124
Q3,2025-03-31@12,185,0.001240415999999911,621.8910959982943
Q3,2025-03-31@18,90,0.0006047080000000093,4.292242459753912
Q4-2,2025-03-31,362,0.001968374999999689,38453.143220183854
Q4-3,2025-03-31@00,365,0.001847333000000173,33446.02449261637
Q4-3,2025-03-31@06,284,0.002277292000000042,7066.287143504233
Q4-3,2025-03-31@12,185,0.0012718750000000334,871.1841132562505
Q4-3,2025-03-31@18,90,0.0006104590000002297,3.9445610131293685
Q2,2025-04-01,366,0.0019757920000000873,37805.18362784797
Q3,2025-04-01@00,376,0.0021813329999997855,39258.31451284251
Q3,2025-04-01@06,324,0.0024262919999999966,2615.001870352636
Q3,2025-04-01@12,230,0.0014272920000002465,625.4346723290457
Q3,2025-04-01@18,137,0.0006847919999999341,243.14683994498353
Q4-2,2025-04-01,365,0.0019422080000000008,38162.409790292186
Q4-3,2025-04-01@00,366,0.0019463749999997226,39707.90312894405
Q4-3,2025-04-01@06,329,0.0024263749999997586,2723.729205666035
Q4-3,2025-04-01@12,231,0.0013833749999996314,642.1799515950886
Q4-3,2025-04-01@18,134,0.0006875829999999361,241.32012401329172
Q2,2025-04-02,363,0.0020140830000001664,36770.90065515523
Q3,2025-04-02@00,374,0.0019380829999997573,37569.40739300801
Q3,2025-04-02@06,346,0.0024482500000000407,3231.6953935392057
Q3,2025-04-02@12,231,0.001368959000000114,717.0041313254145
Q3,2025-04-02@18,136,0.000688416000000025,332.2277081836208
Q4-2,2025-04-02,362,0.0019630410000002207,36857.99075816796
Q4-3,2025-04-02@00,368,0.0019419579999997438,37603.54545515167
Q4-3,2025-04-02@06,336,0.0022845000000000226,3364.590035374333
Q4-3,2025-04-02@12,231,0.0015407500000002017,736.2124807301013
Q4-3,2025-04-02@18,134,0.0006901660000000476,330.8211224576013
Q2,2025-04-03,366,0.0019406669999999515,37875.0324924735
Q3,2025-04-03@00,370,0.0019417500000002974,39146.416394340624
Q3,2025-04-03@06,308,0.0022269160000001342,445.9024944777717
Q3,2025-04-03@12,229,0.0013222499999998583,313.91059510077275
Q3,2025-04-03@18,133,0.0006826659999998874,152.48785013108505
Q4-2,2025-04-03,363,0.0019434590000000362,38228.03438285204
Q4-3,2025-04-03@00,367,0.0019495000000002705,39507.64672001802
Q4-3,2025-04-03@06,306,0.0022813340000000792,438.29248310657385
Q4-3,2025-04-03@12,231,0.0013527499999996806,324.8093220173655
Q4-3,2025-04-03@18,133,0.0007332080000002072,136.5913377304499
Q2,2025-04-04,332,0.0018308750000000096,20673.31969861671
Q3,2025-04-04@00,326,0.0017649170000000325,19364.048250892858
Q3,2025-04-04@06,208,0.0018790840000000308,0.002364758047278273
Q3,2025-04-04@12,166,0.001217041999999946,0.0020381048645044565
Q3,2025-04-04@18,81,0.0005784590000001977,0.0010988984752078187
Q4-2,2025-04-04,332,0.0017842919999999651,17507.796412160464
Q4-3,2025-04-04@00,324,0.001736209000000155,16389.137577267808
Q4-3,2025-04-04@06,208,0.002223791999999669,0.002364758047278273
Q4-3,2025-04-04@12,165,0.0011872080000001617,0.002038104864504457
Q4-3,2025-04-04@18,81,0.0005571670000001916,0.0010988984752078185
Q2,2025-04-05,334,0.0017933339999998132,20760.951623660458
Q3,2025-04-05@00,319,0.0016930830000001507,19072.637331043683
Q3,2025-04-05@06,209,0.0019326660000000828,0.0024170410822246923
Q3,2025-04-05@12,167,0.0011785409999998109,0.0020888609644855965
Q3,2025-04-05@18,83,0.0006000829999996959,0.001159756510621399
Q4-2,2025-04-05,333,0.0018307500000003252,17726.27315835712
Q4-3,2025-04-05@00,320,0.0017785419999998275,16268.534699652011
Q4-3,2025-04-05@06,208,0.0022083330000000068,0.0024170410822246923
Q4-3,2025-04-05@12,167,0.0012579999999999814,0.0020888609644855974
Q4-3,2025-04-05@18,80,0.000580416000000028,0.0011597565106213987
Q2,2025-04-06,366,0.002022291000000287,36614.165003144175
Q3,2025-04-06@00,369,0.0019360409999999995,35970.36285405681
Q3,2025-04-06@06,261,0.0022157909999998004,260.38609794486894
Q3,2025-04-06@12,199,0.0014458749999999299,1983.795669647825
Q3,2025-04-06@18,91,0.0005875830000001692,0.0013898398152625167
Q4-2,2025-04-06,363,0.0019110840000000628,36543.619870291375
Q4-3,2025-04-06@00,367,0.0020420000000003213,35856.77525752322
Q4-3,2025-04-06@06,263,0.002087583000000226,278.8002810725802
Q4-3,2025-04-06@12,202,0.0013508749999999736,2028.4206572336157
Q4-3,2025-04-06@18,96,0.000647499999999912,0.0013919083481628083
Q2,2025-04-07,359,0.0018747910000000978,36303.365766312534
Q3,2025-04-07@00,357,0.0017905830000000122,32030.192304163586
Q3,2025-04-07@06,326,0.0023261249999997347,3225.158355390978
Q3,2025-04-07@12,245,0.0014286669999998836,1799.400821934867
Q3,2025-04-07@18,88,0.000583832999999867,0.0013935066768936898
Q4-2,2025-04-07,364,0.0022027919999998424,36323.71245302736
Q4-3,2025-04-07@00,357,0.0018488329999999387,31942.797659736352
Q4-3,2025-04-07@06,318,0.0023063329999999382,3317.8155766865425
Q4-3,2025-04-07@12,247,0.001443000000000083,1810.709520995544
Q4-3,2025-04-07@18,92,0.0005929170000000816,0.001393335468552983
Q2,2025-04-08,371,0.0019000419999999352,36713.108011561555
Q3,2025-04-08@00,375,0.001963583000000213,37033.88140341109
Q3,2025-04-08@06,308,0.002331750000000188,442.8499945512659
Q3,2025-04-08@12,183,0.001381458000000002,0.002215071916190602
Q3,2025-04-08@18,136,0.0007605000000001638,114.72679561127516
Q4-2,2025-04-08,370,0.0018839170000002348,36980.40872899616
Q4-3,2025-04-08@00,376,0.001909875000000394,37307.166344992766
Q4-3,2025-04-08@06,306,0.0022225420000001606,459.43651739854687
Q4-3,2025-04-08@12,189,0.001240083000000336,0.0022145461642615904
Q4-3,2025-04-08@18,131,0.00067787500000005,110.9610390545901
Q2,2025-04-09,371,0.0019482499999998737,35959.17489841427
Q3,2025-04-09@00,371,0.0019280839999997745,36193.080108129216
Q3,2025-04-09@06,329,0.002409875000000117,1309.0831779990544
Q3,2025-04-09@12,188,0.0013380830000002675,66.41038261051288
Q3,2025-04-09@18,138,0.0006999159999998561,80.49036510133192
Q4-2,2025-04-09,367,0.001941125000000099,35916.31294220295
Q4-3,2025-04-09@00,372,0.0019187910000000308,36100.44991142663
Q4-3,2025-04-09@06,334,0.0023713750000000644,1343.8176241438255
Q4-3,2025-04-09@12,192,0.001291249999999966,68.93238038006544
Q4-3,2025-04-09@18,134,0.0006980830000000715,79.30496429887577
Q2,2025-04-10,376,0.0019225829999998112,36893.56534864615
Q3,2025-04-10@00,368,0.0020477910000002986,36080.13669548716
Q3,2025-04-10@06,314,0.012533625000000104,1241.122676457638
Q3,2025-04-10@12,225,0.001521458000000031,205.5596181164802
Q3,2025-04-10@18,131,0.0007709170000000931,64.22093643683107
Q4-2,2025-04-10,370,0.0020899999999999253,36912.81171784839
Q4-3,2025-04-10@00,366,0.0019162920000002082,36044.70367649301
Q4-3,2025-04-10@06,310,0.002421707999999967,1279.314402628611
Q4-3,2025-04-10@12,220,0.0013864999999997352,160.59256900646142
Q4-3,2025-04-10@18,129,0.0007053340000000574,22.67145877496119
Q2,2025-04-11,329,0.0018674169999997048,20167.49893594005
Q3,2025-04-11@00,311,0.001785374999999867,18094.44625364372
Q3,2025-04-11@06,205,0.0018637500000000529,0.0024423220678297334
Q3,2025-04-11@12,161,0.001323667000000306,0.002139963236572016
Q3,2025-04-11@18,81,0.0006697500000001355,0.0011137222637530866
Q4-2,2025-04-11,330,0.001872709000000139,17032.390651998805
Q4-3,2025-04-11@00,311,0.0016918339999998366,15270.700478024026
Q4-3,2025-04-11@06,205,0.0018690000000001206,0.0024353051877215024
Q4-3,2025-04-11@12,160,0.0011625409999997949,0.0021305930436242787
Q4-3,2025-04-11@18,83,0.0005558749999998724,0.0010852004836461933
Q2,2025-04-12,331,0.0017837919999998952,20385.30670761986
Q3,2025-04-12@00,341,0.0017974590000000568,19738.86328149512
Q3,2025-04-12@06,212,0.0019935829999999655,0.0022827972295788755
Q3,2025-04-12@12,173,0.001405957999999874,0.002049640607041839
Q3,2025-04-12@18,80,0.0006094580000000072,0.0011282519616851849
Q4-2,2025-04-12,330,0.0017787910000000018,17337.21810616383
Q4-3,2025-04-12@00,343,0.0017712909999998416,16750.19880450506
Q4-3,2025-04-12@06,216,0.0019366249999999141,0.0022813378109368997
Q4-3,2025-04-12@12,176,0.0012321669999999507,0.002049705776973251
Q4-3,2025-04-12@18,81,0.0006035410000002628,0.0011067884597178491
Q2,2025-04-13,368,0.0019347910000000468,35189.17738627611
Q3,2025-04-13@00,359,0.001916291999999764,33649.96353298202
Q3,2025-04-13@06,256,0.002257790999999898,0.0030055705036474947
Q3,2025-04-13@12,190,0.0012875420000000304,1114.0649897809149
Q3,2025-04-13@18,132,0.0006920419999998373,159.69507794545132
Q4-2,2025-04-13,370,0.0019124999999999837,34943.30644156731
Q4-3,2025-04-13@00,356,0.0018440000000001788,33402.69535206809
Q4-3,2025-04-13@06,261,0.002087167000000001,0.0030052514121514384
Q4-3,2025-04-13@12,192,0.0012768329999999217,1119.963078890912
Q4-3,2025-04-13@18,137,0.0006904169999999432,157.22021594143237
Q2,2025-04-14,367,0.0019507090000003835,35108.02474107028
Q3,2025-04-14@00,373,0.0019323330000000638,35949.41832948907
Q3,2025-04-14@06,302,0.002394084000000074,465.7766258075409
Q3,2025-04-14@12,229,0.0013706660000001314,443.71809592080797
Q3,2025-04-14@18,135,0.0006808750000000252,461.1557229189542
Q4-2,2025-04-14,369,0.0019164999999996546,34846.068782140814
Q4-3,2025-04-14@00,372,0.0019697920000001368,35678.30316104246
Q4-3,2025-04-14@06,297,0.0022723330000000708,443.53719034882135
Q4-3,2025-04-14@12,231,0.0014180420000000638,408.96996586694587
Q4-3,2025-04-14@18,135,0.0006944170000000582,422.307232752998
Q2,2025-04-15,373,0.0020405000000001117,36251.81299780077
Q3,2025-04-15@00,357,0.0019915840000002127,31039.92180051922
Q3,2025-04-15@06,275,0.0024499589999997795,2941.531443466511
Q3,2025-04-15@12,194,0.0013673330000001371,982.5907138171438
Q3,2025-04-15@18,95,0.0006211670000002556,94.00583968233916
Q4-2,2025-04-15,374,0.002003166999999806,36218.894622096064
Q4-3,2025-04-15@00,359,0.0019102079999999688,30975.091333285036
Q4-3,2025-04-15@06,275,0.0022047499999997555,2918.951703144772
Q4-3,2025-04-15@12,195,0.0012724999999997877,935.258694903005
Q4-3,2025-04-15@18,94,0.0005883340000001347,92.0018972506543
Q2,2025-04-16,374,0.002064041999999766,35929.45648289565
Q3,2025-04-16@00,365,0.0019401669999998816,34233.32078471972
Q3,2025-04-16@06,325,0.0023550839999999518,2967.3519279198745
Q3,2025-04-16@12,252,0.001451332999999888,1250.4290994129994
Q3,2025-04-16@18,135,0.0006860419999998868,250.62901341940832
Q4-2,2025-04-16,372,0.0019359579999997933,35701.08473516156
Q4-3,2025-04-16@00,365,0.0019463749999997226,33978.91590982802
Q4-3,2025-04-16@06,329,0.0024408339999997253,2979.072129129618
Q4-3,2025-04-16@12,251,0.0016540420000001888,1264.970758561586
Q4-3,2025-04-16@18,136,0.0007120419999999683,249.3108482372875
Q2,2025-04-17,373,0.0020609170000001065,35694.02750485242
Q3,2025-04-17@00,361,0.0018199169999997267,32004.53480816178
Q3,2025-04-17@06,307,0.0022949579999997916,3813.7550628279605
Q3,2025-04-17@12,229,0.001331583000000247,256.9347086168709
Q3,2025-04-17@18,132,0.0006752080000000937,90.75047277620291
Q4-2,2025-04-17,369,0.0019609999999996575,35463.206929099855
Q4-3,2025-04-17@00,360,0.0018471250000002826,31896.019518259287
Q4-3,2025-04-17@06,306,0.00249354100000021,3653.369687570452
Q4-3,2025-04-17@12,229,0.0014162920000000412,202.73641711705605
Q4-3,2025-04-17@18,132,0.000694125000000323,45.235007400668046
Q2,2025-04-18,326,0.001741125000000121,19638.633979382488
Q3,2025-04-18@00,316,0.0016870830000002002,18225.79077802307
Q3,2025-04-18@06,204,0.0018608339999999224,0.0024074294615527773
Q3,2025-04-18@12,161,0.0011731670000001415,0.002121501873555555
Q3,2025-04-18@18,81,0.0005832090000001955,0.0010619185094320985
Q4-2,2025-04-18,328,0.0017783750000002208,16600.4907527516
Q4-3,2025-04-18@00,318,0.0017850830000001316,15395.113697908224
Q4-3,2025-04-18@06,205,0.0020994579999999985,0.002407429461552777
Q4-3,2025-04-18@12,162,0.0012942499999999413,0.002121501873555555
Q4-3,2025-04-18@18,82,0.0005985000000001683,0.0010619185094320985
Q2,2025-04-19,328,0.0018208340000001044,19683.728383748024
Q3,2025-04-19@00,322,0.0017622499999996322,17784.627887902694
Q3,2025-04-19@06,202,0.0019135000000001234,0.0022738499222988684
Q3,2025-04-19@12,161,0.0011647500000000477,0.002099301611892626
Q3,2025-04-19@18,80,0.0005617500000001385,0.0010641642345130663
Q4-2,2025-04-19,330,0.0017540000000000333,16659.437157687655
Q4-3,2025-04-19@00,325,0.001845625000000073,15090.389762472565
Q4-3,2025-04-19@06,203,0.0018602080000000853,0.002273849922298868
Q4-3,2025-04-19@12,161,0.001234791000000346,0.002099301611892626
Q4-3,2025-04-19@18,83,0.0005659590000002268,0.0010641642345130663
Q2,2025-04-20,367,0.0018732500000000485,34544.76400908183
Q3,2025-04-20@00,355,0.0017888329999999897,32256.43871813605
Q3,2025-04-20@06,312,0.0022920000000001828,1202.5045069473122
Q3,2025-04-20@12,246,0.001544165999999958,1619.7085349645267
Q3,2025-04-20@18,133,0.0007064160000003206,200.40543043801873
Q4-2,2025-04-20,368,0.0018987500000000601,34184.22665679311
Q4-3,2025-04-20@00,361,0.0020284579999998442,31959.8766412872
Q4-3,2025-04-20@06,314,0.002312124999999998,1162.5752995532948
Q4-3,2025-04-20@12,251,0.0015418330000001035,1371.25794735399
Q4-3,2025-04-20@18,139,0.0007224999999997372,194.8892751342975
Q2,2025-04-21,370,0.0018792909999998386,34519.885357745196
Q3,2025-04-21@00,369,0.0018520410000002485,33837.0364836774
Q3,2025-04-21@06,289,0.0021822090000003236,602.8769772787917
Q3,2025-04-21@12,226,0.0013217919999997108,453.629931243182
Q3,2025-04-21@18,138,0.0007004170000000087,648.837685829198
Q4-2,2025-04-21,370,0.001968082999999954,34065.482385662974
Q4-3,2025-04-21@00,369,0.0018720409999999355,33379.00652221137
Q4-3,2025-04-21@06,291,0.0022208749999999,580.7806965713944
Q4-3,2025-04-21@12,230,0.001339500000000271,438.8711960955062
Q4-3,2025-04-21@18,136,0.0006877079999996205,618.6181374447543
Q2,2025-04-22,370,0.00190725000000036,34992.58578212989
Q3,2025-04-22@00,347,0.0017920840000003047,30799.21301611697
Q3,2025-04-22@06,333,0.002382750000000211,4651.327004361541
Q3,2025-04-22@12,246,0.0016124999999997947,2745.0143377041204
Q3,2025-04-22@18,134,0.0006830419999999116,343.9550680586075
Q4-2,2025-04-22,371,0.0019946250000000276,34602.40101415652
Q4-3,2025-04-22@00,350,0.0019071660000000712,30520.302759305472
Q4-3,2025-04-22@06,331,0.0024607500000000115,4561.953457316931
Q4-3,2025-04-22@12,244,0.001467665999999923,2403.010074088733
Q4-3,2025-04-22@18,135,0.0007392089999997964,341.45289322830956
Q2,2025-04-23,373,0.002019333000000678,35222.4581979709
Q3,2025-04-23@00,347,0.0018814589999998077,29761.063366539398
Q3,2025-04-23@06,328,0.002573041999999859,4804.839161778704
Q3,2025-04-23@12,250,0.0014975829999999135,3558.463286363387
Q3,2025-04-23@18,137,0.0006921669999995217,344.40759255893175
Q4-2,2025-04-23,373,0.001928624999999684,34978.75081910473
Q4-3,2025-04-23@00,349,0.001813375000000228,29532.655418394264
Q4-3,2025-04-23@06,328,0.0024074169999996897,4885.74905266048
Q4-3,2025-04-23@12,242,0.0014215840000000313,3452.276383616497
Q4-3,2025-04-23@18,136,0.0006827500000001763,334.3311161968862
Q2,2025-04-24,373,0.001908709000000286,34456.89570366783
Q3,2025-04-24@00,349,0.0020264589999996474,30427.27305962913
Q3,2025-04-24@06,262,0.002275249999999396,329.6889387348352
Q3,2025-04-24@12,244,0.0014858330000002695,2811.742354040887
Q3,2025-04-24@18,134,0.0006999160000003002,147.01635318258064
Q4-2,2025-04-24,370,0.0020114580000001325,34099.616212927656
Q4-3,2025-04-24@00,347,0.0018862080000001669,30247.371535209586
Q4-3,2025-04-24@06,259,0.002350584000000211,327.132643872284
Q4-3,2025-04-24@12,247,0.0014004999999999157,2606.3234562243106
Q4-3,2025-04-24@18,132,0.0007137500000000685,142.90515335052135
Q2,2025-04-25,322,0.0019715839999996376,18819.30500676352
Q3,2025-04-25@00,315,0.001767000000000074,17875.250376017102
Q3,2025-04-25@06,201,0.0019954579999996724,0.002285173710872805
Q3,2025-04-25@12,159,0.0011758339999996537,0.0020653481043274345
Q3,2025-04-25@18,80,0.0005553330000003243,0.0010982980705067902
Q4-2,2025-04-25,325,0.001719415999999363,15868.533338743831
Q4-3,2025-04-25@00,315,0.0017005000000001047,15021.273952750707
Q4-3,2025-04-25@06,207,0.0018916669999997637,0.002285173710872805
Q4-3,2025-04-25@12,163,0.0011747919999995915,0.0020645526531156543
Q4-3,2025-04-25@18,86,0.0006235420000004765,0.00106791828383179
Q2,2025-04-26,325,0.0020056670000005994,18893.335665470782
Q3,2025-04-26@00,312,0.0016624580000001998,17658.44815752923
Q3,2025-04-26@06,200,0.0018567499999999626,0.002299211790305417
Q3,2025-04-26@12,161,0.0011856660000004737,0.0020805959292612307
Q3,2025-04-26@18,80,0.00056470899999983,0.001073560056098354
Q4-2,2025-04-26,327,0.0017678749999996413,15961.987138735178
Q4-3,2025-04-26@00,317,0.0017121250000000643,14904.153860663251
Q4-3,2025-04-26@06,204,0.0019150840000001779,0.002299211790305417
Q4-3,2025-04-26@12,165,0.0011820000000000164,0.0020805959292612307
Q4-3,2025-04-26@18,84,0.0006351659999994652,0.0010735600560983541
Q2,2025-04-27,361,0.0020121659999992048,33320.20137744718
Q3,2025-04-27@00,354,0.001805041999999979,29740.321749460603
Q3,2025-04-27@06,269,0.00215799999999966,2287.568733491338
Q3,2025-04-27@12,194,0.0013113749999993374,1659.6782573012688
Q3,2025-04-27@18,94,0.000592833000000681,114.68242103554985
Q4-2,2025-04-27,361,0.0019418749999999818,32963.34927371289
Q4-3,2025-04-27@00,354,0.0018612920000000699,29477.83233425383
Q4-3,2025-04-27@06,270,0.0021741249999998047,2119.475611037853
Q4-3,2025-04-27@12,198,0.0014950410000000858,1530.3337281516633
Q4-3,2025-04-27@18,92,0.0006572500000006087,111.003185148584
Q2,2025-04-28,360,0.001941207999999861,32947.625907905895
Q3,2025-04-28@00,369,0.0018957500000000849,35230.29916038181
Q3,2025-04-28@06,340,0.0023841669999997706,2336.22643611246
Q3,2025-04-28@12,190,0.0012836659999999611,246.05213625079313
Q3,2025-04-28@18,136,0.0006895829999997716,229.38109879578664
Q4-2,2025-04-28,362,0.001938040999999835,32481.717263921302
Q4-3,2025-04-28@00,364,0.0018836669999995337,34585.358054086246
Q4-3,2025-04-28@06,336,0.0025747919999998814,2290.856381381735
Q4-3,2025-04-28@12,196,0.0013292500000003926,250.67352877671868
Q4-3,2025-04-28@18,139,0.00068587500000028,233.61398683245255
Q2,2025-04-29,366,0.0018999169999993626,33691.52482104513
Q3,2025-04-29@00,360,0.0018616670000000113,30567.327788249124
Q3,2025-04-29@06,274,0.002158332999999679,876.958965227945
Q3,2025-04-29@12,246,0.0014304579999997458,1740.2459076531393
Q3,2025-04-29@18,135,0.0006993749999999466,116.86736345771153
Q4-2,2025-04-29,367,0.0019357080000004245,33388.2437671321
Q4-3,2025-04-29@00,362,0.00208554099999958,30330.11329810368
Q4-3,2025-04-29@06,278,0.002545125000000148,850.093552387432
Q4-3,2025-04-29@12,248,0.0014999170000002948,1719.2128401294444
Q4-3,2025-04-29@18,136,0.0007099999999997664,114.87358398341081
Q2,2025-04-30,362,0.001968624999999946,34293.011332700844
Q3,2025-04-30@00,351,0.0018606669999998715,29593.522324731814
Q3,2025-04-30@06,262,0.0022721670000001026,1316.2348338860434
Q3,2025-04-30@12,220,0.0013878339999999767,73.85636892000444
Q3,2025-04-30@18,91,0.0005985410000004521,24.252569059450252
Q4-2,2025-04-30,364,0.002080874999999871,33900.102571141346
Q4-3,2025-04-30@00,356,0.0018509580000003467,29272.50732477444
Q4-3,2025-04-30@06,262,0.0021669590000001904,1233.9611142918707
Q4-3,2025-04-30@12,211,0.0013226250000002437,58.8195255561295
Q4-3,2025-04-30@18,91,0.000592250000000405,1.6800008568293192
Q2,2025-05-01,359,0.001889124999999936,33117.07180422066
Q3,2025-05-01@00,351,0.0018415830000000355,30660.555631447183
Q3,2025-05-01@06,312,0.0022126659999992526,2473.4458459999123
Q3,2025-05-01@12,235,0.0014262920000005508,1107.2724635851712
Q3,2025-05-01@18,134,0.0007997499999996549,134.1148568367037
Q4-2,2025-05-01,366,0.0019997920000003333,32713.035199584487
Q4-3,2025-05-01@00,351,0.0017909160000000313,30363.608444662616
Q4-3,2025-05-01@06,308,0.0022602080000000413,2337.7411940120714
Q4-3,2025-05-01@12,236,0.001413708000000291,957.5165353998281
Q4-3,2025-05-01@18,132,0.000687416999999968,130.04494066805947
Q2,2025-05-02,316,0.0017161249999997352,18658.990249226998
Q3,2025-05-02@00,333,0.0017904170000004882,19130.539734901136
Q3,2025-05-02@06,224,0.00198245800000052,0.002361643979582544
Q3,2025-05-02@12,173,0.0014327499999993165,0.0019245174466779313
Q3,2025-05-02@18,84,0.0006230419999999626,0.0010843598577407409
Q4-2,2025-05-02,319,0.0017024589999996564,15616.890754070671
Q4-3,2025-05-02@00,338,0.0017247910000000033,15960.863716656042
Q4-3,2025-05-02@06,227,0.0019484589999994029,0.002361643979582544
Q4-3,2025-05-02@12,174,0.0011924580000002294,0.0019245174466779311
Q4-3,2025-05-02@18,85,0.0005758750000000035,0.0010843598577407409
Q2,2025-05-03,324,0.0017497499999992172,18765.363528207843
Q3,2025-05-03@00,329,0.0017560830000000749,18108.90331815751
Q3,2025-05-03@06,213,0.00202895799999947,0.0022869806809178504
Q3,2025-05-03@12,166,0.00129916699999999,0.0020700376775951643
Q3,2025-05-03@18,80,0.0006067500000002113,0.0011029019231730453
Q4-2,2025-05-03,327,0.0018057499999999393,15858.992554840836
Q4-3,2025-05-03@00,332,0.0018047079999998772,15293.46629725121
Q4-3,2025-05-03@06,215,0.0020386249999999606,0.0022869806809178504
Q4-3,2025-05-03@12,168,0.001247417000000084,0.0020700376775951643
Q4-3,2025-05-03@18,82,0.0005756249999997465,0.0011029019231730453
Q2,2025-05-04,362,0.0019833750000000094,33333.39274324748
Q3,2025-05-04@00,365,0.0019310830000005552,32314.375587559898
Q3,2025-05-04@06,330,0.0026585419999998194,983.0399659142105
Q3,2025-05-04@12,231,0.0014511249999999976,245.39840407787543
Q3,2025-05-04@18,135,0.00069712499999941,772.4542622057364
Q4-2,2025-05-04,368,0.0019383749999999367,32846.49427655015
Q4-3,2025-05-04@00,366,0.0019122090000003311,31823.644290380398
Q4-3,2025-05-04@06,310,0.0022935000000003924,990.3720014271242
Q4-3,2025-05-04@12,223,0.001347500000000501,196.56896757494786
Q4-3,2025-05-04@18,137,0.0006954580000000377,717.2509760560112
Q2,2025-05-05,364,0.001880459000000556,33477.402369352196
Q3,2025-05-05@00,361,0.0019476250000005635,34036.321198066005
Q3,2025-05-05@06,272,0.002275167000000522,0.0030049417209518843
Q3,2025-05-05@12,189,0.0012568330000002348,0.00202825606651334
Q3,2025-05-05@18,130,0.0006741249999997478,374.61835629152904
Q4-2,2025-05-05,364,0.0019126670000000345,33030.4181040413
Q4-3,2025-05-05@00,365,0.0018676250000000394,33575.191406923615
Q4-3,2025-05-05@06,274,0.002182166999999957,0.0029944790736782224
Q4-3,2025-05-05@12,189,0.001291417000000017,0.00201864261171262
Q4-3,2025-05-05@18,134,0.0006995840000003639,377.5839777203731
Q2,2025-05-06,361,0.002004208999999868,33296.04805000961
Q3,2025-05-06@00,350,0.0018948339999997899,29913.75796996044
Q3,2025-05-06@06,323,0.0024413330000001565,5504.617560630277
Q3,2025-05-06@12,246,0.0014967909999992202,1915.3134042930515
Q3,2025-05-06@18,134,0.0006718750000000995,747.7771476114359
Q4-2,2025-05-06,369,0.00190120900000057,32693.432247556408
Q4-3,2025-05-06@00,353,0.0017858330000004585,29457.748454707526
Q4-3,2025-05-06@06,317,0.0023387079999999116,5246.750825948483
Q4-3,2025-05-06@12,237,0.0014275409999999766,1900.6911139027736
Q4-3,2025-05-06@18,133,0.0008150420000001546,747.2454730211384
Q2,2025-05-07,365,0.001958833999999854,34672.66760090173
Q3,2025-05-07@00,352,0.001877207999999797,32454.87924090118
Q3,2025-05-07@06,331,0.0025122080000006264,4537.470625435207
Q3,2025-05-07@12,244,0.0014582499999997722,2109.0355114125427
Q3,2025-05-07@18,140,0.0006943330000002135,328.0619118827523
Q4-2,2025-05-07,362,0.0019585420000005627,34419.296973462806
Q4-3,2025-05-07@00,356,0.0018952080000005367,32218.274452324724
Q4-3,2025-05-07@06,333,0.0026396670000004008,4617.178218138436
Q4-3,2025-05-07@12,241,0.0014307909999997648,2157.200516078525
Q4-3,2025-05-07@18,135,0.0006947499999991891,332.1051794292967
Q2,2025-05-08,359,0.0018904589999992893,34628.23686460282
Q3,2025-05-08@00,373,0.0019432499999991748,34902.76511278433
Q3,2025-05-08@06,320,0.0023565830000000787,689.369672652698
Q3,2025-05-08@12,247,0.001422208000000147,1696.434664989144
Q3,2025-05-08@18,137,0.0006908339999993629,397.21294229989934
Q4-2,2025-05-08,366,0.001916416000000254,34491.43534299768
Q4-3,2025-05-08@00,370,0.0020865420000006907,34601.14613788159
Q4-3,2025-05-08@06,316,0.0024454590000004828,703.3159752139626
Q4-3,2025-05-08@12,241,0.0014151250000002946,1848.5051023852545
Q4-3,2025-05-08@18,133,0.0006904580000002269,402.9335188807925
Q2,2025-05-09,324,0.0017614169999999874,20293.375113729773
Q3,2025-05-09@00,334,0.0017677499999999569,19268.19480623041
Q3,2025-05-09@06,209,0.0018980829999994953,0.0024513296111182787
Q3,2025-05-09@12,165,0.0012587500000007523,0.0021425108311038236
Q3,2025-05-09@18,83,0.0005645830000000629,0.0011521142725732158
Q4-2,2025-05-09,327,0.0017427500000000151,17451.414368116068
Q4-3,2025-05-09@00,337,0.0019924580000001413,16548.747525609
Q4-3,2025-05-09@06,212,0.0019482079999999513,0.002451329611118279
Q4-3,2025-05-09@12,168,0.0011965829999995847,0.0021425108311038236
Q4-3,2025-05-09@18,86,0.0005873329999994681,0.0011521142725732163
Q2,2025-05-10,321,0.0016916250000003075,20067.518947780136
Q3,2025-05-10@00,333,0.0017024589999996564,18934.107537543783
Q3,2025-05-10@06,222,0.0019358750000000313,0.0023903606118785316
Q3,2025-05-10@12,163,0.0012176669999997003,0.001848120234278087
Q3,2025-05-10@18,81,0.0005678330000007392,0.0011481133425284631
Q4-2,2025-05-10,324,0.0017768330000000887,17307.24172330837
Q4-3,2025-05-10@00,334,0.0018148330000000712,16386.39729402577
Q4-3,2025-05-10@06,222,0.0019589589999995383,0.0023808446801546804
Q4-3,2025-05-10@12,165,0.001227958999999501,0.0018288958033165297
Q4-3,2025-05-10@18,85,0.0005795419999996554,0.0011313021315724275
Q2,2025-05-11,358,0.0018792919999999214,35063.92888619862
Q3,2025-05-11@00,367,0.0019170830000003747,33973.795917751166
Q3,2025-05-11@06,338,0.002589666999999629,3150.8485265042846
Q3,2025-05-11@12,252,0.001480458999999712,1426.0515231184627
Q3,2025-05-11@18,136,0.0007143750000002669,383.81590794521793
Q4-2,2025-05-11,358,0.0021116250000003944,35070.36283626819
Q4-3,2025-05-11@00,367,0.00182504200000011,33944.21988488026
Q4-3,2025-05-11@06,341,0.0024858330000006035,3074.184376419046
Q4-3,2025-05-11@12,250,0.0014499999999992852,1420.0787603131855
Q4-3,2025-05-11@18,133,0.0006930420000008652,385.37815323059584
Q2,2025-05-12,365,0.0019201250000007164,35321.07296898524
Q3,2025-05-12@00,356,0.0018632499999995389,30713.03112346239
Q3,2025-05-12@06,330,0.0024091669999997123,7199.055470717799
Q3,2025-05-12@12,243,0.0015291670000001645,2946.0922067986444
Q3,2025-05-12@18,133,0.0006756659999993531,382.3623945336856
Q4-2,2025-05-12,367,0.0019654159999999976,35190.41415961798
Q4-3,2025-05-12@00,362,0.0018805840000002405,30729.41318330397
Q4-3,2025-05-12@06,330,0.0025199169999998716,6959.76141059453
Q4-3,2025-05-12@12,245,0.0014924159999996078,2774.015447602094
Q4-3,2025-05-12@18,135,0.0007245409999994123,378.4282163546382
Q2,2025-05-13,365,0.001981041999999711,34960.79962403989
Q3,2025-05-13@00,362,0.001994125000000402,35350.22768473526
Q3,2025-05-13@06,276,0.0022802909999999343,1217.4763541759683
Q3,2025-05-13@12,264,0.0015107500000004492,1941.455754496354
Q3,2025-05-13@18,136,0.0007014999999999105,236.4870810870805
Q4-2,2025-05-13,372,0.0019500830000005465,34821.139657930966
Q4-3,2025-05-13@00,363,0.0018928330000003157,35070.951136342366
Q4-3,2025-05-13@06,276,0.0021950420000003135,1190.8135192967557
Q4-3,2025-05-13@12,261,0.0014642499999997227,1920.042830044923
Q4-3,2025-05-13@18,134,0.0006917910000003857,237.53327789835336
Q2,2025-05-14,369,0.001960124999999202,35877.82189205841
Q3,2025-05-14@00,364,0.0019982919999996795,35379.13693184419
Q3,2025-05-14@06,269,0.0022239169999993535,2400.433561797833
Q3,2025-05-14@12,184,0.0012467919999998855,0.0018142949625935335
Q3,2025-05-14@18,133,0.0006811669999997605,60.34966326195717
Q4-2,2025-05-14,368,0.0019295829999999015,35718.889171878014
Q4-3,2025-05-14@00,365,0.0019494159999995375,35209.50959725126
Q4-3,2025-05-14@06,271,0.002207332999999423,2408.911310298254
Q4-3,2025-05-14@12,182,0.001228208999999758,0.001814337369863767
Q4-3,2025-05-14@18,131,0.0007002089999996741,58.57416623644769
Q2,2025-05-15,351,0.002035499999999857,35955.17969600896
Q3,2025-05-15@00,362,0.0017864170000008173,35831.18245930506
Q3,2025-05-15@06,279,0.002231165999999618,4076.678296355713
Q3,2025-05-15@12,186,0.0012777499999998554,0.0017476682615903975
Q3,2025-05-15@18,130,0.0006902499999998923,170.72637182770234
Q4-2,2025-05-15,353,0.0018966670000004626,35714.96804972642
Q4-3,2025-05-15@00,364,0.0018432919999993302,35585.23592578146
Q4-3,2025-05-15@06,281,0.002394834000000401,3934.0559091337977
Q4-3,2025-05-15@12,187,0.0013299169999996252,0.0017397415081130312
Q4-3,2025-05-15@18,129,0.0008443329999998639,168.31472765698373
Q2,2025-05-16,324,0.0018200420000002993,20946.39147570417
Q3,2025-05-16@00,319,0.00167737499999987,20177.046365952807
Q3,2025-05-16@06,207,0.0019186250000000626,0.002327232516702315
Q3,2025-05-16@12,169,0.001246208000000415,0.002128215998156034
Q3,2025-05-16@18,81,0.000570208000000072,0.0011397291109074075
Q4-2,2025-05-16,327,0.0018006250000004442,18008.150650526182
Q4-3,2025-05-16@00,321,0.0017849160000000808,17323.235459895386
Q4-3,2025-05-16@06,208,0.00209191600000036,0.002345494868305213
Q4-3,2025-05-16@12,168,0.001336208999999755,0.0021546202386041823
Q4-3,2025-05-16@18,83,0.0006402500000000089,0.001163881859674074
Q2,2025-05-17,325,0.0018565420000005162,20846.48015381009
Q3,2025-05-17@00,333,0.0018377919999998937,19971.23804672972
Q3,2025-05-17@06,217,0.0020925829999995926,0.0023363600022318068
Q3,2025-05-17@12,172,0.0012956660000007503,0.0020259372460710388
Q3,2025-05-17@18,85,0.000636666000000119,0.0011407308818858883
Q4-2,2025-05-17,327,0.0018030419999996994,18024.05248431245
Q4-3,2025-05-17@00,334,0.0017589159999999993,17246.243445225635
Q4-3,2025-05-17@06,215,0.0019933329999997085,0.0023445055947988675
Q4-3,2025-05-17@12,169,0.0013207090000006971,0.0020397502362300922
Q4-3,2025-05-17@18,82,0.000558791000000447,0.001159938666919444
Q2,2025-05-18,365,0.0018505830000004053,35840.33216768008
Q3,2025-05-18@00,373,0.0018983749999996746,37284.237398013756
Q3,2025-05-18@06,309,0.0023384579999996546,1680.8327253309783
Q3,2025-05-18@12,239,0.0014412500000000605,1017.0345944276031
Q3,2025-05-18@18,139,0.0006925409999993803,540.1712182480018
Q4-2,2025-05-18,367,0.0019230409999995146,35765.46338304365
Q4-3,2025-05-18@00,368,0.0019466250000004237,37136.46540960632
Q4-3,2025-05-18@06,310,0.0025934169999999312,1672.8029544283459
Q4-3,2025-05-18@12,240,0.001447332999999773,1012.4220186801014
Q4-3,2025-05-18@18,136,0.0006784999999993602,537.0422611216483
Q2,2025-05-19,357,0.0018714580000001035,36174.68691102373
Q3,2025-05-19@00,357,0.0018314999999997639,33910.0888107456
Q3,2025-05-19@06,314,0.0023802079999999393,896.3410130365548
Q3,2025-05-19@12,189,0.0013432500000005732,934.7432689652098
Q3,2025-05-19@18,135,0.0006898330000000286,71.59110820673347
Q4-2,2025-05-19,354,0.0019197919999998092,36176.03597858431
Q4-3,2025-05-19@00,360,0.0019892500000002755,33957.65222774137
Q4-3,2025-05-19@06,312,0.0023585419999996304,850.7281511611556
Q4-3,2025-05-19@12,190,0.0013306250000004738,864.5668249850285
Q4-3,2025-05-19@18,136,0.0006898330000000286,68.78261363439312
Q2,2025-05-20,367,0.0019437079999997664,35567.32635478163
Q3,2025-05-20@00,357,0.0019124169999997775,33826.66757709077
Q3,2025-05-20@06,281,0.0024462920000001276,4261.981574962217
Q3,2025-05-20@12,199,0.001350999999999658,2511.0613740304525
Q3,2025-05-20@18,130,0.0007295000000002716,78.16157146065913
Q4-2,2025-05-20,367,0.002185292000000061,35393.66620373579
Q4-3,2025-05-20@00,362,0.0019266660000001323,33713.820505165924
Q4-3,2025-05-20@06,286,0.002325374999999852,4084.877619623036
Q4-3,2025-05-20@12,203,0.0013125419999999721,1798.802852291319
Q4-3,2025-05-20@18,133,0.0006981660000002776,79.55470781259986
Q2,2025-05-21,351,0.001871500000000026,35981.29041557529
Q3,2025-05-21@00,353,0.0018435419999995872,32437.922315607477
Q3,2025-05-21@06,285,0.0023701249999996676,6700.979276446903
Q3,2025-05-21@12,200,0.0014839579999996744,2100.7665022204114
Q3,2025-05-21@18,97,0.0006479580000000595,32.81354499615293
Q4-2,2025-05-21,352,0.0018398750000008235,35689.17724591519
Q4-3,2025-05-21@00,361,0.0018494999999996153,32269.901945683698
Q4-3,2025-05-21@06,286,0.002285541000000002,6635.307984308179
Q4-3,2025-05-21@12,200,0.0013642499999999558,1967.3040052632994
Q4-3,2025-05-21@18,94,0.0005840409999997576,31.997668376041165
Q2,2025-05-22,359,0.0018762079999996573,36395.85765701538
Q3,2025-05-22@00,346,0.0017749579999994936,34701.143406713294
Q3,2025-05-22@06,272,0.0024602500000003857,1500.2171138088622
Q3,2025-05-22@12,212,0.0014157920000004154,1710.4513727643828
Q3,2025-05-22@18,124,0.0006836249999997435,227.53451222334758
Q4-2,2025-05-22,356,0.0019245000000003287,36240.89217120711
Q4-3,2025-05-22@00,353,0.0018094169999995913,34619.335363098115
Q4-3,2025-05-22@06,285,0.002327832999999835,1442.2734215473438
Q4-3,2025-05-22@12,216,0.0013870830000000112,1593.0880069828647
Q4-3,2025-05-22@18,125,0.0007229999999998071,222.8113575170123
Q2,2025-05-23,323,0.0018152090000000953,21247.7051305289
Q3,2025-05-23@00,324,0.0019257919999997597,19985.301960902674
Q3,2025-05-23@06,213,0.002059832999999678,0.002318521566865568
Q3,2025-05-23@12,169,0.0012718339999997497,391.3805074481283
Q3,2025-05-23@18,85,0.0005932079999997342,0.001140999946361626
Q4-2,2025-05-23,326,0.0018124159999999279,18339.044462724956
Q4-3,2025-05-23@00,328,0.0018027910000002478,17280.960671749395
Q4-3,2025-05-23@06,215,0.0020247500000003527,0.0023185215668655684
Q4-3,2025-05-23@12,171,0.0012618330000000455,153.84828468403762
Q4-3,2025-05-23@18,87,0.0005872909999995457,0.001141051033604424
Q2,2025-05-24,324,0.001824208999999577,21543.214285033573
Q3,2025-05-24@00,316,0.0017732910000001212,20682.058016525272
Q3,2025-05-24@06,210,0.0019240829999995768,0.0023461017992775193
Q3,2025-05-24@12,170,0.001210041000000217,0.0021225451727186193
Q3,2025-05-24@18,81,0.000560916000000411,0.001166231750160494
Q4-2,2025-05-24,328,0.0017284999999995776,18682.6158094362
Q4-3,2025-05-24@00,319,0.0017016669999998513,17959.174100822172
Q4-3,2025-05-24@06,209,0.0018904579999992066,0.002350326069267232
Q4-3,2025-05-24@12,168,0.001170125000000688,0.002126897045846192
Q4-3,2025-05-24@18,81,0.0005483750000001564,0.001170472642763375
Q2,2025-05-25,354,0.0018614169999997543,36541.2849315069
Q3,2025-05-25@00,346,0.0020776670000000053,35127.942633413346
Q3,2025-05-25@06,313,0.0023611670000001084,1647.004971010474
Q3,2025-05-25@12,229,0.0014448329999998677,1132.4556590027482
Q3,2025-05-25@18,125,0.0006803330000000329,246.03566045833352
Q4-2,2025-05-25,353,0.0019279579999995633,36442.55908261064
Q4-3,2025-05-25@00,345,0.001860000000000639,35080.156447373556
Q4-3,2025-05-25@06,313,0.0023925000000000196,1598.0033718875418
Q4-3,2025-05-25@12,227,0.0014171670000004966,1065.549673476129
Q4-3,2025-05-25@18,126,0.0007258329999997315,243.1267504645827
Q2,2025-05-26,359,0.0020373329999996415,36509.79420462395
Q3,2025-05-26@00,350,0.0019058329999994683,34426.011213579295
Q3,2025-05-26@06,269,0.002333207999999587,4123.870155693975
Q3,2025-05-26@12,196,0.001354040999999917,3122.135895864275
Q3,2025-05-26@18,93,0.0006105420000004358,8.45878557898181
Q4-2,2025-05-26,356,0.001963874999999504,36534.82973601323
Q4-3,2025-05-26@00,354,0.0019431250000003786,34515.32144612493
Q4-3,2025-05-26@06,274,0.002402499999999641,4167.31748848931
Q4-3,2025-05-26@12,195,0.0014455839999998332,2700.7262232599614
Q4-3,2025-05-26@18,94,0.0005978339999996862,7.923295551573688
Q2,2025-05-27,355,0.0019280420000002962,36215.3695660843
Q3,2025-05-27@00,345,0.001751417000000366,32749.824972962942
Q3,2025-05-27@06,312,0.0023749590000008425,8144.377632966262
Q3,2025-05-27@12,228,0.0014017500000003125,1202.8211064493146
Q3,2025-05-27@18,131,0.0006830000000004333,146.63048694895693
Q4-2,2025-05-27,353,0.0019135829999994414,35942.83380362785
Q4-3,2025-05-27@00,352,0.0018390000000003681,32635.18599179082
Q4-3,2025-05-27@06,309,0.0024666250000002776,7830.954115398653
Q4-3,2025-05-27@12,232,0.0015079579999994763,1149.8703767123347
Q4-3,2025-05-27@18,130,0.0007033750000005057,145.60976823301715
Q2,2025-05-28,353,0.001948209000000034,36339.19497659837
Q3,2025-05-28@00,345,0.0019364170000004677,36513.33532252328
Q3,2025-05-28@06,302,0.0024906659999999192,1847.3056266684157
Q3,2025-05-28@12,231,0.0014156669999998428,1249.1839541455397
Q3,2025-05-28@18,119,0.0006578329999999966,75.0962833896893
Q4-2,2025-05-28,349,0.0018814169999998853,36129.66712613716
Q4-3,2025-05-28@00,346,0.0019557080000005556,36254.18866330918
Q4-3,2025-05-28@06,303,0.002389958000000192,1797.7188311461705
Q4-3,2025-05-28@12,231,0.0014338330000001065,1222.5152601170262
Q4-3,2025-05-28@18,120,0.0006666659999998714,75.07700536781951
Q2,2025-05-29,356,0.0019001669999996196,36853.433547774875
Q3,2025-05-29@00,349,0.0018557089999999832,36402.57860802434
Q3,2025-05-29@06,320,0.002513916999999921,6439.0961123760735
Q3,2025-05-29@12,209,0.0013921669999996666,761.9435827481718
Q3,2025-05-29@18,115,0.0006537909999995151,431.52683138430694
Q4-2,2025-05-29,351,0.0020350420000001535,36698.19153003905
Q4-3,2025-05-29@00,349,0.0018992499999992418,36250.667225900455
Q4-3,2025-05-29@06,323,0.002435167000000682,6142.795548193869
Q4-3,2025-05-29@12,214,0.0013961670000002258,729.5995932831236
Q4-3,2025-05-29@18,117,0.0006779589999998947,396.46689455294853
Q2,2025-05-30,326,0.0017702919999997846,21488.904372792473
Q3,2025-05-30@00,337,0.0017658330000003275,21190.134614487917
Q3,2025-05-30@06,214,0.001935167000000071,0.0023354418428150375
Q3,2025-05-30@12,170,0.0012870419999995164,0.0021218549888772286
Q3,2025-05-30@18,80,0.0006004580000000814,0.001183611653826131
Q4-2,2025-05-30,328,0.001714917000000149,18538.381744131744
Q4-3,2025-05-30@00,339,0.001765624999999993,18264.985929028804
Q4-3,2025-05-30@06,217,0.0020055830000007546,0.00233502208109693
Q4-3,2025-05-30@12,173,0.0012239589999998302,0.0021216718213463645
Q4-3,2025-05-30@18,84,0.000568666000000384,0.0011832770561512344
Q2,2025-05-31,325,0.0017464590000004776,21629.123079561366
Q3,2025-05-31@00,341,0.0018244999999996736,23152.52587606524
Q3,2025-05-31@06,223,0.0020260829999996233,0.00230644933265763
Q3,2025-05-31@12,181,0.0013652089999993677,0.002049564066583505
Q3,2025-05-31@18,80,0.0006157920000005035,0.001167150497240227
Q4-2,2025-05-31,328,0.0018679580000000584,18820.28238748948
Q4-3,2025-05-31@00,343,0.0019017919999999577,19963.81200346361
Q4-3,2025-05-31@06,225,0.00220324999999999,0.0023083946282954904
Q4-3,2025-05-31@12,181,0.0013494580000008582,0.002051399464309842
Q4-3,2025-05-31@18,84,0.0006304589999999166,0.001170143254277264
Q2,2025-06-01,344,0.0018402499999998767,36778.971288832385
Q3,2025-06-01@00,368,0.0020098749999997167,46280.32862374609
Q3,2025-06-01@06,305,0.002370582999999371,5664.566333589895
Q3,2025-06-01@12,206,0.0013374590000001518,806.5743505115524
Q3,2025-06-01@18,116,0.0006581670000000983,1392.0931118168485
Q4-2,2025-06-01,347,0.001950749999999779,36749.70901628997
Q4-3,2025-06-01@00,362,0.0019959999999992206,45769.0910643346
Q4-3,2025-06-01@06,295,0.002161625000000278,5602.5067352247
Q4-3,2025-06-01@12,202,0.0013508749999999736,846.0815380531517
Q4-3,2025-06-01@18,117,0.0007001669999997517,1495.0229927858938
Q2,2025-06-02,345,0.001893875000000378,37838.66960133904
Q3,2025-06-02@00,369,0.0021441250000000522,48250.74720633606
Q3,2025-06-02@06,302,0.0023242080000001053,3164.270205371006
Q3,2025-06-02@12,215,0.0014223749999997537,1198.1973083570786
Q3,2025-06-02@18,116,0.0006800000000000139,1894.9772138267476
Q4-2,2025-06-02,344,0.0018890830000000136,37931.0420619094
Q4-3,2025-06-02@00,360,0.0020347919999998965,47814.17199423617
Q4-3,2025-06-02@06,302,0.0022992909999999256,3258.925986391441
Q4-3,2025-06-02@12,216,0.0013650829999996006,1236.3112049725366
Q4-3,2025-06-02@18,117,0.0006726659999998219,2015.3275231136859
Q2,2025-06-03,346,0.0019051670000003185,38189.979210092584
Q3,2025-06-03@00,356,0.0019994580000002316,44489.32166494574
Q3,2025-06-03@06,344,0.0023053329999997985,9931.306113264163
Q3,2025-06-03@12,219,0.0013676250000003165,1879.0283434703304
Q3,2025-06-03@18,118,0.0006762500000006,1845.9270124335808
Q4-2,2025-06-03,345,0.0017988750000004217,38190.206100763375
Q4-3,2025-06-03@00,354,0.0019821249999996127,44110.96171385849
Q4-3,2025-06-03@06,347,0.002519084000000227,10137.52868209777
Q4-3,2025-06-03@12,224,0.001463166999999821,1966.2709555549534
Q4-3,2025-06-03@18,116,0.0007706250000003578,1979.6321603659374
Q2,2025-06-04,349,0.0019106250000007208,39873.87076834066
Q3,2025-06-04@00,365,0.001921375000000225,52488.863184218295
Q3,2025-06-04@06,306,0.002244874999999702,2938.040215793829
Q3,2025-06-04@12,223,0.0014037909999995435,3156.6493637608223
Q3,2025-06-04@18,114,0.0006624170000000262,1888.1203409008492
Q4-2,2025-06-04,344,0.001847582999999986,40253.70643595842
Q4-3,2025-06-04@00,364,0.0019999579999998573,52390.47001147234
Q4-3,2025-06-04@06,304,0.0023875410000000485,3088.285614688353
Q4-3,2025-06-04@12,217,0.0014923339999999286,3199.6855133869835
Q4-3,2025-06-04@18,118,0.0006659170000000714,2002.049367680843
Q2,2025-06-05,357,0.001895708999999357,41984.927085735835
Q3,2025-06-05@00,366,0.0019942500000000862,45924.27158378138
Q3,2025-06-05@06,325,0.0024879999999996016,9316.208097215103
Q3,2025-06-05@12,226,0.001472458999999482,4049.9618220516045
Q3,2025-06-05@18,115,0.0006822919999995847,1671.5246318863308
Q4-2,2025-06-05,348,0.0019918749999998653,42904.064439493995
Q4-3,2025-06-05@00,358,0.0020865419999998025,46813.251419189364
Q4-3,2025-06-05@06,328,0.002593207999999514,9439.888224694932
Q4-3,2025-06-05@12,221,0.0013989159999994172,4589.420981408652
Q4-3,2025-06-05@18,114,0.0006381250000000449,1811.2952017488662
Q2,2025-06-06,345,0.0017963749999996281,24510.97146374462
Q3,2025-06-06@00,374,0.002050834000000279,31075.91202982371
Q3,2025-06-06@06,278,0.0022705420000006526,0.002020175236716804
Q3,2025-06-06@12,185,0.0012684590000002771,0.0016071096560229074
Q3,2025-06-06@18,86,0.0005739999999994083,0.0012883985613034983
Q4-2,2025-06-06,343,0.001834416999999533,21904.460906766526
Q4-3,2025-06-06@00,370,0.0021774589999994376,26908.659070587233
Q4-3,2025-06-06@06,242,0.0020124159999994617,0.0024715485369740057
Q4-3,2025-06-06@12,185,0.0012305829999998963,0.0018201949683263362
Q4-3,2025-06-06@18,85,0.0005842500000001749,0.0012899570244002058
Q2,2025-06-07,358,0.0018292500000001155,25143.070336113713
Q3,2025-06-07@00,378,0.002043667000000582,33977.75203882101
Q3,2025-06-07@06,255,0.002122832999999602,0.0020490957710252045
Q3,2025-06-07@12,172,0.0012125000000002828,0.0016603582305519879
Q3,2025-06-07@18,89,0.000580083000000009,0.0012543067851738675
Q4-2,2025-06-07,361,0.0020044999999999646,22533.542629146497
Q4-3,2025-06-07@00,377,0.0020231250000000145,29225.496835094862
Q4-3,2025-06-07@06,254,0.0020400000000000418,0.0021479269062618304
Q4-3,2025-06-07@12,173,0.0012300419999995427,0.0017565206883812057
Q4-3,2025-06-07@18,87,0.0005741660000007087,0.0012532965972829211
Q2,2025-06-08,357,0.001986290999999696,45904.591838291504
Q3,2025-06-08@00,351,0.0019467919999991423,46907.29579816237
Q3,2025-06-08@06,317,0.002526167000000079,4188.406425174512
Q3,2025-06-08@12,220,0.0015408329999999637,2805.6295387090495
Q3,2025-06-08@18,113,0.0007287500000003888,877.482453022737
Q4-2,2025-06-08,350,0.001999833000000173,47692.18346344576
Q4-3,2025-06-08@00,351,0.0020230409999992816,48678.75154070231
Q4-3,2025-06-08@06,310,0.0025423749999999856,4790.304951689324
Q4-3,2025-06-08@12,219,0.0014554999999996099,3360.3650848079724
Q4-3,2025-06-08@18,118,0.0007035420000001125,924.998916490078
Q2,2025-06-09,356,0.0021032920000001454,45355.90020545361
Q3,2025-06-09@00,349,0.001989375000000848,53773.46176208554
Q3,2025-06-09@06,300,0.002438667000000727,1362.1608167088414
Q3,2025-06-09@12,207,0.001323499999999811,464.9646094717722
Q3,2025-06-09@18,113,0.0006610830000006729,1224.425120475524
Q4-2,2025-06-09,350,0.001910333999999736,46912.74166955611
Q4-3,2025-06-09@00,346,0.0019428750000001216,55235.40242907639
Q4-3,2025-06-09@06,296,0.002275583000000303,1438.8237349212066
Q4-3,2025-06-09@12,203,0.0013019999999999143,497.6071136814218
Q4-3,2025-06-09@18,112,0.0006672500000002302,1324.5409174734236
Q2,2025-06-10,354,0.001963583000000213,46243.13157077934
Q3,2025-06-10@00,361,0.002326667000000171,50032.077613060625
Q3,2025-06-10@06,312,0.0024036249999994652,4161.429174744441
Q3,2025-06-10@12,240,0.0014258329999998764,3564.6619551622357
Q3,2025-06-10@18,115,0.0006694160000000338,1169.8447077066608
Q4-2,2025-06-10,357,0.0019527080000001362,47888.195976522366
Q4-3,2025-06-10@00,357,0.0019810829999995505,51716.050647648415
Q4-3,2025-06-10@06,312,0.002382167000000379,4186.469902197699
Q4-3,2025-06-10@12,234,0.0014197090000003243,3753.820571809959
Q4-3,2025-06-10@18,117,0.00071054100000012,1258.7583622741574
Q2,2025-06-11,344,0.002003499999999825,46892.98574487497
Q3,2025-06-11@00,355,0.002010915999999696,55175.18687979255
Q3,2025-06-11@06,333,0.0022978750000000048,3894.4170849298844
Q3,2025-06-11@12,221,0.0013445000000000817,1749.6549387695566
Q3,2025-06-11@18,116,0.000663499999999928,969.7449245761566
Q4-2,2025-06-11,340,0.0019329159999994516,48553.18986758037
Q4-3,2025-06-11@00,349,0.0020253329999997405,56709.41724479396
Q4-3,2025-06-11@06,331,0.0022483329999998247,3718.7729857882746
Q4-3,2025-06-11@12,222,0.0015123749999998992,1987.5146743003247
Q4-3,2025-06-11@18,114,0.0006974590000004,1054.8586681343286
Q2,2025-06-12,349,0.0019699589999992995,48383.54899542402
Q3,2025-06-12@00,356,0.002021374999999992,54151.65535830427
Q3,2025-06-12@06,346,0.0024050840000002793,3722.180878289465
Q3,2025-06-12@12,231,0.0014481250000004664,1292.2047565435573
Q3,2025-06-12@18,109,0.0006752080000005378,976.6457948518121
Q4-2,2025-06-12,348,0.0019322080000003794,50294.897511241456
Q4-3,2025-06-12@00,352,0.0019725409999997723,56121.511364519516
Q4-3,2025-06-12@06,351,0.0026999580000000023,3948.399999814678
Q4-3,2025-06-12@12,230,0.001501542000000633,1381.4975402367334
Q4-3,2025-06-12@18,112,0.0006842080000000195,1049.5396490423398
Q2,2025-06-13,369,0.001981541000000142,27859.91619159613
Q3,2025-06-13@00,370,0.002001625000000118,32690.02485807786
Q3,2025-06-13@06,264,0.002227083000000185,0.0023939934482025884
Q3,2025-06-13@12,186,0.0013498749999998338,0.0017771465975042677
Q3,2025-06-13@18,81,0.0005827500000004093,0.001277349875473868
Q4-2,2025-06-13,372,0.0018887499999999946,24862.97603017413
Q4-3,2025-06-13@00,376,0.0021882499999996696,28573.628559828252
Q4-3,2025-06-13@06,257,0.002128874999999475,0.002758659009394668
Q4-3,2025-06-13@12,187,0.0012440410000005286,0.002003386010541356
Q4-3,2025-06-13@18,86,0.0005786250000001658,0.001270836035132716
Q2,2025-06-14,370,0.0019902909999993668,28710.693019809692
Q3,2025-06-14@00,372,0.001965124999999901,33418.6625721503
Q3,2025-06-14@06,286,0.002332709000000044,0.0020105421014077317
Q3,2025-06-14@12,205,0.001286291000000439,0.0014788447004534118
Q3,2025-06-14@18,83,0.0006057080000001491,0.0012773471500473253
Q4-2,2025-06-14,374,0.0021531659999993735,25707.915609520787
Q4-3,2025-06-14@00,382,0.002107333000000544,29496.796822898203
Q4-3,2025-06-14@06,247,0.0020885840000000044,0.0022938754347410647
Q4-3,2025-06-14@12,187,0.0012437080000005096,0.001731520382264025
Q4-3,2025-06-14@18,84,0.0005726670000001377,0.0012773471500473251
Q2,2025-06-15,352,0.002061999999999564,50325.18827309837
Q3,2025-06-15@00,343,0.0018447500000000616,51866.08137886051
Q3,2025-06-15@06,322,0.002300791999999774,5028.477750540398
Q3,2025-06-15@12,215,0.001491500000000201,1623.142536649589
Q3,2025-06-15@18,110,0.0006719589999999442,392.5974428499059
Q4-2,2025-06-15,351,0.002043000000000461,53181.878855828676
Q4-3,2025-06-15@00,349,0.0018269579999996566,54688.29131112943
Q4-3,2025-06-15@06,316,0.0023632920000000723,5207.767586379086
Q4-3,2025-06-15@12,211,0.0014066250000004388,2704.136658270603
Q4-3,2025-06-15@18,111,0.0006687919999999181,423.6692344948389
Q2,2025-06-16,342,0.0019366249999999141,51823.82040839687
Q3,2025-06-16@00,360,0.0019626249999999956,54212.33263673901
Q3,2025-06-16@06,333,0.0025535830000000814,5325.5647213504335
Q3,2025-06-16@12,205,0.001407415999999273,738.9783957619129
Q3,2025-06-16@18,114,0.0006728749999993511,881.4238117448767
Q4-2,2025-06-16,342,0.0019382090000004126,54518.46146471605
Q4-3,2025-06-16@00,351,0.0019844579999999112,57109.15344066344
Q4-3,2025-06-16@06,340,0.0024154580000006476,5437.40415693492
Q4-3,2025-06-16@12,217,0.001358791000000359,1280.784883528185
Q4-3,2025-06-16@18,110,0.000662666999999395,946.7220208546719
Q2,2025-06-17,355,0.0020522080000002774,51667.29206021355
Q3,2025-06-17@00,356,0.0020510419999997254,55461.534147344726
Q3,2025-06-17@06,337,0.002538208000000708,6802.374193785569
Q3,2025-06-17@12,215,0.0013658340000004543,810.0453490509949
Q3,2025-06-17@18,112,0.0006744169999999272,371.88543105717736
Q4-2,2025-06-17,348,0.0019516670000001568,54485.129794217355
Q4-3,2025-06-17@00,348,0.0019365000000002297,58679.28894122154
Q4-3,2025-06-17@06,339,0.002506166999999948,6990.625382671738
Q4-3,2025-06-17@12,226,0.0014354169999997168,1369.5168637506636
Q4-3,2025-06-17@18,112,0.0006935000000005687,398.558499500546
Q2,2025-06-18,344,0.001953290999999524,52412.78876610097
Q3,2025-06-18@00,349,0.002028124999999825,55967.4042081522
Q3,2025-06-18@06,342,0.00244708299999985,6116.972365677563
Q3,2025-06-18@12,215,0.001373958000000286,398.429525484762
Q3,2025-06-18@18,115,0.0006564579999999154,537.106364629249
Q4-2,2025-06-18,336,0.001851583000000545,55398.22040743543
Q4-3,2025-06-18@00,345,0.0019487080000004653,59310.60914253484
Q4-3,2025-06-18@06,342,0.0024526670000000195,6459.37340014522
Q4-3,2025-06-18@12,216,0.0015824579999996757,424.3093449642427
Q4-3,2025-06-18@18,111,0.0006580830000002535,574.6988408879992
Q2,2025-06-19,350,0.001942999999999806,52697.587970977
Q3,2025-06-19@00,353,0.002003250000000456,52978.359042524324
Q3,2025-06-19@06,328,0.0024543750000001197,3949.53526043842
Q3,2025-06-19@12,226,0.0014438749999996503,5968.3943612002495
Q3,2025-06-19@18,110,0.0006622919999994537,1159.1756045459579
Q4-2,2025-06-19,344,0.0018986659999997713,55809.604899515834
Q4-3,2025-06-19@00,347,0.0019749159999999932,55870.119298379796
Q4-3,2025-06-19@06,317,0.00255850000000013,4497.708401315389
Q4-3,2025-06-19@12,230,0.0014782079999999809,6750.2883648239595
Q4-3,2025-06-19@18,107,0.0006698749999998199,1221.0105063830435
Q2,2025-06-20,372,0.0021103330000000753,31793.594342461627
Q3,2025-06-20@00,377,0.002070250000000051,33044.45985091131
Q3,2025-06-20@06,288,0.0024283330000001158,0.0018248610227462952
Q3,2025-06-20@12,206,0.0014043749999999022,0.001505699039759602
Q3,2025-06-20@18,83,0.0005765000000002019,0.0012841185828247597
Q4-2,2025-06-20,374,0.0021074999999992627,28967.33059581969
Q4-3,2025-06-20@00,377,0.0020449999999998525,30017.942653319817
Q4-3,2025-06-20@06,259,0.0022269580000005007,0.0021734318245210894
Q4-3,2025-06-20@12,191,0.0013192919999998054,0.001800675890927916
Q4-3,2025-06-20@18,86,0.0006194580000000727,0.0012819545960895053
Q2,2025-06-21,371,0.001998834000000116,31280.83723634014
Q3,2025-06-21@00,360,0.0019324169999999086,30583.443314378947
Q3,2025-06-21@06,267,0.0022357499999996477,0.002231136186176165
Q3,2025-06-21@12,178,0.0012419579999995989,0.0016702911356120363
Q3,2025-06-21@18,84,0.0006819170000005315,0.0012324618594465018
Q4-2,2025-06-21,370,0.002120333000000585,28520.14394220594
Q4-3,2025-06-21@00,362,0.0019638750000003924,27926.33445069127
Q4-3,2025-06-21@06,272,0.00217304099999982,0.002305521597617249
Q4-3,2025-06-21@12,181,0.0012236249999997284,0.0017769764877671457
Q4-3,2025-06-21@18,86,0.0005750410000002759,0.0012322076989115221
Q2,2025-06-22,345,0.001974416999999562,53844.86799298998
Q3,2025-06-22@00,352,0.001896792000000147,52499.712732186475
Q3,2025-06-22@06,320,0.0024474169999999518,4942.970441524277
Q3,2025-06-22@12,201,0.0014658750000000609,3300.804911629918
Q3,2025-06-22@18,86,0.0005780829999997295,135.86555587226775
Q4-2,2025-06-22,339,0.001933625000000383,57965.084552980145
Q4-3,2025-06-22@00,342,0.0018162079999992642,56599.518167380986
Q4-3,2025-06-22@06,318,0.0023947920000004785,5432.364721206268
Q4-3,2025-06-22@12,205,0.0013564999999999827,3603.320560633643
Q4-3,2025-06-22@18,82,0.0005766249999998863,140.07962416597346
Q2,2025-06-23,345,0.0019860419999995216,55343.33665426557
Q3,2025-06-23@00,346,0.0018689169999994704,54345.171306684555
Q3,2025-06-23@06,306,0.0025131670000000383,1420.4220198884925
Q3,2025-06-23@12,191,0.001288708999999777,688.7264516847832
Q3,2025-06-23@18,107,0.0006341670000002964,171.8317217466166
Q4-2,2025-06-23,344,0.0018731660000002037,59584.83479941621
Q4-3,2025-06-23@00,344,0.00182666699999956,58336.41668807358
Q4-3,2025-06-23@06,307,0.0022752920000002064,1703.5047964818639
Q4-3,2025-06-23@12,190,0.001257292000000021,832.6933505781702
Q4-3,2025-06-23@18,111,0.0006532500000000496,177.93510745436163
Q2,2025-06-24,354,0.00198504200000027,54440.68818242492
Q3,2025-06-24@00,350,0.002169375000000251,61937.36364441551
Q3,2025-06-24@06,299,0.002201791000000064,1059.2304433296133
Q3,2025-06-24@12,188,0.00130283400000053,825.4059847924466
Q3,2025-06-24@18,109,0.0006518749999999685,444.61534468120203
Q4-2,2025-06-24,346,0.0019704159999998083,58230.94369314404
Q4-3,2025-06-24@00,343,0.0019427500000004372,66132.63627054467
Q4-3,2025-06-24@06,293,0.002337666999999932,1036.5105782581447
Q4-3,2025-06-24@12,196,0.0013234159999999662,856.7861760236094
Q4-3,2025-06-24@18,104,0.0006342500000000584,489.50635212209187
Q2,2025-06-25,352,0.002214749999999377,55251.45682177691
Q3,2025-06-25@00,354,0.0019894159999997996,55020.9266866018
Q3,2025-06-25@06,313,0.0023120829999996317,2912.555202716672
Q3,2025-06-25@12,205,0.0013658330000003716,4016.1439611018927
Q3,2025-06-25@18,85,0.0005691670000000926,0.0013950410331978731
Q4-2,2025-06-25,346,0.001879916000000037,59434.27143277115
Q4-3,2025-06-25@00,343,0.001854584000000159,58927.05589354983
Q4-3,2025-06-25@06,307,0.002254917000000134,3417.1955867999886
Q4-3,2025-06-25@12,197,0.0014479999999998938,4713.929263234855
Q4-3,2025-06-25@18,83,0.000623667000000161,0.0013954478058693408
Q2,2025-06-26,356,0.002104000000000106,54776.76764532967
Q3,2025-06-26@00,340,0.0019245840000001735,53482.30827935174
Q3,2025-06-26@06,314,0.002452166000000311,2699.806812306776
Q3,2025-06-26@12,199,0.0014131669999999374,2470.6355028018534
Q3,2025-06-26@18,83,0.0005705840000000961,1.0292310612158855
Q4-2,2025-06-26,348,0.0018872910000000687,58709.70936951898
Q4-3,2025-06-26@00,342,0.001897791000000204,56882.871609890135
Q4-3,2025-06-26@06,317,0.0024803329999993906,3282.064280793755
Q4-3,2025-06-26@12,200,0.0014174159999997826,3470.5199657468365
Q4-3,2025-06-26@18,83,0.0005965830000000949,0.8782628321459593
Q2,2025-06-27,376,0.0019782919999995485,33744.06962998531
Q3,2025-06-27@00,370,0.0018717919999993171,33964.09400657737
Q3,2025-06-27@06,263,0.0021311250000000115,0.00199166909545319
Q3,2025-06-27@12,201,0.00126366599999983,0.0016082566612199587
Q3,2025-06-27@18,80,0.0005663750000000078,0.0012204739753168717
Q4-2,2025-06-27,376,0.0020144579999996637,31131.865417170728
Q4-3,2025-06-27@00,373,0.0019568329999994916,31315.558036355702
Q4-3,2025-06-27@06,260,0.0022435420000004314,0.0019916690954531902
Q4-3,2025-06-27@12,200,0.001239958999999402,0.0016082566612199583
Q4-3,2025-06-27@18,83,0.0005574589999994828,0.0012204739753168719
Q2,2025-06-28,371,0.002012875000000136,32858.949568272605
Q3,2025-06-28@00,369,0.001873458000000383,33301.17909352611
Q3,2025-06-28@06,275,0.002214082999999256,0.0024735427616323384
Q3,2025-06-28@12,183,0.0012526670000001516,0.0017157159257797149
Q3,2025-06-28@18,82,0.0005525829999992737,0.0012226630216978739
Q4-2,2025-06-28,369,0.0020217499999999333,30271.18074446983
Q4-3,2025-06-28@00,373,0.002033374999999893,30642.166446766125
Q4-3,2025-06-28@06,275,0.002212042000000025,0.002469951007812037
Q4-3,2025-06-28@12,181,0.0012815000000001575,0.0017160929607111278
Q4-3,2025-06-28@18,83,0.0005639999999997869,0.0012226630216978739
Q2,2025-06-29,349,0.0020094999999997754,55100.43150273407
Q3,2025-06-29@00,347,0.0020259999999998612,52173.52202224108
Q3,2025-06-29@06,321,0.002540874999999332,5343.634918148006
Q3,2025-06-29@12,231,0.001481041999999988,6181.676985109665
Q3,2025-06-29@18,89,0.0006490000000001217,200.7446453150747
Q4-2,2025-06-29,340,0.002077041999999807,59441.86074344973
Q4-3,2025-06-29@00,346,0.001875000000000071,55963.04793849415
Q4-3,2025-06-29@06,324,0.0024423330000002963,6510.783823754874
Q4-3,2025-06-29@12,230,0.0014152080000000566,7606.78821311813
Q4-3,2025-06-29@18,86,0.000588458999999375,207.83893902513094
Q2,2025-06-30,352,0.001954917000000833,55277.52538375173
Q3,2025-06-30@00,352,0.002000708999999823,56140.64117124597
Q3,2025-06-30@06,289,0.0021530829999996115,529.6489264434787
Q3,2025-06-30@12,193,0.001429542000000339,1432.0767827847806
Q3,2025-06-30@18,83,0.000614458000000262,0.0013784684105504963
Q4-2,2025-06-30,350,0.0019364579999994191,59631.11083963641
Q4-3,2025-06-30@00,357,0.0018888339999998394,60457.676798935565
Q4-3,2025-06-30@06,282,0.0021248329999998816,574.4476971123377
Q4-3,2025-06-30@12,196,0.0013207080000006144,1554.0552001410335
Q4-3,2025-06-30@18,82,0.0005678339999999338,0.0013788778983282739
Q2,2025-07-01,351,0.002032874999999379,56158.134482967296
Q3,2025-07-01@00,345,0.0018652910000005463,48676.72331187498
Q3,2025-07-01@06,311,0.002566999999999986,17234.971116889687
Q3,2025-07-01@12,212,0.0014896249999996058,10661.7936385046
Q3,2025-07-01@18,94,0.0006363750000000223,5360.453740266585
Q4-2,2025-07-01,346,0.0019635420000003734,60739.41665984619
Q4-3,2025-07-01@00,339,0.0019282079999998203,52460.15199569873
Q4-3,2025-07-01@06,313,0.0024630409999994995,19449.8301114616
Q4-3,2025-07-01@12,213,0.0014193749999993344,12638.834457216906
Q4-3,2025-07-01@18,95,0.0006257080000002802,5890.650368918448
Q2,2025-07-02,347,0.0019581249999998107,54789.81581816497
Q3,2025-07-02@00,342,0.0020127500000004517,45952.20234559961
Q3,2025-07-02@06,301,0.0025319579999996122,13392.603551107279
Q3,2025-07-02@12,207,0.0014015419999999779,8446.42161856154
Q3,2025-07-02@18,94,0.0006311249999999546,4949.39427914696
Q4-2,2025-07-02,341,0.0018696660000001586,59294.05667146864
Q4-3,2025-07-02@00,342,0.0018357499999996918,49554.07356743783
Q4-3,2025-07-02@06,301,0.0024959999999998317,15657.802313073766
Q4-3,2025-07-02@12,215,0.001417707999999962,8834.686259006228
Q4-3,2025-07-02@18,94,0.0006260000000004595,5456.926305694937
Q2,2025-07-03,353,0.0021500420000002407,53824.29650610813
Q3,2025-07-03@00,350,0.001955832999999352,51517.34950973892
Q3,2025-07-03@06,323,0.0024790420000000424,17842.53873042059
Q3,2025-07-03@12,218,0.0013805839999996294,8733.406096609182
Q3,2025-07-03@18,97,0.0006156669999999309,5068.558082347001
Q4-2,2025-07-03,348,0.0018602500000000077,58102.64503918656
Q4-3,2025-07-03@00,343,0.0018629159999994371,55595.38376414352
Q4-3,2025-07-03@06,319,0.002345291000000138,19897.849454459836
Q4-3,2025-07-03@12,219,0.0015622500000000983,10280.325138498147
Q4-3,2025-07-03@18,95,0.000657957999999681,5659.821008802012
Q2,2025-07-04,372,0.002180041999999993,32857.860518344496
Q3,2025-07-04@00,350,0.0018504579999998327,27982.13659463904
Q3,2025-07-04@06,317,0.00258674999999986,8964.089692323876
Q3,2025-07-04@12,174,0.0013211659999994296,0.0018564850481562758
Q3,2025-07-04@18,90,0.0006010420000004402,0.0013335634919382706
Q4-2,2025-07-04,369,0.002033292000000131,31009.12368224326
Q4-3,2025-07-04@00,354,0.0017828749999999616,26673.19462306373
Q4-3,2025-07-04@06,314,0.002529374999999945,8520.9082423217
Q4-3,2025-07-04@12,174,0.0013112079999997306,0.0017616863575979425
Q4-3,2025-07-04@18,89,0.0006124169999992546,0.0013335634919382706
Q2,2025-07-05,370,0.001928041999999408,32372.398850118523
Q3,2025-07-05@00,341,0.0017488329999997276,28430.812678298957
Q3,2025-07-05@06,315,0.0023713750000000644,4524.137893107013
Q3,2025-07-05@12,172,0.0012893329999998926,0.0018940556605605953
Q3,2025-07-05@18,91,0.0005941670000000343,0.0013550892417349104
Q4-2,2025-07-05,375,0.002037792000000316,30703.20045632501
Q4-3,2025-07-05@00,341,0.0019792909999996056,27184.715139780878
Q4-3,2025-07-05@06,311,0.0023713750000000644,4336.293946995
Q4-3,2025-07-05@12,171,0.001245875000000396,0.0018919092947787027
Q4-3,2025-07-05@18,89,0.0005697499999994804,0.0013540686836553495
Q2,2025-07-06,340,0.0019070409999999427,52200.78761467569
Q3,2025-07-06@00,343,0.00183379100000014,48077.40354181935
Q3,2025-07-06@06,298,0.0023845830000004398,21243.167168856857
Q3,2025-07-06@12,201,0.0013481249999998113,11739.711000968011
Q3,2025-07-06@18,94,0.0006399999999997519,4802.958151043213
Q4-2,2025-07-06,340,0.002025374999999663,57290.01620326262
Q4-3,2025-07-06@00,338,0.0019615829999999335,52565.607896409034
Q4-3,2025-07-06@06,297,0.0024517910000003695,24403.578703056013
Q4-3,2025-07-06@12,210,0.0014217500000004435,12647.645445155385
Q4-3,2025-07-06@18,94,0.0006571250000000362,5442.699783091088
Q2,2025-07-07,351,0.0020284170000000046,55845.47234827323
Q3,2025-07-07@00,338,0.0017983749999999077,50774.67228773025
Q3,2025-07-07@06,291,0.0023402500000004878,6848.887982558664
Q3,2025-07-07@12,209,0.0014524170000003167,7101.338000200346
Q3,2025-07-07@18,94,0.0006719159999999391,3377.4952964297563
Q4-2,2025-07-07,347,0.0018717920000002053,61524.88423327833
Q4-3,2025-07-07@00,337,0.0019467920000000305,56070.251563700775
Q4-3,2025-07-07@06,295,0.0022178330000004465,8047.767997057122
Q4-3,2025-07-07@12,215,0.0013697920000002028,7254.326547271273
Q4-3,2025-07-07@18,94,0.0006360420000000033,3788.577101354054
Q2,2025-07-08,349,0.0019401249999999592,57145.97361405647
Q3,2025-07-08@00,343,0.001979791999999314,54207.41527830846
Q3,2025-07-08@06,287,0.0022549579999999736,4164.38101943736
Q3,2025-07-08@12,191,0.0014692089999996938,6029.120819114752
Q3,2025-07-08@18,92,0.0006103749999999408,3064.930080521497
Q4-2,2025-07-08,340,0.001917125000000297,64321.506029305136
Q4-3,2025-07-08@00,343,0.0018590000000004991,60855.11295057859
Q4-3,2025-07-08@06,288,0.002231000000000094,4624.591074909243
Q4-3,2025-07-08@12,198,0.0013480420000000493,6858.0953531207115
Q4-3,2025-07-08@18,92,0.0006174999999997155,3471.4398213287795
Q2,2025-07-09,337,0.0018981670000002282,55917.863345844184
Q3,2025-07-09@00,346,0.0018704999999998861,53633.53442430895
Q3,2025-07-09@06,308,0.0024786250000001786,5854.935145756773
Q3,2025-07-09@12,195,0.00131312499999936,4171.495461663141
Q3,2025-07-09@18,94,0.0006179170000004675,2859.267895582119
Q4-2,2025-07-09,337,0.0019261249999997787,62430.83373164709
Q4-3,2025-07-09@00,341,0.0018486659999998878,59986.60225253337
Q4-3,2025-07-09@06,309,0.002337666999999932,6700.920494635541
Q4-3,2025-07-09@12,197,0.001375417000000212,4676.034710321296
Q4-3,2025-07-09@18,98,0.0006525420000000892,3226.401940130559
Q2,2025-07-10,349,0.0020152920000002794,54516.190870086946
Q3,2025-07-10@00,335,0.0019435419999993542,49119.27238073405
Q3,2025-07-10@06,291,0.002365916999999662,10376.797299851563
Q3,2025-07-10@12,217,0.0015045830000000038,5256.9507912100225
Q3,2025-07-10@18,99,0.0006841670000001798,3011.6888939389983
Q4-2,2025-07-10,343,0.0019716250000003654,60898.35579860836
Q4-3,2025-07-10@00,332,0.0018405839999999785,54960.55687864754
Q4-3,2025-07-10@06,295,0.002546040999999555,11968.992010795153
Q4-3,2025-07-10@12,219,0.0013763749999995412,5538.324967262562
Q4-3,2025-07-10@18,99,0.0006491250000006943,3445.0129846709888
Q2,2025-07-11,367,0.002039332999999921,32963.78742172443
Q3,2025-07-11@00,357,0.0018872910000000687,33252.89830783044
Q3,2025-07-11@06,287,0.0022776659999994564,265.4953736731661
Q3,2025-07-11@12,183,0.0012847080000000233,0.0017756305208569431
Q3,2025-07-11@18,94,0.0005911660000004204,0.0012765011526805555
Q4-2,2025-07-11,371,0.0018991250000004456,32212.424215558192
Q4-3,2025-07-11@00,362,0.001854333999999902,32460.926794386087
Q4-3,2025-07-11@06,293,0.002285584000000007,274.958148739272
Q4-3,2025-07-11@12,182,0.0013513749999995994,0.0017756305208569431
Q4-3,2025-07-11@18,92,0.0006110000000001392,0.0012765011526805555
Q2,2025-07-12,360,0.0018656249999997598,32484.3573338291
Q3,2025-07-12@00,328,0.0017132919999998109,30869.228702978897
Q3,2025-07-12@06,315,0.0023982500000006013,2627.701966156811
Q3,2025-07-12@12,184,0.0012482499999997287,550.3015135451078
Q3,2025-07-12@18,97,0.0006044169999999127,0.0012930620448888888
Q4-2,2025-07-12,368,0.0018691669999997274,31956.699199899336
Q4-3,2025-07-12@00,330,0.0016676249999996173,30485.670914723516
Q4-3,2025-07-12@06,315,0.002506665999999491,2152.883941848296
Q4-3,2025-07-12@12,184,0.0013662500000002353,310.4603618136647
Q4-3,2025-07-12@18,97,0.0005972500000002157,0.0012930620448888886
Q2,2025-07-13,343,0.0018555829999993279,53809.89218404159
Q3,2025-07-13@00,337,0.0017537919999996987,52557.67806415569
Q3,2025-07-13@06,278,0.0021489999999992904,2705.7569623898917
Q3,2025-07-13@12,189,0.001299249999999752,2052.7678127385593
Q3,2025-07-13@18,101,0.0006384590000001467,2388.3637455637036
Q4-2,2025-07-13,340,0.0018701249999999447,60310.714906987094
Q4-3,2025-07-13@00,341,0.001721374999999803,58819.928117487296
Q4-3,2025-07-13@06,273,0.0024005840000000944,2686.5365628815944
Q4-3,2025-07-13@12,186,0.0013049159999996007,2359.6373351513316
Q4-3,2025-07-13@18,98,0.0006669580000000508,2724.204848431735
Q2,2025-07-14,343,0.00193712499999954,53279.145583438585
Q3,2025-07-14@00,331,0.0018278750000000343,48287.58890031481
Q3,2025-07-14@06,272,0.002343500000000276,6991.527970442862
Q3,2025-07-14@12,195,0.0013940830000001014,6534.818017211925
Q3,2025-07-14@18,92,0.000653374999999734,3138.1016152370908
Q4-2,2025-07-14,344,0.0019449169999994353,59185.9670874821
Q4-3,2025-07-14@00,336,0.0025444170000001876,53732.56582630923
Q4-3,2025-07-14@06,274,0.0024054160000002156,7957.126655530359
Q4-3,2025-07-14@12,197,0.0014021250000002539,7211.766569952158
Q4-3,2025-07-14@18,92,0.0006470419999997645,3528.598275756952
Q2,2025-07-15,326,0.001884541999999989,55988.553727190665
Q3,2025-07-15@00,322,0.0018572910000003162,52860.822444300036
Q3,2025-07-15@06,255,0.002272416000000277,1936.6842340408523
Q3,2025-07-15@12,180,0.0013128330000000688,1796.4655901517935
Q3,2025-07-15@18,91,0.0007142499999996943,1482.7363068472491
Q4-2,2025-07-15,320,0.002314582999999537,63617.94163351354
Q4-3,2025-07-15@00,321,0.0019117499999996568,60274.38401482799
Q4-3,2025-07-15@06,266,0.0023064579999996226,2210.259141469483
Q4-3,2025-07-15@12,181,0.0012950409999996637,2051.039658406919
Q4-3,2025-07-15@18,93,0.0006397920000003054,1717.5372025432366
Q2,2025-07-16,326,0.0018031660000001892,53179.5155803497
Q3,2025-07-16@00,323,0.0017466670000008122,51251.74333832823
Q3,2025-07-16@06,273,0.0022579170000005533,1420.3504164652652
Q3,2025-07-16@12,190,0.001491582999999963,3230.2649050092414
Q3,2025-07-16@18,90,0.0006484169999998457,1398.7000727908692
Q4-2,2025-07-16,324,0.0017819169999997442,60168.423217185
Q4-3,2025-07-16@00,325,0.0016736670000003784,57998.16147614425
Q4-3,2025-07-16@06,275,0.002272957999999825,1698.3739266464625
Q4-3,2025-07-16@12,189,0.0013568749999999241,3776.4406270668355
Q4-3,2025-07-16@18,89,0.000675750000000086,1666.0244528476378
Q2,2025-07-17,337,0.0019022499999996612,53140.12344590452
Q3,2025-07-17@00,338,0.0019161670000000797,49191.74763655445
Q3,2025-07-17@06,286,0.0027610419999994917,7808.634517415068
Q3,2025-07-17@12,202,0.0014785829999999223,5069.186364214318
Q3,2025-07-17@18,89,0.0006481250000005545,1588.419953004335
Q4-2,2025-07-17,338,0.001885708000000541,59933.855684310285
Q4-3,2025-07-17@00,339,0.001827665999999617,55526.68878661181
Q4-3,2025-07-17@06,286,0.002395665999999963,9067.327567943856
Q4-3,2025-07-17@12,208,0.001419582999999669,5667.449430428852
Q4-3,2025-07-17@18,88,0.0007117910000005168,1848.8040499485414
Q2,2025-07-18,336,0.0018064999999998221,33193.8475432898
Q3,2025-07-18@00,346,0.0019981659999999124,35516.69412383637
Q3,2025-07-18@06,254,0.0023457499999999243,0.0024346939906941694
Q3,2025-07-18@12,201,0.0013860420000000317,0.0019933953672654154
Q3,2025-07-18@18,98,0.0006322089999999392,0.0012659516436491762
Q4-2,2025-07-18,340,0.0018269579999996566,33268.13585117443
Q4-3,2025-07-18@00,351,0.001788416000000126,35276.2776017601
Q4-3,2025-07-18@06,249,0.0020529169999994323,0.0026114116788320293
Q4-3,2025-07-18@12,193,0.0013021670000004093,0.002078293174043775
Q4-3,2025-07-18@18,96,0.0006092499999992285,0.0012659516436491765
Q2,2025-07-19,327,0.0018186250000002957,33320.52237283741
Q3,2025-07-19@00,347,0.0019609159999998127,35190.970442162936
Q3,2025-07-19@06,233,0.0020008330000003127,0.0025339562360328174
Q3,2025-07-19@12,200,0.0012895000000003876,0.002243626858433128
Q3,2025-07-19@18,98,0.000619750000000252,0.0012679412839138378
Q4-2,2025-07-19,332,0.0017199169999999597,33221.79259761037
Q4-3,2025-07-19@00,351,0.001779250000000232,34814.93296151887
Q4-3,2025-07-19@06,236,0.0019670419999995303,0.0025521654688105957
Q4-3,2025-07-19@12,200,0.0013220829999998074,0.0022618360912109057
Q4-3,2025-07-19@18,96,0.0005982920000002778,0.0012679412839138378
Q2,2025-07-20,326,0.002029124999999965,52726.753865130966
Q3,2025-07-20@00,333,0.0018984579999994367,51740.324619865576
Q3,2025-07-20@06,288,0.0022458329999999194,2953.778860778362
Q3,2025-07-20@12,196,0.0013522500000000548,2509.001696358354
Q3,2025-07-20@18,98,0.0006306670000002512,1321.116728697837
Q4-2,2025-07-20,327,0.0017701660000000174,59668.5690975356
Q4-3,2025-07-20@00,329,0.0018382500000004853,58629.381471153014
Q4-3,2025-07-20@06,295,0.002325208000000245,3375.6049453258424
Q4-3,2025-07-20@12,204,0.001403916000000116,2825.519719928509
Q4-3,2025-07-20@18,100,0.0006754579999999066,1529.622559925619
Q2,2025-07-21,326,0.0018011669999999924,51586.60421817182
Q3,2025-07-21@00,326,0.0017522500000000107,52671.01015350719
Q3,2025-07-21@06,247,0.002068958999999815,2306.805672681816
Q3,2025-07-21@12,197,0.0013225830000003214,4674.7098038867925
Q3,2025-07-21@18,87,0.0005953329999996981,1376.5280521242885
Q4-2,2025-07-21,329,0.001809833999999455,58146.80976210075
Q4-3,2025-07-21@00,329,0.0017779999999998353,59336.88353325461
Q4-3,2025-07-21@06,251,0.0021106250000002547,2347.618356202607
Q4-3,2025-07-21@12,199,0.0015616249999999,5369.12106527691
Q4-3,2025-07-21@18,88,0.0006195830000006453,1614.3939614037884
Q2,2025-07-22,307,0.0018686250000001792,55042.292138791214
Q3,2025-07-22@00,300,0.0017213329999998805,52683.29613070111
Q3,2025-07-22@06,288,0.0024916250000002194,11060.226034754527
Q3,2025-07-22@12,189,0.0013719590000000892,1622.9425305974837
Q3,2025-07-22@18,86,0.00062400000000018,372.57003422977243
Q4-2,2025-07-22,308,0.0018510410000001087,63656.40525440919
Q4-3,2025-07-22@00,309,0.0017250419999994548,60992.19635106511
Q4-3,2025-07-22@06,291,0.0025479999999999947,12908.816987101358
Q4-3,2025-07-22@12,192,0.0014260000000003714,1129.0491525347434
Q4-3,2025-07-22@18,86,0.0006320840000002548,455.8849986890174
Q2,2025-07-23,315,0.0018207909999992111,52857.16232111839
Q3,2025-07-23@00,309,0.001786834000000681,59042.35782404408
Q3,2025-07-23@06,236,0.0020799580000003814,0.0028020885670335957
Q3,2025-07-23@12,175,0.001257041999999764,599.791559817806
Q3,2025-07-23@18,89,0.0006180840000000742,379.7328702952428
Q4-2,2025-07-23,312,0.0017399579999999304,61197.51600834727
Q4-3,2025-07-23@00,305,0.0017655420000002309,67790.1740694101
Q4-3,2025-07-23@06,232,0.002179583000000207,0.002802309797009272
Q4-3,2025-07-23@12,176,0.0012825830000000593,1156.409262847784
Q4-3,2025-07-23@18,90,0.000599166999999845,457.9492060825147
Q2,2025-07-24,302,0.0016681250000001313,53778.31759883683
Q3,2025-07-24@00,312,0.0017582499999999612,58528.37204659546
Q3,2025-07-24@06,247,0.0021290829999998095,739.4640813053957
Q3,2025-07-24@12,173,0.0012810830000002937,638.7755631589632
Q3,2025-07-24@18,91,0.000636666000000119,603.3291320084185
Q4-2,2025-07-24,307,0.0017358340000006578,61890.77794790836
Q4-3,2025-07-24@00,310,0.0019605409999998713,67137.93595346325
Q4-3,2025-07-24@06,250,0.0021742920000002997,903.7159401048749
Q4-3,2025-07-24@12,173,0.0012860000000003424,768.0901019697855
Q4-3,2025-07-24@18,91,0.0006199169999998588,737.993081373411
Q2,2025-07-25,329,0.0017729580000001022,34922.318189483885
Q3,2025-07-25@00,321,0.0017065419999999776,34629.08680603254
Q3,2025-07-25@06,260,0.0021005829999998227,0.0025054431707447703
Q3,2025-07-25@12,202,0.0013930410000000393,0.0017752603978089163
Q3,2025-07-25@18,94,0.0006125419999998272,0.001230304789638374
Q4-2,2025-07-25,329,0.0017965000000002007,35799.514173984135
Q4-3,2025-07-25@00,323,0.0017633340000005049,35486.99038223148
Q4-3,2025-07-25@06,260,0.0021242079999996832,0.0025054431707447703
Q4-3,2025-07-25@12,203,0.0013281250000005684,0.0017752603978089165
Q4-3,2025-07-25@18,96,0.0005858750000005131,0.001230304789638374
Q2,2025-07-26,320,0.0017663329999999533,35203.30502543041
Q3,2025-07-26@00,342,0.0018008329999998907,35141.43070398214
Q3,2025-07-26@06,257,0.0022395409999997895,0.0023208875705145733
Q3,2025-07-26@12,196,0.0013535840000002963,0.0018655373147621211
Q3,2025-07-26@18,94,0.0006029579999999868,0.0012492416478307605
Q4-2,2025-07-26,323,0.001908541999999791,35968.18854231948
Q4-3,2025-07-26@00,347,0.0017657919999995997,35891.95383589068
Q4-3,2025-07-26@06,249,0.0022012919999996328,0.002459739800281377
Q4-3,2025-07-26@12,198,0.0012987500000001262,0.001970103467080401
Q4-3,2025-07-26@18,97,0.0006095830000001357,0.0012492416478307607
Q2,2025-07-27,302,0.0017303749999992846,53437.61266760634
Q3,2025-07-27@00,321,0.0017549579999993625,52970.55701182212
Q3,2025-07-27@06,281,0.002265207999999852,2994.6908472818322
Q3,2025-07-27@12,198,0.0013416660000000746,3161.712263285779
Q3,2025-07-27@18,91,0.0006555000000005862,330.77235768245583
Q4-2,2025-07-27,307,0.0019535840000006743,61498.86420105294
Q4-3,2025-07-27@00,318,0.0017337499999996453,60753.789177780636
Q4-3,2025-07-27@06,278,0.0022394590000001102,3387.702187789006
Q4-3,2025-07-27@12,200,0.0013238749999997523,3590.42518374451
Q4-3,2025-07-27@18,96,0.0006247919999999851,385.63860713401084
Q2,2025-07-28,299,0.001699750000000222,53082.40375082352
Q3,2025-07-28@00,316,0.0017855000000004395,55002.113837392084
Q3,2025-07-28@06,283,0.002216959000000074,2754.4787154675914
Q3,2025-07-28@12,196,0.0014056670000002214,1306.0569779364057
Q3,2025-07-28@18,90,0.0006669160000001284,330.2416733032108
Q4-2,2025-07-28,300,0.0016566249999998561,61246.752916476966
Q4-3,2025-07-28@00,310,0.0018169170000001955,63352.0142813522
Q4-3,2025-07-28@06,297,0.002286667000000797,2838.5198273024953
Q4-3,2025-07-28@12,196,0.0013205000000002798,1462.5953776546453
Q4-3,2025-07-28@18,94,0.000666042000000644,378.4581338924621
Q2,2025-07-29,289,0.0016402500000003428,54482.89313114303
Q3,2025-07-29@00,290,0.0016747089999995524,54031.719822080624
Q3,2025-07-29@06,267,0.002081958000000661,3812.156418178752
Q3,2025-07-29@12,167,0.001439249999999781,1874.8336497288549
Q3,2025-07-29@18,64,0.0005582500000000934,0.0013902104149284117
Q4-2,2025-07-29,293,0.001714917000000149,63469.828812212494
Q4-3,2025-07-29@00,292,0.0017758749999998713,62965.79146742247
Q4-3,2025-07-29@06,265,0.002241125000000288,4062.079984701714
Q4-3,2025-07-29@12,167,0.0012815829999999195,2202.6484077160626
Q4-3,2025-07-29@18,63,0.0005587500000006074,0.0013902104149284113
Q2,2025-07-30,306,0.0018209589999997888,53677.55610917652
Q3,2025-07-30@00,302,0.001715082999999673,49896.61401342664
Q3,2025-07-30@06,271,0.0023829590000001843,8205.207331754124
Q3,2025-07-30@12,177,0.0012778749999995398,4497.134849379151
Q3,2025-07-30@18,71,0.0005689999999995976,197.66562885134275
Q4-2,2025-07-30,305,0.0017174159999999716,62448.91888441704
Q4-3,2025-07-30@00,300,0.0016936660000004267,58215.50274839644
Q4-3,2025-07-30@06,263,0.002224625000000202,9004.10533045429
Q4-3,2025-07-30@12,175,0.001270083999999727,4715.229172975643
Q4-3,2025-07-30@18,68,0.0005676250000004046,223.89421535146496
Q2,2025-07-31,303,0.0017046250000003482,54111.65059902581
Q3,2025-07-31@00,307,0.0016715410000003317,51924.693896829674
Q3,2025-07-31@06,260,0.0024452499999991772,2659.748077411059
Q3,2025-07-31@12,176,0.001295916000000119,2741.152989841273
Q3,2025-07-31@18,70,0.000588583000000753,70.11370381850762
Q4-2,2025-07-31,311,0.0017980419999998887,62941.1113040893
Q4-3,2025-07-31@00,315,0.0017906249999999346,60494.06303174371
Q4-3,2025-07-31@06,269,0.002293209000000296,2849.3475091363703
Q4-3,2025-07-31@12,179,0.0013298749999997028,2453.8061754987657
Q4-3,2025-07-31@18,72,0.0005818330000000316,85.84522097292017
Q2,2025-08-01,331,0.0018079579999996653,34176.69697726462
Q3,2025-08-01@00,324,0.0018275420000000153,34199.52394710434
Q3,2025-08-01@06,247,0.0024082910000000624,0.002487262038092437
Q3,2025-08-01@12,200,0.0013781660000002915,0.0021730196723546815
Q3,2025-08-01@18,91,0.0005963339999999206,0.0012578718933251025
Q4-2,2025-08-01,333,0.00184537500000026,35456.32151724371
Q4-3,2025-08-01@00,325,0.0017943750000002368,35372.96957963725
Q4-3,2025-08-01@06,247,0.0021992080000003966,0.0024872620380924373
Q4-3,2025-08-01@12,201,0.0014326250000005203,0.0021730196723546815
Q4-3,2025-08-01@18,91,0.0006006669999996106,0.0012578718933251027
Q2,2025-08-02,333,0.0018583749999994126,34398.92744215371
Q3,2025-08-02@00,344,0.0021312079999997735,36394.60803369942
Q3,2025-08-02@06,248,0.00206725000000052,0.002151236965755247
Q3,2025-08-02@12,203,0.0013560410000001966,0.0018928133888070978
Q3,2025-08-02@18,93,0.0005997080000001986,0.00124522565629501
Q4-2,2025-08-02,337,0.001779666000000013,35530.19823875667
Q4-3,2025-08-02@00,355,0.0019119999999999138,37293.34983373421
Q4-3,2025-08-02@06,251,0.0021211670000003124,0.002356626866824692
Q4-3,2025-08-02@12,199,0.0012935000000000585,0.0020982032898765423
Q4-3,2025-08-02@18,92,0.0006063329999994593,0.00124522565629501
Q2,2025-08-03,321,0.0019726669999995394,52674.328773937814
Q3,2025-08-03@00,319,0.0017523339999998555,45795.629514074426
Q3,2025-08-03@06,278,0.002270166999999823,3248.8109110558757
Q3,2025-08-03@12,161,0.0012173340000005695,0.0019644876675346725
Q3,2025-08-03@18,75,0.0005757499999994309,0.0013908187302546285
Q4-2,2025-08-03,327,0.0018179590000002577,60918.07304542272
Q4-3,2025-08-03@00,321,0.0016868749999998656,53363.56727821735
Q4-3,2025-08-03@06,279,0.0023026249999995585,3552.8478900005975
Q4-3,2025-08-03@12,157,0.0011805420000001732,0.0019092501217152285
Q4-3,2025-08-03@18,74,0.0005647499999996697,0.0013908187302546285
Q2,2025-08-04,321,0.0019022499999996612,52021.91762414067
Q3,2025-08-04@00,321,0.00170766700000069,48897.87773752543
Q3,2025-08-04@06,241,0.002138582999999805,1762.4041432887834
Q3,2025-08-04@12,162,0.0011843339999995095,0.0019235119134578518
Q3,2025-08-04@18,97,0.000607917000000846,258.958968936728
Q4-2,2025-08-04,324,0.0017600409999998234,60403.43138885255
Q4-3,2025-08-04@00,322,0.0016500830000003575,56871.161835561536
Q4-3,2025-08-04@06,242,0.0021478339999996265,1961.1068289804284
Q4-3,2025-08-04@12,160,0.0011825840000003751,0.0018708494322134074
Q4-3,2025-08-04@18,98,0.0006917920000004685,309.5947824620127
Q2,2025-08-05,323,0.002012790999999403,51244.716474542794
Q3,2025-08-05@00,326,0.0017908750000001916,47279.11485895576
Q3,2025-08-05@06,255,0.0023958340000005407,2617.2926497716444
Q3,2025-08-05@12,166,0.0013102089999996736,0.0019118772196240565
Q3,2025-08-05@18,76,0.0005902920000000478,0.001383065543822787
Q4-2,2025-08-05,326,0.0018881659999996359,59415.776739549634
Q4-3,2025-08-05@00,330,0.001840291999999799,55008.150303321
Q4-3,2025-08-05@06,254,0.0023902909999993227,2962.7014503977252
Q4-3,2025-08-05@12,166,0.0014454999999999885,0.001911877219624057
Q4-3,2025-08-05@18,77,0.0005831660000001904,0.0013830655438227869
Q2,2025-08-06,329,0.0017514590000002883,50215.844172905956
Q3,2025-08-06@00,320,0.001702541000000224,52072.75214299625
Q3,2025-08-06@06,243,0.0021162500000002638,0.0030824486400989884
Q3,2025-08-06@12,167,0.0012239579999997474,0.002230988288414026
Q3,2025-08-06@18,75,0.0006146669999997911,3.640747551206659
Q4-2,2025-08-06,327,0.0017009580000006963,58175.74200659909
Q4-3,2025-08-06@00,325,0.0017221249999996857,60180.531751088485
Q4-3,2025-08-06@06,241,0.0021759579999995893,0.0031391032110826994
Q4-3,2025-08-06@12,167,0.001437625000000331,0.0023160155791168034
Q4-3,2025-08-06@18,75,0.000589542000000165,4.339352854453084
Q2,2025-08-07,322,0.0018012499999997544,49839.24807163317
Q3,2025-08-07@00,330,0.0017971660000002387,50850.89041979439
Q3,2025-08-07@06,249,0.002138749999999412,1493.5070031483965
Q3,2025-08-07@12,178,0.001297790999999826,1277.9242858844189
Q3,2025-08-07@18,82,0.0005813339999996003,0.0013822015782170775
Q4-2,2025-08-07,331,0.0018474160000003792,57440.50526468739
Q4-3,2025-08-07@00,324,0.0018096249999999259,58427.01551659272
Q4-3,2025-08-07@06,255,0.002469125000000183,1643.8211877446367
Q4-3,2025-08-07@12,176,0.0012970409999999433,1386.1178105592946
Q4-3,2025-08-07@18,82,0.0005814160000001678,0.0013822015782170777
Q2,2025-08-08,337,0.0018036669999998978,31670.82083605799
Q3,2025-08-08@00,329,0.0017568329999999577,31381.521600408538
Q3,2025-08-08@06,228,0.0019811660000002007,0.002362081907277743
Q3,2025-08-08@12,180,0.0012349160000004744,0.002093634299992198
Q3,2025-08-08@18,82,0.0005661660000004787,0.0012479625235943931
Q4-2,2025-08-08,343,0.0018092499999999845,32596.0622125561
Q4-3,2025-08-08@00,334,0.0017817500000001374,32366.718767152826
Q4-3,2025-08-08@06,228,0.0023032089999999172,0.002362081907277743
Q4-3,2025-08-08@12,179,0.001300708999999678,0.002093634299992198
Q4-3,2025-08-08@18,83,0.0005829999999997781,0.0012479625235943927
Q2,2025-08-09,334,0.0018738329999994363,31906.16446903923
Q3,2025-08-09@00,330,0.001842416999999763,31632.59781217581
Q3,2025-08-09@06,226,0.00195374999999931,0.0024107306689187757
Q3,2025-08-09@12,183,0.0012275840000004479,0.002120933286950102
Q3,2025-08-09@18,86,0.0005829999999997781,0.0012430307528966047
Q4-2,2025-08-09,341,0.0018007500000001286,32666.841257274402
Q4-3,2025-08-09@00,338,0.0019822909999991367,32424.699130864406
Q4-3,2025-08-09@06,228,0.0022794590000003723,0.002410730668918776
Q4-3,2025-08-09@12,185,0.0012602920000004403,0.0021209332869501023
Q4-3,2025-08-09@18,87,0.0005778330000003606,0.001243030752896605
Q2,2025-08-10,334,0.0017952920000006145,47590.837526379575
Q3,2025-08-10@00,324,0.001752333000000661,47861.54510648118
Q3,2025-08-10@06,236,0.002065124999999668,0.0028456471014840874
Q3,2025-08-10@12,159,0.0012919580000003705,0.0017586520189773836
Q3,2025-08-10@18,77,0.000582125000000211,1.5537683717176436
Q4-2,2025-08-10,340,0.0018152080000000126,54410.5270066461
Q4-3,2025-08-10@00,333,0.0020036250000003974,54700.652396553625
Q4-3,2025-08-10@06,224,0.0021227079999999177,229.98005848008376
Q4-3,2025-08-10@12,165,0.001257457999999545,0.002016177749941238
Q4-3,2025-08-10@18,76,0.0005867090000002406,1.8689957107429176
Q2,2025-08-11,329,0.0017285840000003105,48446.352615173186
Q3,2025-08-11@00,328,0.0017670830000007243,45999.44431101459
Q3,2025-08-11@06,264,0.0022274580000001265,1401.8164514371224
Q3,2025-08-11@12,186,0.0012641250000005044,1731.8035907804053
Q3,2025-08-11@18,80,0.0005722920000001963,0.0013778146713875168
Q4-2,2025-08-11,332,0.0020109160000005843,55780.74368748977
Q4-3,2025-08-11@00,334,0.0019234160000003442,53150.8383489138
Q4-3,2025-08-11@06,269,0.002194832999999896,1472.6573178348012
Q4-3,2025-08-11@12,186,0.0013106250000003428,1769.4542126168487
Q4-3,2025-08-11@18,81,0.000567084000000051,0.001377814671387517
Q2,2025-08-12,329,0.0017645000000001687,48098.305000772074
Q3,2025-08-12@00,330,0.0017869580000002827,49457.558711122845
Q3,2025-08-12@06,255,0.0022076250000004904,1805.3750186739803
Q3,2025-08-12@12,179,0.0012540000000003104,905.7295617478605
Q3,2025-08-12@18,79,0.0005854579999997611,0.0013918891627589152
Q4-2,2025-08-12,330,0.001983333000000087,55159.07003169561
Q4-3,2025-08-12@00,327,0.0018460830000002204,56609.57091558764
Q4-3,2025-08-12@06,258,0.0022321669999998406,1929.7911319987713
Q4-3,2025-08-12@12,183,0.0012961250000005364,970.0633451999528
Q4-3,2025-08-12@18,76,0.0005732909999993652,0.0013918891627589156
Q2,2025-08-13,334,0.0017955409999999006,48321.894175020614
Q3,2025-08-13@00,328,0.0018098749999992947,44976.34236662231
Q3,2025-08-13@06,250,0.002279167000000193,1381.1373975767328
Q3,2025-08-13@12,191,0.0014137500000002134,1249.1232899692998
Q3,2025-08-13@18,79,0.0005618749999998229,0.0013950563731185703
Q4-2,2025-08-13,333,0.0018307919999998035,55677.82428089711
Q4-3,2025-08-13@00,330,0.0018339999999996692,52005.63489899719
Q4-3,2025-08-13@06,249,0.002246916999999904,1545.4729249463076
Q4-3,2025-08-13@12,190,0.0013781670000003743,1345.178923577851
Q4-3,2025-08-13@18,79,0.0005857090000001008,0.00139505637311857
Q2,2025-08-14,334,0.0018528340000001364,48156.15288566626
Q3,2025-08-14@00,328,0.0018680839999998256,46621.57567610739
Q3,2025-08-14@06,249,0.0023672910000005487,3657.1348258891226
Q3,2025-08-14@12,161,0.0012792910000003488,0.0018573709423248973
Q3,2025-08-14@18,77,0.0006386249999996707,59.53551573997218
Q4-2,2025-08-14,335,0.00195374999999931,55174.06934439358
Q4-3,2025-08-14@00,332,0.0019212499999996524,53587.394898748455
Q4-3,2025-08-14@06,247,0.002109625000000115,3793.1728854779817
Q4-3,2025-08-14@12,159,0.0011927499999995206,0.0018573709423248973
Q4-3,2025-08-14@18,76,0.0005643749999997283,72.01824309582818
Q2,2025-08-15,340,0.0018068749999997635,30467.240285280284
Q3,2025-08-15@00,366,0.0018511659999997931,32170.752035291654
Q3,2025-08-15@06,233,0.0021520420000005203,0.002450956216407098
Q3,2025-08-15@12,187,0.0014151250000002946,0.0021651101490320988
Q3,2025-08-15@18,82,0.0005963749999997603,0.0012340707856548347
Q4-2,2025-08-15,343,0.0018496249999992997,31058.153561082716
Q4-3,2025-08-15@00,365,0.0019040420000004943,32508.43770600106
Q4-3,2025-08-15@06,235,0.0021258330000000214,0.002461624665307098
Q4-3,2025-08-15@12,189,0.001246291000000177,0.0021757785979320985
Q4-3,2025-08-15@18,85,0.0005625419999999437,0.001234070785654835
Q2,2025-08-16,340,0.0017562079999997593,30649.25280656196
Q3,2025-08-16@00,351,0.0019028329999999372,33459.924489685334
Q3,2025-08-16@06,233,0.0020147920000006536,0.002473658517135802
Q3,2025-08-16@12,190,0.0012947089999997274,0.0022082193882973244
Q3,2025-08-16@18,82,0.0005717079999998376,0.001235090767930812
Q4-2,2025-08-16,339,0.0017719999999998848,31260.0894375844
Q4-3,2025-08-16@00,351,0.0017547079999999937,33611.29631919929
Q4-3,2025-08-16@06,234,0.0019620829999995593,0.002473658517135802
Q4-3,2025-08-16@12,191,0.0012450409999997802,0.0022082193882973244
Q4-3,2025-08-16@18,84,0.0005782500000002244,0.001235090767930812
Q2,2025-08-17,334,0.001830499999999624,46710.562997589026
Q3,2025-08-17@00,338,0.0019779589999995295,47510.55025448877
Q3,2025-08-17@06,242,0.0021692499999996784,102.96369988844737
Q3,2025-08-17@12,163,0.0012754169999995568,482.6581019641232
Q3,2025-08-17@18,79,0.0005815000000000126,59.443918520908525
Q4-2,2025-08-17,330,0.0018112920000001864,53474.744010418246
Q4-3,2025-08-17@00,339,0.001867167000000336,54257.48071697426
Q4-3,2025-08-17@06,246,0.002199291999999353,110.23653238462302
Q4-3,2025-08-17@12,163,0.00128154200000008,509.3819795657058
Q4-3,2025-08-17@18,79,0.0005855000000005717,69.227128406985
Q2,2025-08-18,333,0.0018907079999994636,47227.317575627705
Q3,2025-08-18@00,328,0.0018117079999999675,46722.3320763465
Q3,2025-08-18@06,254,0.0021983749999998636,803.4953330402511
Q3,2025-08-18@12,161,0.0012186249999999177,0.0018724014573211927
Q3,2025-08-18@18,76,0.0005680839999993026,0.0013973149059904825
Q4-2,2025-08-18,338,0.0017997919999999112,54062.48385993427
Q4-3,2025-08-18@00,336,0.0018694999999997464,53552.19799305514
Q4-3,2025-08-18@06,251,0.0020960410000006036,858.7721311149558
Q4-3,2025-08-18@12,159,0.001190833999999974,0.0018724014573211925
Q4-3,2025-08-18@18,77,0.0005581660000002486,0.0013973149059904827
Q2,2025-08-19,339,0.0020147919999997654,46978.23178149186
Q3,2025-08-19@00,333,0.0017946670000004161,45617.189945738886
Q3,2025-08-19@06,251,0.0022191660000006053,0.0028649799266270907
Q3,2025-08-19@12,177,0.0012667500000000942,424.01013664429485
Q3,2025-08-19@18,79,0.0005624169999993711,0.0013781632047710898
Q4-2,2025-08-19,335,0.0018021250000002098,53720.826729710105
Q4-3,2025-08-19@00,335,0.0017815839999997252,52302.98886848679
Q4-3,2025-08-19@06,250,0.0021001670000000416,0.0029914028818088458
Q4-3,2025-08-19@12,178,0.0012491250000001841,1188.0451776918512
Q4-3,2025-08-19@18,76,0.0006071670000000751,0.00137816320477109
Q2,2025-08-20,337,0.0019713750000001085,47105.63537878929
Q3,2025-08-20@00,343,0.0019027080000002528,50020.549108202984
Q3,2025-08-20@06,251,0.0022672919999999763,1736.41106710149
Q3,2025-08-20@12,163,0.0012720410000000015,286.2650740210695
Q3,2025-08-20@18,77,0.0005774589999996138,74.44590346853299
Q4-2,2025-08-20,336,0.0018762920000003902,54097.42234351448
Q4-3,2025-08-20@00,341,0.00188854199999966,57066.71001199795
Q4-3,2025-08-20@06,249,0.002082249999999952,1725.7120280216373
Q4-3,2025-08-20@12,163,0.0013668329999996232,306.9797109349703
Q4-3,2025-08-20@18,76,0.0005930830000000498,90.32557270606695
Q2,2025-08-21,338,0.001864541999999858,46567.17885416591
Q3,2025-08-21@00,335,0.0018059159999994634,47610.229171964056
Q3,2025-08-21@06,241,0.002146458000000351,1035.3026503105236
Q3,2025-08-21@12,170,0.0012538340000007864,1111.2658468819998
Q3,2025-08-21@18,79,0.0005806669999994796,0.001389388700901234
Q4-2,2025-08-21,336,0.0018872909999991805,53330.01318462614
Q4-3,2025-08-21@00,337,0.0018903749999994446,54369.712292120916
Q4-3,2025-08-21@06,237,0.0022245840000003625,1135.4713657052155
Q4-3,2025-08-21@12,162,0.0013445000000000817,1125.0851908517081
Q4-3,2025-08-21@18,68,0.0005516659999997842,0.001389388700901234
Q2,2025-08-22,332,0.0017821250000000788,29767.32984940724
Q3,2025-08-22@00,347,0.001767333000000093,31027.795017747747
Q3,2025-08-22@06,227,0.0019695000000004015,0.002425160170735784
Q3,2025-08-22@12,184,0.001312333000000443,0.002151149260657922
Q3,2025-08-22@18,80,0.0005619590000005559,0.0012612756209686216
Q4-2,2025-08-22,331,0.001803332999999796,30323.531634123257
Q4-3,2025-08-22@00,342,0.0018256249999994978,31326.268227775
Q4-3,2025-08-22@06,229,0.002159583000000076,0.002425160170735784
Q4-3,2025-08-22@12,186,0.001260541999999809,0.002151149260657922
Q4-3,2025-08-22@18,83,0.0005807909999999694,0.0012612756209686216
Q2,2025-08-23,333,0.0017127910000001023,29799.745529293967
Q3,2025-08-23@00,337,0.0016827080000005878,29574.823778650432
Q3,2025-08-23@06,222,0.0019156250000005315,0.0023828951296749976
Q3,2025-08-23@12,179,0.00120795899999937,0.0020916150599187226
Q3,2025-08-23@18,83,0.0005571250000002692,0.0012105662177456272
Q4-2,2025-08-23,334,0.0017808329999997596,30332.995613884366
Q4-3,2025-08-23@00,337,0.0017040839999999946,30177.941668355346
Q4-3,2025-08-23@06,223,0.0021444580000000713,0.0023828951296749976
Q4-3,2025-08-23@12,180,0.001261125000000085,0.0020916150599187226
Q4-3,2025-08-23@18,85,0.0005662919999993576,0.0012105662177456272
Q2,2025-08-24,337,0.0018303340000001,45243.14731063642
Q3,2025-08-24@00,322,0.0017254170000002844,45861.44968227394
Q3,2025-08-24@06,231,0.002002584000000418,273.58789995470505
Q3,2025-08-24@12,209,0.001381292000000478,3847.5479555678844
Q3,2025-08-24@18,79,0.0005776669999999484,0.0013911040248569956
Q4-2,2025-08-24,342,0.0018281669999993255,51920.202189026044
Q4-3,2025-08-24@00,332,0.0017459579999998809,52620.76776273251
Q4-3,2025-08-24@06,232,0.0023517079999999524,426.5240693064657
Q4-3,2025-08-24@12,212,0.0014183750000000828,3945.7736103495567
Q4-3,2025-08-24@18,79,0.0005817080000003472,0.0013911040248569954
Q2,2025-08-25,328,0.0018317500000000209,45650.31968554747
Q3,2025-08-25@00,350,0.0019564170000005987,59029.40332506097
Q3,2025-08-25@06,239,0.0022045410000002263,0.002825972420061589
Q3,2025-08-25@12,171,0.001300709000000566,0.0022724226603653966
Q3,2025-08-25@18,76,0.000569875000000053,0.0013908874736540636
Q4-2,2025-08-25,337,0.0018870419999998944,52188.63156178235
Q4-3,2025-08-25@00,344,0.0021416670000000693,65654.87158904946
Q4-3,2025-08-25@06,237,0.0021054999999998714,0.002922718421821568
Q4-3,2025-08-25@12,171,0.0012123750000005984,0.002325873490067042
Q4-3,2025-08-25@18,75,0.0005494580000000582,0.0013908874736540638
Q2,2025-08-26,338,0.001808709000000519,46104.459718280574
Q3,2025-08-26@00,323,0.0017044999999997756,46387.40563682495
Q3,2025-08-26@06,247,0.0020877080000003545,1126.4192158722542
Q3,2025-08-26@12,163,0.001215084000000033,0.0019171163571834033
Q3,2025-08-26@18,77,0.0005668330000005994,194.8327703456219
Q4-2,2025-08-26,334,0.001829625000000057,52762.2251677683
Q4-3,2025-08-26@00,323,0.0019664580000000598,53147.18077550028
Q4-3,2025-08-26@06,246,0.002136000000000138,1108.9561406586904
Q4-3,2025-08-26@12,159,0.0011825000000005303,0.0018779705595167364
Q4-3,2025-08-26@18,76,0.000560000000000116,236.4314505515954
Q2,2025-08-27,331,0.0017846249999999841,46922.01689310811
Q3,2025-08-27@00,329,0.0017706249999998036,46807.417352087155
Q3,2025-08-27@06,261,0.002294667000000139,5911.960455124093
Q3,2025-08-27@12,174,0.0013255000000000905,1678.6145147106072
Q3,2025-08-27@18,76,0.0005772500000000846,0.0013828883350753593
Q4-2,2025-08-27,339,0.002033041999999874,53826.721733186
Q4-3,2025-08-27@00,338,0.0018540829999995623,53630.96411979578
Q4-3,2025-08-27@06,261,0.002293459000000553,5951.796048226894
Q4-3,2025-08-27@12,172,0.0012895000000003876,1785.0566562666863
Q4-3,2025-08-27@18,75,0.0005696659999996356,0.0013828883350753593
Q2,2025-08-28,333,0.0018963750000002833,45928.536879229985
Q3,2025-08-28@00,329,0.0018539579999998779,45082.04286348799
Q3,2025-08-28@06,267,0.0023055000000002934,6555.091742079164
Q3,2025-08-28@12,186,0.0013465000000003613,3613.545911690362
Q3,2025-08-28@18,78,0.0006803330000000329,38.76001631196209
Q4-2,2025-08-28,336,0.0018828329999998061,52369.94141839849
Q4-3,2025-08-28@00,332,0.001744459000000198,51411.33753240598
Q4-3,2025-08-28@06,265,0.002224958000000221,6848.589021852359
Q4-3,2025-08-28@12,183,0.001259832999999766,4090.990680702264
Q4-3,2025-08-28@18,76,0.0005651250000004993,43.06699269240529
Q2,2025-08-29,336,0.001792624999999326,30120.458533840254
Q3,2025-08-29@00,352,0.0018294170000006105,32626.331529723724
Q3,2025-08-29@06,231,0.0020092919999994407,0.0024551299158312744
Q3,2025-08-29@12,214,0.0014830420000002675,0.0020739035548117276
Q3,2025-08-29@18,83,0.0006116250000003376,0.0011800006732184327
Q4-2,2025-08-29,336,0.001720791999999527,30475.394363669977
Q4-3,2025-08-29@00,352,0.0017936670000002763,32720.103097086947
Q4-3,2025-08-29@06,231,0.001996333000000128,0.0024551299158312744
Q4-3,2025-08-29@12,215,0.001329540999999601,0.0020739035548117276
Q4-3,2025-08-29@18,84,0.0005807920000000522,0.0011800006732184324
Q2,2025-08-30,336,0.0017797499999998578,30122.493435040084
Q3,2025-08-30@00,353,0.001865207999999896,32105.668077211365
Q3,2025-08-30@06,232,0.0021326250000006652,0.0025146596331039927
Q3,2025-08-30@12,183,0.0013432919999996074,0.002124107424651234
Q3,2025-08-30@18,80,0.0005506249999998047,0.0012130293151398153
Q4-2,2025-08-30,335,0.0017263330000005794,30364.446513153853
Q4-3,2025-08-30@00,351,0.0017799170000003528,32010.449700176436
Q4-3,2025-08-30@06,233,0.0019770830000007678,0.0025146596331039927
Q4-3,2025-08-30@12,184,0.0012488749999999271,0.0021241074246512335
Q4-3,2025-08-30@18,82,0.0005834159999995592,0.001213029315139815
Q2,2025-08-31,327,0.0017749579999994936,45059.07141727854
Q3,2025-08-31@00,322,0.0017117920000000453,46091.266399295026
Q3,2025-08-31@06,246,0.0022015000000008556,834.7920183996644
Q3,2025-08-31@12,172,0.0013832080000000246,645.1577171068857
Q3,2025-08-31@18,77,0.0005989160000003935,17.546506162143977
Q4-2,2025-08-31,337,0.001875082999999833,51553.54160248403
Q4-3,2025-08-31@00,335,0.0018633339999993836,52611.553198046015
Q4-3,2025-08-31@06,242,0.0023072910000001556,994.2871791847857
Q4-3,2025-08-31@12,168,0.0012105829999997653,382.64974931711
Q4-3,2025-08-31@18,75,0.0005481249999998994,21.66158897575159
Q2,2025-09-01,330,0.001773124999999709,45778.520879106974
Q3,2025-09-01@00,339,0.0018384579999999318,51058.110736466886
Q3,2025-09-01@06,249,0.002318832999999465,0.002245735863159142
Q3,2025-09-01@12,165,0.0013687500000001407,0.0019084299710806062
Q3,2025-09-01@18,78,0.0005588750000002918,0.0012959740519876538
Q4-2,2025-09-01,336,0.0017872919999994963,52130.10366484789
Q4-3,2025-09-01@00,344,0.0019382080000003299,57314.03305238383
Q4-3,2025-09-01@06,245,0.0020409169999995314,0.002245735863159142
Q4-3,2025-09-01@12,163,0.0012049169999999165,0.0019084299710806064
Q4-3,2025-09-01@18,76,0.000604333000000068,0.0012959740519876538
Q2,2025-09-02,331,0.0017769999999996955,45531.023741397505
Q3,2025-09-02@00,336,0.001850999999999381,45084.68983450716
Q3,2025-09-02@06,258,0.0022652500000006626,0.0028638696818068902
Q3,2025-09-02@12,166,0.0012690420000005531,0.0018754843482931415
Q3,2025-09-02@18,80,0.0005645000000003009,0.0013023341323166152
Q4-2,2025-09-02,334,0.0018362500000002058,51421.38833335879
Q4-3,2025-09-02@00,339,0.0017620000000002634,50888.536905426496
Q4-3,2025-09-02@06,259,0.0021695840000006683,0.0028638696818068907
Q4-3,2025-09-02@12,163,0.0012359169999998088,0.0018754843482931415
Q4-3,2025-09-02@18,79,0.0005690839999994424,0.0013023341323166154
Q2,2025-09-03,335,0.0018283329999997378,44236.37651557835
Q3,2025-09-03@00,329,0.0018831249999999855,46107.31215913408
Q3,2025-09-03@06,241,0.002094999999999736,0.0025552967663227885
Q3,2025-09-03@12,170,0.0012065000000003323,313.79083527106724
Q3,2025-09-03@18,83,0.0005645830000000629,0.001332317610462963
Q4-2,2025-09-03,336,0.0018106659999999053,49221.75062152323
Q4-3,2025-09-03@00,332,0.001794541000000649,51144.214481977186
Q4-3,2025-09-03@06,239,0.00204866600000031,0.0025340091182637177
Q4-3,2025-09-03@12,171,0.0012450410000006684,185.89170004953655
Q4-3,2025-09-03@18,84,0.0005714169999997409,0.001332317610462963
Q2,2025-09-04,336,0.0019280840000002186,43177.55456072435
Q3,2025-09-04@00,329,0.0019262920000002737,45287.44507926488
Q3,2025-09-04@06,237,0.0021972500000000394,0.0027736192615484554
Q3,2025-09-04@12,170,0.0012687499999994856,0.0021214514738921116
Q3,2025-09-04@18,81,0.000601374999999571,0.0013295561175480964
Q4-2,2025-09-04,342,0.0019314589999996912,47745.33763228015
Q4-3,2025-09-04@00,331,0.0018316249999994483,49971.43191284901
Q4-3,2025-09-04@06,236,0.001989041999999941,0.002852875498598456
Q4-3,2025-09-04@12,171,0.001215499999999814,323.02245868921784
Q4-3,2025-09-04@18,81,0.0005756249999997465,0.001329556117548096
Q2,2025-09-05,333,0.001932541999999593,27729.057398802415
Q3,2025-09-05@00,323,0.001759082999999606,28767.655831597687
Q3,2025-09-05@06,218,0.0019624590000004716,0.002232135211025582
Q3,2025-09-05@12,179,0.0012197499999997419,0.001948145842331276
Q3,2025-09-05@18,80,0.0005631249999993315,0.0011908264261399181
Q4-2,2025-09-05,336,0.001770834000000221,26926.796637179297
Q4-3,2025-09-05@00,325,0.0017387500000003442,27817.322743972083
Q4-3,2025-09-05@06,218,0.0032251660000000015,0.002232135211025582
Q4-3,2025-09-05@12,180,0.0014040419999998832,0.001948145842331276
Q4-3,2025-09-05@18,80,0.0006213340000007506,0.0011908264261399181
Q2,2025-09-06,333,0.0018665410000000549,27580.05892066229
Q3,2025-09-06@00,331,0.0018124590000008212,28601.863123040162
Q3,2025-09-06@06,224,0.0020763339999998465,0.002268896131253634
Q3,2025-09-06@12,176,0.001317042000000157,0.001981685675700618
Q3,2025-09-06@18,81,0.0005759999999996879,0.0011751164085558982
Q4-2,2025-09-06,337,0.0018153749999996194,26721.386349977824
Q4-3,2025-09-06@00,335,0.0018847080000004013,27635.910090349367
Q4-3,2025-09-06@06,225,0.002095249999999993,0.002268896131253634
Q4-3,2025-09-06@12,176,0.0014262919999996626,0.001981685675700618
Q4-3,2025-09-06@18,80,0.0005677090000002494,0.0011751164085558982
Q2,2025-09-07,332,0.0019119579999999914,42595.459203528706
Q3,2025-09-07@00,321,0.0017846249999999841,42920.81848771546
Q3,2025-09-07@06,256,0.0021882079999997472,1741.6831577681426
Q3,2025-09-07@12,166,0.0012195410000002127,0.0017913504306099786
Q3,2025-09-07@18,84,0.0006021249999994538,0.0013448059130787028
Q4-2,2025-09-07,331,0.001906584000000322,46901.12042147455
Q4-3,2025-09-07@00,324,0.001884666000000479,47242.10231197083
Q4-3,2025-09-07@06,258,0.0023673749999995053,1515.2953245639649
Q4-3,2025-09-07@12,163,0.001287665999999632,0.0017288981752558118
Q4-3,2025-09-07@18,82,0.0005896659999997667,0.0013448059130787028
Q2,2025-09-08,331,0.0019062079999994097,42214.807089280446
Q3,2025-09-08@00,332,0.0017765410000007975,46769.918053718735
Q3,2025-09-08@06,254,0.002081583999999914,0.0028867853639979405
Q3,2025-09-08@12,184,0.0012774159999997536,2071.0563636503293
Q3,2025-09-08@18,80,0.0006005410000007316,0.001347352809855195
Q4-2,2025-09-08,335,0.0018640830000000719,45535.08955555475
Q4-3,2025-09-08@00,329,0.0019316670000000258,49988.98912684198
Q4-3,2025-09-08@06,255,0.0022380829999999463,0.0028867853639979405
Q4-3,2025-09-08@12,182,0.0013593749999998295,2025.1673562285607
Q4-3,2025-09-08@18,82,0.0006301249999998149,0.001347352809855195
Q2,2025-09-09,336,0.001974666999999819,42466.154861832416
Q3,2025-09-09@00,316,0.001823332999999927,41043.92811018331
Q3,2025-09-09@06,254,0.002263791999999931,1738.342295737877
Q3,2025-09-09@12,170,0.0012575830000001176,717.5976675086475
Q3,2025-09-09@18,86,0.000579582999999495,0.0013538799560105438
Q4-2,2025-09-09,339,0.0018262499999996962,46041.944837190444
Q4-3,2025-09-09@00,319,0.0019822500000001853,44738.28828552212
Q4-3,2025-09-09@06,251,0.002229374999999756,1730.6326232514882
Q4-3,2025-09-09@12,167,0.0013072080000000597,713.2647143583276
Q4-3,2025-09-09@18,84,0.0005732499999995255,0.0013538799560105438
Q2,2025-09-10,331,0.0018702499999996292,43138.59956983537
Q3,2025-09-10@00,334,0.00187729200000053,47664.75845721246
Q3,2025-09-10@06,255,0.0021299170000004253,0.002824188066092934
Q3,2025-09-10@12,188,0.0012962079999994103,3782.0852656416423
Q3,2025-09-10@18,80,0.0006047090000000921,0.0013499812065789606
Q4-2,2025-09-10,334,0.0019208330000006768,46699.52391155716
Q4-3,2025-09-10@00,330,0.0019407080000002352,51056.22327630457
Q4-3,2025-09-10@06,253,0.0022464160000001954,0.002824188066092934
Q4-3,2025-09-10@12,189,0.001429292000000082,3812.0391991051692
Q4-3,2025-09-10@18,82,0.000613957999999748,0.0013499812065789608
Q2,2025-09-11,336,0.0018425420000003356,42862.94252624553
Q3,2025-09-11@00,333,0.0018996669999999938,47841.312610859044
Q3,2025-09-11@06,257,0.0021734999999996063,0.00290433621697613
Q3,2025-09-11@12,170,0.001247084000000065,0.0023086248080476848
Q3,2025-09-11@18,92,0.0006664590000005077,0.001330479316459619
Q4-2,2025-09-11,337,0.0019887499999997615,46328.03410871157
Q4-3,2025-09-11@00,330,0.0018094170000004794,51367.86397498334
Q4-3,2025-09-11@06,256,0.002050834000000279,0.00290433621697613
Q4-3,2025-09-11@12,170,0.0012270420000000115,0.0023086248080476848
Q4-3,2025-09-11@18,93,0.0005949589999998395,0.001330479316459619
Q2,2025-09-12,338,0.0018283329999997378,27032.601171370894
Q3,2025-09-12@00,329,0.0017409999999999926,28432.076606037856
Q3,2025-09-12@06,227,0.0019969999999993604,0.002273947282635254
Q3,2025-09-12@12,184,0.0013264580000003079,0.0018942654810156037
Q3,2025-09-12@18,81,0.0006337089999997048,0.0011911810765931068
Q4-2,2025-09-12,339,0.0017752079999997505,25720.695397562355
Q4-3,2025-09-12@00,332,0.0017785420000002716,26952.241678850332
Q4-3,2025-09-12@06,224,0.0020494160000001926,0.0022741145474912215
Q4-3,2025-09-12@12,185,0.0015494170000005525,0.0018941801627302816
Q4-3,2025-09-12@18,81,0.0005704169999996012,0.0011912888216616942
Q2,2025-09-13,336,0.0018397080000003285,26968.625960009125
Q3,2025-09-13@00,330,0.0018504999999997551,28203.38032980842
Q3,2025-09-13@06,227,0.0020423330000003403,0.0022454114545639565
Q3,2025-09-13@12,181,0.001389624999999839,0.0019216340339515605
Q3,2025-09-13@18,83,0.0006077080000004287,0.0011679383828338476
Q4-2,2025-09-13,338,0.0018407079999995801,25644.862136791755
Q4-3,2025-09-13@00,329,0.0017813340000003564,26746.824146365776
Q4-3,2025-09-13@06,227,0.0019607499999994005,0.002245411454563957
Q4-3,2025-09-13@12,182,0.0012864160000001235,0.0019216340339515605
Q4-3,2025-09-13@18,83,0.0005613750000001971,0.0011679383828338476
Q2,2025-09-14,332,0.0017552910000002697,42479.884379530464
Q3,2025-09-14@00,340,0.0018502499999994981,50858.65648931491
Q3,2025-09-14@06,268,0.002294249999999387,0.0026279062053148655
Q3,2025-09-14@12,175,0.0013060829999993473,731.6372772190246
Q3,2025-09-14@18,85,0.0005967499999997017,0.001368057465208333
Q4-2,2025-09-14,337,0.0018509580000003467,45914.04239761373
Q4-3,2025-09-14@00,334,0.001914584000000552,54025.66306797854
Q4-3,2025-09-14@06,265,0.002206667000000273,0.002627906205314865
Q4-3,2025-09-14@12,176,0.0012812079999999781,722.521046903645
Q4-3,2025-09-14@18,84,0.0005954580000002707,0.001368057465208333
Q2,2025-09-15,350,0.0019797920000002023,41315.91581599711
Q3,2025-09-15@00,332,0.0019245410000001684,39987.187176164225
Q3,2025-09-15@06,250,0.0026004999999997835,0.003222963503999246
Q3,2025-09-15@12,184,0.0013943750000002808,610.2626903137453
Q3,2025-09-15@18,96,0.0006330840000003946,0.0013662892070329215
Q4-2,2025-09-15,354,0.001990417000000022,43706.64464250249
Q4-3,2025-09-15@00,335,0.0018905829999997792,42555.971524368586
Q4-3,2025-09-15@06,246,0.0020737500000000963,0.003222963503999246
Q4-3,2025-09-15@12,181,0.0012905000000005273,552.5511074251531
Q4-3,2025-09-15@18,93,0.0006025830000000454,0.0013662892070329215
Q2,2025-09-16,345,0.0018667919999995064,40040.58735055734
Q3,2025-09-16@00,370,0.002195582999999779,47475.3425382922
Q3,2025-09-16@06,259,0.0022475420000001023,0.003279254247759729
Q3,2025-09-16@12,184,0.0012633749999997335,0.0022291984346567034
Q3,2025-09-16@18,90,0.0005759169999999258,0.0013796031957497422
Q4-2,2025-09-16,353,0.0019217920000000888,42403.97282065422
Q4-3,2025-09-16@00,363,0.002041958000000399,49460.32172115375
Q4-3,2025-09-16@06,259,0.002219415999999974,0.003278839994872213
Q4-3,2025-09-16@12,184,0.0012848750000005182,0.0022256521157675746
Q4-3,2025-09-16@18,91,0.0005927500000000308,0.0013796031957497422
Q2,2025-09-17,356,0.0021905420000001286,42351.12660764261
Q3,2025-09-17@00,350,0.0019172919999999039,45856.88598240771
Q3,2025-09-17@06,271,0.0022057500000007835,0.003231799999394187
Q3,2025-09-17@12,197,0.0013477909999997095,99.19204232048263
Q3,2025-09-17@18,94,0.0006140419999995927,0.0013702571351239708
Q4-2,2025-09-17,351,0.002013625000000019,44914.054353035455
Q4-3,2025-09-17@00,346,0.0018350000000006972,48524.81273669093
Q4-3,2025-09-17@06,271,0.0020644159999996248,0.003319014880361574
Q4-3,2025-09-17@12,199,0.001336333000000245,89.66097247309125
Q4-3,2025-09-17@18,92,0.0006787919999995395,0.0013702571351239703
Q2,2025-09-18,358,0.0020465420000004286,40537.40849203744
Q3,2025-09-18@00,354,0.0018769170000005886,40379.80052876097
Q3,2025-09-18@06,280,0.002421875000000462,5063.8648286374555
Q3,2025-09-18@12,190,0.0013379169999998552,719.7020115325099
Q3,2025-09-18@18,93,0.0006052920000003681,0.001372685451862654
Q4-2,2025-09-18,357,0.0019892499999993873,42810.77765382098
Q4-3,2025-09-18@00,353,0.0019324169999999086,42751.900712645416
Q4-3,2025-09-18@06,281,0.0026030839999995337,4488.628963137924
Q4-3,2025-09-18@12,189,0.0013574580000002001,701.8739199271006
Q4-3,2025-09-18@18,92,0.0005737080000001171,0.0013726854518626543
Q2,2025-09-19,335,0.00177720800000003,24761.467213290598
Q3,2025-09-19@00,340,0.0017754170000001679,26307.477772142087
Q3,2025-09-19@06,232,0.0020010829999996815,0.002482204574151954
Q3,2025-09-19@12,181,0.0011925000000001518,0.0020236686077710906
Q3,2025-09-19@18,81,0.0005628340000001231,0.0011668404490889914
Q4-2,2025-09-19,335,0.0017944999999999212,23011.904356257994
Q4-3,2025-09-19@00,341,0.0018022909999997339,24326.996104834336
Q4-3,2025-09-19@06,233,0.002391332999999385,0.0024822045741519543
Q4-3,2025-09-19@12,182,0.0013125000000000497,0.00202366860777109
Q4-3,2025-09-19@18,81,0.0005682079999997924,0.0011668404490889916
Q2,2025-09-20,335,0.0018015839999998562,24655.47800324868
Q3,2025-09-20@00,339,0.0018009999999994974,26669.62784676699
Q3,2025-09-20@06,232,0.001972874999999874,0.0024525378879930028
Q3,2025-09-20@12,184,0.001257792000000535,0.0020344759710864187
Q3,2025-09-20@18,80,0.0005688329999999908,0.0011530664640041154
Q4-2,2025-09-20,335,0.0018892499999996204,22840.12512805978
Q4-3,2025-09-20@00,340,0.001974917000000076,24548.898004298375
Q4-3,2025-09-20@06,232,0.0021778329999992962,0.0024525378879930028
Q4-3,2025-09-20@12,183,0.0013032920000002335,0.0020344759710864187
Q4-3,2025-09-20@18,80,0.0005776669999999484,0.0011530664640041154
Q2,2025-09-21,362,0.0020368340000000984,41291.228322259514
Q3,2025-09-21@00,365,0.0019978749999998158,44571.821452409305
Q3,2025-09-21@06,293,0.002382833000000417,0.002971422954834824
Q3,2025-09-21@12,178,0.0013537089999999807,0.0018442769003061041
Q3,2025-09-21@18,89,0.0006039580000001266,0.0013725539057499992
Q4-2,2025-09-21,363,0.0021089170000001545,43454.03660192964
Q4-3,2025-09-21@00,362,0.001996791999999914,46713.21104741427
Q4-3,2025-09-21@06,291,0.002297458000000141,0.002971422954834824
Q4-3,2025-09-21@12,177,0.0012528340000006466,0.0018442769003061046
Q4-3,2025-09-21@18,89,0.0005952499999999361,0.0013725539057499992
Q2,2025-09-22,371,0.0019487919999994219,39384.053427794846
Q3,2025-09-22@00,358,0.001867250000000098,44972.82875298541
Q3,2025-09-22@06,304,0.002229958000000032,207.03561848013098
Q3,2025-09-22@12,188,0.0012337919999998448,0.0022233254075544402
Q3,2025-09-22@18,93,0.0007200420000001984,19.328850543770198
Q4-2,2025-09-22,374,0.00204604100000072,40698.071049082224
Q4-3,2025-09-22@00,365,0.0020175000000000054,46357.95371129466
Q4-3,2025-09-22@06,301,0.002389457999999678,204.203535590926
Q4-3,2025-09-22@12,191,0.0013081670000003598,0.0022282019574294404
Q4-3,2025-09-22@18,92,0.0006675830000002492,19.774660952969423
Q2,2025-09-23,370,0.001980416000000318,38769.63874564345
Q3,2025-09-23@00,364,0.0019903750000000997,43903.71624828865
Q3,2025-09-23@06,265,0.0022295000000003284,0.003306198618777262
Q3,2025-09-23@12,180,0.001333542000000243,0.0020751072143987644
Q3,2025-09-23@18,91,0.0005742499999996653,0.0013940895215216052
Q4-2,2025-09-23,366,0.0021085000000002907,40216.53529187395
Q4-3,2025-09-23@00,364,0.0020109579999996186,45277.866072494064
Q4-3,2025-09-23@06,266,0.002219499999999819,0.003306198618777262
Q4-3,2025-09-23@12,182,0.0012997499999993778,0.0020747264821765433
Q4-3,2025-09-23@18,92,0.0006282500000001079,0.0013940895215216048
Q2,2025-09-24,367,0.0020532499999994513,40290.443500331625
Q3,2025-09-24@00,345,0.001790083999999581,38485.13559947985
Q3,2025-09-24@06,350,0.002778832999999814,4271.3094948121225
Q3,2025-09-24@12,247,0.0015666250000005988,3883.534991018982
Q3,2025-09-24@18,136,0.0006987499999997482,94.62715430705616
Q4-2,2025-09-24,366,0.0020078339999995976,41757.248029153205
Q4-3,2025-09-24@00,346,0.001790291000000721,40015.18734818639
Q4-3,2025-09-24@06,347,0.002439916000000153,4083.823437091552
Q4-3,2025-09-24@12,244,0.001441707999999764,3818.772486307708
Q4-3,2025-09-24@18,135,0.0007033749999996175,98.26134537316743
Q2,2025-09-25,369,0.002038832999999407,39529.66247538101
Q3,2025-09-25@00,370,0.002065625000000182,41873.10925865255
Q3,2025-09-25@06,293,0.002425416999999541,3092.0310599284912
Q3,2025-09-25@12,184,0.0013107919999999496,353.6854596166557
Q3,2025-09-25@18,88,0.0005932909999994962,0.0013922276403734559
Q4-2,2025-09-25,371,0.0020614999999999384,40709.4805505074
Q4-3,2025-09-25@00,368,0.001954999999999707,43027.703798175186
Q4-3,2025-09-25@06,293,0.0023441669999995085,3041.0105245876707
Q4-3,2025-09-25@12,184,0.0012936659999995825,361.5893493319586
Q4-3,2025-09-25@18,92,0.0006588330000001363,0.0013922276403734567
Q2,2025-09-26,337,0.0018190829999999991,23251.64943807118
Q3,2025-09-26@00,367,0.0019473340000004669,26305.805080107955
Q3,2025-09-26@06,236,0.002047667000000253,0.002429681651716187
Q3,2025-09-26@12,186,0.0012673750000002926,0.0019200429734459693
Q3,2025-09-26@18,83,0.0005843750000007475,0.001109847081709876
Q4-2,2025-09-26,337,0.0018250000000001876,20945.2301392517
Q4-3,2025-09-26@00,369,0.0019236249999998734,23356.29042288851
Q4-3,2025-09-26@06,238,0.0019834579999997715,0.0025249721057106315
Q4-3,2025-09-26@12,188,0.0013933330000002186,0.002015333427440415
Q4-3,2025-09-26@18,87,0.0005865420000006338,0.00107718605105144
Q2,2025-09-27,334,0.001879667000000751,23375.48249706326
Q3,2025-09-27@00,337,0.0018644160000000909,24284.566659507964
Q3,2025-09-27@06,239,0.002025957999999939,0.0028491745396144715
Q3,2025-09-27@12,174,0.0012178330000001125,0.001694303624168518
Q3,2025-09-27@18,84,0.0005672920000003856,0.001132036839097994
Q4-2,2025-09-27,338,0.0018098749999992947,20975.163634815854
Q4-3,2025-09-27@00,342,0.0018146250000006248,21747.099091090757
Q4-3,2025-09-27@06,236,0.0021090410000006443,0.002849174539614472
Q4-3,2025-09-27@12,175,0.0013417919999998418,0.0016943036241685184
Q4-3,2025-09-27@18,86,0.0005891670000002236,0.0011320368390979939
Q2,2025-09-28,369,0.002034999999999343,39739.394708018335
Q3,2025-09-28@00,368,0.0019494170000005084,41996.77978733697
Q3,2025-09-28@06,301,0.0024497079999994398,7416.573528219317
Q3,2025-09-28@12,242,0.001510040999999518,1445.2808698552294
Q3,2025-09-28@18,89,0.0006074169999994439,0.0013934126705462957
Q4-2,2025-09-28,366,0.002040209000000459,41181.0066811348
Q4-3,2025-09-28@00,364,0.0020741250000000377,43406.966445609214
Q4-3,2025-09-28@06,305,0.002435333000000206,7371.623441673369
Q4-3,2025-09-28@12,243,0.0014666659999997833,1513.4491505767676
Q4-3,2025-09-28@18,98,0.0006721670000002788,0.0013934126705462955
Q2,2025-09-29,372,0.0019760409999998174,40009.344705617106
Q3,2025-09-29@00,367,0.0019762080000003124,44201.095160045705
Q3,2025-09-29@06,303,0.0022153749999995753,228.84504460448048
Q3,2025-09-29@12,224,0.0013891670000001355,1211.5640285226373
Q3,2025-09-29@18,138,0.0007014169999992603,290.2775733364627
Q4-2,2025-09-29,374,0.0020672910000003597,41157.176696910064
Q4-3,2025-09-29@00,371,0.0020449999999998525,45377.077826481676
Q4-3,2025-09-29@06,306,0.002379709000000396,234.82253370631366
Q4-3,2025-09-29@12,224,0.0014083749999995732,1249.6698905399542
Q4-3,2025-09-29@18,131,0.0007014170000001485,304.87941386474444
Q2,2025-09-30,374,0.0020347080000000517,40598.09107003712
Q3,2025-09-30@00,364,0.002013707999999781,44162.848541185704
Q3,2025-09-30@06,329,0.0024921670000006557,2240.058730566543
Q3,2025-09-30@12,234,0.0014941249999997908,1317.3386376559006
Q3,2025-09-30@18,134,0.0007186670000001172,79.82589204270235
Q4-2,2025-09-30,370,0.002074499999999979,41692.68327806206
Q4-3,2025-09-30@00,367,0.0020079170000002478,45439.243530407875
Q4-3,2025-09-30@06,325,0.0025010829999994044,2261.6555087868696
Q4-3,2025-09-30@12,234,0.0014586659999995533,1249.693558490402
Q4-3,2025-09-30@18,129,0.0007464999999999833,85.58377746247741
Q2,2025-10-01,368,0.0020297089999994355,42077.96331479603
Q3,2025-10-01@00,369,0.002050666999999784,41419.82090719159
Q3,2025-10-01@06,273,0.0024773330000007476,713.1670856740427
Q3,2025-10-01@12,182,0.0013160000000000949,29.852027509973638
Q3,2025-10-01@18,92,0.0006325829999997978,0.0013932757842160491
Q4-2,2025-10-01,367,0.0019118329999994188,43305.333323590545
Q4-3,2025-10-01@00,368,0.0019255000000004685,42674.39045931543
Q4-3,2025-10-01@06,277,0.002141542000000385,741.1003825294558
Q4-3,2025-10-01@12,186,0.0012612910000004973,31.06323523038792
Q4-3,2025-10-01@18,96,0.0006042909999992574,0.0013932757842160485
Q2,2025-10-02,377,0.002074750000000236,40854.09015159375
Q3,2025-10-02@00,360,0.0022303329999999733,46223.78771980412
Q3,2025-10-02@06,301,0.0023692499999992123,78.52341960024694
Q3,2025-10-02@12,223,0.0014165420000002982,291.5471851109732
Q3,2025-10-02@18,136,0.0007035000000001901,40.66803405833315
Q4-2,2025-10-02,377,0.002064374999999785,41615.21697972326
Q4-3,2025-10-02@00,360,0.0020082500000002668,46948.49540215833
Q4-3,2025-10-02@06,303,0.0023621250000003258,80.29781965314292
Q4-3,2025-10-02@12,233,0.0014444999999998487,296.8579862563539
Q4-3,2025-10-02@18,133,0.0007114160000005754,40.888578523956795
Q2,2025-10-03,339,0.001961957999999875,23236.18458848325
Q3,2025-10-03@00,340,0.0017790420000007856,22835.886537409995
Q3,2025-10-03@06,220,0.001928416000000155,0.002582346313629835
Q3,2025-10-03@12,177,0.0012519169999993807,0.0020795513924718105
Q3,2025-10-03@18,80,0.0005688329999999908,0.0011168937354101847
Q4-2,2025-10-03,342,0.0019020000000002923,20279.083679663017
Q4-3,2025-10-03@00,341,0.001778166999999442,19954.31608381891
Q4-3,2025-10-03@06,221,0.001992165999999962,0.0025879808123645052
Q4-3,2025-10-03@12,178,0.0012316249999999584,0.002085185891206481
Q4-3,2025-10-03@18,82,0.0006238750000004956,0.001090812254567284
Q2,2025-10-04,337,0.002001542000000356,23596.892585983023
Q3,2025-10-04@00,368,0.0019635420000003734,26863.97113872803
Q3,2025-10-04@06,241,0.0020525830000002188,0.0022730359406172317
Q3,2025-10-04@12,187,0.0012563749999996432,0.0018117020848326647
Q3,2025-10-04@18,83,0.0005658329999995715,0.0011049335948276238
Q4-2,2025-10-04,337,0.0018460420000003808,20693.344006231957
Q4-3,2025-10-04@00,370,0.0020105419999998375,22949.176174515997
Q4-3,2025-10-04@06,239,0.002061624999999623,0.0025002345818771594
Q4-3,2025-10-04@12,186,0.00143158299999957,0.0020359065957880665
Q4-3,2025-10-04@18,82,0.0006740829999998255,0.0011680308368423355
Q2,2025-10-05,369,0.002006750000000501,40698.665959219616
Q3,2025-10-05@00,370,0.0020050000000004786,44801.84039054268
Q3,2025-10-05@06,314,0.0023892919999992657,524.2441954298234
Q3,2025-10-05@12,234,0.0014619170000003123,1467.7709319915762
Q3,2025-10-05@18,136,0.0006897910000001062,11.546094833710367
Q4-2,2025-10-05,364,0.002061708000000273,41520.21759231538
Q4-3,2025-10-05@00,371,0.0020320409999996514,45547.997787828506
Q4-3,2025-10-05@06,314,0.002542166999999651,550.9040675700213
Q4-3,2025-10-05@12,232,0.0014185829999995292,1492.4720803546088
Q4-3,2025-10-05@18,134,0.0007135829999995735,11.64106876102294
Q2,2025-10-06,370,0.001965042000000139,40708.263785250994
Q3,2025-10-06@00,353,0.001857625000000418,38422.964394409675
Q3,2025-10-06@06,328,0.0023666660000003503,4038.9348286705604
Q3,2025-10-06@12,236,0.001436458999999779,1635.6100293791146
Q3,2025-10-06@18,88,0.0005878749999999044,0.0013946227164382712
Q4-2,2025-10-06,367,0.0019563339999999485,41609.54747943203
Q4-3,2025-10-06@00,354,0.0021124580000000392,39566.06750400018
Q4-3,2025-10-06@06,332,0.0024939579999996297,3908.5914155621726
Q4-3,2025-10-06@12,238,0.0014195419999998293,1582.669036847543
Q4-3,2025-10-06@18,93,0.0006050000000001887,0.0013946227164382712
Q2,2025-10-07,373,0.001942749999999549,40802.54676655198
Q3,2025-10-07@00,371,0.001992792000000243,40824.397540797385
Q3,2025-10-07@06,276,0.0022567499999999185,780.1387929908226
Q3,2025-10-07@12,197,0.0013795420000004555,1965.7588090029903
Q3,2025-10-07@18,90,0.000630666999999363,0.0013889072859845676
Q4-2,2025-10-07,372,0.002131499999999953,41563.25630057256
Q4-3,2025-10-07@00,369,0.002047083999999977,41533.778247009395
Q4-3,2025-10-07@06,277,0.0022583330000003343,799.3586769749073
Q4-3,2025-10-07@12,196,0.0013783329999998983,2025.9003469025808
Q4-3,2025-10-07@18,93,0.0006226250000000988,0.0013889072859845672
Q2,2025-10-08,368,0.0020270409999998407,40109.33614571435
Q3,2025-10-08@00,369,0.0020416249999994918,39303.76319438006
Q3,2025-10-08@06,313,0.0024140830000005664,698.4719895901309
Q3,2025-10-08@12,246,0.001723832999999786,922.7426500176342
Q3,2025-10-08@18,90,0.000645875000000018,0.0013941671120648144
Q4-2,2025-10-08,367,0.0020495840000007703,40687.93753316301
Q4-3,2025-10-08@00,368,0.0020007499999996625,39933.05977583263
Q4-3,2025-10-08@06,317,0.0024066249999998846,703.1311648487377
Q4-3,2025-10-08@12,243,0.0014900830000001974,882.3304792683806
Q4-3,2025-10-08@18,91,0.0005820410000003662,0.001394167112064814
Q2,2025-10-09,367,0.0018651249999992459,39186.912938855276
Q3,2025-10-09@00,363,0.001902041000000132,45619.79595648735
Q3,2025-10-09@06,300,0.002496124999999516,152.18422686994845
Q3,2025-10-09@12,223,0.0014386659999994222,102.49194139666986
Q3,2025-10-09@18,88,0.000601209000000047,0.0013950700048672839
Q4-2,2025-10-09,367,0.002018290999999728,39505.46975118072
Q4-3,2025-10-09@00,357,0.0019701250000006,45680.52315416685
Q4-3,2025-10-09@06,295,0.0023040829999994017,156.4772669658861
Q4-3,2025-10-09@12,226,0.0014432080000004177,446.8916018239213
Q4-3,2025-10-09@18,92,0.000624666000000218,0.0013950700048672828
Q2,2025-10-10,338,0.001863082999999932,23180.376651869567
Q3,2025-10-10@00,349,0.0020129170000000585,24802.95422738026
Q3,2025-10-10@06,231,0.002163833000000004,0.0025687130460633734
Q3,2025-10-10@12,178,0.001310999999999396,0.001975291891183127
Q3,2025-10-10@18,81,0.0006247079999992522,0.0011155098313251031
Q4-2,2025-10-10,340,0.0017814999999998804,20032.111165040984
Q4-3,2025-10-10@00,350,0.0017933330000001746,21360.149763256108
Q4-3,2025-10-10@06,233,0.0020036249999995093,0.0025687130460633725
Q4-3,2025-10-10@12,179,0.001260541999999809,0.0019752918911831265
Q4-3,2025-10-10@18,81,0.0005726250000002153,0.001085291749367284
Q2,2025-10-11,340,0.001931250000000162,23784.189115812787
Q3,2025-10-11@00,353,0.0019882909999999754,24929.245290420986
Q3,2025-10-11@06,231,0.00213604200000006,0.00256355821047644
Q3,2025-10-11@12,183,0.0013210830000005558,0.0019429786674526749
Q3,2025-10-11@18,81,0.0005881670000000838,0.0010781638181646097
Q4-2,2025-10-11,341,0.0019033339999996457,20717.453711880393
Q4-3,2025-10-11@00,353,0.001923332999999694,21681.663571351895
Q4-3,2025-10-11@06,232,0.0020579999999998932,0.0026770450223072015
Q4-3,2025-10-11@12,181,0.0012629589999999524,0.002049278025985597
Q4-3,2025-10-11@18,80,0.0006150829999995722,0.0011870797575058648
Q2,2025-10-12,372,0.001965375000000158,40606.097262809366
Q3,2025-10-12@00,370,0.001988707999999839,41388.458005204426
Q3,2025-10-12@06,294,0.0023146249999994595,335.4294196142348
Q3,2025-10-12@12,193,0.001331249999999784,160.32105214154598
Q3,2025-10-12@18,89,0.0005772909999999243,0.0013935490819320985
Q4-2,2025-10-12,370,0.001957041999999909,41496.18736637563
Q4-3,2025-10-12@00,371,0.0020044580000000423,42231.7272895902
Q4-3,2025-10-12@06,292,0.002559874999999323,353.4213983181098
Q4-3,2025-10-12@12,194,0.0013676250000003165,170.02375131664797
Q4-3,2025-10-12@18,96,0.000641875000000347,0.0013935490819320987
Q2,2025-10-13,368,0.002012875000000136,40967.29470274004
Q3,2025-10-13@00,365,0.001951082999999798,42693.52837962622
Q3,2025-10-13@06,258,0.002096625000000074,962.4187870006275
Q3,2025-10-13@12,182,0.001264624999999242,471.41778800730594
Q3,2025-10-13@18,89,0.0005891250000003012,0.0013945336625648137
Q4-2,2025-10-13,368,0.0020548749999997895,41912.93189433826
Q4-3,2025-10-13@00,363,0.002056624999999812,43655.503202936765
Q4-3,2025-10-13@06,258,0.002134916999999348,980.5184744623714
Q4-3,2025-10-13@12,182,0.001293625000000631,456.06734088668026
Q4-3,2025-10-13@18,91,0.0006063330000003475,0.0013945336625648145
Q2,2025-10-14,367,0.0019187080000007128,41824.30926717046
Q3,2025-10-14@00,370,0.0019314160000005742,44992.683471791934
Q3,2025-10-14@06,307,0.002220542000000769,1342.319533453323
Q3,2025-10-14@12,229,0.0013829170000008162,2689.012843120957
Q3,2025-10-14@18,137,0.0007103329999997854,67.14529531845987
Q4-2,2025-10-14,363,0.0019286670000004946,42628.717486511785
Q4-3,2025-10-14@00,368,0.002040708000000002,45847.87723848359
Q4-3,2025-10-14@06,315,0.002451332999999778,1392.7441885737232
Q4-3,2025-10-14@12,235,0.0014870409999998557,2850.7285408802
Q4-3,2025-10-14@18,138,0.0007156250000006636,68.58971196148494
Q2,2025-10-15,365,0.002027958999999413,39872.96895373709
Q3,2025-10-15@00,373,0.0020606659999993227,45938.16530695513
Q3,2025-10-15@06,304,0.002330167000000216,268.59146130504024
Q3,2025-10-15@12,231,0.0014273750000004526,1350.276343885989
Q3,2025-10-15@18,88,0.0006145829999999464,0.001394895373944444
Q4-2,2025-10-15,363,0.0021121250000000202,40449.50692170129
Q4-3,2025-10-15@00,371,0.0021628750000006747,46439.26437225672
Q4-3,2025-10-15@06,313,0.002386582999999831,274.1693906848907
Q4-3,2025-10-15@12,229,0.0014504999999997992,1397.4542139235232
Q4-3,2025-10-15@18,95,0.0006286669999999717,0.0013948953739444437
Q2,2025-10-16,370,0.001995666000000007,39746.28809097426
Q3,2025-10-16@00,367,0.002042749999999316,43789.12247636851
Q3,2025-10-16@06,317,0.0023672909999996605,1842.6026382379662
Q3,2025-10-16@12,230,0.0014447500000001057,848.1007033907491
Q3,2025-10-16@18,133,0.0006973750000005552,218.79997110349032
Q4-2,2025-10-16,367,0.0020340000000000913,39996.78182838526
Q4-3,2025-10-16@00,368,0.00200699999999987,44015.41557144649
Q4-3,2025-10-16@06,322,0.0022872920000001074,1910.3933490811683
Q4-3,2025-10-16@12,233,0.0013905000000002943,828.4260724043778
Q4-3,2025-10-16@18,140,0.0007231249999994915,105.11279414672771
Q2,2025-10-17,337,0.0018932500000001795,23283.802440167154
Q3,2025-10-17@00,330,0.0017902090000001536,22625.34853559247
Q3,2025-10-17@06,219,0.0020835840000001937,0.0028846346458971544
Q3,2025-10-17@12,177,0.0012277080000000495,0.0020858347311474637
Q3,2025-10-17@18,82,0.0005725840000003757,0.001108856708160494
Q4-2,2025-10-17,340,0.001904875000000139,19969.346161536087
Q4-3,2025-10-17@00,332,0.0017687080000001743,19419.989119106463
Q4-3,2025-10-17@06,219,0.0019320000000000448,0.0028846346458971544
Q4-3,2025-10-17@12,175,0.001214916999999538,0.002085834731147464
Q4-3,2025-10-17@18,82,0.0005654170000006786,0.001108856708160494
Q2,2025-10-18,339,0.001793042000000078,23855.95280369798
Q3,2025-10-18@00,364,0.0019367089999997589,25654.188082988716
Q3,2025-10-18@06,241,0.0022004170000000656,0.002713179258306995
Q3,2025-10-18@12,188,0.0013536670000000584,0.0017403238153546289
Q3,2025-10-18@18,80,0.0006012079999999642,0.0011067906253415638
Q4-2,2025-10-18,340,0.0018896669999994842,20592.40604864792
Q4-3,2025-10-18@00,364,0.0018692080000004552,22063.43689279361
Q4-3,2025-10-18@06,241,0.0020633750000005335,0.0027131792583069947
Q4-3,2025-10-18@12,189,0.001272208999999691,0.0017403238153546289
Q4-3,2025-10-18@18,81,0.0006090829999996217,0.0010794609785702161
Q2,2025-10-19,361,0.0019500829999996583,41187.77882502487
Q3,2025-10-19@00,369,0.0020032920000003784,45313.14851510333
Q3,2025-10-19@06,321,0.0023293330000004886,18.31669098927007
Q3,2025-10-19@12,173,0.001260666000000299,0.0020155305827975825
Q3,2025-10-19@18,87,0.0005851659999995817,0.0013972646601666662
Q4-2,2025-10-19,361,0.0019524999999998016,41908.080175139425
Q4-3,2025-10-19@00,367,0.0019413749999994678,46171.203660011095
Q4-3,2025-10-19@06,319,0.0024411669999997443,18.28945196530757
Q4-3,2025-10-19@12,172,0.001257875000000297,0.0020052345171421297
Q4-3,2025-10-19@18,89,0.0005977079999999191,0.0013972646601666662
Q2,2025-10-20,367,0.0021959169999998807,42102.74745430858
Q3,2025-10-20@00,361,0.0019799579999997263,48748.11062835143
Q3,2025-10-20@06,282,0.0021222920000001366,0.0033987443428080836
Q3,2025-10-20@12,182,0.0012425000000000352,0.0021806587074891977
Q3,2025-10-20@18,88,0.000580000000000247,0.0013962875333333334
Q4-2,2025-10-20,366,0.0020218749999996177,42982.7704802766
Q4-3,2025-10-20@00,370,0.001996333000000128,49890.677974179125
Q4-3,2025-10-20@06,284,0.002212542000000539,0.003493500172282305
Q4-3,2025-10-20@12,184,0.0014151249999994064,0.0021972074097144543
Q4-3,2025-10-20@18,90,0.0006303340000002322,0.0013233840579166668
Q2,2025-10-21,367,0.0020175000000000054,43262.82468709436
Q3,2025-10-21@00,373,0.0019897499999999013,47697.213970280245
Q3,2025-10-21@06,333,0.002234249999999882,656.0318971969335
Q3,2025-10-21@12,231,0.0013331670000003015,109.4019756729232
Q3,2025-10-21@18,137,0.0006895000000000095,11.354574806144575
Q4-2,2025-10-21,366,0.001936875000000171,44127.148750949076
Q4-3,2025-10-21@00,356,0.0018707080000002207,48672.07051753873
Q4-3,2025-10-21@06,338,0.002489416999999605,701.291414929238
Q4-3,2025-10-21@12,226,0.0014332499999998305,111.03959003432516
Q4-3,2025-10-21@18,133,0.0006892499999997526,11.621664511535448
Q2,2025-10-22,366,0.0020020000000000593,41516.67308711164
Q3,2025-10-22@00,363,0.0019636670000000578,45232.31723724551
Q3,2025-10-22@06,328,0.002396958000000282,671.861319715729
Q3,2025-10-22@12,239,0.0014917919999994922,2810.387956587158
Q3,2025-10-22@18,137,0.0007217920000002209,81.64919223021286
Q4-2,2025-10-22,367,0.002038834000000378,42146.19717744657
Q4-3,2025-10-22@00,371,0.0021390839999995137,46028.83648038813
Q4-3,2025-10-22@06,337,0.002426665999999855,687.9275999423794
Q4-3,2025-10-22@12,241,0.0014846659999996348,2956.2845082126064
Q4-3,2025-10-22@18,135,0.0007077909999999576,84.167266785524
Q2,2025-10-23,362,0.0020094170000000133,41677.75969710898
Q3,2025-10-23@00,374,0.002059415999999814,52427.59608102172
Q3,2025-10-23@06,318,0.002429666999999469,317.1338516960677
Q3,2025-10-23@12,193,0.0013804579999998623,439.910578581003
Q3,2025-10-23@18,137,0.000751166999999775,49.24468839951524
Q4-2,2025-10-23,363,0.002115500000000381,42248.47851226789
Q4-3,2025-10-23@00,380,0.0020940000000004844,53052.04513785174
Q4-3,2025-10-23@06,334,0.002476957999999918,335.34751517949366
Q4-3,2025-10-23@12,194,0.0013998749999997173,1772.2255523538713
Q4-3,2025-10-23@18,131,0.0007244170000006989,50.12901738213411
Q2,2025-10-24,342,0.001807582999999724,23299.725430766368
Q3,2025-10-24@00,346,0.0018261250000000118,24323.7346742312
Q3,2025-10-24@06,236,0.0020142920000001396,0.0027385264450022644
Q3,2025-10-24@12,175,0.0014860829999996383,0.0018166851462662044
Q3,2025-10-24@18,80,0.0005889579999998062,0.0010669229657246913
Q4-2,2025-10-24,344,0.0019221250000001078,19931.75159650785
Q4-3,2025-10-24@00,347,0.001771250000000002,20783.440066456955
Q4-3,2025-10-24@06,236,0.00202558400000008,0.002738526445002265
Q4-3,2025-10-24@12,174,0.001223833000000063,0.0018166851462662044
Q4-3,2025-10-24@18,79,0.0005648750000002423,0.0010669229657246915
Q2,2025-10-25,344,0.0018242080000003824,23763.924210809306
Q3,2025-10-25@00,365,0.001904459000000358,26707.29486742089
Q3,2025-10-25@06,245,0.002256207999999482,0.002502350061031738
Q3,2025-10-25@12,182,0.0013595840000002468,0.0018253270784362127
Q3,2025-10-25@18,79,0.0005594579999996796,0.001064293192426337
Q4-2,2025-10-25,344,0.0018177499999998403,20500.6347747154
Q4-3,2025-10-25@00,365,0.0018888339999998394,22652.245718301176
Q4-3,2025-10-25@06,246,0.0020266250000000596,0.0025664182051778283
Q4-3,2025-10-25@12,183,0.0012468749999996476,0.0018924520382704718
Q4-3,2025-10-25@18,81,0.0005826670000006473,0.0010337727112580243
Q2,2025-10-26,358,0.0019951249999996534,43258.877508688536
Q3,2025-10-26@00,368,0.001969707999999848,48791.68712090654
Q3,2025-10-26@06,315,0.0025631660000007273,421.69739438408646
Q3,2025-10-26@12,233,0.0014419999999999433,1754.9916512737345
Q3,2025-10-26@18,137,0.0006961670000000808,138.79279918518034
Q4-2,2025-10-26,363,0.0019694169999997513,44254.081230535856
Q4-3,2025-10-26@00,371,0.0019075839999995736,50094.420113938955
Q4-3,2025-10-26@06,320,0.0024382080000000528,450.2665167658816
Q4-3,2025-10-26@12,238,0.001486458000000468,1824.2950604406492
Q4-3,2025-10-26@18,137,0.0007093329999996456,141.5877248447696
Q2,2025-10-27,358,0.0020741250000000377,43034.6789789125
Q3,2025-10-27@00,365,0.002135166999999605,44418.43696306241
Q3,2025-10-27@06,346,0.0026523339999995343,4802.440229814209
Q3,2025-10-27@12,245,0.0015035830000007522,2382.280732561143
Q3,2025-10-27@18,137,0.000711499999999532,118.99984496720549
Q4-2,2025-10-27,355,0.0019813329999998075,43965.19908618592
Q4-3,2025-10-27@00,361,0.0019569169999993363,45480.57620071002
Q4-3,2025-10-27@06,354,0.0026478340000002376,4867.030960314252
Q4-3,2025-10-27@12,238,0.0016118340000002007,2709.6976671469765
Q4-3,2025-10-27@18,135,0.0007598330000000431,125.05907611220805
Q2,2025-10-28,362,0.001980790999999371,44056.79543399504
Q3,2025-10-28@00,366,0.0019419169999999042,44313.119378912306
Q3,2025-10-28@06,352,0.0024775419999993886,4230.894406882726
Q3,2025-10-28@12,249,0.0014558339999997116,3468.6595414241815
Q3,2025-10-28@18,137,0.0006929580000001323,175.41311905555725
Q4-2,2025-10-28,365,0.00198837499999982,45076.403733095205
Q4-3,2025-10-28@00,370,0.0019023750000002337,45408.64636099086
Q4-3,2025-10-28@06,347,0.0027958750000003363,4475.546925301019
Q4-3,2025-10-28@12,246,0.0014968330000000307,3674.849277095518
Q4-3,2025-10-28@18,135,0.0007171670000003516,95.95130645141973
Q2,2025-10-29,363,0.002029625000000479,42403.75648679487
Q3,2025-10-29@00,363,0.0020060000000006184,48851.7778334145
Q3,2025-10-29@06,268,0.0022197080000001534,162.21831740502768
Q3,2025-10-29@12,230,0.0014744579999996787,595.2422712442071
Q3,2025-10-29@18,135,0.0006975830000000016,146.52833522067527
Q4-2,2025-10-29,362,0.0021329999999997185,43104.33739580693
Q4-3,2025-10-29@00,367,0.0019854999999999734,49749.881862777416
Q4-3,2025-10-29@06,279,0.0022914580000001905,734.3939534570142
Q4-3,2025-10-29@12,241,0.0014910420000004976,646.2234830221311
Q4-3,2025-10-29@18,136,0.0007233329999998261,152.15518301966125
Q2,2025-10-30,360,0.0020123750000005103,43111.05736778027
Q3,2025-10-30@00,368,0.0019766670000000985,43956.5627437022
Q3,2025-10-30@06,286,0.002368874999999271,1682.80899700895
Q3,2025-10-30@12,193,0.0014126670000003116,2105.5286416014455
Q3,2025-10-30@18,90,0.0007415410000000122,87.88679617557789
Q4-2,2025-10-30,359,0.0020624590000002385,43728.18913025199
Q4-3,2025-10-30@00,366,0.00196445799999978,44689.73702950819
Q4-3,2025-10-30@06,285,0.002347958999999733,1785.1639941485587
Q4-3,2025-10-30@12,194,0.0013606660000000659,2246.8335748320305
Q4-3,2025-10-30@18,90,0.0006140830000003206,88.39686110286722
Q2,2025-10-31,343,0.0017743750000001057,24092.058985263986
Q3,2025-10-31@00,376,0.0019344170000001881,28362.87740049307
Q3,2025-10-31@06,249,0.0021174589999999327,0.002695463462606584
Q3,2025-10-31@12,188,0.0012664159999999924,0.00197389516355967
Q3,2025-10-31@18,80,0.0005777919999996328,0.0010581120568065843
Q4-2,2025-10-31,344,0.0019126250000001122,20707.327855997806
Q4-3,2025-10-31@00,374,0.001966833000000001,23899.881209848267
Q4-3,2025-10-31@06,247,0.002103832999999611,0.0027790181108267482
Q4-3,2025-10-31@12,186,0.0012633750000006216,0.002057449811779834
Q4-3,2025-10-31@18,81,0.0005762919999998672,0.0010237817836802985
Q2,2025-11-01,346,0.0019242919999999941,24532.54420517885
Q3,2025-11-01@00,366,0.0018281250000002913,26001.151309537094
Q3,2025-11-01@06,246,0.0022046669999999935,0.002740067254887038
Q3,2025-11-01@12,182,0.0012974580000006952,0.0018080517666032908
Q3,2025-11-01@18,79,0.0005800840000000917,0.00109625132439609
Q4-2,2025-11-01,346,0.001887500000000486,21246.5247200538
Q4-3,2025-11-01@00,364,0.00202624999999923,22437.389354899748
Q4-3,2025-11-01@06,248,0.0021965000000001567,0.0028829850593732513
Q4-3,2025-11-01@12,183,0.001294208000000019,0.0020229609833459176
Q4-3,2025-11-01@18,81,0.0006012499999998866,0.001193832408537551
Q2,2025-11-02,358,0.0020329999999999515,44454.03064278719
Q3,2025-11-02@00,370,0.00217391699999947,48415.251791080496
Q3,2025-11-02@06,359,0.0025945409999996727,4798.094791911224
Q3,2025-11-02@12,224,0.0014030420000006316,302.9384642773313
Q3,2025-11-02@18,137,0.0007037079999996365,198.43686166777135
Q4-2,2025-11-02,359,0.0020130839999996653,45515.87460876015
Q4-3,2025-11-02@00,376,0.002001374999999861,49766.1106930694
Q4-3,2025-11-02@06,377,0.002634167000000076,5047.217847907835
Q4-3,2025-11-02@12,227,0.0013842500000000868,310.9880168842679
Q4-3,2025-11-02@18,135,0.000697542000000162,204.0917584791434
Q2,2025-11-03,369,0.002119083000000188,44872.257411613275
Q3,2025-11-03@00,369,0.0020159580000003174,51702.97262114257
Q3,2025-11-03@06,342,0.0023932919999998248,917.4743409167653
Q3,2025-11-03@12,231,0.0013850409999998092,411.57475860252435
Q3,2025-11-03@18,135,0.000697041999999648,256.4786342441147
Q4-2,2025-11-03,367,0.0019248329999994596,45961.13972748404
Q4-3,2025-11-03@00,374,0.0020565000000001277,53019.43004406218
Q4-3,2025-11-03@06,335,0.0022991250000004015,954.7500092757884
Q4-3,2025-11-03@12,233,0.0016502919999998866,420.8553566305796
Q4-3,2025-11-03@18,136,0.0006896670000005045,192.11213164260562
Q2,2025-11-04,362,0.002030583999999891,46462.75642028099
Q3,2025-11-04@00,360,0.0018363749999998902,48297.89264108154
Q3,2025-11-04@06,366,0.0024572499999999664,2443.7428953036206
Q3,2025-11-04@12,187,0.0014184170000000051,204.28756474099757
Q3,2025-11-04@18,89,0.0005919160000003032,46.00966343010023
Q4-2,2025-11-04,359,0.0019873749999996804,47891.046799128075
Q4-3,2025-11-04@00,355,0.0019071249999997875,49857.18703036546
Q4-3,2025-11-04@06,372,0.002618500000000523,2584.2963443277426
Q4-3,2025-11-04@12,193,0.0013752920000005275,824.4421793581943
Q4-3,2025-11-04@18,89,0.0005982079999995449,46.872158289215285
Q2,2025-11-05,365,0.002025042000000532,47262.526460671805
Q3,2025-11-05@00,362,0.00207320799999966,54009.368428883354
Q3,2025-11-05@06,327,0.0023844170000000275,247.54459464458876
Q3,2025-11-05@12,226,0.001486083999999721,1701.086716982367
Q3,2025-11-05@18,136,0.0007126250000002443,251.12051273886166
Q4-2,2025-11-05,361,0.00206183400000004,48960.98837989135
Q4-3,2025-11-05@00,367,0.0021442499999997366,56119.3996965128
Q4-3,2025-11-05@06,318,0.0024201250000004393,245.66221670786675
Q4-3,2025-11-05@12,228,0.001507832999999792,1765.459267488728
Q4-3,2025-11-05@18,134,0.0007052080000002903,266.0738384482326
Q2,2025-11-06,361,0.0019393750000000765,46967.39925143715
Q3,2025-11-06@00,363,0.00197704200000004,50575.53210883256
Q3,2025-11-06@06,379,0.00256208400000002,2946.6350175709667
Q3,2025-11-06@12,238,0.0014567500000000067,1747.0989687457018
Q3,2025-11-06@18,135,0.0008017499999999345,114.69037295439306
Q4-2,2025-11-06,358,0.001940374999999328,48623.26622946745
Q4-3,2025-11-06@00,370,0.0019961250000006814,52447.81293145588
Q4-3,2025-11-06@06,390,0.002572124999999481,3113.5890243181675
Q4-3,2025-11-06@12,251,0.00151304200000002,939.9398906130663
Q4-3,2025-11-06@18,129,0.0006926659999999529,126.34930883328869
Q2,2025-11-07,363,0.0019385839999994658,26136.72631047928
Q3,2025-11-07@00,368,0.001888291999999403,27927.07245546649
Q3,2025-11-07@06,283,0.002292124999999423,0.002914933255504114
Q3,2025-11-07@12,181,0.0012905419999995615,0.001827576809872428
Q3,2025-11-07@18,84,0.0006435420000006076,0.0010834911567695474
Q4-2,2025-11-07,366,0.0020185420000000676,22585.132795137066
Q4-3,2025-11-07@00,370,0.00201229199999986,24122.70905488808
Q4-3,2025-11-07@06,283,0.0023727909999999852,0.002914933255504114
Q4-3,2025-11-07@12,183,0.0013658329999994834,0.0018275768098724287
Q4-3,2025-11-07@18,86,0.0006167919999997551,0.0010550468342839505
Q2,2025-11-08,370,0.0019920840000002826,26390.837185511595
Q3,2025-11-08@00,371,0.002190666999999813,30084.072630771487
Q3,2025-11-08@06,258,0.0020714169999997978,0.0025109037844603913
Q3,2025-11-08@12,185,0.001297375000000045,0.001840415992849794
Q3,2025-11-08@18,81,0.00057174999999976,0.0011273658623868314
Q4-2,2025-11-08,370,0.0019256659999999926,22861.558243923864
Q4-3,2025-11-08@00,369,0.0019253340000000563,25805.22560861185
Q4-3,2025-11-08@06,260,0.0021102079999995027,0.002512073004312655
Q4-3,2025-11-08@12,187,0.001263916000000087,0.001841061970668724
Q4-3,2025-11-08@18,83,0.0005754579999992515,0.0011273658623868316
Q2,2025-11-09,356,0.0021237080000000574,48155.62310954455
Q3,2025-11-09@00,366,0.002007250000000127,52628.875464540884
Q3,2025-11-09@06,334,0.0024532919999993297,361.8293798631673
Q3,2025-11-09@12,247,0.0015029579999996656,1187.7297785283745
Q3,2025-11-09@18,135,0.0007119160000002012,384.7577367321793
Q4-2,2025-11-09,360,0.0020249169999999594,50108.00388516882
Q4-3,2025-11-09@00,377,0.001981290999999885,54910.170049724926
Q4-3,2025-11-09@06,336,0.00250266599999982,618.5971020945892
Q4-3,2025-11-09@12,249,0.0015417500000003415,1295.7295678916205
Q4-3,2025-11-09@18,139,0.0008991250000001116,398.4425416811232
Q2,2025-11-10,362,0.0020509589999999633,48388.84225492851
Q3,2025-11-10@00,355,0.0019580000000001263,53412.351505699815
Q3,2025-11-10@06,360,0.002512208999999821,3548.825804085821
Q3,2025-11-10@12,224,0.0014157499999996048,508.6428891375266
Q3,2025-11-10@18,134,0.0007357919999995133,466.00401312268235
Q4-2,2025-11-10,367,0.001938041000000723,50251.56394497184
Q4-3,2025-11-10@00,364,0.0019222499999997922,55668.80100375402
Q4-3,2025-11-10@06,377,0.0025917079999997483,3842.940959705292
Q4-3,2025-11-10@12,239,0.0014065419999997886,533.0549832437255
Q4-3,2025-11-10@18,138,0.0007175000000003706,501.2833572107441
Q2,2025-11-11,361,0.001927249999999603,49645.70569735832
Q3,2025-11-11@00,367,0.0019190839999998488,55635.56514555574
Q3,2025-11-11@06,279,0.002126750000000399,0.0035795995934344974
Q3,2025-11-11@12,220,0.0013454580000002991,57.65648088753394
Q3,2025-11-11@18,135,0.0007141659999998495,226.47626804714326
Q4-2,2025-11-11,363,0.0020334999999995773,51938.14939286313
Q4-3,2025-11-11@00,367,0.0021294159999998286,58405.11742908406
Q4-3,2025-11-11@06,289,0.002313625000000208,0.0034197002197830914
Q4-3,2025-11-11@12,230,0.0014176660000000396,58.864370926752116
Q4-3,2025-11-11@18,141,0.0007365420000002842,232.77029253842238
Q2,2025-11-12,365,0.002010750000000172,50732.862677674835
Q3,2025-11-12@00,371,0.002061124999999997,52969.812940167445
Q3,2025-11-12@06,320,0.0024487500000001106,3823.8456475417793
Q3,2025-11-12@12,189,0.0013503330000004254,44.38851340592909
Q3,2025-11-12@18,87,0.0006042080000003835,0.0013968502656388883
Q4-2,2025-11-12,367,0.002237708000000005,53343.36566807447
Q4-3,2025-11-12@00,365,0.0020655000000004975,55783.237035781414
Q4-3,2025-11-12@06,334,0.002450083999999464,4175.863357775345
Q4-3,2025-11-12@12,194,0.0013481250000006995,51.14086660074625
Q4-3,2025-11-12@18,92,0.000612500000000793,0.0013315172592106477
Q2,2025-11-13,363,0.002037542000000059,49695.732647426725
Q3,2025-11-13@00,368,0.0019157920000001383,51535.88954627606
Q3,2025-11-13@06,356,0.0024104160000000263,2706.259795103104
Q3,2025-11-13@12,261,0.0017162090000004682,3580.957405509708
Q3,2025-11-13@18,136,0.0007241670000004419,402.55120613855183
Q4-2,2025-11-13,369,0.002083250000000092,52180.77115529776
Q4-3,2025-11-13@00,370,0.001905708000000672,54166.32634475938
Q4-3,2025-11-13@06,370,0.002548292000000174,2997.2592177720026
Q4-3,2025-11-13@12,256,0.0015219999999995792,3939.152840584673
Q4-3,2025-11-13@18,133,0.0007062500000003524,428.9876389673113
Q2,2025-11-14,374,0.002025290999999818,28056.91040722843
Q3,2025-11-14@00,374,0.0020783749999999657,30315.350594139592
Q3,2025-11-14@06,254,0.0022907089999995023,0.0028892499632304524
Q3,2025-11-14@12,190,0.0013411669999996434,0.0020033267158717583
Q3,2025-11-14@18,83,0.0005943340000005293,0.0010971637608806586
Q4-2,2025-11-14,373,0.002082084000000428,24285.57163072184
Q4-3,2025-11-14@00,370,0.0019088750000006982,26114.449766532103
Q4-3,2025-11-14@06,255,0.001997916999999738,0.0028892499632304524
Q4-3,2025-11-14@12,191,0.001279334000000354,0.0020033267158717583
Q4-3,2025-11-14@18,83,0.0005706670000007463,0.0010690978104714508
Q2,2025-11-15,370,0.0020024160000007285,28245.97165130187
Q3,2025-11-15@00,385,0.0022439999999992466,34114.22723992285
Q3,2025-11-15@06,267,0.0020755420000000413,0.0025869157081917
Q3,2025-11-15@12,190,0.0012260419999998717,0.0018916876990011826
Q3,2025-11-15@18,84,0.0005789580000001848,0.001118073079604938
Q4-2,2025-11-15,372,0.0019397080000000955,24356.63550280459
Q4-3,2025-11-15@00,388,0.002065457999999687,29436.16529192439
Q4-3,2025-11-15@06,267,0.002160625000000138,0.0027577798066802804
Q4-3,2025-11-15@12,186,0.0012595830000003971,0.002032073150254012
Q4-3,2025-11-15@18,78,0.0005732500000004137,0.001219474024523662
Q2,2025-11-16,362,0.002089374999999727,51073.71564906557
Q3,2025-11-16@00,371,0.0019511669999996428,53300.7898488523
Q3,2025-11-16@06,362,0.002438084000000451,3804.155724446389
Q3,2025-11-16@12,251,0.0014803749999998672,2517.8202257399535
Q3,2025-11-16@18,137,0.000708083000000137,377.6669459130537
Q4-2,2025-11-16,370,0.002073041000000053,53767.40983935055
Q4-3,2025-11-16@00,375,0.001997292000000428,56171.59549592482
Q4-3,2025-11-16@06,376,0.002749999999999808,4221.428505612141
Q4-3,2025-11-16@12,262,0.0016534169999999904,2737.1531378558207
Q4-3,2025-11-16@18,134,0.0007275839999998368,258.00702499161883
Q2,2025-11-17,365,0.0019543750000003968,51724.3434617096
Q3,2025-11-17@00,358,0.0019300840000004982,51358.37563530478
Q3,2025-11-17@06,309,0.0024069589999999863,7449.305542532376
Q3,2025-11-17@12,193,0.0013452499999999645,3053.7602658866567
Q3,2025-11-17@18,91,0.0006018329999992744,18.924758789486365
Q4-2,2025-11-17,373,0.0020769999999998845,54664.58413628932
Q4-3,2025-11-17@00,363,0.0020703749999997356,54281.040953081145
Q4-3,2025-11-17@06,319,0.002542832999999689,8210.230184519845
Q4-3,2025-11-17@12,196,0.0013620000000003074,3478.3862209408258
Q4-3,2025-11-17@18,92,0.0006056670000003095,18.65064543440305
Q2,2025-11-18,366,0.002053208000000417,51400.411433545305
Q3,2025-11-18@00,353,0.0019951249999996534,53601.94860015145
Q3,2025-11-18@06,331,0.0022337919999992906,869.625131268916
Q3,2025-11-18@12,245,0.0014129169999996805,2576.9146890157344
Q3,2025-11-18@18,138,0.0006835409999998987,254.96887617448724
Q4-2,2025-11-18,366,0.0020566669999997345,54394.00507393864
Q4-3,2025-11-18@00,354,0.0020090000000001496,56848.45501129155
Q4-3,2025-11-18@06,342,0.0024521250000004713,931.759202432298
Q4-3,2025-11-18@12,253,0.0015384589999998255,2854.30146381278
Q4-3,2025-11-18@18,144,0.0007598749999999654,271.1995182487735
Q2,2025-11-19,367,0.002049708000000372,52099.87139488109
Q3,2025-11-19@00,364,0.0020308749999999876,53067.003966341355
Q3,2025-11-19@06,369,0.002498416999999975,8702.996913088622
Q3,2025-11-19@12,250,0.00165270900000003,2262.4243062658206
Q3,2025-11-19@18,134,0.0006998750000004605,193.78712294002327
Q4-2,2025-11-19,371,0.002161875000000535,55190.74708825627
Q4-3,2025-11-19@00,370,0.0020343330000001103,56269.74841178991
Q4-3,2025-11-19@06,374,0.0026186660000000472,9797.702249132168
Q4-3,2025-11-19@12,256,0.001551499999999706,2646.2639210526745
Q4-3,2025-11-19@18,139,0.0007282499999998748,212.56036978086212
Q2,2025-11-20,365,0.0020946249999997946,51362.41596316761
Q3,2025-11-20@00,362,0.002094833000000129,52662.25686357641
Q3,2025-11-20@06,361,0.002672000000000452,3289.006184038243
Q3,2025-11-20@12,252,0.0015621250000004139,3905.6177795863323
Q3,2025-11-20@18,135,0.0007132920000003651,345.84463958840166
Q4-2,2025-11-20,364,0.0020757079999995653,54566.50577788909
Q4-3,2025-11-20@00,365,0.002077958000000102,56023.843877674386
Q4-3,2025-11-20@06,373,0.002459957999999318,3571.9939467598774
Q4-3,2025-11-20@12,248,0.0014568330000006569,3703.9605538137953
Q4-3,2025-11-20@18,138,0.0007161250000002894,362.4833643053161
Q2,2025-11-21,375,0.002121208000000152,29755.58278690615
Q3,2025-11-21@00,380,0.002027500000000515,30525.05228604873
Q3,2025-11-21@06,282,0.002222791000000335,232.60657205636787
Q3,2025-11-21@12,185,0.0012741670000000482,0.0017451233238736622
Q3,2025-11-21@18,85,0.0005835410000001318,0.0010767993496172833
Q4-2,2025-11-21,373,0.0019546249999997656,25951.73696302809
Q4-3,2025-11-21@00,373,0.0019432080000001406,26693.644935901688
Q4-3,2025-11-21@06,283,0.002162915999999626,163.02799991927117
Q4-3,2025-11-21@12,185,0.0012682079999999374,0.001743457139984773
Q4-3,2025-11-21@18,83,0.0006632089999998314,0.0010475172334120366
Q2,2025-11-22,371,0.002016875000000695,29682.729767256875
Q3,2025-11-22@00,374,0.002073708000000174,34758.67896343786
Q3,2025-11-22@06,263,0.002188375000000242,0.002733210714320713
Q3,2025-11-22@12,186,0.0012644169999997956,0.0019690301467282906
Q3,2025-11-22@18,84,0.0005929999999993996,0.0010719131974938276
Q4-2,2025-11-22,367,0.002039916000000197,25899.159553248734
Q4-3,2025-11-22@00,369,0.0020642500000001007,30467.898304379
Q4-3,2025-11-22@06,268,0.002303708999999543,0.002738031263305315
Q4-3,2025-11-22@12,184,0.0012284999999998547,0.0019685037795060686
Q4-3,2025-11-22@18,82,0.000587417000000201,0.0010450271707337971
Q2,2025-11-23,365,0.0019833750000000094,52698.7726092088
Q3,2025-11-23@00,366,0.0019262499999994631,53356.00679173122
Q3,2025-11-23@06,366,0.0024326659999998057,5312.837367398702
Q3,2025-11-23@12,248,0.0014485000000004078,921.810818810742
Q3,2025-11-23@18,135,0.0006872079999995506,100.70019786561194
Q4-2,2025-11-23,369,0.0020523329999999618,56082.610203908356
Q4-3,2025-11-23@00,369,0.0020437910000001835,56808.70408975976
Q4-3,2025-11-23@06,382,0.0026609999999998024,5992.750060956655
Q4-3,2025-11-23@12,254,0.0015570410000007584,1049.7794991898493
Q4-3,2025-11-23@18,141,0.0007226669999997881,106.19424473418749
Q2,2025-11-24,363,0.001997707999999321,53278.944551577915
Q3,2025-11-24@00,357,0.0019542919999997466,52796.983767634214
Q3,2025-11-24@06,361,0.0024646670000008086,2985.7805308751713
Q3,2025-11-24@12,252,0.001521458000000031,2396.947500291291
Q3,2025-11-24@18,135,0.0006963750000004154,72.83105506289472
Q4-2,2025-11-24,370,0.0020577499999996363,56997.53574491826
Q4-3,2025-11-24@00,367,0.001998084000000233,56452.05117910113
Q4-3,2025-11-24@06,367,0.0025494999999997603,3363.9137855662107
Q4-3,2025-11-24@12,250,0.0014551669999995909,2251.0265582796874
Q4-3,2025-11-24@18,136,0.0007136250000003841,82.279433745281
Q2,2025-11-25,366,0.00198675000000037,52856.07095647594
Q3,2025-11-25@00,360,0.0019486669999988493,60865.764599694405
Q3,2025-11-25@06,323,0.0024473750000009176,234.9358306954939
Q3,2025-11-25@12,173,0.0014117920000007445,0.0025281109093755133
Q3,2025-11-25@18,134,0.0006937499999999375,46.20252377036834
Q4-2,2025-11-25,364,0.0020432919999997523,56470.955206697596
Q4-3,2025-11-25@00,363,0.0019641250000006494,65375.60915858912
Q4-3,2025-11-25@06,328,0.0023774169999999373,234.66160786650457
Q4-3,2025-11-25@12,182,0.001303500000000568,0.002241639765294392
Q4-3,2025-11-25@18,131,0.0007221249999993518,46.09333326483797
Q2,2025-11-26,365,0.0020565409999999673,53699.92449326673
Q3,2025-11-26@00,354,0.001994499999998567,57035.80628880892
Q3,2025-11-26@06,285,0.0022523329999994957,1935.0536575594278
Q3,2025-11-26@12,230,0.0013914169999988957,458.9671550810811
Q3,2025-11-26@18,137,0.0006850420000006352,263.3914320174844
Q4-2,2025-11-26,369,0.0020033749999992523,57597.95937356958
Q4-3,2025-11-26@00,361,0.0019362080000000503,61365.66995654836
Q4-3,2025-11-26@06,306,0.0023099159999997454,2021.1288522698094
Q4-3,2025-11-26@12,238,0.0014992080000002517,491.82708628077745
Q4-3,2025-11-26@18,136,0.0007164999999993427,276.3556241852765
Q2,2025-11-27,362,0.0020653340000009734,53549.99610168018
Q3,2025-11-27@00,371,0.0020781670000005192,55104.070898349746
Q3,2025-11-27@06,362,0.0024937089999994555,3191.270596562438
Q3,2025-11-27@12,256,0.0015662499999997692,864.4653510180777
Q3,2025-11-27@18,137,0.0007368329999994927,40.28303534521164
Q4-2,2025-11-27,363,0.00213066699999942,57558.453340874315
Q4-3,2025-11-27@00,370,0.002114167000000222,59322.58224414845
Q4-3,2025-11-27@06,371,0.0026415419999992196,3531.3949732731453
Q4-3,2025-11-27@12,253,0.0017778750000001509,927.2229634204468
Q4-3,2025-11-27@18,134,0.0007560419999990131,40.83429296033987
Q2,2025-11-28,374,0.00198029199999894,31179.982907545906
Q3,2025-11-28@00,375,0.0019008750000004682,32464.55440641414
Q3,2025-11-28@06,282,0.0022020420000004037,0.002940341669377676
Q3,2025-11-28@12,186,0.0013196669999988586,0.0017010704402922847
Q3,2025-11-28@18,82,0.0006501249999999459,0.0011305799402674896
Q4-2,2025-11-28,379,0.002105499999998983,27417.328908960353
Q4-3,2025-11-28@00,381,0.0020544590000000085,28685.20135556461
Q4-3,2025-11-28@06,284,0.0024189589999998873,0.002943235615251133
Q4-3,2025-11-28@12,184,0.0013773750000005691,0.0017010704402922847
Q4-3,2025-11-28@18,83,0.0006254580000000232,0.0011009115627716047
Q2,2025-11-29,369,0.0019202090000014493,31002.233565409773
Q3,2025-11-29@00,380,0.0019951669999986876,38995.98942139335
Q3,2025-11-29@06,268,0.0021000410000002745,0.0025492777089745192
Q3,2025-11-29@12,190,0.001250917000000129,0.0019497374266680373
Q3,2025-11-29@18,84,0.0005847920000014994,0.0010875502939423868
Q4-2,2025-11-29,376,0.0020083750000008393,27199.942017725094
Q4-3,2025-11-29@00,385,0.0022918750000009425,34587.89273200654
Q4-3,2025-11-29@06,275,0.002347166999999928,0.0025540592760151916
Q4-3,2025-11-29@12,189,0.0013502499999997752,0.0019523791764142649
Q4-3,2025-11-29@18,79,0.0005963329999989497,0.0010613873349459878
Q2,2025-11-30,366,0.002083667000000844,54242.66797155247
Q3,2025-11-30@00,374,0.0020747920000001585,57083.49234862883
Q3,2025-11-30@06,364,0.002596250000001632,4406.896926556842
Q3,2025-11-30@12,250,0.0015549589999999114,2456.6372768697
Q3,2025-11-30@18,135,0.0006983749999989186,153.3161989948596
Q4-2,2025-11-30,366,0.0021742919999994115,58469.666233665965
Q4-3,2025-11-30@00,372,0.0020343330000009985,61714.495193687246
Q4-3,2025-11-30@06,367,0.002677625000000461,4878.098062801022
Q4-3,2025-11-30@12,264,0.0015925420000009183,2868.7361841363613
Q4-3,2025-11-30@18,136,0.0007221660000009678,161.69147567191314
Q2,2025-12-01,364,0.002047208999998773,54554.64642383513
Q3,2025-12-01@00,352,0.00200008300000043,60172.32736251465
Q3,2025-12-01@06,366,0.0026496250000001,8419.521868816255
Q3,2025-12-01@12,254,0.0014891249999990919,6962.45633677489
Q3,2025-12-01@18,134,0.0006838330000000781,3688.9703897737973
Q4-2,2025-12-01,366,0.0019530830000000776,58946.94161146746
Q4-3,2025-12-01@00,359,0.001977040999999957,65252.915931133575
Q4-3,2025-12-01@06,379,0.002519708999999537,9486.274831833847
Q4-3,2025-12-01@12,263,0.0014596250000007416,7887.764749274966
Q4-3,2025-12-01@18,131,0.0006717920000003375,4124.499851008323
Q2,2025-12-02,357,0.0019662500000006133,54991.64142020908
Q3,2025-12-02@00,359,0.002152583000000874,62302.45787814865
Q3,2025-12-02@06,345,0.002582832999999951,7787.225529070754
Q3,2025-12-02@12,243,0.001411250000000308,6386.076705813347
Q3,2025-12-02@18,134,0.0006923329999999339,3266.305053422976
Q4-2,2025-12-02,360,0.0020134170000005724,59411.860571610756
Q4-3,2025-12-02@00,364,0.002006666999999851,67806.48506478751
Q4-3,2025-12-02@06,362,0.0024412500000003945,8756.501947357192
Q4-3,2025-12-02@12,254,0.001509625000000625,7114.748463141625
Q4-3,2025-12-02@18,134,0.0006972499999999826,3640.1599810192615
Q2,2025-12-03,353,0.002056916000000797,56183.64006525803
Q3,2025-12-03@00,359,0.0019692500000001445,56039.70847859793
Q3,2025-12-03@06,365,0.0024750420000003714,14167.337642182483
Q3,2025-12-03@12,251,0.0014562080000004585,11500.799946565327
Q3,2025-12-03@18,134,0.0006910419999996975,3177.6636666536638
Q4-2,2025-12-03,355,0.0020352910000003277,61413.396778029404
Q4-3,2025-12-03@00,358,0.002036374999999424,61252.69340949134
Q4-3,2025-12-03@06,376,0.0026678329999985095,16864.913078865116
Q4-3,2025-12-03@12,261,0.0017042079999995963,14340.352836628752
Q4-3,2025-12-03@18,141,0.0007246250000001453,3495.6841579790494
Q2,2025-12-04,358,0.0019738329999992033,57145.33299229327
Q3,2025-12-04@00,347,0.00196445799999978,62209.24575083239
Q3,2025-12-04@06,332,0.0023211669999998463,7499.260858897381
Q3,2025-12-04@12,226,0.001402041000000409,5088.692813592694
Q3,2025-12-04@18,135,0.0006777500000012537,3095.8498864022745
Q4-2,2025-12-04,362,0.0019633749999989902,62826.92799347245
Q4-3,2025-12-04@00,349,0.0019682499999991165,68764.25356412986
Q4-3,2025-12-04@06,342,0.002471833000001311,8038.804246550513
Q4-3,2025-12-04@12,236,0.0014512500000005701,5550.6192056620475
Q4-3,2025-12-04@18,134,0.0007094169999994904,3232.26812416775
Q2,2025-12-05,382,0.002016333000000259,34987.04613086843
Q3,2025-12-05@00,383,0.002038834000000378,38234.64729782067
Q3,2025-12-05@06,295,0.0022884169999990434,6.152418563997346
Q3,2025-12-05@12,187,0.0013266660000006425,0.0019018036925974777
Q3,2025-12-05@18,85,0.0005936670000004085,0.0011923872407983542
Q4-2,2025-12-05,373,0.0020427090000012527,31811.172417323978
Q4-3,2025-12-05@00,387,0.0022671250000012577,35035.981606007466
Q4-3,2025-12-05@06,295,0.002307874999999626,0.0035645708448099438
Q4-3,2025-12-05@12,187,0.0013382090000000346,0.0019492926783011642
Q4-3,2025-12-05@18,85,0.0005795000000006212,0.0011540242807692907
Q2,2025-12-06,383,0.002034166999999698,35337.73736265832
Q3,2025-12-06@00,374,0.0020607909999998952,40091.79236079508
Q3,2025-12-06@06,284,0.0022990420000006395,0.00339623618836159
Q3,2025-12-06@12,188,0.0013656669999999593,0.0020651225499319914
Q3,2025-12-06@18,84,0.0006495829999995095,0.0011679195683127574
Q4-2,2025-12-06,378,0.0021002079999998813,32246.64889734144
Q4-3,2025-12-06@00,377,0.0021102919999993475,36914.33778281899
Q4-3,2025-12-06@06,294,0.0023479580000014266,0.0034068457248940657
Q4-3,2025-12-06@12,186,0.0013202910000007506,0.002120882696008265
Q4-3,2025-12-06@18,83,0.0006330419999986958,0.0011679195683127572
Q2,2025-12-07,353,0.001993291999999869,59109.76349707871
Q3,2025-12-07@00,340,0.0019392909999993435,64990.21324564285
Q3,2025-12-07@06,313,0.002517583999999573,3879.5598943734367
Q3,2025-12-07@12,238,0.0014786660000005725,4556.617903457876
Q3,2025-12-07@18,136,0.0007226249999998657,2343.508803591212
Q4-2,2025-12-07,353,0.0018655419999991096,65463.628414414525
Q4-3,2025-12-07@00,347,0.0018752089999996002,72535.32539678173
Q4-3,2025-12-07@06,316,0.0022935000000003924,4230.467785945622
Q4-3,2025-12-07@12,238,0.0014142079999999169,5024.560196269133
Q4-3,2025-12-07@18,133,0.0006948750000006498,2453.1197484026434
Q2,2025-12-08,344,0.0019056660000007497,59385.08726991568
Q3,2025-12-08@00,352,0.002061124999999109,65251.53897783826
Q3,2025-12-08@06,369,0.0026836669999994456,6226.419997394649
Q3,2025-12-08@12,246,0.0015252080000003332,4018.4476282714736
Q3,2025-12-08@18,134,0.0007012080000006193,1912.118408621987
Q4-2,2025-12-08,346,0.0020037909999999215,66492.57479694791
Q4-3,2025-12-08@00,353,0.0020028750000005147,73568.74903279322
Q4-3,2025-12-08@06,382,0.002659250000000668,7263.507608221319
Q4-3,2025-12-08@12,258,0.0015636249999992913,4497.673766484624
Q4-3,2025-12-08@18,134,0.0006961659999991099,2022.823981467111
Q2,2025-12-09,354,0.00202887499999882,60143.305925968394
Q3,2025-12-09@00,348,0.002007750000000641,64729.154921914414
Q3,2025-12-09@06,324,0.0023220000000012675,3385.122222892936
Q3,2025-12-09@12,245,0.001472957999999025,4054.1212622927155
Q3,2025-12-09@18,137,0.0006786670000007433,1783.7468309528315
Q4-2,2025-12-09,345,0.001876000000001099,67441.89406810324
Q4-3,2025-12-09@00,342,0.001881374999999963,73045.86524084621
Q4-3,2025-12-09@06,322,0.002301791000000719,3695.3298059543595
Q4-3,2025-12-09@12,255,0.0016523750000008164,4402.251488237084
Q4-3,2025-12-09@18,135,0.0007035000000001901,1874.5879752826943
Q2,2025-12-10,353,0.0020834579999995384,60516.47338115219
Q3,2025-12-10@00,341,0.0019244170000014549,62145.403250606956
Q3,2025-12-10@06,361,0.0026070420000010586,8973.928870821945
Q3,2025-12-10@12,257,0.001481542000000502,3963.222633438461
Q3,2025-12-10@18,134,0.0006632910000003989,1817.9838871552097
Q4-2,2025-12-10,350,0.0018760410000009387,68124.9959999267
Q4-3,2025-12-10@00,344,0.0018460840000003031,70077.05070364418
Q4-3,2025-12-10@06,363,0.00267029200000124,10730.248765042383
Q4-3,2025-12-10@12,258,0.001580624999999003,4534.498869373688
Q4-3,2025-12-10@18,137,0.0006998750000004605,1915.9780012525537
Q2,2025-12-11,349,0.001911500000000288,60502.786421402176
Q3,2025-12-11@00,345,0.0018906659999995412,64478.827185416616
Q3,2025-12-11@06,336,0.0022785830000007223,3214.571583858382
Q3,2025-12-11@12,228,0.0014732080000001702,3240.590604316565
Q3,2025-12-11@18,135,0.0006882499999996128,1772.0942746449923
Q4-2,2025-12-11,348,0.0020071250000004426,67977.04251514013
Q4-3,2025-12-11@00,350,0.002029124999999965,72860.69112792738
Q4-3,2025-12-11@06,342,0.0023594580000008136,2956.2175729172636
Q4-3,2025-12-11@12,228,0.0013990409999991016,3631.1114648898683
Q4-3,2025-12-11@18,137,0.0007110830000005564,1838.9804761305256
Q2,2025-12-12,375,0.0020136669999999413,36934.72169983663
Q3,2025-12-12@00,376,0.002112625000000534,39994.18580466148
Q3,2025-12-12@06,306,0.002294666999999251,194.0374437422782
Q3,2025-12-12@12,185,0.0012757499999995758,0.0019981260854181745
Q3,2025-12-12@18,84,0.000698416999998841,0.0012020661961810696
Q4-2,2025-12-12,368,0.0020656660000000215,34128.35125843394
Q4-3,2025-12-12@00,373,0.0021083340000007667,37202.47436514564
Q4-3,2025-12-12@06,311,0.0023474580000009126,176.47417731120143
Q4-3,2025-12-12@12,189,0.0013544589999998635,0.0019713317280575277
Q4-3,2025-12-12@18,83,0.0005918749999995754,0.0011634810482114195
Q2,2025-12-13,380,0.0021039579999992952,38034.13128878004
Q3,2025-12-13@00,372,0.002111959000000496,41093.93699606687
Q3,2025-12-13@06,301,0.0025230409999998926,2173.5100273491053
Q3,2025-12-13@12,193,0.0012686659999996408,0.0019686210702472033
Q3,2025-12-13@18,86,0.0005899579999990578,0.0011354270780576125
Q4-2,2025-12-13,381,0.0020734170000000773,35600.67844983104
Q4-3,2025-12-13@00,371,0.0019871250000011997,38700.38743683864
Q4-3,2025-12-13@06,305,0.0022975000000009516,2147.977621689426
Q4-3,2025-12-13@12,190,0.0012896659999999116,0.0019669746746183454
Q4-3,2025-12-13@18,84,0.0006192079999998157,0.0011354270780576123
Q2,2025-12-14,357,0.002019082999998645,61919.93297434358
Q3,2025-12-14@00,350,0.002037124999999307,61517.26167886119
Q3,2025-12-14@06,364,0.002499917000001517,7897.956529821642
Q3,2025-12-14@12,250,0.001465707999999566,6428.69474668604
Q3,2025-12-14@18,135,0.000727499999999992,1805.1325709433047
Q4-2,2025-12-14,355,0.002029791000000003,69724.07286752961
Q4-3,2025-12-14@00,351,0.001971250000000424,69210.4964506137
Q4-3,2025-12-14@06,370,0.002662082999998816,9644.761185224148
Q4-3,2025-12-14@12,252,0.0014069589999987642,7687.858171976063
Q4-3,2025-12-14@18,135,0.0006591250000003157,1911.2462295822127
Q2,2025-12-15,345,0.00209020800000026,62605.94633954127
Q3,2025-12-15@00,344,0.0018876670000000928,62397.78043551796
Q3,2025-12-15@06,368,0.002485499999998808,8829.123321955893
Q3,2025-12-15@12,246,0.0014868749999994435,4076.3354031126587
Q3,2025-12-15@18,134,0.0006977079999987978,997.271623002585
Q4-2,2025-12-15,349,0.001899958999999285,71390.37450660199
Q4-3,2025-12-15@00,340,0.001877166000001651,71134.79725029675
Q4-3,2025-12-15@06,370,0.0024056249999997448,10953.1469102181
Q4-3,2025-12-15@12,252,0.0016224579999999378,4951.807940992452
Q4-3,2025-12-15@18,134,0.000696250000000731,1054.7298405985414
Q2,2025-12-16,348,0.0019636250000001354,63555.730309570434
Q3,2025-12-16@00,347,0.0019495420000001928,66632.45383605278
Q3,2025-12-16@06,356,0.002467333000000238,2240.2253272792354
Q3,2025-12-16@12,239,0.0015041250000003004,2310.3868866279417
Q3,2025-12-16@18,134,0.000717625000000055,1028.8211964020857
Q4-2,2025-12-16,342,0.001995582999999357,72494.36004465011
Q4-3,2025-12-16@00,339,0.001909375000000324,76352.04275761703
Q4-3,2025-12-16@06,353,0.0026189579999993384,2531.653287921728
Q4-3,2025-12-16@12,240,0.001443500000000597,2622.928550832305
Q4-3,2025-12-16@18,137,0.0006862089999994936,1083.5209472180202
Q2,2025-12-17,344,0.0019125839999993843,63588.85310039825
Q3,2025-12-17@00,351,0.0018996250000000714,66735.32033922739
Q3,2025-12-17@06,321,0.0025097919999996776,1247.063723076899
Q3,2025-12-17@12,242,0.001495667000000367,2202.6132104085755
Q3,2025-12-17@18,136,0.000721874999999983,1073.3648334165807
Q4-2,2025-12-17,347,0.0020492500000006686,73148.15094553187
Q4-3,2025-12-17@00,349,0.0019747920000003916,77191.01529423536
Q4-3,2025-12-17@06,327,0.002407291999999117,1333.9068501903819
Q4-3,2025-12-17@12,244,0.001481083000001604,2490.46872424051
Q4-3,2025-12-17@18,136,0.0007283329999996369,1129.2607465478125
Q2,2025-12-18,348,0.0019833329999983107,63086.98395511281
Q3,2025-12-18@00,352,0.0019560409999996864,63739.74223805477
Q3,2025-12-18@06,368,0.0026232910000008047,6697.8837326303
Q3,2025-12-18@12,250,0.0014970830000002877,3947.2932912894953
Q3,2025-12-18@18,136,0.0008452499999993535,1152.9503412459308
Q4-2,2025-12-18,343,0.0020079580000000874,71944.0135137032
Q4-3,2025-12-18@00,348,0.0018522079999989671,72722.96009943706
Q4-3,2025-12-18@06,364,0.0024672910000003156,8274.626593999123
Q4-3,2025-12-18@12,249,0.0014521670000000597,4705.40196050442
Q4-3,2025-12-18@18,135,0.0006951659999998583,1201.3679949550203
Q2,2025-12-19,370,0.0019922080000007725,39628.07143213021
Q3,2025-12-19@00,381,0.0019920409999993893,39918.599026424585
Q3,2025-12-19@06,302,0.0024171670000008305,0.003484628707535442
Q3,2025-12-19@12,186,0.0013789590000001795,0.0018675812627988676
Q3,2025-12-19@18,84,0.000588541999999137,0.0011319588881769547
Q4-2,2025-12-19,376,0.002073375000000155,37448.05971342449
Q4-3,2025-12-19@00,380,0.0020658329999996283,37737.663192151405
Q4-3,2025-12-19@06,307,0.0023969160000003598,0.0034032428688660315
Q4-3,2025-12-19@12,190,0.0013641250000002714,0.0018686033855627568
Q4-3,2025-12-19@18,84,0.0006079169999999579,0.0011385059615102882
Q2,2025-12-20,379,0.0021325000000000927,40880.22493788434
Q3,2025-12-20@00,385,0.002262833999999714,42101.06781347883
Q3,2025-12-20@06,282,0.0022564169999998995,0.003241368001593602
Q3,2025-12-20@12,190,0.0013590419999989223,0.0020526838930096354
Q3,2025-12-20@18,84,0.0005930830000000498,0.0011035797131069953
Q4-2,2025-12-20,376,0.002082749999999578,39301.542271536244
Q4-3,2025-12-20@00,384,0.0020667500000008943,40529.92288224941
Q4-3,2025-12-20@06,286,0.002092541999999753,0.0031478491075826805
Q4-3,2025-12-20@12,191,0.001279084000000097,0.002055948896634635
Q4-3,2025-12-20@18,81,0.0005727499999998997,0.0011097597843711417
Q2,2025-12-21,347,0.0021134170000003394,64584.771218698224
Q3,2025-12-21@00,350,0.0019317090000008363,65612.8088892447
Q3,2025-12-21@06,346,0.002478917000001246,2279.978944807245
Q3,2025-12-21@12,250,0.0014389589999996844,3572.5110682832637
Q3,2025-12-21@18,134,0.0006756249999995134,985.3556271937396
Q4-2,2025-12-21,346,0.0018732080000010143,74282.64441936808
Q4-3,2025-12-21@00,349,0.0019059170000002013,75647.80926823796
Q4-3,2025-12-21@06,348,0.0024117499999984915,2588.555016589235
Q4-3,2025-12-21@12,252,0.0015613339999998033,4219.396492376643
Q4-3,2025-12-21@18,137,0.0007556669999999599,1038.35981141642
Q2,2025-12-22,336,0.0018779999999996022,65338.649356599126
Q3,2025-12-22@00,338,0.001816250000000963,65557.59541443564
Q3,2025-12-22@06,365,0.0025737499999998192,2860.7705383696907
Q3,2025-12-22@12,249,0.0015192920000011156,1885.9173296496383
Q3,2025-12-22@18,137,0.0007164999999993427,334.6124602538096
Q4-2,2025-12-22,342,0.0019468749999997925,75861.74683788697
Q4-3,2025-12-22@00,338,0.0019082499999996116,76078.16573707586
Q4-3,2025-12-22@06,362,0.0026545420000001485,3607.899864465116
Q4-3,2025-12-22@12,249,0.001474375000000805,2348.63099392539
Q4-3,2025-12-22@18,137,0.0006999169999986066,348.4035851386658
Q2,2025-12-23,335,0.0018815829999994094,65812.95044022011
Q3,2025-12-23@00,348,0.001832792000000083,67107.17232597589
Q3,2025-12-23@06,324,0.002327417000000054,717.8225720093918
Q3,2025-12-23@12,240,0.0014656249999998039,92.4776033338811
Q3,2025-12-23@18,135,0.0006906659999987852,160.93558264174695
Q4-2,2025-12-23,332,0.0018868339999986716,76371.63345418018
Q4-3,2025-12-23@00,343,0.0021374170000001413,78133.38290073529
Q4-3,2025-12-23@06,329,0.0024585419999993974,735.1526046171726
Q4-3,2025-12-23@12,236,0.0014617080000007832,73.83351953959829
Q4-3,2025-12-23@18,138,0.0007229589999990793,167.228406907306
Q2,2025-12-24,346,0.0019353750000004055,65263.67192169767
Q3,2025-12-24@00,340,0.001913625000000252,66378.9434702961
Q3,2025-12-24@06,297,0.0024185830000007513,316.52762050142684
Q3,2025-12-24@12,230,0.0014881669999997627,265.43329030005003
Q3,2025-12-24@18,132,0.0007904169999992661,163.7208861298387
Q4-2,2025-12-24,337,0.0020472080000004667,76054.01484165678
Q4-3,2025-12-24@00,336,0.0019150830000000951,77392.24031628043
Q4-3,2025-12-24@06,303,0.0023868750000008987,444.8450994673068
Q4-3,2025-12-24@12,231,0.001469124999999849,306.29191898077346
Q4-3,2025-12-24@18,136,0.0007051670000013388,168.51357665107835
Q2,2025-12-25,345,0.0019487080000004653,64875.38428356391
Q3,2025-12-25@00,344,0.0019237500000013341,63502.064114621404
Q3,2025-12-25@06,379,0.002962000000000131,1557.6332354692486
Q3,2025-12-25@12,251,0.001598915999998951,3071.8249940505953
Q3,2025-12-25@18,135,0.0006988749999994326,278.15167467860863
Q4-2,2025-12-25,338,0.001836458999999735,74704.02026281784
Q4-3,2025-12-25@00,337,0.0017892499999998535,72945.16830101011
Q4-3,2025-12-25@06,372,0.002523291000001038,1992.23772605426
Q4-3,2025-12-25@12,252,0.0015380000000000393,3902.0683367091797
Q4-3,2025-12-25@18,137,0.0007229589999990793,287.49751564718423
Q2,2025-12-26,368,0.0020465000000005062,41581.20916952294
Q3,2025-12-26@00,378,0.002174166999999727,41194.69387275635
Q3,2025-12-26@06,287,0.0023640000000000327,0.0032846377612425898
Q3,2025-12-26@12,195,0.0014011669999991483,0.0020245635263864375
Q3,2025-12-26@18,84,0.0005934999999990254,0.0011061087747366249
Q4-2,2025-12-26,367,0.002027500000000515,40099.94116422974
Q4-3,2025-12-26@00,380,0.0020527499999989374,39667.30632595999
Q4-3,2025-12-26@06,288,0.002322082999999253,0.0032104026141198186
Q4-3,2025-12-26@12,194,0.0013247500000002077,0.002029143479823938
Q4-3,2025-12-26@18,84,0.0005757909999992705,0.0011140620611116254
Q2,2025-12-27,379,0.0021761670000000066,42154.20242347472
Q3,2025-12-27@00,384,0.002168292000000349,42428.491760870806
Q3,2025-12-27@06,282,0.002270582999999604,0.003294688011590911
Q3,2025-12-27@12,195,0.0013276250000000545,0.0020612460049111276
Q3,2025-12-27@18,81,0.0005855829999994455,0.0011413359174444445
Q4-2,2025-12-27,376,0.0020695000000010566,40966.78487020066
Q4-3,2025-12-27@00,381,0.0020553749999994153,41235.84007864968
Q4-3,2025-12-27@06,286,0.002266708999998812,0.0032150983917145384
Q4-3,2025-12-27@12,193,0.0014788330000001793,0.002066608172119461
Q4-3,2025-12-27@18,81,0.0005931249999999721,0.0011509304650902778
Q2,2025-12-28,345,0.0019674999999992338,65919.54821539641
Q3,2025-12-28@00,343,0.001902249999998773,65719.12976292254
Q3,2025-12-28@06,344,0.0024195840000000857,1411.7474174476572
Q3,2025-12-28@12,237,0.0015084579999999903,431.70526998617424
Q3,2025-12-28@18,134,0.0006845000000001988,77.17092092237155
Q4-2,2025-12-28,342,0.0018156669999989106,76779.86062745831
Q4-3,2025-12-28@00,343,0.001792874999999583,76452.63619098632
Q4-3,2025-12-28@06,336,0.0023394579999997944,1669.849136949079
Q4-3,2025-12-28@12,244,0.0015459169999996192,519.6826328392731
Q4-3,2025-12-28@18,135,0.0007077920000000404,79.36200794757004
Q2,2025-12-29,344,0.0018445420000006152,66030.4084389383
Q3,2025-12-29@00,343,0.0018270420000003895,64603.87263653376
Q3,2025-12-29@06,365,0.0023753749999997353,3146.4505439409436
Q3,2025-12-29@12,193,0.0012598750000005765,1544.661700840478
Q3,2025-12-29@18,88,0.0005860000000001975,0.001387765971172839
Q4-2,2025-12-29,343,0.002028624999999451,77406.22509264042
Q4-3,2025-12-29@00,342,0.002109166999998635,75534.522009606
Q4-3,2025-12-29@06,361,0.0024594580000005806,4218.77013463437
Q4-3,2025-12-29@12,195,0.0012888330000002668,1996.6737579344672
Q4-3,2025-12-29@18,90,0.0005847089999999611,0.001387765971172839
Q2,2025-12-30,347,0.001965041000000056,65504.488837286124
Q3,2025-12-30@00,340,0.0019080830000000049,65062.81725964523
Q3,2025-12-30@06,354,0.0025483330000000137,1730.9577853495632
Q3,2025-12-30@12,174,0.0013399160000009402,0.002417879033570987
Q3,2025-12-30@18,91,0.0006263750000012891,0.0013898317097438269
Q4-2,2025-12-30,335,0.0020632920000007715,76419.16012743265
Q4-3,2025-12-30@00,333,0.0018795000000011441,75796.11244180809
Q4-3,2025-12-30@06,345,0.0024563339999996714,2187.1755962577636
Q4-3,2025-12-30@12,170,0.0012705420000003187,0.002430913947987551
Q4-3,2025-12-30@18,91,0.0006014170000003816,0.0013898317097438269
Q2,2025-12-31,342,0.0019401250000008474,64526.43200501681
Q3,2025-12-31@00,362,0.001981125000000361,65421.54250184526
Q3,2025-12-31@06,278,0.002285875000000104,111.35441957274303
Q3,2025-12-31@12,247,0.001613457999999568,702.879979534911
Q3,2025-12-31@18,89,0.0006389999999996121,0.0013961256856913572
Q4-2,2025-12-31,339,0.0019819160000000835,75264.30437310433
Q4-3,2025-12-31@00,357,0.002050917000000041,76542.40796254968
Q4-3,2025-12-31@06,280,0.002351874999998671,118.46736936142264
Q4-3,2025-12-31@12,246,0.0015999589999999841,867.8824358973787
Q4-3,2025-12-31@18,86,0.000603915999999316,0.0013961256856913572
