date,slot,model,load_kw,pv_kw,actual_price,grid_kwh,charge_kwh,discharge_kwh,soc_kwh,emergency_kwh
2025-03-20,1,Q2,3299.0689,0.0,0.4487,1415.6013469999998,833.3333333333333,0.0,6750.0,0.0
2025-03-20,2,Q2,3421.881,0.0,0.4373,1416.459833,833.3333333333333,0.0,7500.0,0.0
2025-03-20,3,Q2,3683.11,0.0,0.4311,1428.266025,833.3333333333333,0.0,8250.0,18.918975000000046
2025-03-20,4,Q2,3476.737,0.0,0.4344,1417.7996944166666,833.3333333333333,0.0,9000.0,0.0
2025-03-20,5,Q2,3302.6695,0.0,0.4238,1421.5145030833332,833.3333333333333,0.0,9750.0,0.0
2025-03-20,6,Q2,3426.94,0.0,0.4296,581.2754833333335,0.0,0.0,9750.0,0.0
2025-03-20,7,Q2,3609.5343,0.0,0.4989,597.8401440833331,0.0,0.0,9750.0,3.7489059166667857
2025-03-20,8,Q2,3668.9025,0.0,0.5083,589.6821298333332,0.0,0.0,9750.0,21.801620166666794
2025-03-20,9,Q2,3589.3,0.0,0.4468,908.7882666666667,333.3333333333333,0.0,10050.0,22.761733333333268
2025-03-20,10,Q2,3503.6157,0.0,0.4284,581.2389949999999,0.0,0.0,10050.0,2.6969550000000027
2025-03-20,11,Q2,3545.9703,0.0,0.4436,588.64369425,0.0,0.0,10050.0,2.351355750000039
2025-03-20,12,Q2,3590.66,0.0,0.454,597.9198249999998,0.0,0.0,10050.0,0.5235083333334387
2025-03-20,13,Q2,3395.9017,0.0,0.4404,591.79158275,0.0,0.0,10050.0,0.0
2025-03-20,14,Q2,3276.7246,0.0,0.4405,589.1676976666666,0.0,0.0,10050.0,0.0
2025-03-20,15,Q2,3394.28,0.0,0.4545,588.6726666666667,0.0,0.0,10050.0,0.0
2025-03-20,16,Q2,3587.5594,0.0,0.4389,591.0222517499999,0.0,0.0,10050.0,6.904314916666749
2025-03-20,17,Q2,3605.7268,0.0,0.3868,605.8990858333333,0.0,0.0,10050.0,0.0
2025-03-20,18,Q2,3522.79,0.0,0.3634,609.3064250000001,0.0,0.0,10050.0,0.0
2025-03-20,19,Q2,3631.2618,0.0,0.4416,598.0501237499999,0.0,0.0,10050.0,7.160176250000063
2025-03-20,20,Q2,3731.3543,0.0,0.4839,579.3927679166668,0.0,0.0,10050.0,42.49961541666653
2025-03-20,21,Q2,3721.01,0.0,0.4574,589.3909416666667,0.0,0.0,10050.0,30.77739166666663
2025-03-20,22,Q2,3699.7385,0.0,0.4575,607.0083396666666,0.0,0.0,10050.0,9.61474366666664
2025-03-20,23,Q2,3674.7825,0.0,0.4629,602.2486379166666,0.0,0.0,10050.0,10.215112083333338
2025-03-20,24,Q2,3623.58,0.0,0.4426,597.4863083333332,0.0,0.0,10050.0,6.443691666666723
2025-03-20,25,Q2,3538.7697,0.0019,0.4023,619.0029989166666,0.0,0.0,10050.0,0.0
2025-03-20,26,Q2,3488.7843,0.0,0.4075,620.7266110833334,0.0,0.0,10050.0,0.0
2025-03-20,27,Q2,3513.51,0.0,0.452,597.1341749999999,0.0,0.0,10050.0,0.0
2025-03-20,28,Q2,3598.3779,0.0271,0.4646,606.3016344999999,0.0,0.0,10050.0,0.0
2025-03-20,29,Q2,3700.4359,0.0,0.4561,613.4775477499999,0.0,0.0,10050.0,3.2617689166667105
2025-03-20,30,Q2,3753.57,0.0,0.4379,601.9390749999999,0.0,0.0,10050.0,23.65592500000014
2025-03-20,31,Q2,3716.9811,0.3776,0.4177,586.0127089166667,0.0,0.0,10050.0,33.421207749999894
2025-03-20,32,Q2,3707.0664,0.0,0.464,599.8913245,0.0,0.0,10050.0,17.953075499999954
2025-03-20,33,Q2,3642.69,0.0,0.4802,625.8205,0.0,0.0,10050.0,0.0
2025-03-20,34,Q2,3457.8398,5.2594,0.352,1437.7341084999998,833.3333333333333,0.0,10800.0,0.0
2025-03-20,35,Q2,4028.7787,0.0,0.5794,672.40166125,0.0,-0.0,10800.0,0.0
2025-03-20,36,Q2,4962.09,0.0,1.0185,0.0,0.0,818.2586583333334,9890.823712962963,8.756341666666572
2025-03-20,37,Q2,4905.1198,153.4202,0.995,0.0,0.0,823.8389669166665,8975.447083055557,0.0
2025-03-20,38,Q2,4660.8239,401.044,0.8932,0.0,0.0,778.5004593333333,8110.446572685186,0.0
2025-03-20,39,Q2,4703.75,675.525,0.9281,0.0,0.0,696.2339270833335,7336.853320370371,0.0
2025-03-20,40,Q2,4726.9008,952.6316,0.9231,0.0,0.0,647.0533282499998,6617.9051778703715,0.0
2025-03-20,41,Q2,4819.4733,1302.5378,0.902,0.0,0.0,600.2549144166666,5950.955272962964,0.0
2025-03-20,42,Q2,4880.33,1693.2375,0.8707,0.0,0.0,552.6419520833333,5336.908659537038,0.0
2025-03-20,43,Q2,4689.3761,2009.9231,0.7992,485.86384291666593,0.0,1.7124816666671903,5335.00590212963,0.0
2025-03-20,44,Q2,4713.3646,2305.9149,0.7957,448.5120795833332,0.0,0.0,5335.00590212963,0.0
2025-03-20,45,Q2,4827.2,2609.7375,0.8046,394.66878749999995,0.0,0.0,5335.00590212963,0.0
2025-03-20,46,Q2,4578.156,2894.0148,0.7001,298.54960591666645,0.0,0.0,5335.00590212963,0.0
2025-03-20,47,Q2,5187.0368,3179.5684,0.8467,0.0,0.0,377.0644429166666,4916.045410000001,0.0
2025-03-20,48,Q2,6405.59,3476.5125,1.1788,0.0,0.0,525.2812583333334,4332.399567407408,0.0
2025-03-20,49,Q2,6658.0486,3761.2255,1.2356,0.0,0.0,483.0180940833335,3795.7127962037034,0.0
2025-03-20,50,Q2,6606.6001,3976.3717,1.1876,0.0,0.0,417.32892408333305,3332.0139916666667,21.04247591666683
2025-03-20,51,Q2,6687.27,4220.325,1.1569,0.0,0.0,382.2247958333332,2907.3197740740743,28.932704166666895
2025-03-20,52,Q2,6649.776,4653.7429,1.0869,0.0,0.0,304.8108390833336,2568.6410639814812,27.86134424999966
2025-03-20,53,Q2,6705.5335,5037.5027,1.0527,0.0,0.0,283.5598146666665,2253.5746032407405,0.0
2025-03-20,54,Q2,6757.81,5180.8875,1.068,0.0,0.0,258.19473750000003,1966.6915615740736,4.625679166666714
2025-03-20,55,Q2,6494.2004,5166.4978,1.0672,0.0,0.0,191.93201508333334,1753.4337670370367,29.351751583333254
2025-03-20,56,Q2,6436.4392,5533.329,1.0563,0.0,0.0,161.0299409166667,1574.5116104629626,0.0
2025-03-20,57,Q2,6570.85,6107.7375,1.0344,0.0,0.0,132.59025208333327,1427.1891081481479,0.0
2025-03-20,58,Q2,6399.3635,6182.795,0.9937,0.0,0.0,114.57486733333327,1299.8836999999999,0.0
2025-03-20,59,Q2,6445.9301,6198.386,0.9971,0.0,0.0,57.523317499999926,1235.9689027777777,0.0
2025-03-20,60,Q2,6697.43,6426.1875,1.0131,0.0,0.0,32.37201249999995,1200.0,12.835070833333432
2025-03-20,61,Q2,6577.9956,6675.2481,0.948,0.0,2.007406916666767,0.0,1201.806666225,0.0
2025-03-20,62,Q2,6445.2772,6774.004,0.9058,0.0,20.338316833333376,0.0,1220.1111513750002,0.0
2025-03-20,63,Q2,6473.61,6879.075,0.9279,0.0,68.44868541666676,0.0,1281.7149682500003,0.8711854166667479
2025-03-20,64,Q2,6454.2353,7268.5137,0.927,0.0,89.34735550000005,0.0,1362.1275882000004,0.0
2025-03-20,65,Q2,6352.336,7455.3554,0.7628,0.0,132.40964591666662,0.0,1481.2962695250003,0.0
2025-03-20,66,Q2,6279.9,7263.0,0.544,687.5600812499997,833.3333333333333,0.0,2231.2962695250003,0.0
2025-03-20,67,Q2,6362.0436,7021.6679,0.5346,671.8799455,833.3333333333333,0.0,2981.2962695250003,51.516004499999895
2025-03-20,68,Q2,6393.8373,7052.8842,0.5872,645.1038388333334,833.3333333333333,0.0,3731.2962695250003,78.38834449999983
2025-03-20,69,Q2,6360.1,7317.5625,0.577,601.2375895833334,833.3333333333333,0.0,4481.296269525001,72.51866041666662
2025-03-20,70,Q2,6424.0276,7505.6333,0.5241,609.4455731666665,833.3333333333333,0.0,5231.296269525001,43.620143500000125
2025-03-20,71,Q2,6379.6216,7635.0323,0.5111,631.0336960833334,833.3333333333333,0.0,5981.296269525001,0.0
2025-03-20,72,Q2,6168.32,7818.45,0.5158,595.4912375000001,833.3333333333333,0.0,6731.296269525001,0.0
2025-03-20,73,Q2,5958.8116,8082.9395,0.4519,587.1020154166667,833.3333333333333,0.0,7481.296269525001,0.0
2025-03-20,74,Q2,5855.2299,8090.5707,0.4435,584.6190702500002,833.3333333333333,0.0,8231.296269525,0.0
2025-03-20,75,Q2,5883.66,7709.3625,0.4915,586.5745666666666,833.3333333333333,0.0,8981.296269525,0.0
2025-03-20,76,Q2,6006.2794,7205.256,0.4972,598.9015690000001,833.3333333333333,0.0,9731.296269525,34.60233099999982
2025-03-20,77,Q2,6168.3548,7206.9442,0.6604,405.54845866666557,621.3924069999989,0.0,10290.549435825,42.74571500000005
2025-03-20,78,Q2,6351.38,7525.8,0.9001,0.0,144.55990416666657,0.0,10420.653349574999,0.0
2025-03-20,79,Q2,6510.6216,7339.075,0.9125,0.0,118.99748374999992,0.0,10527.75108495,0.0
2025-03-20,80,Q2,6358.8315,6900.6338,0.919,0.0,78.09701858333275,0.0,10598.038401675,0.0
2025-03-20,81,Q2,6039.3,6610.0125,0.9817,0.0,91.88759791666638,0.0,10680.737239799999,0.0
2025-03-20,82,Q2,6028.9848,6642.1795,0.9361,0.0,37.855308499999815,0.0,10714.807017449999,0.0
2025-03-20,83,Q2,6177.7813,6806.5377,0.8829,0.0,30.32018216666686,0.0,10742.0951814,0.0
2025-03-20,84,Q2,6280.02,6799.95,0.8924,0.0,43.95467708333315,0.0,10781.654390775,0.0
2025-03-20,85,Q2,6283.4823,6453.6137,0.9351,0.0,20.384010249999864,0.0,10800.0,0.0
2025-03-20,86,Q2,6314.912,6203.5886,0.9817,0.0,0.0,8.08061200000014,10791.021542222223,10.473287999999894
2025-03-20,87,Q2,6352.79,6115.6875,1.0267,0.0,0.0,30.986710416666483,10756.591863981483,8.530372916666842
2025-03-20,88,Q2,6259.4213,5837.6616,1.0547,0.0,0.0,101.68237625000027,10643.611445925926,0.0
2025-03-20,89,Q2,6190.1146,5431.9635,0.9267,0.0,0.0,144.46526558333323,10483.094484166668,0.0
2025-03-20,90,Q2,6156.64,5072.775,0.7137,174.9114854166667,0.0,0.0,10483.094484166668,5.73268125000007
2025-03-20,91,Q2,6039.3659,4855.4545,0.6525,554.3497790648137,352.1172398148135,0.0,10800.0,0.0
2025-03-20,92,Q2,6054.6789,4561.8383,0.6799,254.82201883333312,0.0,0.0,10800.0,0.0
2025-03-20,93,Q2,6187.68,4146.825,0.7301,307.04285208333357,0.0,0.0,10800.0,33.09964791666647
2025-03-20,94,Q2,6195.3721,3778.6785,0.805,358.12339000000014,0.0,0.0,10800.0,44.65887666666646
2025-03-20,95,Q2,6186.1376,3471.4229,0.8788,392.76794108333354,0.0,0.0,10800.0,59.68450891666646
2025-03-20,96,Q2,6200.17,3156.225,0.9089,464.9390999999998,0.0,0.0,10800.0,42.38506666666683
2025-03-20,97,Q2,6153.3743,2779.805,0.8767,497.11067475,0.0,-0.0,10800.0,65.15087525000007
2025-03-20,98,Q2,6101.7592,2507.3559,0.8888,563.1119616666665,0.0,-0.0,10800.0,35.95525500000019
2025-03-20,99,Q2,6118.95,2334.4125,0.9441,609.0953166666667,0.0,-0.0,10800.0,21.66093333333322
2025-03-20,100,Q2,6209.4949,2077.0816,0.946,671.31198875,0.0,-0.0,10800.0,17.423561250000034
2025-03-20,101,Q2,6190.199,1733.8533,0.9677,721.2652636666666,0.0,-0.0,10800.0,21.459019666666677
2025-03-20,102,Q2,6102.19,1377.7125,1.0139,770.2076312499998,0.0,-0.0,10800.0,17.205285416666584
2025-03-20,103,Q2,6143.2969,1083.9022,1.0152,833.9550810833333,-0.0,0.0,10800.0,9.277368916666774
2025-03-20,104,Q2,6075.0134,831.8823,1.0487,882.6863775833331,0.0,0.0,10800.0,0.0
2025-03-20,105,Q2,6025.68,597.3375,1.0879,944.5274937499998,0.0,0.0,10800.0,0.0
2025-03-20,106,Q2,6213.4416,374.8971,1.0391,1029.8601784166665,0.0,0.0,10800.0,0.0
2025-03-20,107,Q2,5394.1467,156.1276,1.0932,932.4678724166665,0.0,0.0,10800.0,0.0
2025-03-20,108,Q2,4094.12,0.0,1.2488,720.5880416666665,0.0,-0.0,10800.0,0.0
2025-03-20,109,Q2,4187.9837,0.0,1.2993,699.0959248333331,0.0,-0.0,10800.0,0.0
2025-03-20,110,Q2,4441.4267,5.5774,1.2761,731.8179909166668,0.0,0.0,10800.0,7.490225749999809
2025-03-20,111,Q2,4255.45,0.0,1.2567,748.4966833333334,0.0,0.0,10800.0,0.0
2025-03-20,112,Q2,4286.5369,0.0,1.2773,736.1927462500001,0.0,0.0,10800.0,0.0
2025-03-20,113,Q2,4470.2464,0.4004,1.2813,79.68568425000194,0.0,649.0613552499981,10078.820716388891,16.227293833333192
2025-03-20,114,Q2,4579.24,0.0,1.2693,0.0,0.0,726.4004166666668,9271.709142314816,36.80624999999975
2025-03-20,115,Q2,4480.3082,0.0,1.2899,0.0,0.0,718.9790738333332,8472.843504722223,27.738959500000078
2025-03-20,116,Q2,4285.5618,0.0288,1.2669,0.0,0.0,714.6329563333333,7678.806886574075,0.0
2025-03-20,117,Q2,4196.78,0.0,1.2323,0.0,0.0,722.01745,6876.565275462964,0.0
2025-03-20,118,Q2,4330.8684,0.0,1.2902,0.0,0.0,730.5513529166668,6064.84155,0.0
2025-03-20,119,Q2,4370.9481,0.0021,1.2824,0.0,0.0,726.0247470000002,5258.1473866666665,2.466252999999824
2025-03-20,120,Q2,4358.21,0.0,1.2233,0.0,0.0,718.2907916666666,4460.046507037037,8.077541666666775
2025-03-20,121,Q2,4586.0191,0.0,1.2789,0.0,0.0,729.6058220833332,3649.373371388889,34.7306945833335
2025-03-20,122,Q2,4523.6629,0.0,1.2779,0.0,0.0,737.7551698333333,2829.6454049074077,16.188646833333337
2025-03-20,123,Q2,4215.37,0.0,1.2388,0.0,0.0,733.7004166666668,2014.4227197222224,0.0
2025-03-20,124,Q2,4256.2469,0.0,1.3228,0.0,0.0,732.98044775,1200.0,0.0
2025-03-20,125,Q2,4319.0159,0.0,1.1769,743.7924149999999,0.0,-0.0,1200.0,0.0
2025-03-20,126,Q2,4257.25,0.0,0.8862,760.5457333333331,0.0,0.0,1200.0,0.0
2025-03-20,127,Q2,4290.2681,0.0,0.917,750.7401755,-0.0,0.0,1200.0,0.0
2025-03-20,128,Q2,4418.7036,0.0,0.9999,736.60052525,0.0,0.0,1200.0,0.0
2025-03-20,129,Q2,4553.6,0.0,0.9964,732.1649666666668,0.0,0.0,1200.0,26.768366666666566
2025-03-20,130,Q2,4526.2528,0.0,1.0003,745.7635581666666,0.0,-0.0,1200.0,8.611908500000027
2025-03-20,131,Q2,4001.6252,0.0,0.7708,676.1935511666667,0.0,-0.0,1200.0,0.0
2025-03-20,132,Q2,3318.94,0.0,0.419,1397.3057999999996,833.3333333333333,0.0,1950.0,0.0
2025-03-20,133,Q2,3233.4088,0.0,0.3484,1384.7688559166666,833.3333333333333,0.0,2700.0,0.0
2025-03-20,134,Q2,3319.971,0.0,0.3833,565.3537509166665,0.0,0.0,2700.0,0.0
2025-03-20,135,Q2,3255.84,0.0,0.3903,1409.2469999999998,833.3333333333333,0.0,3450.0,0.0
2025-03-20,136,Q2,3144.1326,0.0,0.4126,1403.3644200833332,833.3333333333333,0.0,4200.0,0.0
2025-03-20,137,Q2,3161.8174,0.0,0.4343,564.9968805000001,0.0,0.0,4200.0,0.0
2025-03-20,138,Q2,3296.4,0.0,0.4428,1392.462533333333,833.3333333333333,0.0,4950.0,0.0
2025-03-20,139,Q2,3356.4081,0.0,0.4397,586.0514085,0.0,0.0,4950.0,0.0
2025-03-20,140,Q2,3261.7676,0.0,0.4049,580.9517066666666,0.0,0.0,4950.0,0.0
2025-03-20,141,Q2,3267.73,0.0,0.3814,1403.0297166666664,833.3333333333333,0.0,5700.0,0.0
2025-03-20,142,Q2,3604.076,0.0,0.4248,897.5384528333334,333.3333333333333,0.0,6000.0,36.474213833333124
2025-03-20,143,Q2,3245.8691,0.0,0.3795,534.6933183333334,0.0,0.0,6000.0,6.284864999999854
2025-03-20,144,Q2,2401.0,0.0,0.2794,489.71722500000004,0.0,0.0,6000.0,0.0
2025-03-20,1,Q3,3299.0689,0.0,0.4487,1415.6013469999998,833.3333333333333,0.0,6750.000000000002,0.0
2025-03-20,2,Q3,3421.881,0.0,0.4373,1416.459833,833.3333333333333,0.0,7500.000000000002,0.0
2025-03-20,3,Q3,3683.11,0.0,0.4311,1428.266025,833.3333333333333,0.0,8250.000000000002,18.918975000000046
2025-03-20,4,Q3,3476.737,0.0,0.4344,1417.7996944166666,833.3333333333333,0.0,9000.000000000002,0.0
2025-03-20,5,Q3,3302.6695,0.0,0.4238,1421.5145030833332,833.3333333333333,0.0,9750.000000000002,0.0
2025-03-20,6,Q3,3426.94,0.0,0.4296,581.2754833333335,0.0,0.0,9750.000000000002,0.0
2025-03-20,7,Q3,3609.5343,0.0,0.4989,597.8401440833331,0.0,0.0,9750.000000000002,3.7489059166667857
2025-03-20,8,Q3,3668.9025,0.0,0.5083,589.6821298333332,0.0,0.0,9750.000000000002,21.801620166666794
2025-03-20,9,Q3,3589.3,0.0,0.4468,908.7882666666646,333.3333333333313,0.0,10050.0,22.761733333333382
2025-03-20,10,Q3,3503.6157,0.0,0.4284,581.2389949999999,0.0,0.0,10050.0,2.6969550000000027
2025-03-20,11,Q3,3545.9703,0.0,0.4436,588.64369425,0.0,0.0,10050.0,2.351355750000039
2025-03-20,12,Q3,3590.66,0.0,0.454,597.9198249999998,0.0,0.0,10050.0,0.5235083333334387
2025-03-20,13,Q3,3395.9017,0.0,0.4404,591.79158275,0.0,0.0,10050.0,0.0
2025-03-20,14,Q3,3276.7246,0.0,0.4405,589.1676976666666,0.0,0.0,10050.0,0.0
2025-03-20,15,Q3,3394.28,0.0,0.4545,588.6726666666667,0.0,0.0,10050.0,0.0
2025-03-20,16,Q3,3587.5594,0.0,0.4389,591.0222517499999,0.0,0.0,10050.0,6.904314916666749
2025-03-20,17,Q3,3605.7268,0.0,0.3868,605.8990858333333,0.0,0.0,10050.0,0.0
2025-03-20,18,Q3,3522.79,0.0,0.3634,609.3064250000001,0.0,0.0,10050.0,0.0
2025-03-20,19,Q3,3631.2618,0.0,0.4416,598.0501237499999,0.0,0.0,10050.0,7.160176250000063
2025-03-20,20,Q3,3731.3543,0.0,0.4839,579.3927679166668,0.0,0.0,10050.0,42.49961541666653
2025-03-20,21,Q3,3721.01,0.0,0.4574,589.3909416666667,0.0,0.0,10050.0,30.77739166666663
2025-03-20,22,Q3,3699.7385,0.0,0.4575,607.0083396666666,0.0,0.0,10050.0,9.61474366666664
2025-03-20,23,Q3,3674.7825,0.0,0.4629,602.2486379166666,0.0,0.0,10050.0,10.215112083333338
2025-03-20,24,Q3,3623.58,0.0,0.4426,597.4863083333332,0.0,0.0,10050.0,6.443691666666723
2025-03-20,25,Q3,3538.7697,0.0019,0.4023,619.0029989166666,0.0,0.0,10050.0,0.0
2025-03-20,26,Q3,3488.7843,0.0,0.4075,620.7266110833334,0.0,0.0,10050.0,0.0
2025-03-20,27,Q3,3513.51,0.0,0.452,597.1341749999999,0.0,0.0,10050.0,0.0
2025-03-20,28,Q3,3598.3779,0.0271,0.4646,606.3024194999999,0.0,0.0,10050.0,0.0
2025-03-20,29,Q3,3700.4359,0.0,0.4561,613.4779160833332,0.0,0.0,10050.0,3.2614005833333977
2025-03-20,30,Q3,3753.57,0.0,0.4379,601.9390749999999,0.0,0.0,10050.0,23.65592500000014
2025-03-20,31,Q3,3716.9811,0.3776,0.4177,586.0236018333334,0.0,0.0,10050.0,33.410314833333246
2025-03-20,32,Q3,3707.0664,0.0,0.464,599.8964161666667,0.0,0.0,10050.0,17.947983833333296
2025-03-20,33,Q3,3642.69,0.0,0.4802,625.8205,0.0,0.0,10050.0,0.0
2025-03-20,34,Q3,3457.8398,5.2594,0.352,1437.88579475,833.3333333333333,0.0,10800.0,0.0
2025-03-20,35,Q3,4028.7787,0.0,0.5794,672.4726141666666,0.0,-0.0,10800.0,0.0
2025-03-20,36,Q3,4962.09,0.0,1.0185,0.0,0.0,818.2586583333334,9890.823712962963,8.756341666666572
2025-03-20,37,Q3,4905.1198,153.4202,0.995,0.0,0.0,779.8856840694442,9024.284063996914,12.064249263889224
2025-03-20,38,Q3,4660.8239,401.044,0.8932,0.0,0.0,702.4421434305555,8243.79279351852,7.521173236111281
2025-03-20,39,Q3,4703.75,675.525,0.9281,0.0,0.0,609.6516264583333,7566.402097453705,61.71920687499994
2025-03-20,40,Q3,4726.9008,952.6316,0.9231,0.0,0.0,561.8780412361109,6942.093162746915,67.16682543055572
2025-03-20,41,Q3,4819.4733,1302.5378,0.902,0.0,0.0,519.756350597222,6364.5861065277795,66.39956606944463
2025-03-20,42,Q3,4880.33,1693.2375,0.8707,0.0,0.0,476.89246604166647,5834.705588703706,54.28961729166679
2025-03-20,43,Q3,4689.3761,2009.9231,0.7992,0.0,0.0,412.6441159027775,5376.212126589508,33.93138409722252
2025-03-20,44,Q3,4713.3646,2305.9149,0.7957,0.0,0.0,377.35835618055546,4956.9250641666695,23.883260486111112
2025-03-20,45,Q3,4827.2,2609.7375,0.8046,0.0,0.0,324.97317854166664,4595.843754675929,44.603904791666594
2025-03-20,46,Q3,4578.156,2894.0148,0.7001,0.0,0.0,227.96724806944417,4342.546812376546,52.72295193055584
2025-03-20,47,Q3,5187.0368,3179.5684,0.8467,0.0,0.0,305.3307220138888,4003.290454583336,29.24734465277777
2025-03-20,48,Q3,6405.59,3476.5125,1.1788,0.0,0.0,457.3857764583333,3495.084036296299,30.793806875000087
2025-03-20,49,Q3,6658.0486,3761.2255,1.2356,0.0,0.0,415.0225965138889,3033.9478179475336,67.7812534861111
2025-03-20,50,Q3,6606.6001,3976.3717,1.1876,0.0,0.0,346.5810166527774,2648.8577994444477,91.79038334722247
2025-03-20,51,Q3,6687.27,4220.325,1.1569,0.0,0.0,305.8613368749997,2309.011869583337,105.29616312500036
2025-03-20,52,Q3,6649.776,4653.7429,1.0869,0.0,0.0,225.62325026388888,2058.3193692901273,107.04893306944436
2025-03-20,53,Q3,6705.5335,5037.5027,1.0527,0.0,0.0,195.2219505694442,1841.4060908796337,82.78318276388902
2025-03-20,54,Q3,6757.81,5180.8875,1.068,0.0,0.0,169.6225202083334,1652.9366239814854,93.19789645833333
2025-03-20,55,Q3,6494.2004,5166.4978,1.0672,0.0,0.0,122.1862866805554,1517.1740832253126,99.0974799861112
2025-03-20,56,Q3,6436.4392,5533.329,1.0563,0.0,0.0,78.89889723611108,1429.5086418518558,71.6194694305556
2025-03-20,57,Q3,6570.85,6107.7375,1.0344,0.0,0.0,52.822270208333165,1370.8172305092635,24.36314645833353
2025-03-20,58,Q3,6399.3635,6182.795,0.9937,0.0,0.0,36.89173268055555,1329.8264164197574,0.0
2025-03-20,59,Q3,6445.9301,6198.386,0.9971,0.0,0.0,0.0,1329.8264164197574,41.25734999999986
2025-03-20,60,Q3,6697.43,6426.1875,1.0131,0.0,0.0,0.0,1329.8264164197574,45.20708333333338
2025-03-20,61,Q3,6577.9956,6675.2481,0.948,0.0,0.0,0.0,1329.8264164197574,0.0
2025-03-20,62,Q3,6445.2772,6774.004,0.9058,0.0,0.0,0.0,1329.8264164197574,0.0
2025-03-20,63,Q3,6473.61,6879.075,0.9279,0.0,0.0,0.0,1329.8264164197574,0.0
2025-03-20,64,Q3,6454.2353,7268.5137,0.927,0.0,0.0,0.0,1329.8264164197574,0.0
2025-03-20,65,Q3,6352.336,7455.3554,0.7628,0.0,0.0,0.0,1329.8264164197574,0.0
2025-03-20,66,Q3,6279.9,7263.0,0.544,0.0,0.0,0.0,1329.8264164197574,0.0
2025-03-20,67,Q3,6362.0436,7021.6679,0.5346,504.1784242499999,0.0,0.0,1329.8264164197574,0.0
2025-03-20,68,Q3,6393.8373,7052.8842,0.5872,177.2929425174858,0.0,0.0,1329.8264164197574,0.0
2025-03-20,69,Q3,6360.1,7317.5625,0.577,537.2150208333333,0.0,0.0,1329.8264164197574,0.0
2025-03-20,70,Q3,6424.0276,7505.6333,0.5241,554.9174731666665,0.0,0.0,1329.8264164197574,0.0
2025-03-20,71,Q3,6379.6216,7635.0323,0.5111,563.6338585833332,0.0,0.0,1329.8264164197574,0.0
2025-03-20,72,Q3,6168.32,7818.45,0.5158,526.5529375000001,511.4605539034556,0.0,1790.1409149328674,0.0
2025-03-20,73,Q3,5958.8116,8082.9395,0.4519,574.0039038888889,833.3333333333333,0.0,2540.1409149328674,0.0
2025-03-20,74,Q3,5855.2299,8090.5707,0.4435,619.0770767777778,833.3333333333333,0.0,3290.1409149328674,0.0
2025-03-20,75,Q3,5883.66,7709.3625,0.4915,647.5424333333331,833.3333333333333,0.0,4040.1409149328674,0.0
2025-03-20,76,Q3,6006.2794,7205.256,0.4972,675.6118412222223,833.3333333333333,0.0,4790.140914932867,0.0
2025-03-20,77,Q3,6168.3548,7206.9442,0.6604,537.1709417361112,833.3333333333333,0.0,5540.140914932867,123.06415826388874
2025-03-20,78,Q3,6351.38,7525.8,0.9001,0.0,224.54873270833326,0.0,5742.234774370368,28.812066041666583
2025-03-20,79,Q3,6510.6216,7339.075,0.9125,0.0,193.2491885416665,0.0,5916.1590440578675,55.17362187499995
2025-03-20,80,Q3,6358.8315,6900.6338,0.919,0.0,171.0978158749995,0.0,6070.147078345367,80.79743254166627
2025-03-20,81,Q3,6039.3,6610.0125,0.9817,0.0,190.32392645833318,0.0,6241.438612157866,95.20517645833324
2025-03-20,82,Q3,6028.9848,6642.1795,0.9361,0.0,121.80685745833316,0.0,6351.064783870366,19.607740791666487
2025-03-20,83,Q3,6177.7813,6806.5377,0.8829,0.0,122.9452361250001,0.0,6461.715496382866,18.152502791666734
2025-03-20,84,Q3,6280.02,6799.95,0.8924,0.0,146.24897437499982,0.0,6593.339573320366,59.59397437499993
2025-03-20,85,Q3,6283.4823,6453.6137,0.9351,0.0,97.12303920833332,0.0,6680.750308607866,68.76780587499996
2025-03-20,86,Q3,6314.912,6203.5886,0.9817,0.0,48.397395708333136,0.0,6724.307964745366,66.95129570833316
2025-03-20,87,Q3,6352.79,6115.6875,1.0267,0.0,21.596455624999933,0.0,6743.744774807866,61.11353895833326
2025-03-20,88,Q3,6259.4213,5837.6616,1.0547,0.0,0.0,59.88926562500029,6677.201146335643,10.404017708332972
2025-03-20,89,Q3,6190.1146,5431.9635,0.9267,0.0,0.0,99.36903204166663,6566.791110733791,26.989484625000046
2025-03-20,90,Q3,6156.64,5072.775,0.7137,1021.9143727109055,833.3333333333333,0.0,7316.791110733791,0.0
2025-03-20,91,Q3,6039.3659,4855.4545,0.6525,1206.8007100833333,833.3333333333333,0.0,8066.791110733791,0.0
2025-03-20,92,Q3,6054.6789,4561.8383,0.6799,1064.472030986111,833.3333333333333,0.0,8816.791110733791,17.668069013888953
2025-03-20,93,Q3,6187.68,4146.825,0.7301,1129.528317291667,833.3333333333333,0.0,9566.791110733791,43.94751604166629
2025-03-20,94,Q3,6195.3721,3778.6785,0.805,585.8070565226382,240.97737200874892,0.0,9783.670745541665,57.95258215277738
2025-03-20,95,Q3,6186.1376,3471.4229,0.8788,544.4857927500001,170.712715347222,0.0,9937.312189354165,78.67937259722191
2025-03-20,96,Q3,6200.17,3156.225,0.9089,597.9099624999998,159.56237645833312,0.0,10080.918328166665,68.976580625
2025-03-20,97,Q3,6153.3743,2779.805,0.8767,604.2113307222222,138.5217014583332,0.0,10205.587859479165,96.57192073611105
2025-03-20,98,Q3,6101.7592,2507.3559,0.8888,648.1424723611108,117.48102645833308,0.0,10311.320783291665,68.405770763889
2025-03-20,99,Q3,6118.95,2334.4125,0.9441,673.6432395833334,96.44035145833323,0.0,10398.117099604166,53.55336187499972
2025-03-20,100,Q3,6209.4949,2077.0816,0.946,706.6696080555555,75.39967645833326,0.0,10465.976808416666,57.46561840277775
2025-03-20,101,Q3,6190.199,1733.8533,0.9677,734.2934047777776,54.35900145833307,0.0,10514.899909729165,62.789880013888705
2025-03-20,102,Q3,6102.19,1377.7125,1.0139,764.9408958333332,33.31832645833322,0.0,10544.886403541665,55.79034729166642
2025-03-20,103,Q3,6143.2969,1083.9022,1.0152,810.413828861111,29.260270902777734,0.0,10571.220647354165,62.07889204166679
2025-03-20,104,Q3,6075.0134,831.8823,1.0487,845.0243635555553,25.202215347222136,0.0,10593.902641166664,54.03303512500008
2025-03-20,105,Q3,6025.68,597.3375,1.0879,898.8576416666665,21.14415979166654,0.0,10612.932384979164,27.010268125000152
2025-03-20,106,Q3,6213.4416,374.8971,1.0391,983.2368199444444,17.086104236111055,0.0,10628.309878791664,6.9400342916666204
2025-03-20,107,Q3,5394.1467,156.1276,1.0932,903.1143029722222,13.028048680555457,0.0,10640.035122604164,0.0
2025-03-20,108,Q3,4094.12,0.0,1.2488,720.5880416666665,8.96999312499986,0.0,10648.108116416664,0.0
2025-03-20,109,Q3,4187.9837,0.0,1.2993,699.1716985833332,7.236196875000019,0.0,10654.620693604164,6.061781625000094
2025-03-20,110,Q3,4441.4267,5.5774,1.2761,731.9954030000001,7.236196874999905,0.0,10661.133270791663,14.549010541666348
2025-03-20,111,Q3,4255.45,0.0,1.2567,748.4966833333334,7.236196875000019,0.0,10667.645847979162,0.0
2025-03-20,112,Q3,4286.5369,0.0,1.2773,736.1981845833334,7.236196875000019,0.0,10674.15842516666,0.0
2025-03-20,113,Q3,4470.2464,0.4004,1.2813,106.12283951667337,0.0,615.4007410249934,9990.37982402778,23.450752791666446
2025-03-20,114,Q3,4579.24,0.0,1.2693,0.0,0.0,719.1642197916668,9191.308468703704,44.04244687499977
2025-03-20,115,Q3,4480.3082,0.0,1.2899,0.0,0.0,711.7432669583333,8400.48261652778,34.97476637500006
2025-03-20,116,Q3,4285.5618,0.0288,1.2669,0.0,0.0,707.3976736249999,7614.48520138889,6.857826375000059
2025-03-20,117,Q3,4196.78,0.0,1.2323,0.0,0.0,714.781253125,6820.283809027779,0.0
2025-03-20,118,Q3,4330.8684,0.0,1.2902,0.0,0.0,723.3151560416668,6016.600302314816,0.0
2025-03-20,119,Q3,4370.9481,0.0021,1.2824,0.0,0.0,718.7886084583336,5217.9462929166675,9.70239154166643
2025-03-20,120,Q3,4358.21,0.0,1.2233,0.0,0.0,711.0545947916665,4427.885632037038,15.313738541666794
2025-03-20,121,Q3,4586.0191,0.0,1.2789,0.0,0.0,722.3696252083333,3625.2527151388895,41.96689145833341
2025-03-20,122,Q3,4523.6629,0.0,1.2779,0.0,0.0,730.5189729583333,2813.564967407408,23.424843708333356
2025-03-20,123,Q3,4215.37,0.0,1.2388,0.0,0.0,726.4642197916667,2006.3825009722227,0.0
2025-03-20,124,Q3,4256.2469,0.0,1.3228,0.0,0.0,725.744250875,1200.0000000000005,0.0
2025-03-20,125,Q3,4319.0159,0.0,1.1769,743.7924149999999,0.0,0.0,1200.0000000000005,0.0
2025-03-20,126,Q3,4257.25,0.0,0.8862,760.5457333333331,0.0,0.0,1200.0000000000005,0.0
2025-03-20,127,Q3,4290.2681,0.0,0.917,750.7401755,0.0,0.0,1200.0000000000005,0.0
2025-03-20,128,Q3,4418.7036,0.0,0.9999,736.60052525,0.0,0.0,1200.0000000000005,0.0
2025-03-20,129,Q3,4553.6,0.0,0.9964,732.1649666666668,0.0,0.0,1200.0000000000005,26.768366666666566
2025-03-20,130,Q3,4526.2528,0.0,1.0003,745.7635581666666,0.0,0.0,1200.0000000000005,8.611908500000027
2025-03-20,131,Q3,4001.6252,0.0,0.7708,676.1935511666667,0.0,0.0,1200.0000000000005,0.0
2025-03-20,132,Q3,3318.94,0.0,0.419,1397.3057999999996,782.6799552083331,0.0,1904.4119596875003,0.0
2025-03-20,133,Q3,3233.4088,0.0,0.3484,1384.7688559166666,833.3333333333333,0.0,2654.4119596875003,0.0
2025-03-20,134,Q3,3319.971,0.0,0.3833,565.3537509166665,7.236196875000019,0.0,2660.9245368750003,0.0
2025-03-20,135,Q3,3255.84,0.0,0.3903,1409.2469999999998,833.3333333333333,0.0,3410.9245368750003,0.0
2025-03-20,136,Q3,3144.1326,0.0,0.4126,1403.3644200833332,833.3333333333333,0.0,4160.924536875,0.0
2025-03-20,137,Q3,3161.8174,0.0,0.4343,564.9968805000001,7.236196875000019,0.0,4167.4371140625,0.0
2025-03-20,138,Q3,3296.4,0.0,0.4428,1392.462533333333,833.3333333333333,0.0,4917.4371140625,0.0
2025-03-20,139,Q3,3356.4081,0.0,0.4397,586.0514085,7.236196875000019,0.0,4923.94969125,0.0
2025-03-20,140,Q3,3261.7676,0.0,0.4049,580.9517066666666,7.236196874999905,0.0,4930.4622684375,0.0
2025-03-20,141,Q3,3267.73,0.0,0.3814,1403.0297166666664,833.3333333333333,0.0,5680.4622684375,0.0
2025-03-20,142,Q3,3604.076,0.0,0.4248,897.5384528333334,340.5695302083334,0.0,5986.974845625,43.71041070833326
2025-03-20,143,Q3,3245.8691,0.0,0.3795,534.6933183333334,7.236196875000019,0.0,5993.4874228125,13.521061874999873
2025-03-20,144,Q3,2401.0,0.0,0.2794,489.71722500000004,7.236196875000019,0.0,6000.0,0.0
2025-03-20,1,Q4-2,3299.0689,0.0,0.4487,582.2680136666665,0.0,0.0,6000.0,0.0
2025-03-20,2,Q4-2,3421.881,0.0,0.4373,583.1264996666666,0.0,0.0,6000.0,0.0
2025-03-20,3,Q4-2,3683.11,0.0,0.4311,594.9326916666665,0.0,0.0,6000.0,18.91897500000016
2025-03-20,4,Q4-2,3476.737,0.0,0.4344,584.4663610833334,0.0,0.0,6000.0,0.0
2025-03-20,5,Q4-2,3302.6695,0.0,0.4238,588.18116975,0.0,0.0,6000.0,0.0
2025-03-20,6,Q4-2,3426.94,0.0,0.4296,1414.6088166666668,833.3333333333333,0.0,6750.0,0.0
2025-03-20,7,Q4-2,3609.5343,0.0,0.4989,597.8401440833331,0.0,0.0,6750.0,3.7489059166667857
2025-03-20,8,Q4-2,3668.9025,0.0,0.5083,589.6821298333332,0.0,0.0,6750.0,21.801620166666794
2025-03-20,9,Q4-2,3589.3,0.0,0.4468,1408.7882666666665,833.3333333333333,0.0,7500.0,22.761733333333495
2025-03-20,10,Q4-2,3503.6157,0.0,0.4284,1414.5723283333332,833.3333333333333,0.0,8250.0,2.6969550000000027
2025-03-20,11,Q4-2,3545.9703,0.0,0.4436,588.64369425,0.0,0.0,8250.0,2.351355750000039
2025-03-20,12,Q4-2,3590.66,0.0,0.454,597.9198249999998,0.0,0.0,8250.0,0.5235083333334387
2025-03-20,13,Q4-2,3395.9017,0.0,0.4404,1425.1249160833331,833.3333333333333,0.0,9000.0,0.0
2025-03-20,14,Q4-2,3276.7246,0.0,0.4405,1422.5010309999998,833.3333333333333,0.0,9750.0,0.0
2025-03-20,15,Q4-2,3394.28,0.0,0.4545,588.6726666666667,0.0,0.0,9750.0,0.0
2025-03-20,16,Q4-2,3587.5594,0.0,0.4389,591.0222517499999,0.0,0.0,9750.0,6.904314916666749
2025-03-20,17,Q4-2,3605.7268,0.0,0.3868,605.8990858333333,0.0,0.0,9750.0,0.0
2025-03-20,18,Q4-2,3522.79,0.0,0.3634,609.3064250000001,0.0,0.0,9750.0,0.0
2025-03-20,19,Q4-2,3631.2618,0.0,0.4416,931.3834570833333,333.3333333333333,0.0,10050.0,7.1601762499999495
2025-03-20,20,Q4-2,3731.3543,0.0,0.4839,579.3927679166668,0.0,0.0,10050.0,42.49961541666653
2025-03-20,21,Q4-2,3721.01,0.0,0.4574,589.3909416666667,0.0,0.0,10050.0,30.77739166666663
2025-03-20,22,Q4-2,3699.7385,0.0,0.4575,607.0083396666666,0.0,0.0,10050.0,9.61474366666664
2025-03-20,23,Q4-2,3674.7825,0.0,0.4629,602.2486379166666,0.0,0.0,10050.0,10.215112083333338
2025-03-20,24,Q4-2,3623.58,0.0,0.4426,597.4863083333332,0.0,0.0,10050.0,6.443691666666723
2025-03-20,25,Q4-2,3538.7697,0.0019,0.4023,619.0029989166666,0.0,0.0,10050.0,0.0
2025-03-20,26,Q4-2,3488.7843,0.0,0.4075,620.7266110833334,0.0,0.0,10050.0,0.0
2025-03-20,27,Q4-2,3513.51,0.0,0.452,597.1341749999999,0.0,0.0,10050.0,0.0
2025-03-20,28,Q4-2,3598.3779,0.0271,0.4646,606.3016344999999,0.0,0.0,10050.0,0.0
2025-03-20,29,Q4-2,3700.4359,0.0,0.4561,613.4775477499999,0.0,0.0,10050.0,3.2617689166667105
2025-03-20,30,Q4-2,3753.57,0.0,0.4379,601.9390749999999,0.0,0.0,10050.0,23.65592500000014
2025-03-20,31,Q4-2,3716.9811,0.3776,0.4177,586.0127089166667,0.0,0.0,10050.0,33.421207749999894
2025-03-20,32,Q4-2,3707.0664,0.0,0.464,599.8913245,0.0,0.0,10050.0,17.953075499999954
2025-03-20,33,Q4-2,3642.69,0.0,0.4802,625.8205,0.0,0.0,10050.0,0.0
2025-03-20,34,Q4-2,3457.8398,5.2594,0.352,1437.7341084999998,833.3333333333333,0.0,10800.0,0.0
2025-03-20,35,Q4-2,4028.7787,0.0,0.5794,672.40166125,0.0,-0.0,10800.0,0.0
2025-03-20,36,Q4-2,4962.09,0.0,1.0185,0.0,0.0,818.2586583333334,9890.823712962963,8.756341666666572
2025-03-20,37,Q4-2,4905.1198,153.4202,0.995,0.0,0.0,823.8389669166665,8975.447083055557,0.0
2025-03-20,38,Q4-2,4660.8239,401.044,0.8932,0.0,0.0,778.5004593333333,8110.446572685186,0.0
2025-03-20,39,Q4-2,4703.75,675.525,0.9281,0.0,0.0,696.2339270833335,7336.853320370371,0.0
2025-03-20,40,Q4-2,4726.9008,952.6316,0.9231,0.0,0.0,647.0533282499998,6617.9051778703715,0.0
2025-03-20,41,Q4-2,4819.4733,1302.5378,0.902,0.0,0.0,600.2549144166666,5950.955272962964,0.0
2025-03-20,42,Q4-2,4880.33,1693.2375,0.8707,0.0,0.0,552.6419520833333,5336.908659537038,0.0
2025-03-20,43,Q4-2,4689.3761,2009.9231,0.7992,485.86384291666593,0.0,1.7124816666671903,5335.00590212963,0.0
2025-03-20,44,Q4-2,4713.3646,2305.9149,0.7957,448.5120795833332,0.0,0.0,5335.00590212963,0.0
2025-03-20,45,Q4-2,4827.2,2609.7375,0.8046,394.66878749999995,0.0,0.0,5335.00590212963,0.0
2025-03-20,46,Q4-2,4578.156,2894.0148,0.7001,298.54960591666645,0.0,0.0,5335.00590212963,0.0
2025-03-20,47,Q4-2,5187.0368,3179.5684,0.8467,0.0,0.0,377.0644429166666,4916.045410000001,0.0
2025-03-20,48,Q4-2,6405.59,3476.5125,1.1788,0.0,0.0,525.2812583333334,4332.399567407408,0.0
2025-03-20,49,Q4-2,6658.0486,3761.2255,1.2356,0.0,0.0,483.0180940833335,3795.7127962037034,0.0
2025-03-20,50,Q4-2,6606.6001,3976.3717,1.1876,0.0,0.0,417.32892408333305,3332.0139916666667,21.04247591666683
2025-03-20,51,Q4-2,6687.27,4220.325,1.1569,0.0,0.0,382.2247958333332,2907.3197740740743,28.932704166666895
2025-03-20,52,Q4-2,6649.776,4653.7429,1.0869,0.0,0.0,304.8108390833336,2568.6410639814812,27.86134424999966
2025-03-20,53,Q4-2,6705.5335,5037.5027,1.0527,0.0,0.0,283.5598146666665,2253.5746032407405,0.0
2025-03-20,54,Q4-2,6757.81,5180.8875,1.068,0.0,0.0,258.19473750000003,1966.6915615740736,4.625679166666714
2025-03-20,55,Q4-2,6494.2004,5166.4978,1.0672,0.0,0.0,191.93201508333334,1753.4337670370367,29.351751583333254
2025-03-20,56,Q4-2,6436.4392,5533.329,1.0563,0.0,0.0,161.0299409166667,1574.5116104629626,0.0
2025-03-20,57,Q4-2,6570.85,6107.7375,1.0344,0.0,0.0,132.59025208333327,1427.1891081481479,0.0
2025-03-20,58,Q4-2,6399.3635,6182.795,0.9937,0.0,0.0,114.57486733333327,1299.8836999999999,0.0
2025-03-20,59,Q4-2,6445.9301,6198.386,0.9971,0.0,0.0,57.523317499999926,1235.9689027777777,0.0
2025-03-20,60,Q4-2,6697.43,6426.1875,1.0131,0.0,0.0,32.37201249999995,1200.0,12.835070833333432
2025-03-20,61,Q4-2,6577.9956,6675.2481,0.948,0.0,2.007406916666767,0.0,1201.806666225,0.0
2025-03-20,62,Q4-2,6445.2772,6774.004,0.9058,0.0,20.338316833333376,0.0,1220.1111513750002,0.0
2025-03-20,63,Q4-2,6473.61,6879.075,0.9279,0.0,68.44868541666676,0.0,1281.7149682500003,0.8711854166667479
2025-03-20,64,Q4-2,6454.2353,7268.5137,0.927,0.0,89.34735550000005,0.0,1362.1275882000004,0.0
2025-03-20,65,Q4-2,6352.336,7455.3554,0.7628,0.0,132.40964591666662,0.0,1481.2962695250003,0.0
2025-03-20,66,Q4-2,6279.9,7263.0,0.544,687.5600812499997,833.3333333333333,0.0,2231.2962695250003,0.0
2025-03-20,67,Q4-2,6362.0436,7021.6679,0.5346,671.8799455,833.3333333333333,0.0,2981.2962695250003,51.516004499999895
2025-03-20,68,Q4-2,6393.8373,7052.8842,0.5872,645.1038388333334,833.3333333333333,0.0,3731.2962695250003,78.38834449999983
2025-03-20,69,Q4-2,6360.1,7317.5625,0.577,601.2375895833334,833.3333333333333,0.0,4481.296269525001,72.51866041666662
2025-03-20,70,Q4-2,6424.0276,7505.6333,0.5241,609.4455731666665,833.3333333333333,0.0,5231.296269525001,43.620143500000125
2025-03-20,71,Q4-2,6379.6216,7635.0323,0.5111,631.0336960833334,833.3333333333333,0.0,5981.296269525001,0.0
2025-03-20,72,Q4-2,6168.32,7818.45,0.5158,595.4912375000001,833.3333333333333,0.0,6731.296269525001,0.0
2025-03-20,73,Q4-2,5958.8116,8082.9395,0.4519,587.1020154166667,833.3333333333333,0.0,7481.296269525001,0.0
2025-03-20,74,Q4-2,5855.2299,8090.5707,0.4435,584.6190702500002,833.3333333333333,0.0,8231.296269525,0.0
2025-03-20,75,Q4-2,5883.66,7709.3625,0.4915,586.5745666666666,833.3333333333333,0.0,8981.296269525,0.0
2025-03-20,76,Q4-2,6006.2794,7205.256,0.4972,598.9015690000001,833.3333333333333,0.0,9731.296269525,34.60233099999982
2025-03-20,77,Q4-2,6168.3548,7206.9442,0.6604,405.54845866666557,621.3924069999989,0.0,10290.549435825,42.74571500000005
2025-03-20,78,Q4-2,6351.38,7525.8,0.9001,0.0,144.55990416666657,0.0,10420.653349574999,0.0
2025-03-20,79,Q4-2,6510.6216,7339.075,0.9125,0.0,118.99748374999992,0.0,10527.75108495,0.0
2025-03-20,80,Q4-2,6358.8315,6900.6338,0.919,0.0,78.09701858333275,0.0,10598.038401675,0.0
2025-03-20,81,Q4-2,6039.3,6610.0125,0.9817,0.0,91.88759791666638,0.0,10680.737239799999,0.0
2025-03-20,82,Q4-2,6028.9848,6642.1795,0.9361,0.0,37.855308499999815,0.0,10714.807017449999,0.0
2025-03-20,83,Q4-2,6177.7813,6806.5377,0.8829,0.0,30.32018216666686,0.0,10742.0951814,0.0
2025-03-20,84,Q4-2,6280.02,6799.95,0.8924,0.0,43.95467708333315,0.0,10781.654390775,0.0
2025-03-20,85,Q4-2,6283.4823,6453.6137,0.9351,0.0,20.384010249999864,0.0,10800.0,0.0
2025-03-20,86,Q4-2,6314.912,6203.5886,0.9817,0.0,0.0,8.08061200000014,10791.021542222223,10.473287999999894
2025-03-20,87,Q4-2,6352.79,6115.6875,1.0267,0.0,0.0,30.986710416666483,10756.591863981483,8.530372916666842
2025-03-20,88,Q4-2,6259.4213,5837.6616,1.0547,0.0,0.0,101.68237625000027,10643.611445925926,0.0
2025-03-20,89,Q4-2,6190.1146,5431.9635,0.9267,0.0,0.0,144.46526558333323,10483.094484166668,0.0
2025-03-20,90,Q4-2,6156.64,5072.775,0.7137,527.0287252314802,352.1172398148135,0.0,10800.0,5.732681250000098
2025-03-20,91,Q4-2,6039.3659,4855.4545,0.6525,202.23253925000012,0.0,0.0,10800.0,0.0
2025-03-20,92,Q4-2,6054.6789,4561.8383,0.6799,254.82201883333312,0.0,0.0,10800.0,0.0
2025-03-20,93,Q4-2,6187.68,4146.825,0.7301,307.04285208333357,0.0,0.0,10800.0,33.09964791666647
2025-03-20,94,Q4-2,6195.3721,3778.6785,0.805,358.12339000000014,0.0,0.0,10800.0,44.65887666666646
2025-03-20,95,Q4-2,6186.1376,3471.4229,0.8788,392.76794108333354,0.0,0.0,10800.0,59.68450891666646
2025-03-20,96,Q4-2,6200.17,3156.225,0.9089,464.9390999999998,0.0,0.0,10800.0,42.38506666666683
2025-03-20,97,Q4-2,6153.3743,2779.805,0.8767,497.11067475,0.0,0.0,10800.0,65.15087525000007
2025-03-20,98,Q4-2,6101.7592,2507.3559,0.8888,563.1119616666665,0.0,-0.0,10800.0,35.95525500000019
2025-03-20,99,Q4-2,6118.95,2334.4125,0.9441,609.0953166666667,0.0,-0.0,10800.0,21.66093333333322
2025-03-20,100,Q4-2,6209.4949,2077.0816,0.946,671.31198875,0.0,-0.0,10800.0,17.423561250000034
2025-03-20,101,Q4-2,6190.199,1733.8533,0.9677,721.2652636666666,0.0,-0.0,10800.0,21.459019666666677
2025-03-20,102,Q4-2,6102.19,1377.7125,1.0139,770.2076312499998,0.0,-0.0,10800.0,17.205285416666584
2025-03-20,103,Q4-2,6143.2969,1083.9022,1.0152,833.9550810833333,0.0,0.0,10800.0,9.277368916666774
2025-03-20,104,Q4-2,6075.0134,831.8823,1.0487,882.6863775833331,0.0,0.0,10800.0,0.0
2025-03-20,105,Q4-2,6025.68,597.3375,1.0879,944.5274937499998,0.0,0.0,10800.0,0.0
2025-03-20,106,Q4-2,6213.4416,374.8971,1.0391,1029.8601784166665,0.0,0.0,10800.0,0.0
2025-03-20,107,Q4-2,5394.1467,156.1276,1.0932,932.4678724166665,0.0,0.0,10800.0,0.0
2025-03-20,108,Q4-2,4094.12,0.0,1.2488,720.5880416666665,0.0,-0.0,10800.0,0.0
2025-03-20,109,Q4-2,4187.9837,0.0,1.2993,699.0959248333331,0.0,0.0,10800.0,0.0
2025-03-20,110,Q4-2,4441.4267,5.5774,1.2761,125.47714941666948,0.0,606.3408414999973,10126.287953888892,7.490225749999809
2025-03-20,111,Q4-2,4255.45,0.0,1.2567,0.0,0.0,748.4966833333334,9294.62497240741,0.0
2025-03-20,112,Q4-2,4286.5369,0.0,1.2773,0.0,0.0,736.1927462500001,8476.633032129632,0.0
2025-03-20,113,Q4-2,4470.2464,0.4004,1.2813,0.0,0.0,728.7470395,7666.914099351854,16.227293833333192
2025-03-20,114,Q4-2,4579.24,0.0,1.2693,726.4004166666668,0.0,0.0,7666.914099351854,36.80624999999975
2025-03-20,115,Q4-2,4480.3082,0.0,1.2899,0.0,0.0,718.9790738333332,6868.048461759261,27.738959500000078
2025-03-20,116,Q4-2,4285.5618,0.0288,1.2669,0.0,0.0,714.6329563333333,6074.011843611112,0.0
2025-03-20,117,Q4-2,4196.78,0.0,1.2323,0.0,0.0,722.01745,5271.770232500001,0.0
2025-03-20,118,Q4-2,4330.8684,0.0,1.2902,0.0,0.0,730.5513529166668,4460.046507037037,0.0
2025-03-20,119,Q4-2,4370.9481,0.0021,1.2824,726.0247470000002,0.0,0.0,4460.046507037037,2.466252999999824
2025-03-20,120,Q4-2,4358.21,0.0,1.2233,718.2907916666666,0.0,0.0,4460.046507037037,8.077541666666775
2025-03-20,121,Q4-2,4586.0191,0.0,1.2789,0.0,0.0,729.6058220833332,3649.373371388889,34.7306945833335
2025-03-20,122,Q4-2,4523.6629,0.0,1.2779,0.0,0.0,737.7551698333333,2829.6454049074077,16.188646833333337
2025-03-20,123,Q4-2,4215.37,0.0,1.2388,0.0,0.0,733.7004166666668,2014.4227197222224,0.0
2025-03-20,124,Q4-2,4256.2469,0.0,1.3228,0.0,0.0,732.98044775,1200.0,0.0
2025-03-20,125,Q4-2,4319.0159,0.0,1.1769,743.7924149999999,0.0,-0.0,1200.0,0.0
2025-03-20,126,Q4-2,4257.25,0.0,0.8862,760.5457333333331,0.0,0.0,1200.0,0.0
2025-03-20,127,Q4-2,4290.2681,0.0,0.917,750.7401755,-0.0,0.0,1200.0,0.0
2025-03-20,128,Q4-2,4418.7036,0.0,0.9999,736.60052525,0.0,0.0,1200.0,0.0
2025-03-20,129,Q4-2,4553.6,0.0,0.9964,732.1649666666668,0.0,0.0,1200.0,26.768366666666566
2025-03-20,130,Q4-2,4526.2528,0.0,1.0003,745.7635581666666,0.0,-0.0,1200.0,8.611908500000027
2025-03-20,131,Q4-2,4001.6252,0.0,0.7708,676.1935511666667,0.0,-0.0,1200.0,0.0
2025-03-20,132,Q4-2,3318.94,0.0,0.419,1397.3057999999996,833.3333333333333,0.0,1950.0,0.0
2025-03-20,133,Q4-2,3233.4088,0.0,0.3484,1384.7688559166666,833.3333333333333,0.0,2700.0,0.0
2025-03-20,134,Q4-2,3319.971,0.0,0.3833,565.3537509166665,0.0,0.0,2700.0,0.0
2025-03-20,135,Q4-2,3255.84,0.0,0.3903,575.9136666666666,0.0,0.0,2700.0,0.0
2025-03-20,136,Q4-2,3144.1326,0.0,0.4126,570.0310867499999,0.0,0.0,2700.0,0.0
2025-03-20,137,Q4-2,3161.8174,0.0,0.4343,564.9968805000001,0.0,0.0,2700.0,0.0
2025-03-20,138,Q4-2,3296.4,0.0,0.4428,559.1291999999999,0.0,0.0,2700.0,0.0
2025-03-20,139,Q4-2,3356.4081,0.0,0.4397,919.3847418333332,333.3333333333333,0.0,3000.0,0.0
2025-03-20,140,Q4-2,3261.7676,0.0,0.4049,1414.2850399999998,833.3333333333333,0.0,3750.0,0.0
2025-03-20,141,Q4-2,3267.73,0.0,0.3814,569.6963833333332,0.0,0.0,3750.0,0.0
2025-03-20,142,Q4-2,3604.076,0.0,0.4248,1397.5384528333334,833.3333333333333,0.0,4500.0,36.474213833333124
2025-03-20,143,Q4-2,3245.8691,0.0,0.3795,1368.0266516666666,833.3333333333333,0.0,5250.0,6.284864999999968
2025-03-20,144,Q4-2,2401.0,0.0,0.2794,1323.0505583333334,833.3333333333333,0.0,6000.0,0.0
2025-03-20,1,Q4-3,3299.0689,0.0,0.4487,582.2680136666665,0.0,0.0,6000.0,0.0
2025-03-20,2,Q4-3,3421.881,0.0,0.4373,583.1264996666666,0.0,0.0,6000.0,0.0
2025-03-20,3,Q4-3,3683.11,0.0,0.4311,594.9326916666665,0.0,0.0,6000.0,18.91897500000016
2025-03-20,4,Q4-3,3476.737,0.0,0.4344,584.4663610833334,0.0,0.0,6000.0,0.0
2025-03-20,5,Q4-3,3302.6695,0.0,0.4238,588.18116975,0.0,0.0,6000.0,0.0
2025-03-20,6,Q4-3,3426.94,0.0,0.4296,1414.6088166666668,833.3333333333333,0.0,6750.0,0.0
2025-03-20,7,Q4-3,3609.5343,0.0,0.4989,597.8401440833331,0.0,0.0,6750.0,3.7489059166667857
2025-03-20,8,Q4-3,3668.9025,0.0,0.5083,589.6821298333332,0.0,0.0,6750.0,21.801620166666794
2025-03-20,9,Q4-3,3589.3,0.0,0.4468,1408.7882666666665,833.3333333333333,0.0,7500.0,22.761733333333495
2025-03-20,10,Q4-3,3503.6157,0.0,0.4284,1414.5723283333332,833.3333333333333,0.0,8250.0,2.6969550000000027
2025-03-20,11,Q4-3,3545.9703,0.0,0.4436,588.64369425,0.0,0.0,8250.0,2.351355750000039
2025-03-20,12,Q4-3,3590.66,0.0,0.454,597.9198249999998,0.0,0.0,8250.0,0.5235083333334387
2025-03-20,13,Q4-3,3395.9017,0.0,0.4404,1425.1249160833331,833.3333333333333,0.0,9000.0,0.0
2025-03-20,14,Q4-3,3276.7246,0.0,0.4405,1422.5010309999998,833.3333333333333,0.0,9750.0,0.0
2025-03-20,15,Q4-3,3394.28,0.0,0.4545,588.6726666666667,0.0,0.0,9750.0,0.0
2025-03-20,16,Q4-3,3587.5594,0.0,0.4389,591.0222517499999,0.0,0.0,9750.0,6.904314916666749
2025-03-20,17,Q4-3,3605.7268,0.0,0.3868,605.8990858333333,0.0,0.0,9750.0,0.0
2025-03-20,18,Q4-3,3522.79,0.0,0.3634,609.3064250000001,0.0,0.0,9750.0,0.0
2025-03-20,19,Q4-3,3631.2618,0.0,0.4416,931.3834570833333,333.3333333333333,0.0,10050.0,7.1601762499999495
2025-03-20,20,Q4-3,3731.3543,0.0,0.4839,579.3927679166668,0.0,0.0,10050.0,42.49961541666653
2025-03-20,21,Q4-3,3721.01,0.0,0.4574,589.3909416666667,0.0,0.0,10050.0,30.77739166666663
2025-03-20,22,Q4-3,3699.7385,0.0,0.4575,607.0083396666666,0.0,0.0,10050.0,9.61474366666664
2025-03-20,23,Q4-3,3674.7825,0.0,0.4629,602.2486379166666,0.0,0.0,10050.0,10.215112083333338
2025-03-20,24,Q4-3,3623.58,0.0,0.4426,597.4863083333332,0.0,0.0,10050.0,6.443691666666723
2025-03-20,25,Q4-3,3538.7697,0.0019,0.4023,619.0029989166666,0.0,0.0,10050.0,0.0
2025-03-20,26,Q4-3,3488.7843,0.0,0.4075,620.7266110833334,0.0,0.0,10050.0,0.0
2025-03-20,27,Q4-3,3513.51,0.0,0.452,597.1341749999999,0.0,0.0,10050.0,0.0
2025-03-20,28,Q4-3,3598.3779,0.0271,0.4646,606.3024194999999,0.0,0.0,10050.0,0.0
2025-03-20,29,Q4-3,3700.4359,0.0,0.4561,613.4779160833332,0.0,0.0,10050.0,3.2614005833333977
2025-03-20,30,Q4-3,3753.57,0.0,0.4379,601.9390749999999,0.0,0.0,10050.0,23.65592500000014
2025-03-20,31,Q4-3,3716.9811,0.3776,0.4177,586.0236018333334,0.0,0.0,10050.0,33.410314833333246
2025-03-20,32,Q4-3,3707.0664,0.0,0.464,599.8964161666667,0.0,0.0,10050.0,17.947983833333296
2025-03-20,33,Q4-3,3642.69,0.0,0.4802,625.8205,0.0,0.0,10050.0,0.0
2025-03-20,34,Q4-3,3457.8398,5.2594,0.352,1437.88579475,833.3333333333333,0.0,10800.0,0.0
2025-03-20,35,Q4-3,4028.7787,0.0,0.5794,672.4726141666666,0.0,-0.0,10800.0,0.0
2025-03-20,36,Q4-3,4962.09,0.0,1.0185,0.0,0.0,818.2586583333334,9890.823712962963,8.756341666666572
2025-03-20,37,Q4-3,4905.1198,153.4202,0.995,0.0,0.0,779.8856840694442,9024.284063996914,12.064249263889224
2025-03-20,38,Q4-3,4660.8239,401.044,0.8932,0.0,0.0,702.4421434305555,8243.79279351852,7.521173236111281
2025-03-20,39,Q4-3,4703.75,675.525,0.9281,0.0,0.0,609.6516264583333,7566.402097453705,61.71920687499994
2025-03-20,40,Q4-3,4726.9008,952.6316,0.9231,0.0,0.0,561.8780412361109,6942.093162746915,67.16682543055572
2025-03-20,41,Q4-3,4819.4733,1302.5378,0.902,0.0,0.0,519.756350597222,6364.5861065277795,66.39956606944463
2025-03-20,42,Q4-3,4880.33,1693.2375,0.8707,0.0,0.0,476.89246604166647,5834.705588703706,54.28961729166679
2025-03-20,43,Q4-3,4689.3761,2009.9231,0.7992,0.0,0.0,412.6441159027775,5376.212126589508,33.93138409722252
2025-03-20,44,Q4-3,4713.3646,2305.9149,0.7957,0.0,0.0,377.35835618055546,4956.9250641666695,23.883260486111112
2025-03-20,45,Q4-3,4827.2,2609.7375,0.8046,0.0,0.0,324.97317854166664,4595.843754675929,44.603904791666594
2025-03-20,46,Q4-3,4578.156,2894.0148,0.7001,0.0,0.0,227.96724806944417,4342.546812376546,52.72295193055584
2025-03-20,47,Q4-3,5187.0368,3179.5684,0.8467,0.0,0.0,305.3307220138888,4003.290454583336,29.24734465277777
2025-03-20,48,Q4-3,6405.59,3476.5125,1.1788,0.0,0.0,457.3857764583333,3495.084036296299,30.793806875000087
2025-03-20,49,Q4-3,6658.0486,3761.2255,1.2356,0.0,0.0,415.0225965138889,3033.9478179475336,67.7812534861111
2025-03-20,50,Q4-3,6606.6001,3976.3717,1.1876,0.0,0.0,346.5810166527774,2648.8577994444477,91.79038334722247
2025-03-20,51,Q4-3,6687.27,4220.325,1.1569,0.0,0.0,305.8613368749997,2309.011869583337,105.29616312500036
2025-03-20,52,Q4-3,6649.776,4653.7429,1.0869,0.0,0.0,225.62325026388888,2058.3193692901273,107.04893306944436
2025-03-20,53,Q4-3,6705.5335,5037.5027,1.0527,0.0,0.0,195.2219505694442,1841.4060908796337,82.78318276388902
2025-03-20,54,Q4-3,6757.81,5180.8875,1.068,0.0,0.0,169.6225202083334,1652.9366239814854,93.19789645833333
2025-03-20,55,Q4-3,6494.2004,5166.4978,1.0672,0.0,0.0,122.1862866805554,1517.1740832253126,99.0974799861112
2025-03-20,56,Q4-3,6436.4392,5533.329,1.0563,0.0,0.0,78.89889723611108,1429.5086418518558,71.6194694305556
2025-03-20,57,Q4-3,6570.85,6107.7375,1.0344,0.0,0.0,52.822270208333165,1370.8172305092635,24.36314645833353
2025-03-20,58,Q4-3,6399.3635,6182.795,0.9937,0.0,0.0,36.89173268055555,1329.8264164197574,0.0
2025-03-20,59,Q4-3,6445.9301,6198.386,0.9971,0.0,0.0,0.0,1329.8264164197574,41.25734999999986
2025-03-20,60,Q4-3,6697.43,6426.1875,1.0131,0.0,0.0,0.0,1329.8264164197574,45.20708333333338
2025-03-20,61,Q4-3,6577.9956,6675.2481,0.948,0.0,0.0,0.0,1329.8264164197574,0.0
2025-03-20,62,Q4-3,6445.2772,6774.004,0.9058,0.0,0.0,0.0,1329.8264164197574,0.0
2025-03-20,63,Q4-3,6473.61,6879.075,0.9279,0.0,0.0,0.0,1329.8264164197574,0.0
2025-03-20,64,Q4-3,6454.2353,7268.5137,0.927,0.0,0.0,0.0,1329.8264164197574,0.0
2025-03-20,65,Q4-3,6352.336,7455.3554,0.7628,0.0,0.0,0.0,1329.8264164197574,0.0
2025-03-20,66,Q4-3,6279.9,7263.0,0.544,0.0,0.0,0.0,1329.8264164197574,0.0
2025-03-20,67,Q4-3,6362.0436,7021.6679,0.5346,504.1784242499999,0.0,0.0,1329.8264164197574,0.0
2025-03-20,68,Q4-3,6393.8373,7052.8842,0.5872,177.2929425174858,0.0,0.0,1329.8264164197574,0.0
2025-03-20,69,Q4-3,6360.1,7317.5625,0.577,537.2150208333333,0.0,0.0,1329.8264164197574,0.0
2025-03-20,70,Q4-3,6424.0276,7505.6333,0.5241,554.9174731666665,0.0,0.0,1329.8264164197574,0.0
2025-03-20,71,Q4-3,6379.6216,7635.0323,0.5111,563.6338585833332,0.0,0.0,1329.8264164197574,0.0
2025-03-20,72,Q4-3,6168.32,7818.45,0.5158,526.5529375000001,511.4605539034556,0.0,1790.1409149328674,0.0
2025-03-20,73,Q4-3,5958.8116,8082.9395,0.4519,574.0039038888889,833.3333333333333,0.0,2540.1409149328674,0.0
2025-03-20,74,Q4-3,5855.2299,8090.5707,0.4435,619.0770767777778,833.3333333333333,0.0,3290.1409149328674,0.0
2025-03-20,75,Q4-3,5883.66,7709.3625,0.4915,647.5424333333331,833.3333333333333,0.0,4040.1409149328674,0.0
2025-03-20,76,Q4-3,6006.2794,7205.256,0.4972,675.6118412222223,833.3333333333333,0.0,4790.140914932867,0.0
2025-03-20,77,Q4-3,6168.3548,7206.9442,0.6604,537.1709417361112,833.3333333333333,0.0,5540.140914932867,123.06415826388874
2025-03-20,78,Q4-3,6351.38,7525.8,0.9001,0.0,224.54873270833326,0.0,5742.234774370368,28.812066041666583
2025-03-20,79,Q4-3,6510.6216,7339.075,0.9125,0.0,193.2491885416665,0.0,5916.1590440578675,55.17362187499995
2025-03-20,80,Q4-3,6358.8315,6900.6338,0.919,0.0,171.0978158749995,0.0,6070.147078345367,80.79743254166627
2025-03-20,81,Q4-3,6039.3,6610.0125,0.9817,0.0,190.32392645833318,0.0,6241.438612157866,95.20517645833324
2025-03-20,82,Q4-3,6028.9848,6642.1795,0.9361,0.0,121.80685745833316,0.0,6351.064783870366,19.607740791666487
2025-03-20,83,Q4-3,6177.7813,6806.5377,0.8829,0.0,122.9452361250001,0.0,6461.715496382866,18.152502791666734
2025-03-20,84,Q4-3,6280.02,6799.95,0.8924,0.0,146.24897437499982,0.0,6593.339573320366,59.59397437499993
2025-03-20,85,Q4-3,6283.4823,6453.6137,0.9351,0.0,97.12303920833332,0.0,6680.750308607866,68.76780587499996
2025-03-20,86,Q4-3,6314.912,6203.5886,0.9817,0.0,48.397395708333136,0.0,6724.307964745366,66.95129570833316
2025-03-20,87,Q4-3,6352.79,6115.6875,1.0267,0.0,21.596455624999933,0.0,6743.744774807866,61.11353895833326
2025-03-20,88,Q4-3,6259.4213,5837.6616,1.0547,0.0,0.0,59.88926562500029,6677.201146335643,10.404017708332972
2025-03-20,89,Q4-3,6190.1146,5431.9635,0.9267,99.36903204166663,0.0,0.0,6677.201146335643,26.989484625000046
2025-03-20,90,Q4-3,6156.64,5072.775,0.7137,1178.94125625,833.3333333333333,0.0,7427.201146335643,0.0
2025-03-20,91,Q4-3,6039.3659,4855.4545,0.6525,1049.773826544239,833.3333333333333,0.0,8177.201146335643,0.0
2025-03-20,92,Q4-3,6054.6789,4561.8383,0.6799,1064.472030986111,833.3333333333333,0.0,8927.201146335643,17.668069013888953
2025-03-20,93,Q4-3,6187.68,4146.825,0.7301,1065.9648177289175,769.7698337705838,0.0,9619.993996729168,43.94751604166629
2025-03-20,94,Q4-3,6195.3721,3778.6785,0.805,526.6927387500001,181.86305423611088,0.0,9783.670745541669,57.95258215277738
2025-03-20,95,Q4-3,6186.1376,3471.4229,0.8788,544.4857927500001,170.712715347222,0.0,9937.312189354168,78.67937259722191
2025-03-20,96,Q4-3,6200.17,3156.225,0.9089,597.9099624999998,159.56237645833312,0.0,10080.918328166668,68.976580625
2025-03-20,97,Q4-3,6153.3743,2779.805,0.8767,604.2113307222222,138.5217014583332,0.0,10205.587859479168,96.57192073611105
2025-03-20,98,Q4-3,6101.7592,2507.3559,0.8888,648.1424723611108,117.48102645833308,0.0,10311.320783291669,68.405770763889
2025-03-20,99,Q4-3,6118.95,2334.4125,0.9441,673.6432395833334,96.44035145833323,0.0,10398.11709960417,53.55336187499972
2025-03-20,100,Q4-3,6209.4949,2077.0816,0.946,706.6696080555555,75.39967645833326,0.0,10465.97680841667,57.46561840277775
2025-03-20,101,Q4-3,6190.199,1733.8533,0.9677,734.2934047777776,54.35900145833307,0.0,10514.899909729169,62.789880013888705
2025-03-20,102,Q4-3,6102.19,1377.7125,1.0139,764.9408958333332,33.31832645833322,0.0,10544.886403541668,55.79034729166642
2025-03-20,103,Q4-3,6143.2969,1083.9022,1.0152,810.413828861111,29.260270902777734,0.0,10571.220647354168,62.07889204166679
2025-03-20,104,Q4-3,6075.0134,831.8823,1.0487,845.0243635555553,25.202215347222136,0.0,10593.902641166667,54.03303512500008
2025-03-20,105,Q4-3,6025.68,597.3375,1.0879,898.8576416666665,21.14415979166654,0.0,10612.932384979167,27.010268125000152
2025-03-20,106,Q4-3,6213.4416,374.8971,1.0391,983.2368199444444,17.086104236111055,0.0,10628.309878791668,6.9400342916666204
2025-03-20,107,Q4-3,5394.1467,156.1276,1.0932,903.1143029722222,13.028048680555457,0.0,10640.035122604168,0.0
2025-03-20,108,Q4-3,4094.12,0.0,1.2488,720.5880416666665,8.96999312499986,0.0,10648.108116416668,0.0
2025-03-20,109,Q4-3,4187.9837,0.0,1.2993,699.1716985833332,7.236196875000019,0.0,10654.620693604167,6.061781625000094
2025-03-20,110,Q4-3,4441.4267,5.5774,1.2761,152.09709676666762,0.0,572.6621093583326,10018.329460983798,14.549010541666348
2025-03-20,111,Q4-3,4255.45,0.0,1.2567,0.0,0.0,741.2604864583334,9194.706698252316,0.0
2025-03-20,112,Q4-3,4286.5369,0.0,1.2773,0.0,0.0,728.9619877083334,8384.748934131945,0.0
2025-03-20,113,Q4-3,4470.2464,0.4004,1.2813,0.0,0.0,721.5235805416668,7583.056066863426,23.450752791666446
2025-03-20,114,Q4-3,4579.24,0.0,1.2693,726.4004166666668,7.236196875000019,0.0,7589.568644050926,44.04244687499977
2025-03-20,115,Q4-3,4480.3082,0.0,1.2899,0.0,0.0,711.7432669583333,6798.742791875,34.97476637500006
2025-03-20,116,Q4-3,4285.5618,0.0288,1.2669,0.0,0.0,707.3976736249999,6012.745376736111,6.857826375000059
2025-03-20,117,Q4-3,4196.78,0.0,1.2323,0.0,0.0,714.781253125,5218.543984375,0.0
2025-03-20,118,Q4-3,4330.8684,0.0,1.2902,0.0,0.0,723.3151560416668,4414.860477662037,0.0
2025-03-20,119,Q4-3,4370.9481,0.0021,1.2824,726.0248053333335,7.236196874999905,0.0,4421.373054849537,9.70239154166643
2025-03-20,120,Q4-3,4358.21,0.0,1.2233,718.2907916666666,7.236196875000019,0.0,4427.885632037037,15.313738541666794
2025-03-20,121,Q4-3,4586.0191,0.0,1.2789,0.0,0.0,722.3696252083333,3625.2527151388886,41.96689145833341
2025-03-20,122,Q4-3,4523.6629,0.0,1.2779,0.0,0.0,730.5189729583333,2813.564967407407,23.424843708333356
2025-03-20,123,Q4-3,4215.37,0.0,1.2388,0.0,0.0,726.4642197916667,2006.3825009722218,0.0
2025-03-20,124,Q4-3,4256.2469,0.0,1.3228,0.0,0.0,725.744250875,1199.9999999999995,0.0
2025-03-20,125,Q4-3,4319.0159,0.0,1.1769,743.7924149999999,0.0,0.0,1199.9999999999995,0.0
2025-03-20,126,Q4-3,4257.25,0.0,0.8862,760.5457333333331,0.0,0.0,1199.9999999999995,0.0
2025-03-20,127,Q4-3,4290.2681,0.0,0.917,750.7401755,0.0,0.0,1199.9999999999995,0.0
2025-03-20,128,Q4-3,4418.7036,0.0,0.9999,736.60052525,0.0,0.0,1199.9999999999995,0.0
2025-03-20,129,Q4-3,4553.6,0.0,0.9964,732.1649666666668,0.0,0.0,1199.9999999999995,26.768366666666566
2025-03-20,130,Q4-3,4526.2528,0.0,1.0003,745.7635581666666,0.0,0.0,1199.9999999999995,8.611908500000027
2025-03-20,131,Q4-3,4001.6252,0.0,0.7708,676.1935511666667,0.0,0.0,1199.9999999999995,0.0
2025-03-20,132,Q4-3,3318.94,0.0,0.419,1397.3057999999996,782.6799552083331,0.0,1904.4119596874993,0.0
2025-03-20,133,Q4-3,3233.4088,0.0,0.3484,1384.7688559166666,833.3333333333333,0.0,2654.4119596874993,0.0
2025-03-20,134,Q4-3,3319.971,0.0,0.3833,565.3537509166665,7.236196875000019,0.0,2660.9245368749994,0.0
2025-03-20,135,Q4-3,3255.84,0.0,0.3903,575.9136666666666,7.236196874999905,0.0,2667.4371140624994,0.0
2025-03-20,136,Q4-3,3144.1326,0.0,0.4126,570.0310867499999,7.236196874999905,0.0,2673.9496912499994,0.0
2025-03-20,137,Q4-3,3161.8174,0.0,0.4343,564.9968805000001,7.236196875000019,0.0,2680.4622684374995,0.0
2025-03-20,138,Q4-3,3296.4,0.0,0.4428,559.1291999999999,7.236196874999905,0.0,2686.9748456249995,0.0
2025-03-20,139,Q4-3,3356.4081,0.0,0.4397,919.3847418333332,340.5695302083333,0.0,2993.4874228124995,0.0
2025-03-20,140,Q4-3,3261.7676,0.0,0.4049,1414.2850399999998,833.3333333333333,0.0,3743.4874228124995,0.0
2025-03-20,141,Q4-3,3267.73,0.0,0.3814,569.6963833333332,7.236196875000019,0.0,3749.9999999999995,0.0
2025-03-20,142,Q4-3,3604.076,0.0,0.4248,1397.5384528333334,833.3333333333333,0.0,4500.0,36.474213833333124
2025-03-20,143,Q4-3,3245.8691,0.0,0.3795,1368.0266516666666,833.3333333333333,0.0,5250.0,6.284864999999968
2025-03-20,144,Q4-3,2401.0,0.0,0.2794,1323.0505583333334,833.3333333333333,0.0,6000.0,0.0
2025-06-21,1,Q2,3087.9838,0.0,0.3564,1447.87021575,833.3333333333333,0.0,6750.0,0.0
2025-06-21,2,Q2,3200.0919,0.0,0.3908,1455.4785986666666,833.3333333333333,0.0,7500.0,0.0
2025-06-21,3,Q2,3401.46,0.0,0.4598,1456.1886916666667,833.3333333333333,0.0,8250.0,0.0
2025-06-21,4,Q2,3063.5261,0.0,0.409,863.8134566790134,257.5441223456801,0.0,8481.789710111112,0.0
2025-06-21,5,Q2,2820.2572,0.0,0.3618,1448.6783376666667,833.3333333333333,0.0,9231.789710111112,0.0
2025-06-21,6,Q2,2883.38,0.0,0.3786,596.46665,0.0,0.0,9231.789710111112,0.0
2025-06-21,7,Q2,2869.9796,0.0,0.3988,602.2367168333333,0.0,0.0,9231.789710111112,0.0
2025-06-21,8,Q2,2985.8287,0.0,0.4164,587.0494766666666,0.0,0.0,9231.789710111112,0.0
2025-06-21,9,Q2,3164.18,0.0,0.4254,583.6344833333333,0.0,0.0,9231.789710111112,0.0
2025-06-21,10,Q2,3064.8457,0.0,0.4165,572.8904830833333,0.0,0.0,9231.789710111112,0.0
2025-06-21,11,Q2,2954.0459,0.0,0.4295,571.837001,0.0,0.0,9231.789710111112,0.0
2025-06-21,12,Q2,2994.62,0.0,0.4451,569.3425916666667,0.0,0.0,9231.789710111112,0.0
2025-06-21,13,Q2,3072.4014,0.0,0.405,574.1503221666667,0.0,0.0,9231.789710111112,0.0
2025-06-21,14,Q2,3013.1015,0.0,0.3784,558.2207135833333,0.0,0.0,9231.789710111112,0.0
2025-06-21,15,Q2,2838.75,0.0,0.3917,572.8171083333333,0.0,0.0,9231.789710111112,0.0
2025-06-21,16,Q2,2749.9199,0.0,0.3964,563.2882213333332,0.0,0.0,9231.789710111112,0.0
2025-06-21,17,Q2,2820.5847,0.0,0.3495,554.457266,0.0,0.0,9231.789710111112,0.0
2025-06-21,18,Q2,2936.24,0.0,0.3048,547.3728333333332,0.0,0.0,9231.789710111112,0.0
2025-06-21,19,Q2,2920.1894,0.0012,0.3585,537.7944184166666,0.0,0.0,9231.789710111112,0.0
2025-06-21,20,Q2,2951.0328,0.0,0.4058,544.6853600833333,0.0,0.0,9231.789710111112,0.0
2025-06-21,21,Q2,2977.51,0.0,0.4053,542.2612333333334,0.0,0.0,9231.789710111112,0.0
2025-06-21,22,Q2,2780.298,0.0162,0.4087,545.2733589999999,0.0,0.0,9231.789710111112,0.0
2025-06-21,23,Q2,2728.3059,0.0,0.3866,538.11823375,0.0,0.0,9231.789710111112,0.0
2025-06-21,24,Q2,2862.19,0.0,0.3566,538.864675,0.0,0.0,9231.789710111112,0.0
2025-06-21,25,Q2,2845.9182,0.2263,0.3708,531.6809797499999,0.0,0.0,9231.789710111112,0.0
2025-06-21,26,Q2,2748.951,0.0,0.3532,519.2043954166667,0.0,0.0,9231.789710111112,0.0
2025-06-21,27,Q2,2677.31,0.0,0.3096,521.865325,0.0,0.0,9231.789710111112,0.0
2025-06-21,28,Q2,2660.8713,3.1516,0.3237,522.4273275,0.0,0.0,9231.789710111112,0.0
2025-06-21,29,Q2,2702.3205,0.0,0.3321,531.4940085000001,0.0,0.0,9231.789710111112,0.0
2025-06-21,30,Q2,2732.32,7.275,0.3143,537.5959875000001,0.0,0.0,9231.789710111112,0.0
2025-06-21,31,Q2,2664.7178,116.7655,0.3191,501.7192967499999,0.0,0.0,9231.789710111112,0.0
2025-06-21,32,Q2,2606.871,263.9703,0.3488,467.63745750000004,0.0,0.0,9231.789710111112,0.0
2025-06-21,33,Q2,2642.15,417.075,0.3395,430.32380833333343,0.0,0.0,9231.789710111112,0.0
2025-06-21,34,Q2,2745.0641,587.5961,0.2621,1235.321882,833.3333333333333,0.0,9981.789710111112,0.0
2025-06-21,35,Q2,2758.042,735.8325,0.4169,0.0,0.0,387.89151775,9550.799134833334,0.0
2025-06-21,36,Q2,2741.64,890.7,0.7087,0.0,0.0,406.91433541666663,9098.672095481483,0.0
2025-06-21,37,Q2,2888.7304,1136.9554,0.7158,0.0,0.0,378.07873708333335,8678.584609833335,0.0
2025-06-21,38,Q2,2932.231,1453.4028,0.6144,0.0,0.0,357.6314544999998,8281.216327055557,0.0
2025-06-21,39,Q2,2764.02,1765.9125,0.5732,0.0,0.0,337.6380937499999,7906.062889555558,0.0
2025-06-21,40,Q2,2606.6137,2022.3026,0.586,0.0,0.0,275.2109495833333,7600.272945574077,0.0
2025-06-21,41,Q2,2867.7649,2350.4923,0.6004,0.0,0.0,257.6988919166667,7313.940843444448,0.0
2025-06-21,42,Q2,3304.27,2699.25,0.5991,0.0,0.0,246.63037916666656,7039.907088814818,0.0
2025-06-21,43,Q2,3254.3169,2874.6231,0.598,0.0,0.0,219.47789624999984,6796.042759648151,0.0
2025-06-21,44,Q2,3137.5948,3006.0287,0.5678,0.0,0.0,182.70351408333332,6593.038855111115,0.0
2025-06-21,45,Q2,3174.85,3224.8875,0.5032,0.0,0.0,158.19700833333349,6417.26440140741,0.0
2025-06-21,46,Q2,3159.7263,3537.527,0.4634,0.0,0.0,100.25592591666668,6305.868928166669,0.0
2025-06-21,47,Q2,3087.5763,3785.3986,0.6087,0.0,0.0,107.01122466666665,6186.967567425929,0.0
2025-06-21,48,Q2,3062.36,4003.425,0.8359,0.0,0.0,161.87077083333324,6007.111155388892,0.0
2025-06-21,49,Q2,3162.0197,4334.7324,0.8537,0.0,0.0,125.10376816666675,5868.10696853704,0.0
2025-06-21,50,Q2,3160.9922,4441.8035,0.7708,0.0,0.0,60.77723649999985,5800.576705759263,0.0
2025-06-21,51,Q2,3037.59,4358.7,0.7264,0.0,4.022129166666559,0.0,5804.196622009263,0.0
2025-06-21,52,Q2,3030.9974,4479.895,0.7632,0.0,12.799141750000047,0.0,5815.715849584262,0.0
2025-06-21,53,Q2,3289.939,4668.5166,0.8305,0.0,0.0,14.50788466666657,5799.595977732411,0.0
2025-06-21,54,Q2,3650.62,4746.075,0.8764,0.0,0.0,39.47591458333336,5755.733850417596,0.0
2025-06-21,55,Q2,3785.9011,4746.9534,0.8731,0.0,0.0,9.561215333333507,5745.110277825003,0.0
2025-06-21,56,Q2,3849.6183,5139.4381,0.8073,0.0,36.385526583333416,0.0,5777.857251750003,0.0
2025-06-21,57,Q2,3824.6,5794.3125,0.7234,0.0,60.88986666666659,0.0,5832.658131750003,0.0
2025-06-21,58,Q2,3582.3586,6109.068,0.6977,0.0,127.15664783333331,0.0,5947.099114800003,0.0
2025-06-21,59,Q2,3687.9447,6385.1018,0.7164,0.0,140.07177208333326,0.0,6073.163709675003,0.0
2025-06-21,60,Q2,4000.14,6643.5375,0.7212,0.0,113.04367500000006,0.0,6174.903017175003,0.0
2025-06-21,61,Q2,3826.1041,6589.8893,0.6702,0.0,160.18270008333323,0.0,6319.067447250002,0.0
2025-06-21,62,Q2,3761.4976,6695.6004,0.6649,0.0,181.87316491666652,0.0,6482.753295675002,0.0
2025-06-21,63,Q2,3901.91,7000.9875,0.7152,0.0,198.0490166666664,0.0,6660.997410675001,0.0
2025-06-21,64,Q2,3726.7535,7093.8409,0.7053,0.0,235.15822791666665,0.0,6872.639815800001,0.0
2025-06-21,65,Q2,3565.5609,7243.1188,0.5367,0.0,246.66940999999974,0.0,7094.642284800001,0.0
2025-06-21,66,Q2,3679.21,7400.1,0.3314,0.0,238.13122500000023,0.0,7308.9603873000015,0.0
2025-06-21,67,Q2,3945.6166,7306.5816,0.3161,0.0,284.3389984999999,0.0,7564.865485950001,0.0
2025-06-21,68,Q2,3900.6403,7782.8954,0.2901,0.0,281.0705611666666,0.0,7817.828991000001,0.0
2025-06-21,69,Q2,3645.76,8490.225,0.2072,0.0,273.28493958333337,0.0,8063.785436625001,0.0
2025-06-21,70,Q2,3705.1427,8180.7164,0.2258,0.0,243.5445088333334,0.0,8282.975494575001,0.0
2025-06-21,71,Q2,3724.3133,7677.6706,0.2711,0.0,208.73247200000014,0.0,8470.834719375001,0.0
2025-06-21,72,Q2,3631.08,7665.1125,0.2744,0.0,227.7699083333332,0.0,8675.827636875001,0.0
2025-06-21,73,Q2,3735.5415,8044.2631,0.2473,0.0,230.0115357499999,0.0,8882.838019050001,0.0
2025-06-21,74,Q2,3852.2352,8300.9755,0.2497,0.0,248.98871766666664,0.0,9106.927864950001,0.0
2025-06-21,75,Q2,3928.56,8383.0125,0.2484,0.0,266.2043124999999,0.0,9346.511746200002,0.0
2025-06-21,76,Q2,4059.9044,8605.7877,0.1828,613.1333618333333,833.3333333333333,0.0,10096.511746200002,0.0
2025-06-21,77,Q2,3912.5928,8542.7209,0.2868,0.0,174.6198346666667,0.0,10253.669597400001,0.0
2025-06-21,78,Q2,3688.01,8049.6,0.5464,0.0,193.21307500000017,0.0,10427.5613649,0.0
2025-06-21,79,Q2,3910.4683,7493.4162,0.681,0.0,134.06964949999994,0.0,10548.22404945,0.0
2025-06-21,80,Q2,3862.6154,7354.9231,0.6383,0.0,85.58330266666684,0.0,10625.24902185,0.0
2025-06-21,81,Q2,3589.29,7340.8875,0.5716,0.0,49.8264979166666,0.0,10670.092869975,0.0
2025-06-21,82,Q2,3849.2221,6714.7449,0.6829,0.0,50.51596691666674,0.0,10715.5572402,0.0
2025-06-21,83,Q2,3978.2382,6127.755,0.797,0.0,21.223590250000143,0.0,10734.658471425,0.0
2025-06-21,84,Q2,3861.85,5956.2,0.8133,0.0,50.5986041666668,0.0,10780.197215175,0.0
2025-06-21,85,Q2,4047.8905,5941.7978,0.7993,0.0,22.00309424999989,0.0,10800.0,0.0
2025-06-21,86,Q2,4095.2281,5827.294,0.8114,0.0,0.0,5.753346166666574,10793.607393148148,0.0
2025-06-21,87,Q2,4007.39,5738.1375,0.8574,0.0,0.0,63.573268749999755,10722.97042787037,0.0
2025-06-21,88,Q2,4227.0513,5964.2607,0.8672,0.0,0.0,76.63893883333347,10637.816051388889,0.0
2025-06-21,89,Q2,4182.4486,5979.2451,0.6527,0.0,0.0,111.12785275000002,10514.340659444444,0.0
2025-06-21,90,Q2,3879.68,5680.4625,0.3818,77.24992499999985,0.0,0.0,10514.340659444444,0.0
2025-06-21,91,Q2,3916.2335,5457.1539,0.4347,440.4998132006179,317.399267283951,0.0,10800.0,0.0
2025-06-21,92,Q2,3924.3398,5153.0688,0.5156,168.6012325,0.0,0.0,10800.0,0.0
2025-06-21,93,Q2,3875.5,4811.1,0.4952,189.8096979166667,0.0,0.0,10800.0,0.0
2025-06-21,94,Q2,4137.0155,4680.9532,0.5311,251.98615000000015,0.0,0.0,10800.0,0.0
2025-06-21,95,Q2,4317.2602,4481.2341,0.5692,307.46378725,0.0,0.0,10800.0,0.0
2025-06-21,96,Q2,4217.43,4055.4,0.5723,320.4556916666667,0.0,0.0,10800.0,0.0
2025-06-21,97,Q2,4034.2858,3562.8565,0.5744,368.42727991666663,0.0,-0.0,10800.0,0.0
2025-06-21,98,Q2,3980.7146,3361.4888,0.599,375.6086355000001,0.0,-0.0,10800.0,0.0
2025-06-21,99,Q2,4042.02,3406.575,0.6284,401.56615208333335,0.0,-0.0,10800.0,0.0
2025-06-21,100,Q2,3983.774,3291.2298,0.6239,444.09131158333344,0.0,-0.0,10800.0,0.0
2025-06-21,101,Q2,3621.8931,2964.175,0.6144,455.7423388333333,0.0,-0.0,10800.0,0.0
2025-06-21,102,Q2,3240.3,2623.6125,0.6289,442.2176354166668,0.0,0.0,10800.0,0.0
2025-06-21,103,Q2,3335.0072,2479.2426,0.6705,480.81265041666666,0.0,-0.0,10800.0,0.0
2025-06-21,104,Q2,3462.6248,2185.8548,0.7075,522.0725534999999,0.0,-0.0,10800.0,0.0
2025-06-21,105,Q2,3484.27,1750.4625,0.7038,575.9293812499999,0.0,-0.0,10800.0,0.0
2025-06-21,106,Q2,3649.2081,1528.3871,0.6796,602.4716007499998,0.0,0.0,10800.0,0.0
2025-06-21,107,Q2,3604.3529,1310.4274,0.8445,576.1292268333332,0.0,-0.0,10800.0,0.0
2025-06-21,108,Q2,3349.51,1034.1,1.1012,548.7342874999999,0.0,-0.0,10800.0,0.0
2025-06-21,109,Q2,3274.4828,860.3286,1.1314,556.8441841666668,0.0,-0.0,10800.0,0.0
2025-06-21,110,Q2,3297.0032,677.2547,1.1374,605.8574543333332,0.0,0.0,10800.0,0.0
2025-06-21,111,Q2,3342.79,452.7,1.1803,666.2752520833333,0.0,0.0,10800.0,0.0
2025-06-21,112,Q2,3456.8314,276.0564,1.1266,691.0048313333332,0.0,0.0,10800.0,0.0
2025-06-21,113,Q2,3634.5648,121.8367,1.153,288.5482019166659,0.0,425.58160041666724,10327.131555092592,0.0
2025-06-21,114,Q2,3852.72,7.7625,1.2618,0.0,0.0,748.8282833333333,9495.100129166665,0.0
2025-06-21,115,Q2,4004.9442,0.0,1.2633,0.0,0.0,733.8439924999999,8679.717915277777,0.0
2025-06-21,116,Q2,3706.7434,3.2619,1.2161,0.0,0.0,758.67100125,7836.750136111111,0.0
2025-06-21,117,Q2,3293.48,0.0,1.1876,0.0,0.0,753.6267583333332,6999.387071296296,0.0
2025-06-21,118,Q2,3492.5254,0.0,1.1812,0.0,0.0,722.9868996666665,6196.068293888889,0.0
2025-06-21,119,Q2,3490.6667,0.2342,1.1704,0.0,0.0,715.6035349166666,5400.953255092592,0.0
2025-06-21,120,Q2,3189.62,0.0,1.1558,0.0,0.0,744.0012416666666,4574.2852087962965,0.0
2025-06-21,121,Q2,3348.2366,0.0,1.1611,0.0,0.0,763.3333449999999,3726.1370476851853,0.0
2025-06-21,122,Q2,3725.2052,0.0168,1.1692,0.0,0.0,759.81557975,2881.8975146296298,0.0
2025-06-21,123,Q2,3960.13,0.0,1.198,0.0,0.0,759.0059749999999,2038.5575424074075,0.0
2025-06-21,124,Q2,3881.8245,0.0,1.2507,0.0,0.0,754.7017881666668,1200.0,0.0
2025-06-21,125,Q2,3513.6729,0.0012,1.1066,751.4877156666666,0.0,-0.0,1200.0,0.0
2025-06-21,126,Q2,3160.32,0.0,0.857,750.9179083333333,0.0,0.0,1200.0,0.0
2025-06-21,127,Q2,3214.7106,0.0,0.8345,742.5255831666667,0.0,0.0,1200.0,0.0
2025-06-21,128,Q2,3489.1029,0.0,0.871,744.262174,0.0,0.0,1200.0,0.0
2025-06-21,129,Q2,3713.49,0.0,0.8848,767.5869666666667,0.0,0.0,1200.0,0.0
2025-06-21,130,Q2,3715.4477,0.0,0.9243,751.2227242499999,0.0,-0.0,1200.0,0.0
2025-06-21,131,Q2,3460.6768,0.0,0.7155,699.5313600833333,0.0,-0.0,1200.0,0.0
2025-06-21,132,Q2,3169.68,0.0,0.3942,1435.1891999999998,833.3333333333333,0.0,1950.0,0.0
2025-06-21,133,Q2,3161.2424,0.0,0.4048,1403.6566739166665,833.3333333333333,0.0,2700.0,0.0
2025-06-21,134,Q2,3268.4465,0.0,0.4701,595.8118152499999,0.0,0.0,2700.0,0.0
2025-06-21,135,Q2,3317.19,0.0,0.4227,1454.2708749999997,833.3333333333333,0.0,3450.0,0.0
2025-06-21,136,Q2,3281.0391,0.0,0.374,1458.6921699166664,833.3333333333333,0.0,4200.0,0.0
2025-06-21,137,Q2,3250.7574,0.0,0.3646,630.13334375,0.0,0.0,4200.0,0.0
2025-06-21,138,Q2,3190.39,0.0,0.3809,1453.1663666666666,833.3333333333333,0.0,4950.0,0.0
2025-06-21,139,Q2,2998.9363,0.0,0.3872,617.1714783333334,0.0,0.0,4950.0,0.0
2025-06-21,140,Q2,2920.9743,0.0,0.3936,632.5858813333332,0.0,0.0,4950.0,0.0
2025-06-21,141,Q2,2989.3,0.0,0.3844,1445.99995,833.3333333333333,0.0,5700.0,0.0
2025-06-21,142,Q2,3024.571,0.0,0.3399,958.7032728333334,333.3333333333333,0.0,6000.0,0.0
2025-06-21,143,Q2,3193.3141,0.0,0.3684,663.7428385833332,0.0,0.0,6000.0,0.0
2025-06-21,144,Q2,3636.14,0.0,0.4712,743.38925,0.0,0.0,6000.0,0.0
2025-06-21,1,Q3,3087.9838,0.0,0.3564,1447.87021575,833.3333333333333,0.0,6750.000000000002,0.0
2025-06-21,2,Q3,3200.0919,0.0,0.3908,1455.4785986666666,833.3333333333333,0.0,7500.000000000002,0.0
2025-06-21,3,Q3,3401.46,0.0,0.4598,1361.1876195891582,738.3322612558246,0.0,8164.499035130244,0.0
2025-06-21,4,Q3,3063.5261,0.0,0.409,606.2693343333333,0.0,0.0,8164.499035130244,0.0
2025-06-21,5,Q3,2820.2572,0.0,0.3618,615.3450043333333,0.0,0.0,8164.499035130244,0.0
2025-06-21,6,Q3,2883.38,0.0,0.3786,596.46665,0.0,0.0,8164.499035130244,0.0
2025-06-21,7,Q3,2869.9796,0.0,0.3988,602.2367168333333,0.0,0.0,8164.499035130244,0.0
2025-06-21,8,Q3,2985.8287,0.0,0.4164,587.0494766666666,0.0,0.0,8164.499035130244,0.0
2025-06-21,9,Q3,3164.18,0.0,0.4254,583.6344833333333,0.0,0.0,8164.499035130244,0.0
2025-06-21,10,Q3,3064.8457,0.0,0.4165,572.8904830833333,0.0,0.0,8164.499035130244,0.0
2025-06-21,11,Q3,2954.0459,0.0,0.4295,571.837001,0.0,0.0,8164.499035130244,0.0
2025-06-21,12,Q3,2994.62,0.0,0.4451,569.3425916666667,0.0,0.0,8164.499035130244,0.0
2025-06-21,13,Q3,3072.4014,0.0,0.405,574.1503221666667,0.0,0.0,8164.499035130244,0.0
2025-06-21,14,Q3,3013.1015,0.0,0.3784,558.2207135833333,0.0,0.0,8164.499035130244,0.0
2025-06-21,15,Q3,2838.75,0.0,0.3917,572.8171083333333,0.0,0.0,8164.499035130244,0.0
2025-06-21,16,Q3,2749.9199,0.0,0.3964,563.2882213333332,0.0,0.0,8164.499035130244,0.0
2025-06-21,17,Q3,2820.5847,0.0,0.3495,554.457266,0.0,0.0,8164.499035130244,0.0
2025-06-21,18,Q3,2936.24,0.0,0.3048,547.3728333333332,0.0,0.0,8164.499035130244,0.0
2025-06-21,19,Q3,2920.1894,0.0012,0.3585,537.79464675,0.0,0.0,8164.499035130244,0.0
2025-06-21,20,Q3,2951.0328,0.0,0.4058,544.6853600833333,0.0,0.0,8164.499035130244,0.0
2025-06-21,21,Q3,2977.51,0.0,0.4053,542.2612333333334,0.0,0.0,8164.499035130244,0.0
2025-06-21,22,Q3,2780.298,0.0162,0.4087,545.2765452499999,0.0,0.0,8164.499035130244,0.0
2025-06-21,23,Q3,2728.3059,0.0,0.3866,538.11823375,0.0,0.0,8164.499035130244,0.0
2025-06-21,24,Q3,2862.19,0.0,0.3566,538.864675,0.0,0.0,8164.499035130244,0.0
2025-06-21,25,Q3,2845.9182,0.2263,0.3708,531.5319186388888,0.0,0.0,8164.499035130244,0.0
2025-06-21,26,Q3,2748.951,0.0,0.3532,518.8174231944444,0.0,0.0,8164.499035130244,0.0
2025-06-21,27,Q3,2677.31,0.0,0.3096,521.2848666666666,0.0,0.0,8164.499035130244,0.0
2025-06-21,28,Q3,2660.8713,3.1516,0.3237,522.2721122222222,0.0,0.0,8164.499035130244,0.0
2025-06-21,29,Q3,2702.3205,0.0,0.3321,530.5265779444444,0.0,0.0,8164.499035130244,0.0
2025-06-21,30,Q3,2732.32,7.275,0.3143,536.7610083333335,0.0,0.0,8164.499035130244,0.0
2025-06-21,31,Q3,2664.7178,116.7655,0.3191,495.717102861111,0.0,0.0,8164.499035130244,0.0
2025-06-21,32,Q3,2606.871,263.9703,0.3488,465.19289555555554,0.0,0.0,8164.499035130244,0.0
2025-06-21,33,Q3,2642.15,417.075,0.3395,437.99148125000005,0.0,0.0,8164.499035130244,0.0
2025-06-21,34,Q3,2745.0641,587.5961,0.2621,1256.4505260277779,833.3333333333333,0.0,8914.499035130244,0.0
2025-06-21,35,Q3,2758.042,735.8325,0.4169,0.0,0.0,421.3560499722222,8446.32564627222,0.0
2025-06-21,36,Q3,2741.64,890.7,0.7087,0.0,0.0,453.15669166666663,7942.818211087035,0.0
2025-06-21,37,Q3,2888.7304,1136.9554,0.7158,0.0,0.0,361.4785081944444,7541.175424204319,0.0
2025-06-21,38,Q3,2932.231,1453.4028,0.6144,0.0,0.0,324.711290472222,7180.385101457406,0.0
2025-06-21,39,Q3,2764.02,1765.9125,0.5732,0.0,0.0,288.38878124999997,6859.953122290739,0.0
2025-06-21,40,Q3,2606.6137,2022.3026,0.586,0.0,0.0,212.49121736111107,6623.8517696672825,0.0
2025-06-21,41,Q3,2867.7649,2350.4923,0.6004,0.0,0.0,180.95216372222217,6422.793809975925,0.0
2025-06-21,42,Q3,3304.27,2699.25,0.5991,0.0,0.0,170.43414999999993,6233.422532198148,0.0
2025-06-21,43,Q3,3254.3169,2874.6231,0.598,0.0,0.0,141.477487222222,6076.225324173456,0.0
2025-06-21,44,Q3,3137.5948,3006.0287,0.5678,0.0,0.0,109.9624735277777,5954.044798031481,0.0
2025-06-21,45,Q3,3174.85,3224.8875,0.5032,0.0,0.0,81.38978958333348,5863.611698494444,0.0
2025-06-21,46,Q3,3159.7263,3537.527,0.4634,0.0,0.0,33.33001605555547,5826.578347321604,0.0
2025-06-21,47,Q3,3087.5763,3785.3986,0.6087,0.0,0.0,63.71224452777769,5755.786964512962,0.0
2025-06-21,48,Q3,3062.36,4003.425,0.8359,0.0,0.0,133.9378749999998,5606.967103401851,0.0
2025-06-21,49,Q3,3162.0197,4334.7324,0.8537,0.0,0.0,123.30693274999999,5469.959400346295,0.0
2025-06-21,50,Q3,3160.9922,4441.8035,0.7708,0.0,0.0,86.79056274999986,5373.525441735184,0.0
2025-06-21,51,Q3,3037.59,4358.7,0.7264,0.0,0.0,44.841324999999976,5323.70174729074,0.0
2025-06-21,52,Q3,3030.9974,4479.895,0.7632,0.0,0.0,50.160982416666556,5267.967322383332,0.0
2025-06-21,53,Q3,3289.939,4668.5166,0.8305,0.0,0.0,81.17947716666657,5177.767903309258,0.0
2025-06-21,54,Q3,3650.62,4746.075,0.8764,0.0,0.0,113.43978125000001,5051.723701920369,0.0
2025-06-21,55,Q3,3785.9011,4746.9534,0.8731,0.0,0.0,80.78338936111112,4961.964380408023,0.0
2025-06-21,56,Q3,3849.6183,5139.4381,0.8073,0.0,0.0,16.227111055555582,4943.934257012962,0.0
2025-06-21,57,Q3,3824.6,5794.3125,0.7234,0.0,0.0,0.0,4943.934257012962,0.0
2025-06-21,58,Q3,3582.3586,6109.068,0.6977,0.0,0.0,0.0,4943.934257012962,0.0
2025-06-21,59,Q3,3687.9447,6385.1018,0.7164,0.0,0.0,0.0,4943.934257012962,0.0
2025-06-21,60,Q3,4000.14,6643.5375,0.7212,0.0,0.0,0.0,4943.934257012962,0.0
2025-06-21,61,Q3,3826.1041,6589.8893,0.6702,0.0,0.0,0.0,4943.934257012962,0.0
2025-06-21,62,Q3,3761.4976,6695.6004,0.6649,0.0,0.0,0.0,4943.934257012962,0.0
2025-06-21,63,Q3,3901.91,7000.9875,0.7152,0.0,0.0,0.0,4943.934257012962,0.0
2025-06-21,64,Q3,3726.7535,7093.8409,0.7053,0.0,0.0,0.0,4943.934257012962,0.0
2025-06-21,65,Q3,3565.5609,7243.1188,0.5367,0.0,0.0,0.0,4943.934257012962,0.0
2025-06-21,66,Q3,3679.21,7400.1,0.3314,0.0,0.0,0.0,4943.934257012962,0.0
2025-06-21,67,Q3,3945.6166,7306.5816,0.3161,0.0,288.626082706097,0.0,5203.697731448449,0.0
2025-06-21,68,Q3,3900.6403,7782.8954,0.2901,0.0,314.2440433888888,0.0,5486.517370498449,0.0
2025-06-21,69,Q3,3645.76,8490.225,0.2072,0.0,332.9880229166667,0.0,5786.2065911234495,0.0
2025-06-21,70,Q3,3705.1427,8180.7164,0.2258,0.0,314.4110091111112,0.0,6069.176499323449,0.0
2025-06-21,71,Q3,3724.3133,7677.6706,0.2711,0.0,313.40685755555586,0.0,6351.242671123449,0.0
2025-06-21,72,Q3,3631.08,7665.1125,0.2744,0.0,351.39244999999994,0.0,6667.495876123449,0.0
2025-06-21,73,Q3,3735.5415,8044.2631,0.2473,0.0,0.0,0.0,6667.495876123449,0.0
2025-06-21,74,Q3,3852.2352,8300.9755,0.2497,0.0,0.0,0.0,6667.495876123449,0.0
2025-06-21,75,Q3,3928.56,8383.0125,0.2484,0.0,0.0,0.0,6667.495876123449,0.0
2025-06-21,76,Q3,4059.9044,8605.7877,0.1828,460.8334104444444,478.3919222037053,0.0,7098.048606106784,0.0
2025-06-21,77,Q3,3912.5928,8542.7209,0.2868,0.0,0.0,0.0,7098.048606106784,0.0
2025-06-21,78,Q3,3688.01,8049.6,0.5464,0.0,422.28726583333355,0.0,7478.107145356784,0.0
2025-06-21,79,Q3,3910.4683,7493.4162,0.681,0.0,344.6838874166667,0.0,7788.322644031784,0.0
2025-06-21,80,Q3,3862.6154,7354.9231,0.6383,0.0,260.7750022500002,0.0,8023.020146056784,0.0
2025-06-21,81,Q3,3589.29,7340.8875,0.5716,0.0,157.40567,0.0,8164.685249056784,0.0
2025-06-21,82,Q3,3849.2221,6714.7449,0.6829,0.0,111.40328441666662,0.0,8264.948205031784,0.0
2025-06-21,83,Q3,3978.2382,6127.755,0.797,0.0,55.46310691666679,0.0,8314.865001256783,0.0
2025-06-21,84,Q3,3861.85,5956.2,0.8133,0.0,54.610413750000106,0.0,8364.014373631784,0.0
2025-06-21,85,Q3,4047.8905,5941.7978,0.7993,0.0,12.185688833333302,0.0,8374.981493581785,0.0
2025-06-21,86,Q3,4095.2281,5827.294,0.8114,0.0,0.0,2.4203169999999545,8372.292252470674,0.0
2025-06-21,87,Q3,4007.39,5738.1375,0.8574,0.0,0.0,12.63121541666655,8358.257568674377,0.0
2025-06-21,88,Q3,4227.0513,5964.2607,0.8672,0.0,0.0,12.382015916666603,8344.499773211413,0.0
2025-06-21,89,Q3,4182.4486,5979.2451,0.6527,0.0,0.0,19.85806775000006,8322.435253489191,0.0
2025-06-21,90,Q3,3879.68,5680.4625,0.3818,0.0,44.72737208333342,0.0,8362.689888364192,0.0
2025-06-21,91,Q3,3916.2335,5457.1539,0.4347,0.0,0.0,26.03961550000011,8333.75698225308,0.0
2025-06-21,92,Q3,3924.3398,5153.0688,0.5156,89.37981069444444,0.0,12.315023055555542,8320.073623302464,0.0
2025-06-21,93,Q3,3875.5,4811.1,0.4952,168.94585208333336,20.534732499999933,0.0,8338.554882552464,0.0
2025-06-21,94,Q3,4137.0155,4680.9532,0.5311,258.684383888889,53.38448805555575,0.0,8386.600921802465,0.0
2025-06-21,95,Q3,4317.2602,4481.2341,0.5692,326.91755127777776,86.23424361111114,0.0,8464.211741052464,0.0
2025-06-21,96,Q3,4217.43,4055.4,0.5723,386.18842500000005,119.08399916666673,0.0,8571.387340302465,0.0
2025-06-21,97,Q3,4034.2858,3562.8565,0.5744,422.9028217222222,112.88506305555569,0.0,8672.983897052465,0.0
2025-06-21,98,Q3,3980.7146,3361.4888,0.599,420.2608236944445,106.68612694444448,0.0,8769.001411302464,0.0
2025-06-21,99,Q3,4042.02,3406.575,0.6284,441.5539708333332,100.48719083333333,0.0,8859.439883052464,0.0
2025-06-21,100,Q3,3983.774,3291.2298,0.6239,474.089277138889,94.28825472222229,0.0,8944.299312302464,0.0
2025-06-21,101,Q3,3621.8931,2964.175,0.6144,471.2502066111111,88.0893186111112,0.0,9023.579699052465,0.0
2025-06-21,102,Q3,3240.3,2623.6125,0.6289,445.9361645833334,81.8903825000001,0.0,9097.281043302464,0.0
2025-06-21,103,Q3,3335.0072,2479.2426,0.6705,485.5195252777778,80.3841436111112,0.0,9169.626772552465,0.0
2025-06-21,104,Q3,3462.6248,2185.8548,0.7075,528.7516403055555,78.8779047222223,0.0,9240.616886802465,0.0
2025-06-21,105,Q3,3484.27,1750.4625,0.7038,578.8882249999999,77.3716658333334,0.0,9310.251386052465,0.0
2025-06-21,106,Q3,3649.2081,1528.3871,0.6796,616.4290889444442,75.86542694444438,0.0,9378.530270302464,0.0
2025-06-21,107,Q3,3604.3529,1310.4274,0.8445,595.8642973888888,74.35918805555559,0.0,9445.453539552465,0.0
2025-06-21,108,Q3,3349.51,1034.1,1.1012,567.6328208333333,72.8529491666668,0.0,9511.021193802466,0.0
2025-06-21,109,Q3,3274.4828,860.3286,1.1314,565.4148080555557,0.0,0.0,9511.021193802466,0.0
2025-06-21,110,Q3,3297.0032,677.2547,1.1374,605.682645861111,0.0,0.0,9511.021193802466,0.0
2025-06-21,111,Q3,3342.79,452.7,1.1803,659.9371395833334,0.0,0.0,9511.021193802466,0.0
2025-06-21,112,Q3,3456.8314,276.0564,1.1266,680.3526827222221,0.0,0.0,9511.021193802466,0.0
2025-06-21,113,Q3,3634.5648,121.8367,1.153,275.41444386111107,0.0,312.95786347222213,9163.290234388885,0.0
2025-06-21,114,Q3,3852.72,7.7625,1.2618,0.0,0.0,633.1451525,8459.795620499997,7.681097499999964
2025-06-21,115,Q3,4004.9442,0.0,1.2633,0.0,0.0,617.9957616666666,7773.13366309259,49.49493833333338
2025-06-21,116,Q3,3706.7434,3.2619,1.2161,0.0,0.0,643.6352691666668,7057.983364018515,0.0
2025-06-21,117,Q3,3293.48,0.0,1.1876,0.0,0.0,638.2008275,6348.871333462959,0.0
2025-06-21,118,Q3,3492.5254,0.0,1.1812,0.0,0.0,607.7721188333331,5673.5689792037,0.0
2025-06-21,119,Q3,3490.6667,0.2342,1.1704,0.0,0.0,600.6430790833333,5006.187780222219,0.0
2025-06-21,120,Q3,3189.62,0.0,1.1558,0.0,0.0,629.2087608333331,4307.066934851849,0.0
2025-06-21,121,Q3,3348.2366,0.0,1.1611,0.0,0.0,648.5408641666666,3586.4659746666634,0.0
2025-06-21,122,Q3,3725.2052,0.0168,1.1692,0.0,0.0,645.0261951666666,2869.770202259256,0.0
2025-06-21,123,Q3,3960.13,0.0,1.198,0.0,0.0,644.2134941666665,2153.97743096296,15.808172500000182
2025-06-21,124,Q3,3881.8245,0.0,1.2507,0.0,0.0,639.9093073333333,1442.9670894814785,7.061442666666608
2025-06-21,125,Q3,3513.6729,0.0012,1.1066,751.4879381666666,0.0,0.0,1442.9670894814785,0.0
2025-06-21,126,Q3,3160.32,0.0,0.857,750.9179083333333,0.0,0.0,1442.9670894814785,0.0
2025-06-21,127,Q3,3214.7106,0.0,0.8345,742.5255831666667,0.0,0.0,1442.9670894814785,0.0
2025-06-21,128,Q3,3489.1029,0.0,0.871,744.262174,0.0,0.0,1442.9670894814785,0.0
2025-06-21,129,Q3,3713.49,0.0,0.8848,767.5869666666667,0.0,0.0,1442.9670894814785,0.0
2025-06-21,130,Q3,3715.4477,0.0,0.9243,751.2227242499999,0.0,0.0,1442.9670894814785,0.0
2025-06-21,131,Q3,3460.6768,0.0,0.7155,699.5313600833333,0.0,0.0,1442.9670894814785,0.0
2025-06-21,132,Q3,3169.68,0.0,0.3942,1435.1891999999998,0.0,0.0,1442.9670894814785,0.0
2025-06-21,133,Q3,3161.2424,0.0,0.4048,1403.6566739166665,593.155868076136,0.0,1976.807370750001,0.0
2025-06-21,134,Q3,3268.4465,0.0,0.4701,595.8118152499999,114.7924808333334,0.0,2080.120603500001,63.721748916666854
2025-06-21,135,Q3,3317.19,0.0,0.4227,1454.2708749999997,833.3333333333333,0.0,2830.120603500001,0.0
2025-06-21,136,Q3,3281.0391,0.0,0.374,1458.6921699166664,833.3333333333333,0.0,3580.120603500001,0.0
2025-06-21,137,Q3,3250.7574,0.0,0.3646,630.13334375,114.79248083333334,0.0,3683.433836250001,26.452037083333266
2025-06-21,138,Q3,3190.39,0.0,0.3809,1453.1663666666666,833.3333333333333,0.0,4433.433836250001,0.0
2025-06-21,139,Q3,2998.9363,0.0,0.3872,617.1714783333334,114.79248083333329,0.0,4536.747069000001,0.0
2025-06-21,140,Q3,2920.9743,0.0,0.3936,632.5858813333332,114.79248083333334,0.0,4640.060301750001,0.0
2025-06-21,141,Q3,2989.3,0.0,0.3844,1445.99995,833.3333333333333,0.0,5390.060301750001,0.0
2025-06-21,142,Q3,3024.571,0.0,0.3399,958.7032728333334,448.12581416666666,0.0,5793.3735345000005,0.0
2025-06-21,143,Q3,3193.3141,0.0,0.3684,663.7428385833332,114.79248083333334,0.0,5896.68676725,0.0
2025-06-21,144,Q3,3636.14,0.0,0.4712,743.38925,114.79248083333334,0.0,6000.0,0.0
2025-06-21,1,Q4-2,3087.9838,0.0,0.3564,614.5368824166667,0.0,0.0,6000.0,0.0
2025-06-21,2,Q4-2,3200.0919,0.0,0.3908,622.1452653333333,0.0,0.0,6000.0,0.0
2025-06-21,3,Q4-2,3401.46,0.0,0.4598,622.8553583333335,0.0,0.0,6000.0,0.0
2025-06-21,4,Q4-2,3063.5261,0.0,0.409,606.2693343333333,0.0,0.0,6000.0,0.0
2025-06-21,5,Q4-2,2820.2572,0.0,0.3618,615.3450043333333,0.0,0.0,6000.0,0.0
2025-06-21,6,Q4-2,2883.38,0.0,0.3786,596.46665,0.0,0.0,6000.0,0.0
2025-06-21,7,Q4-2,2869.9796,0.0,0.3988,602.2367168333333,0.0,0.0,6000.0,0.0
2025-06-21,8,Q4-2,2985.8287,0.0,0.4164,587.0494766666666,0.0,0.0,6000.0,0.0
2025-06-21,9,Q4-2,3164.18,0.0,0.4254,583.6344833333333,0.0,0.0,6000.0,0.0
2025-06-21,10,Q4-2,3064.8457,0.0,0.4165,572.8904830833333,0.0,0.0,6000.0,0.0
2025-06-21,11,Q4-2,2954.0459,0.0,0.4295,571.837001,0.0,0.0,6000.0,0.0
2025-06-21,12,Q4-2,2994.62,0.0,0.4451,569.3425916666667,0.0,0.0,6000.0,0.0
2025-06-21,13,Q4-2,3072.4014,0.0,0.405,574.1503221666667,0.0,0.0,6000.0,0.0
2025-06-21,14,Q4-2,3013.1015,0.0,0.3784,558.2207135833333,0.0,0.0,6000.0,0.0
2025-06-21,15,Q4-2,2838.75,0.0,0.3917,572.8171083333333,0.0,0.0,6000.0,0.0
2025-06-21,16,Q4-2,2749.9199,0.0,0.3964,563.2882213333332,0.0,0.0,6000.0,0.0
2025-06-21,17,Q4-2,2820.5847,0.0,0.3495,554.457266,0.0,0.0,6000.0,0.0
2025-06-21,18,Q4-2,2936.24,0.0,0.3048,547.3728333333332,0.0,0.0,6000.0,0.0
2025-06-21,19,Q4-2,2920.1894,0.0012,0.3585,537.7944184166666,0.0,0.0,6000.0,0.0
2025-06-21,20,Q4-2,2951.0328,0.0,0.4058,544.6853600833333,0.0,0.0,6000.0,0.0
2025-06-21,21,Q4-2,2977.51,0.0,0.4053,1350.3486666790168,808.0874333456834,0.0,6727.278690011115,0.0
2025-06-21,22,Q4-2,2780.298,0.0162,0.4087,545.2733589999999,0.0,0.0,6727.278690011115,0.0
2025-06-21,23,Q4-2,2728.3059,0.0,0.3866,538.11823375,0.0,0.0,6727.278690011115,0.0
2025-06-21,24,Q4-2,2862.19,0.0,0.3566,538.864675,0.0,0.0,6727.278690011115,0.0
2025-06-21,25,Q4-2,2845.9182,0.2263,0.3708,531.6809797499999,0.0,0.0,6727.278690011115,0.0
2025-06-21,26,Q4-2,2748.951,0.0,0.3532,519.2043954166667,0.0,0.0,6727.278690011115,0.0
2025-06-21,27,Q4-2,2677.31,0.0,0.3096,1355.1986583333332,833.3333333333333,0.0,7477.278690011115,0.0
2025-06-21,28,Q4-2,2660.8713,3.1516,0.3237,522.4273275,0.0,0.0,7477.278690011115,0.0
2025-06-21,29,Q4-2,2702.3205,0.0,0.3321,531.4940085000001,0.0,0.0,7477.278690011115,0.0
2025-06-21,30,Q4-2,2732.32,7.275,0.3143,537.5959875000001,0.0,0.0,7477.278690011115,0.0
2025-06-21,31,Q4-2,2664.7178,116.7655,0.3191,501.7192967499999,0.0,0.0,7477.278690011115,0.0
2025-06-21,32,Q4-2,2606.871,263.9703,0.3488,467.63745750000004,0.0,0.0,7477.278690011115,0.0
2025-06-21,33,Q4-2,2642.15,417.075,0.3395,1263.6571416666666,833.3333333333333,0.0,8227.278690011115,0.0
2025-06-21,34,Q4-2,2745.0641,587.5961,0.2621,1235.321882,833.3333333333333,0.0,8977.278690011115,0.0
2025-06-21,35,Q4-2,2758.042,735.8325,0.4169,0.0,0.0,387.89151775,8546.288114733337,0.0
2025-06-21,36,Q4-2,2741.64,890.7,0.7087,0.0,0.0,406.91433541666663,8094.161075381485,0.0
2025-06-21,37,Q4-2,2888.7304,1136.9554,0.7158,0.0,0.0,378.07873708333335,7674.073589733337,0.0
2025-06-21,38,Q4-2,2932.231,1453.4028,0.6144,0.0,0.0,357.6314544999998,7276.7053069555595,0.0
2025-06-21,39,Q4-2,2764.02,1765.9125,0.5732,0.0,0.0,337.6380937499999,6901.551869455559,0.0
2025-06-21,40,Q4-2,2606.6137,2022.3026,0.586,0.0,0.0,275.2109495833333,6595.7619254740775,0.0
2025-06-21,41,Q4-2,2867.7649,2350.4923,0.6004,0.0,0.0,257.6988919166667,6309.429823344448,0.0
2025-06-21,42,Q4-2,3304.27,2699.25,0.5991,0.0,0.0,246.63037916666656,6035.396068714818,0.0
2025-06-21,43,Q4-2,3254.3169,2874.6231,0.598,0.0,0.0,219.47789624999984,5791.531739548152,0.0
2025-06-21,44,Q4-2,3137.5948,3006.0287,0.5678,0.0,0.0,182.70351408333332,5588.527835011115,0.0
2025-06-21,45,Q4-2,3174.85,3224.8875,0.5032,0.0,0.0,158.19700833333349,5412.753381307411,0.0
2025-06-21,46,Q4-2,3159.7263,3537.527,0.4634,0.0,0.0,100.25592591666668,5301.35790806667,0.0
2025-06-21,47,Q4-2,3087.5763,3785.3986,0.6087,0.0,0.0,107.01122466666665,5182.456547325929,0.0
2025-06-21,48,Q4-2,3062.36,4003.425,0.8359,0.0,0.0,161.87077083333324,5002.6001352888925,0.0
2025-06-21,49,Q4-2,3162.0197,4334.7324,0.8537,0.0,0.0,125.10376816666675,4863.5959484370405,0.0
2025-06-21,50,Q4-2,3160.9922,4441.8035,0.7708,0.0,0.0,60.77723649999985,4796.065685659263,0.0
2025-06-21,51,Q4-2,3037.59,4358.7,0.7264,0.0,4.022129166666559,0.0,4799.685601909263,0.0
2025-06-21,52,Q4-2,3030.9974,4479.895,0.7632,0.0,12.799141750000047,0.0,4811.2048294842625,0.0
2025-06-21,53,Q4-2,3289.939,4668.5166,0.8305,0.0,0.0,14.50788466666657,4795.084957632411,0.0
2025-06-21,54,Q4-2,3650.62,4746.075,0.8764,0.0,0.0,39.47591458333336,4751.222830317596,0.0
2025-06-21,55,Q4-2,3785.9011,4746.9534,0.8731,0.0,0.0,9.561215333333507,4740.599257725004,0.0
2025-06-21,56,Q4-2,3849.6183,5139.4381,0.8073,0.0,36.385526583333416,0.0,4773.346231650004,0.0
2025-06-21,57,Q4-2,3824.6,5794.3125,0.7234,0.0,60.88986666666659,0.0,4828.147111650003,0.0
2025-06-21,58,Q4-2,3582.3586,6109.068,0.6977,0.0,127.15664783333331,0.0,4942.588094700003,0.0
2025-06-21,59,Q4-2,3687.9447,6385.1018,0.7164,0.0,140.07177208333326,0.0,5068.652689575003,0.0
2025-06-21,60,Q4-2,4000.14,6643.5375,0.7212,0.0,113.04367500000006,0.0,5170.391997075003,0.0
2025-06-21,61,Q4-2,3826.1041,6589.8893,0.6702,0.0,160.18270008333323,0.0,5314.5564271500025,0.0
2025-06-21,62,Q4-2,3761.4976,6695.6004,0.6649,0.0,181.87316491666652,0.0,5478.242275575002,0.0
2025-06-21,63,Q4-2,3901.91,7000.9875,0.7152,0.0,198.0490166666664,0.0,5656.486390575002,0.0
2025-06-21,64,Q4-2,3726.7535,7093.8409,0.7053,0.0,235.15822791666665,0.0,5868.128795700001,0.0
2025-06-21,65,Q4-2,3565.5609,7243.1188,0.5367,0.0,246.66940999999974,0.0,6090.131264700001,0.0
2025-06-21,66,Q4-2,3679.21,7400.1,0.3314,0.0,238.13122500000023,0.0,6304.449367200002,0.0
2025-06-21,67,Q4-2,3945.6166,7306.5816,0.3161,548.9943348333334,833.3333333333333,0.0,7054.449367200002,0.0
2025-06-21,68,Q4-2,3900.6403,7782.8954,0.2901,0.0,281.0705611666666,0.0,7307.412872250002,0.0
2025-06-21,69,Q4-2,3645.76,8490.225,0.2072,0.0,273.28493958333337,0.0,7553.369317875002,0.0
2025-06-21,70,Q4-2,3705.1427,8180.7164,0.2258,0.0,243.5445088333334,0.0,7772.559375825002,0.0
2025-06-21,71,Q4-2,3724.3133,7677.6706,0.2711,0.0,208.73247200000014,0.0,7960.418600625002,0.0
2025-06-21,72,Q4-2,3631.08,7665.1125,0.2744,0.0,227.7699083333332,0.0,8165.411518125002,0.0
2025-06-21,73,Q4-2,3735.5415,8044.2631,0.2473,0.0,230.0115357499999,0.0,8372.421900300002,0.0
2025-06-21,74,Q4-2,3852.2352,8300.9755,0.2497,0.0,248.98871766666664,0.0,8596.511746200002,0.0
2025-06-21,75,Q4-2,3928.56,8383.0125,0.2484,567.1290208333334,833.3333333333333,0.0,9346.511746200002,0.0
2025-06-21,76,Q4-2,4059.9044,8605.7877,0.1828,613.1333618333333,833.3333333333333,0.0,10096.511746200002,0.0
2025-06-21,77,Q4-2,3912.5928,8542.7209,0.2868,0.0,174.6198346666667,0.0,10253.669597400001,0.0
2025-06-21,78,Q4-2,3688.01,8049.6,0.5464,0.0,193.21307500000017,0.0,10427.5613649,0.0
2025-06-21,79,Q4-2,3910.4683,7493.4162,0.681,0.0,134.06964949999994,0.0,10548.22404945,0.0
2025-06-21,80,Q4-2,3862.6154,7354.9231,0.6383,0.0,85.58330266666684,0.0,10625.24902185,0.0
2025-06-21,81,Q4-2,3589.29,7340.8875,0.5716,0.0,49.8264979166666,0.0,10670.092869975,0.0
2025-06-21,82,Q4-2,3849.2221,6714.7449,0.6829,0.0,50.51596691666674,0.0,10715.5572402,0.0
2025-06-21,83,Q4-2,3978.2382,6127.755,0.797,0.0,21.223590250000143,0.0,10734.658471425,0.0
2025-06-21,84,Q4-2,3861.85,5956.2,0.8133,0.0,50.5986041666668,0.0,10780.197215175,0.0
2025-06-21,85,Q4-2,4047.8905,5941.7978,0.7993,0.0,22.00309424999989,0.0,10800.0,0.0
2025-06-21,86,Q4-2,4095.2281,5827.294,0.8114,0.0,0.0,5.753346166666574,10793.607393148148,0.0
2025-06-21,87,Q4-2,4007.39,5738.1375,0.8574,0.0,0.0,63.573268749999755,10722.97042787037,0.0
2025-06-21,88,Q4-2,4227.0513,5964.2607,0.8672,0.0,0.0,76.63893883333347,10637.816051388889,0.0
2025-06-21,89,Q4-2,4182.4486,5979.2451,0.6527,0.0,0.0,111.12785275000002,10514.340659444444,0.0
2025-06-21,90,Q4-2,3879.68,5680.4625,0.3818,77.24992499999985,0.0,0.0,10514.340659444444,0.0
2025-06-21,91,Q4-2,3916.2335,5457.1539,0.4347,440.4998132006179,317.399267283951,0.0,10800.0,0.0
2025-06-21,92,Q4-2,3924.3398,5153.0688,0.5156,168.6012325,0.0,0.0,10800.0,0.0
2025-06-21,93,Q4-2,3875.5,4811.1,0.4952,189.8096979166667,0.0,0.0,10800.0,0.0
2025-06-21,94,Q4-2,4137.0155,4680.9532,0.5311,251.98615000000015,0.0,0.0,10800.0,0.0
2025-06-21,95,Q4-2,4317.2602,4481.2341,0.5692,307.46378725,0.0,0.0,10800.0,0.0
2025-06-21,96,Q4-2,4217.43,4055.4,0.5723,320.4556916666667,0.0,-0.0,10800.0,0.0
2025-06-21,97,Q4-2,4034.2858,3562.8565,0.5744,368.42727991666663,0.0,-0.0,10800.0,0.0
2025-06-21,98,Q4-2,3980.7146,3361.4888,0.599,375.6086355000001,0.0,-0.0,10800.0,0.0
2025-06-21,99,Q4-2,4042.02,3406.575,0.6284,401.56615208333335,0.0,0.0,10800.0,0.0
2025-06-21,100,Q4-2,3983.774,3291.2298,0.6239,444.09131158333344,0.0,-0.0,10800.0,0.0
2025-06-21,101,Q4-2,3621.8931,2964.175,0.6144,455.7423388333333,0.0,-0.0,10800.0,0.0
2025-06-21,102,Q4-2,3240.3,2623.6125,0.6289,442.2176354166668,0.0,0.0,10800.0,0.0
2025-06-21,103,Q4-2,3335.0072,2479.2426,0.6705,480.81265041666666,0.0,-0.0,10800.0,0.0
2025-06-21,104,Q4-2,3462.6248,2185.8548,0.7075,522.0725534999999,0.0,-0.0,10800.0,0.0
2025-06-21,105,Q4-2,3484.27,1750.4625,0.7038,575.9293812499999,0.0,-0.0,10800.0,0.0
2025-06-21,106,Q4-2,3649.2081,1528.3871,0.6796,602.4716007499998,0.0,0.0,10800.0,0.0
2025-06-21,107,Q4-2,3604.3529,1310.4274,0.8445,576.1292268333332,0.0,-0.0,10800.0,0.0
2025-06-21,108,Q4-2,3349.51,1034.1,1.1012,548.7342874999999,0.0,-0.0,10800.0,0.0
2025-06-21,109,Q4-2,3274.4828,860.3286,1.1314,556.8441841666668,0.0,-0.0,10800.0,0.0
2025-06-21,110,Q4-2,3297.0032,677.2547,1.1374,605.8574543333332,0.0,0.0,10800.0,0.0
2025-06-21,111,Q4-2,3342.79,452.7,1.1803,666.2752520833333,0.0,-0.0,10800.0,0.0
2025-06-21,112,Q4-2,3456.8314,276.0564,1.1266,265.42323091666594,0.0,425.58160041666724,10327.131555092592,0.0
2025-06-21,113,Q4-2,3634.5648,121.8367,1.153,714.1298023333331,0.0,0.0,10327.131555092592,0.0
2025-06-21,114,Q4-2,3852.72,7.7625,1.2618,0.0,0.0,748.8282833333333,9495.100129166665,0.0
2025-06-21,115,Q4-2,4004.9442,0.0,1.2633,0.0,0.0,733.8439924999999,8679.717915277777,0.0
2025-06-21,116,Q4-2,3706.7434,3.2619,1.2161,0.0,0.0,758.67100125,7836.750136111111,0.0
2025-06-21,117,Q4-2,3293.48,0.0,1.1876,0.0,0.0,753.6267583333332,6999.387071296296,0.0
2025-06-21,118,Q4-2,3492.5254,0.0,1.1812,0.0,0.0,722.9868996666665,6196.068293888889,0.0
2025-06-21,119,Q4-2,3490.6667,0.2342,1.1704,0.0,0.0,715.6035349166666,5400.953255092592,0.0
2025-06-21,120,Q4-2,3189.62,0.0,1.1558,0.0,0.0,744.0012416666666,4574.2852087962965,0.0
2025-06-21,121,Q4-2,3348.2366,0.0,1.1611,0.0,0.0,763.3333449999999,3726.1370476851853,0.0
2025-06-21,122,Q4-2,3725.2052,0.0168,1.1692,0.0,0.0,759.81557975,2881.8975146296298,0.0
2025-06-21,123,Q4-2,3960.13,0.0,1.198,0.0,0.0,759.0059749999999,2038.5575424074075,0.0
2025-06-21,124,Q4-2,3881.8245,0.0,1.2507,0.0,0.0,754.7017881666668,1200.0,0.0
2025-06-21,125,Q4-2,3513.6729,0.0012,1.1066,751.4877156666666,0.0,-0.0,1200.0,0.0
2025-06-21,126,Q4-2,3160.32,0.0,0.857,750.9179083333333,0.0,0.0,1200.0,0.0
2025-06-21,127,Q4-2,3214.7106,0.0,0.8345,742.5255831666667,0.0,0.0,1200.0,0.0
2025-06-21,128,Q4-2,3489.1029,0.0,0.871,744.262174,0.0,0.0,1200.0,0.0
2025-06-21,129,Q4-2,3713.49,0.0,0.8848,767.5869666666667,0.0,0.0,1200.0,0.0
2025-06-21,130,Q4-2,3715.4477,0.0,0.9243,751.2227242499999,0.0,-0.0,1200.0,0.0
2025-06-21,131,Q4-2,3460.6768,0.0,0.7155,699.5313600833333,0.0,-0.0,1200.0,0.0
2025-06-21,132,Q4-2,3169.68,0.0,0.3942,601.8558666666665,0.0,0.0,1200.0,0.0
2025-06-21,133,Q4-2,3161.2424,0.0,0.4048,1403.6566739166665,833.3333333333333,0.0,1950.0,0.0
2025-06-21,134,Q4-2,3268.4465,0.0,0.4701,929.1451485833331,333.3333333333333,0.0,2250.0,0.0
2025-06-21,135,Q4-2,3317.19,0.0,0.4227,1454.2708749999997,833.3333333333333,0.0,3000.0,0.0
2025-06-21,136,Q4-2,3281.0391,0.0,0.374,1458.6921699166664,833.3333333333333,0.0,3750.0,0.0
2025-06-21,137,Q4-2,3250.7574,0.0,0.3646,630.13334375,0.0,0.0,3750.0,0.0
2025-06-21,138,Q4-2,3190.39,0.0,0.3809,619.8330333333333,0.0,0.0,3750.0,0.0
2025-06-21,139,Q4-2,2998.9363,0.0,0.3872,617.1714783333334,0.0,0.0,3750.0,0.0
2025-06-21,140,Q4-2,2920.9743,0.0,0.3936,1465.9192146666664,833.3333333333333,0.0,4500.0,0.0
2025-06-21,141,Q4-2,2989.3,0.0,0.3844,1445.99995,833.3333333333333,0.0,5250.0,0.0
2025-06-21,142,Q4-2,3024.571,0.0,0.3399,1458.7032728333334,833.3333333333333,0.0,6000.0,0.0
2025-06-21,143,Q4-2,3193.3141,0.0,0.3684,663.7428385833332,0.0,0.0,6000.0,0.0
2025-06-21,144,Q4-2,3636.14,0.0,0.4712,743.38925,0.0,0.0,6000.0,0.0
2025-06-21,1,Q4-3,3087.9838,0.0,0.3564,614.5368824166667,0.0,0.0,5999.999999999998,0.0
2025-06-21,2,Q4-3,3200.0919,0.0,0.3908,622.1452653333333,0.0,0.0,5999.999999999998,0.0
2025-06-21,3,Q4-3,3401.46,0.0,0.4598,622.8553583333335,0.0,0.0,5999.999999999998,0.0
2025-06-21,4,Q4-3,3063.5261,0.0,0.409,606.2693343333333,0.0,0.0,5999.999999999998,0.0
2025-06-21,5,Q4-3,2820.2572,0.0,0.3618,615.3450043333333,0.0,0.0,5999.999999999998,0.0
2025-06-21,6,Q4-3,2883.38,0.0,0.3786,596.46665,0.0,0.0,5999.999999999998,0.0
2025-06-21,7,Q4-3,2869.9796,0.0,0.3988,602.2367168333333,0.0,0.0,5999.999999999998,0.0
2025-06-21,8,Q4-3,2985.8287,0.0,0.4164,587.0494766666666,0.0,0.0,5999.999999999998,0.0
2025-06-21,9,Q4-3,3164.18,0.0,0.4254,583.6344833333333,0.0,0.0,5999.999999999998,0.0
2025-06-21,10,Q4-3,3064.8457,0.0,0.4165,572.8904830833333,0.0,0.0,5999.999999999998,0.0
2025-06-21,11,Q4-3,2954.0459,0.0,0.4295,571.837001,0.0,0.0,5999.999999999998,0.0
2025-06-21,12,Q4-3,2994.62,0.0,0.4451,569.3425916666667,0.0,0.0,5999.999999999998,0.0
2025-06-21,13,Q4-3,3072.4014,0.0,0.405,574.1503221666667,0.0,0.0,5999.999999999998,0.0
2025-06-21,14,Q4-3,3013.1015,0.0,0.3784,558.2207135833333,0.0,0.0,5999.999999999998,0.0
2025-06-21,15,Q4-3,2838.75,0.0,0.3917,572.8171083333333,0.0,0.0,5999.999999999998,0.0
2025-06-21,16,Q4-3,2749.9199,0.0,0.3964,563.2882213333332,0.0,0.0,5999.999999999998,0.0
2025-06-21,17,Q4-3,2820.5847,0.0,0.3495,554.457266,0.0,0.0,5999.999999999998,0.0
2025-06-21,18,Q4-3,2936.24,0.0,0.3048,547.3728333333332,0.0,0.0,5999.999999999998,0.0
2025-06-21,19,Q4-3,2920.1894,0.0012,0.3585,537.79464675,0.0,0.0,5999.999999999998,0.0
2025-06-21,20,Q4-3,2951.0328,0.0,0.4058,544.6853600833333,0.0,0.0,5999.999999999998,0.0
2025-06-21,21,Q4-3,2977.51,0.0,0.4053,542.2612333333334,0.0,0.0,5999.999999999998,0.0
2025-06-21,22,Q4-3,2780.298,0.0162,0.4087,545.2765452499999,0.0,0.0,5999.999999999998,0.0
2025-06-21,23,Q4-3,2728.3059,0.0,0.3866,538.11823375,0.0,0.0,5999.999999999998,0.0
2025-06-21,24,Q4-3,2862.19,0.0,0.3566,538.864675,0.0,0.0,5999.999999999998,0.0
2025-06-21,25,Q4-3,2845.9182,0.2263,0.3708,531.5319186388888,0.0,0.0,5999.999999999998,0.0
2025-06-21,26,Q4-3,2748.951,0.0,0.3532,518.8174231944444,0.0,0.0,5999.999999999998,0.0
2025-06-21,27,Q4-3,2677.31,0.0,0.3096,1354.6182,833.3333333333333,0.0,6749.999999999998,0.0
2025-06-21,28,Q4-3,2660.8713,3.1516,0.3237,522.2721122222222,0.0,0.0,6749.999999999998,0.0
2025-06-21,29,Q4-3,2702.3205,0.0,0.3321,530.5265779444444,0.0,0.0,6749.999999999998,0.0
2025-06-21,30,Q4-3,2732.32,7.275,0.3143,536.7610083333335,0.0,0.0,6749.999999999998,0.0
2025-06-21,31,Q4-3,2664.7178,116.7655,0.3191,495.717102861111,0.0,0.0,6749.999999999998,0.0
2025-06-21,32,Q4-3,2606.871,263.9703,0.3488,465.19289555555554,0.0,0.0,6749.999999999998,0.0
2025-06-21,33,Q4-3,2642.15,417.075,0.3395,1271.3248145833334,833.3333333333333,0.0,7499.999999999998,0.0
2025-06-21,34,Q4-3,2745.0641,587.5961,0.2621,1256.4505260277779,833.3333333333333,0.0,8249.999999999998,0.0
2025-06-21,35,Q4-3,2758.042,735.8325,0.4169,0.0,0.0,421.3560499722222,7781.826611141973,0.0
2025-06-21,36,Q4-3,2741.64,890.7,0.7087,0.0,0.0,453.15669166666663,7278.319175956788,0.0
2025-06-21,37,Q4-3,2888.7304,1136.9554,0.7158,0.0,0.0,361.4785081944444,6876.676389074072,0.0
2025-06-21,38,Q4-3,2932.231,1453.4028,0.6144,0.0,0.0,324.711290472222,6515.886066327159,0.0
2025-06-21,39,Q4-3,2764.02,1765.9125,0.5732,0.0,0.0,288.38878124999997,6195.454087160492,0.0
2025-06-21,40,Q4-3,2606.6137,2022.3026,0.586,0.0,0.0,212.49121736111107,5959.352734537036,0.0
2025-06-21,41,Q4-3,2867.7649,2350.4923,0.6004,0.0,0.0,180.95216372222217,5758.294774845678,0.0
2025-06-21,42,Q4-3,3304.27,2699.25,0.5991,0.0,0.0,170.43414999999993,5568.923497067901,0.0
2025-06-21,43,Q4-3,3254.3169,2874.6231,0.598,0.0,0.0,141.477487222222,5411.726289043209,0.0
2025-06-21,44,Q4-3,3137.5948,3006.0287,0.5678,0.0,0.0,109.9624735277777,5289.545762901234,0.0
2025-06-21,45,Q4-3,3174.85,3224.8875,0.5032,0.0,0.0,81.38978958333348,5199.112663364197,0.0
2025-06-21,46,Q4-3,3159.7263,3537.527,0.4634,0.0,0.0,33.33001605555547,5162.0793121913575,0.0
2025-06-21,47,Q4-3,3087.5763,3785.3986,0.6087,0.0,0.0,63.71224452777769,5091.287929382715,0.0
2025-06-21,48,Q4-3,3062.36,4003.425,0.8359,0.0,0.0,133.9378749999998,4942.468068271604,0.0
2025-06-21,49,Q4-3,3162.0197,4334.7324,0.8537,0.0,0.0,123.30693274999999,4805.460365216049,0.0
2025-06-21,50,Q4-3,3160.9922,4441.8035,0.7708,0.0,0.0,86.79056274999986,4709.026406604938,0.0
2025-06-21,51,Q4-3,3037.59,4358.7,0.7264,0.0,0.0,44.841324999999976,4659.202712160493,0.0
2025-06-21,52,Q4-3,3030.9974,4479.895,0.7632,0.0,0.0,50.160982416666556,4603.468287253086,0.0
2025-06-21,53,Q4-3,3289.939,4668.5166,0.8305,0.0,0.0,81.17947716666657,4513.268868179011,0.0
2025-06-21,54,Q4-3,3650.62,4746.075,0.8764,0.0,0.0,113.43978125000001,4387.224666790123,0.0
2025-06-21,55,Q4-3,3785.9011,4746.9534,0.8731,0.0,0.0,80.78338936111112,4297.465345277777,0.0
2025-06-21,56,Q4-3,3849.6183,5139.4381,0.8073,0.0,0.0,16.227111055555582,4279.435221882715,0.0
2025-06-21,57,Q4-3,3824.6,5794.3125,0.7234,0.0,0.0,0.0,4279.435221882715,0.0
2025-06-21,58,Q4-3,3582.3586,6109.068,0.6977,0.0,0.0,0.0,4279.435221882715,0.0
2025-06-21,59,Q4-3,3687.9447,6385.1018,0.7164,0.0,0.0,0.0,4279.435221882715,0.0
2025-06-21,60,Q4-3,4000.14,6643.5375,0.7212,0.0,0.0,0.0,4279.435221882715,0.0
2025-06-21,61,Q4-3,3826.1041,6589.8893,0.6702,0.0,0.0,0.0,4279.435221882715,0.0
2025-06-21,62,Q4-3,3761.4976,6695.6004,0.6649,0.0,0.0,0.0,4279.435221882715,0.0
2025-06-21,63,Q4-3,3901.91,7000.9875,0.7152,0.0,0.0,0.0,4279.435221882715,0.0
2025-06-21,64,Q4-3,3726.7535,7093.8409,0.7053,0.0,0.0,0.0,4279.435221882715,0.0
2025-06-21,65,Q4-3,3565.5609,7243.1188,0.5367,0.0,0.0,0.0,4279.435221882715,0.0
2025-06-21,66,Q4-3,3679.21,7400.1,0.3314,0.0,0.0,0.0,4279.435221882715,0.0
2025-06-21,67,Q4-3,3945.6166,7306.5816,0.3161,503.2095308055555,807.8370625,0.0,5006.488578132716,0.0
2025-06-21,68,Q4-3,3900.6403,7782.8954,0.2901,0.0,0.0,0.0,5006.488578132716,0.0
2025-06-21,69,Q4-3,3645.76,8490.225,0.2072,0.0,0.0,0.0,5006.488578132716,0.0
2025-06-21,70,Q4-3,3705.1427,8180.7164,0.2258,0.0,115.31190319443945,0.0,5110.269291007711,0.0
2025-06-21,71,Q4-3,3724.3133,7677.6706,0.2711,0.0,313.40685755555586,0.0,5392.335462807711,0.0
2025-06-21,72,Q4-3,3631.08,7665.1125,0.2744,0.0,351.39244999999994,0.0,5708.588667807711,0.0
2025-06-21,73,Q4-3,3735.5415,8044.2631,0.2473,0.0,338.42821131035635,0.0,6013.174057987032,0.0
2025-06-21,74,Q4-3,3852.2352,8300.9755,0.2497,0.0,0.0,0.0,6013.174057987032,0.0
2025-06-21,75,Q4-3,3928.56,8383.0125,0.2484,235.12273045027138,0.0,0.0,6013.174057987032,0.0
2025-06-21,76,Q4-3,4059.9044,8605.7877,0.1828,460.8334104444444,833.3333333333333,0.0,6763.174057987032,0.0
2025-06-21,77,Q4-3,3912.5928,8542.7209,0.2868,0.0,372.22990466666676,0.0,7098.180972187032,0.0
2025-06-21,78,Q4-3,3688.01,8049.6,0.5464,0.0,422.28726583333355,0.0,7478.239511437032,0.0
2025-06-21,79,Q4-3,3910.4683,7493.4162,0.681,0.0,344.6838874166667,0.0,7788.455010112032,0.0
2025-06-21,80,Q4-3,3862.6154,7354.9231,0.6383,0.0,260.7750022500002,0.0,8023.152512137032,0.0
2025-06-21,81,Q4-3,3589.29,7340.8875,0.5716,0.0,157.40567,0.0,8164.817615137033,0.0
2025-06-21,82,Q4-3,3849.2221,6714.7449,0.6829,0.0,111.40328441666662,0.0,8265.080571112032,0.0
2025-06-21,83,Q4-3,3978.2382,6127.755,0.797,0.0,55.46310691666679,0.0,8314.997367337031,0.0
2025-06-21,84,Q4-3,3861.85,5956.2,0.8133,0.0,54.610413750000106,0.0,8364.146739712032,0.0
2025-06-21,85,Q4-3,4047.8905,5941.7978,0.7993,0.0,12.185688833333302,0.0,8375.113859662033,0.0
2025-06-21,86,Q4-3,4095.2281,5827.294,0.8114,0.0,0.0,2.4203169999999545,8372.424618550922,0.0
2025-06-21,87,Q4-3,4007.39,5738.1375,0.8574,0.0,0.0,12.63121541666655,8358.389934754625,0.0
2025-06-21,88,Q4-3,4227.0513,5964.2607,0.8672,0.0,0.0,12.382015916666603,8344.632139291662,0.0
2025-06-21,89,Q4-3,4182.4486,5979.2451,0.6527,0.0,0.0,19.85806775000006,8322.56761956944,0.0
2025-06-21,90,Q4-3,3879.68,5680.4625,0.3818,0.0,44.72737208333342,0.0,8362.82225444444,0.0
2025-06-21,91,Q4-3,3916.2335,5457.1539,0.4347,0.0,0.0,26.03961550000011,8333.889348333329,0.0
2025-06-21,92,Q4-3,3924.3398,5153.0688,0.5156,89.37981069444444,0.0,12.315023055555542,8320.205989382712,0.0
2025-06-21,93,Q4-3,3875.5,4811.1,0.4952,168.94585208333336,20.534732499999933,0.0,8338.687248632712,0.0
2025-06-21,94,Q4-3,4137.0155,4680.9532,0.5311,258.684383888889,53.38448805555575,0.0,8386.733287882713,0.0
2025-06-21,95,Q4-3,4317.2602,4481.2341,0.5692,326.91755127777776,86.23424361111114,0.0,8464.344107132712,0.0
2025-06-21,96,Q4-3,4217.43,4055.4,0.5723,386.18842500000005,119.08399916666673,0.0,8571.519706382713,0.0
2025-06-21,97,Q4-3,4034.2858,3562.8565,0.5744,422.9028217222222,112.88506305555569,0.0,8673.116263132713,0.0
2025-06-21,98,Q4-3,3980.7146,3361.4888,0.599,420.2608236944445,106.68612694444448,0.0,8769.133777382713,0.0
2025-06-21,99,Q4-3,4042.02,3406.575,0.6284,441.5539708333332,100.48719083333333,0.0,8859.572249132712,0.0
2025-06-21,100,Q4-3,3983.774,3291.2298,0.6239,474.089277138889,94.28825472222229,0.0,8944.431678382713,0.0
2025-06-21,101,Q4-3,3621.8931,2964.175,0.6144,471.2502066111111,88.0893186111112,0.0,9023.712065132713,0.0
2025-06-21,102,Q4-3,3240.3,2623.6125,0.6289,445.9361645833334,81.8903825000001,0.0,9097.413409382712,0.0
2025-06-21,103,Q4-3,3335.0072,2479.2426,0.6705,485.5195252777778,80.3841436111112,0.0,9169.759138632713,0.0
2025-06-21,104,Q4-3,3462.6248,2185.8548,0.7075,528.7516403055555,78.8779047222223,0.0,9240.749252882713,0.0
2025-06-21,105,Q4-3,3484.27,1750.4625,0.7038,578.8882249999999,77.3716658333334,0.0,9310.383752132713,0.0
2025-06-21,106,Q4-3,3649.2081,1528.3871,0.6796,616.4290889444442,75.86542694444438,0.0,9378.662636382713,0.0
2025-06-21,107,Q4-3,3604.3529,1310.4274,0.8445,595.8642973888888,74.35918805555559,0.0,9445.585905632714,0.0
2025-06-21,108,Q4-3,3349.51,1034.1,1.1012,567.6328208333333,72.8529491666668,0.0,9511.153559882714,0.0
2025-06-21,109,Q4-3,3274.4828,860.3286,1.1314,565.4148080555557,0.0,0.0,9511.153559882714,0.0
2025-06-21,110,Q4-3,3297.0032,677.2547,1.1374,605.682645861111,0.0,0.0,9511.153559882714,0.0
2025-06-21,111,Q4-3,3342.79,452.7,1.1803,659.9371395833334,0.0,0.0,9511.153559882714,0.0
2025-06-21,112,Q4-3,3456.8314,276.0564,1.1266,251.49298563888885,0.0,311.88627736111096,9164.613251703702,0.0
2025-06-21,113,Q4-3,3634.5648,121.8367,1.153,704.2741409444443,0.0,0.0,9164.613251703702,0.0
2025-06-21,114,Q4-3,3852.72,7.7625,1.2618,0.0,0.0,633.1451525,8461.118637814814,7.681097499999964
2025-06-21,115,Q4-3,4004.9442,0.0,1.2633,0.0,0.0,617.9957616666666,7774.456680407407,49.49493833333338
2025-06-21,116,Q4-3,3706.7434,3.2619,1.2161,0.0,0.0,643.6352691666668,7059.306381333332,0.0
2025-06-21,117,Q4-3,3293.48,0.0,1.1876,0.0,0.0,638.2008275,6350.194350777776,0.0
2025-06-21,118,Q4-3,3492.5254,0.0,1.1812,0.0,0.0,607.7721188333331,5674.891996518517,0.0
2025-06-21,119,Q4-3,3490.6667,0.2342,1.1704,0.0,0.0,600.6430790833333,5007.510797537036,0.0
2025-06-21,120,Q4-3,3189.62,0.0,1.1558,0.0,0.0,629.2087608333331,4308.389952166665,0.0
2025-06-21,121,Q4-3,3348.2366,0.0,1.1611,0.0,0.0,648.5408641666666,3587.78899198148,0.0
2025-06-21,122,Q4-3,3725.2052,0.0168,1.1692,0.0,0.0,645.0261951666666,2871.093219574073,0.0
2025-06-21,123,Q4-3,3960.13,0.0,1.198,0.0,0.0,644.2134941666665,2155.300448277777,15.808172500000182
2025-06-21,124,Q4-3,3881.8245,0.0,1.2507,0.0,0.0,639.9093073333333,1444.2901067962953,7.061442666666608
2025-06-21,125,Q4-3,3513.6729,0.0012,1.1066,751.4879381666666,0.0,0.0,1444.2901067962953,0.0
2025-06-21,126,Q4-3,3160.32,0.0,0.857,750.9179083333333,0.0,0.0,1444.2901067962953,0.0
2025-06-21,127,Q4-3,3214.7106,0.0,0.8345,742.5255831666667,0.0,0.0,1444.2901067962953,0.0
2025-06-21,128,Q4-3,3489.1029,0.0,0.871,744.262174,0.0,0.0,1444.2901067962953,0.0
2025-06-21,129,Q4-3,3713.49,0.0,0.8848,767.5869666666667,0.0,0.0,1444.2901067962953,0.0
2025-06-21,130,Q4-3,3715.4477,0.0,0.9243,751.2227242499999,0.0,0.0,1444.2901067962953,0.0
2025-06-21,131,Q4-3,3460.6768,0.0,0.7155,699.5313600833333,0.0,0.0,1444.2901067962953,0.0
2025-06-21,132,Q4-3,3169.68,0.0,0.3942,601.8558666666665,0.0,0.0,1444.2901067962953,0.0
2025-06-21,133,Q4-3,3161.2424,0.0,0.4048,1403.6566739166665,0.0,0.0,1444.2901067962953,0.0
2025-06-21,134,Q4-3,3268.4465,0.0,0.4701,929.1451485833331,448.12581416666666,0.0,1847.6033395462953,63.721748916666854
2025-06-21,135,Q4-3,3317.19,0.0,0.4227,1454.2708749999997,706.4783296707833,0.0,2483.4338362500002,0.0
2025-06-21,136,Q4-3,3281.0391,0.0,0.374,1458.6921699166664,833.3333333333333,0.0,3233.4338362500002,0.0
2025-06-21,137,Q4-3,3250.7574,0.0,0.3646,630.13334375,114.79248083333334,0.0,3336.7470690000005,26.452037083333266
2025-06-21,138,Q4-3,3190.39,0.0,0.3809,619.8330333333333,114.79248083333334,0.0,3440.0603017500007,26.69111416666658
2025-06-21,139,Q4-3,2998.9363,0.0,0.3872,617.1714783333334,114.79248083333329,0.0,3543.3735345000005,0.0
2025-06-21,140,Q4-3,2920.9743,0.0,0.3936,1465.9192146666664,833.3333333333333,0.0,4293.3735345000005,0.0
2025-06-21,141,Q4-3,2989.3,0.0,0.3844,1445.99995,833.3333333333333,0.0,5043.3735345000005,0.0
2025-06-21,142,Q4-3,3024.571,0.0,0.3399,1458.7032728333334,833.3333333333333,0.0,5793.3735345000005,0.0
2025-06-21,143,Q4-3,3193.3141,0.0,0.3684,663.7428385833332,114.79248083333334,0.0,5896.68676725,0.0
2025-06-21,144,Q4-3,3636.14,0.0,0.4712,743.38925,114.79248083333334,0.0,6000.0,0.0
2025-09-23,1,Q2,3421.106,0.0,0.4059,1441.1963994999999,833.3333333333333,0.0,6750.0,0.0
2025-09-23,2,Q2,3361.9091,0.0,0.4324,1429.8864044166667,833.3333333333333,0.0,7500.0,0.0
2025-09-23,3,Q2,3388.6,0.0,0.4539,1382.8049916666664,833.3333333333333,0.0,8250.0,15.295008333333499
2025-09-23,4,Q2,3591.0535,0.0,0.4117,1392.4563326666666,833.3333333333333,0.0,9000.0,39.38591733333328
2025-09-23,5,Q2,3639.0639,0.0,0.4114,1398.68408375,833.3333333333333,0.0,9750.0,41.1598995833333
2025-09-23,6,Q2,3538.62,0.0,0.4549,559.308825,0.0,0.0,9750.0,30.461175000000026
2025-09-23,7,Q2,3584.1201,0.0,0.4413,546.5722312500002,0.0,0.0,9750.0,50.78111874999979
2025-09-23,8,Q2,3479.83,0.0,0.4365,550.8384982499999,0.0,0.0,9750.0,29.13316841666665
2025-09-23,9,Q2,3316.08,0.0,0.4529,892.4510916666666,333.3333333333333,0.0,10050.0,0.0
2025-09-23,10,Q2,3504.3201,0.0,0.4318,577.3652430833332,0.0,0.0,10050.0,6.6881069166666975
2025-09-23,11,Q2,3611.1697,0.0,0.418,582.4108068333333,0.0,0.0,10050.0,19.450809833333324
2025-09-23,12,Q2,3543.64,0.0,0.4413,573.9071166666665,0.0,0.0,10050.0,16.699550000000045
2025-09-23,13,Q2,3627.3783,0.0,0.4794,565.2879403333333,0.0,0.0,10050.0,39.27510966666671
2025-09-23,14,Q2,3646.7973,0.0,0.4675,563.6576425,0.0,0.0,10050.0,44.1419075
2025-09-23,15,Q2,3569.92,0.0,0.4225,567.5156916666667,0.0,0.0,10050.0,27.470974999999953
2025-09-23,16,Q2,3591.0744,0.0,0.4268,581.9173718333334,0.0,0.0,10050.0,16.595028166666566
2025-09-23,17,Q2,3523.6786,0.0,0.4588,584.2798914166665,0.0,0.0,10050.0,2.999875250000173
2025-09-23,18,Q2,3402.03,0.0,0.4777,576.1273083333333,0.0,0.0,10050.0,0.0
2025-09-23,19,Q2,3470.8796,0.0,0.4584,571.67196875,0.0,0.0,10050.0,6.807964583333273
2025-09-23,20,Q2,3546.3118,0.0,0.4106,582.3076974166668,0.0,0.0,10050.0,8.744269249999888
2025-09-23,21,Q2,3521.1,0.0,0.3812,584.5843166666666,0.0,0.0,10050.0,2.2656833333332997
2025-09-23,22,Q2,3493.0415,0.0,0.4192,575.0621721666666,0.0,0.0,10050.0,7.111411166666585
2025-09-23,23,Q2,3616.52,0.0,0.4681,586.6150290833334,0.0,0.0,10050.0,16.13830424999992
2025-09-23,24,Q2,3738.77,0.0,0.4666,595.8409666666665,0.0,0.0,10050.0,27.2873666666668
2025-09-23,25,Q2,3573.138,0.0019,0.4048,614.63699,0.0,0.0,10050.0,0.0
2025-09-23,26,Q2,3548.8256,0.0,0.3873,611.0743715833333,0.0,0.0,10050.0,0.0
2025-09-23,27,Q2,3696.43,0.0,0.4222,596.9258166666666,0.0,0.0,10050.0,19.145849999999996
2025-09-23,28,Q2,3629.4046,0.0268,0.4225,606.7209926666666,0.0,0.0,10050.0,0.0
2025-09-23,29,Q2,3602.4949,0.0,0.4173,596.7401375,0.0,0.0,10050.0,3.6756791666666686
2025-09-23,30,Q2,3708.74,0.0,0.4256,590.9958916666667,0.0,0.0,10050.0,27.127441666666527
2025-09-23,31,Q2,3751.3647,0.3731,0.433,584.4530075833333,0.0,0.0,10050.0,40.71225908333338
2025-09-23,32,Q2,3689.4488,0.0,0.4518,612.1912815,0.0,0.0,10050.0,2.7168518333334077
2025-09-23,33,Q2,3557.68,0.0,0.4325,639.2931895833333,0.0,0.0,10050.0,0.0
2025-09-23,34,Q2,3509.0644,5.1961,0.3613,1440.6293256666665,833.3333333333333,0.0,10800.0,0.0
2025-09-23,35,Q2,4001.4806,0.0,0.6152,674.4588480833332,0.0,-0.0,10800.0,0.0
2025-09-23,36,Q2,4743.74,0.0,1.0325,0.0,0.0,813.203947916667,9896.44005787037,0.0
2025-09-23,37,Q2,4911.4158,148.7833,1.0391,0.0,0.0,788.0267909166665,9020.85473462963,5.745292416666757
2025-09-23,38,Q2,4831.9735,376.0146,0.9449,0.0,0.0,713.6997121666668,8227.855054444444,28.960104499999716
2025-09-23,39,Q2,4792.2,649.3875,0.9432,0.0,0.0,657.2067999999999,7497.625276666667,33.26195000000007
2025-09-23,40,Q2,4757.3085,973.8044,0.9146,0.0,0.0,626.389759,6801.636655555556,4.194257666666658
2025-09-23,41,Q2,4755.1526,1245.8597,0.8673,0.0,0.0,577.0906640000001,6160.424806666667,7.7914859999999635
2025-09-23,42,Q2,4789.05,1511.775,0.8271,0.0,0.0,518.8518208333332,5583.922783518519,27.360679166666728
2025-09-23,43,Q2,4816.282,1907.945,0.8061,0.0,0.0,449.1373190833333,5084.881317870371,35.585514250000074
2025-09-23,44,Q2,4786.2179,2234.3678,0.8269,0.0,0.0,423.1009735,4614.769125092594,2.2073764999998957
2025-09-23,45,Q2,4660.51,2492.5875,0.8096,162.42186008333152,0.0,217.43445658333502,4373.175284444444,0.0
2025-09-23,46,Q2,4606.8822,2894.0726,0.6878,284.7283299166666,0.0,0.0,4373.175284444444,0.7399367500000267
2025-09-23,47,Q2,5489.8417,3343.4604,0.8469,0.0,0.0,318.86065225000004,4018.885670833333,38.869564416666606
2025-09-23,48,Q2,6701.06,3753.1125,1.1849,0.0,0.0,475.3159895833331,3490.7567935185184,16.008593750000273
2025-09-23,49,Q2,6664.9869,4119.6249,1.1921,0.0,0.0,442.8762361666668,2998.6720866666665,0.0
2025-09-23,50,Q2,6469.7028,4427.9049,1.1184,0.0,0.0,380.56638499999974,2575.820547777778,0.0
2025-09-23,51,Q2,6635.97,4698.6375,1.1227,0.0,0.0,326.1756041666667,2213.403209814815,0.0
2025-09-23,52,Q2,6600.0815,4997.093,1.0962,0.0,0.0,271.5795761666666,1911.6481251851853,0.0
2025-09-23,53,Q2,6462.4233,5400.3214,1.0174,0.0,0.0,226.3690221666668,1660.1269894444445,0.0
2025-09-23,54,Q2,6427.57,5807.85,0.9516,0.0,0.0,159.5960500000004,1482.7980449999995,0.0
2025-09-23,55,Q2,6551.7343,6020.5511,0.9817,0.0,0.0,138.01793425000002,1329.4447847222218,0.0
2025-09-23,56,Q2,6611.8297,6159.4673,1.0171,0.0,0.0,89.40515833333313,1230.1057199074073,0.0
2025-09-23,57,Q2,6584.42,6306.2625,1.0072,0.0,0.0,27.095147916666633,1200.0,19.264435416666743
2025-09-23,58,Q2,6627.8893,6423.4053,0.9839,0.0,0.18780566666683285,0.0,1200.1690251000002,34.268472333333406
2025-09-23,59,Q2,6567.1756,6483.305,0.9725,0.0,52.33319549999993,0.0,1247.26890105,66.31162883333315
2025-09-23,60,Q2,6455.96,6487.7625,0.9784,0.0,71.11112291666667,0.0,1311.268911675,65.81070625000004
2025-09-23,61,Q2,6527.0912,6506.7574,0.9839,0.0,109.60426391666651,0.0,1409.9127491999998,112.99323058333309
2025-09-23,62,Q2,6488.4499,6763.9313,0.9513,0.0,185.10042024999962,0.0,1576.5031274249995,139.18685358333286
2025-09-23,63,Q2,6336.11,7139.7,0.9073,0.0,211.0724895833335,0.0,1766.4683680499998,77.14082291666682
2025-09-23,64,Q2,6376.9432,7257.6775,0.8981,0.0,216.77887200000006,0.0,1961.5693528499999,69.98982200000006
2025-09-23,65,Q2,6473.6947,7240.5731,0.7781,0.0,220.16529874999998,0.0,2159.718121725,92.35223208333338
2025-09-23,66,Q2,6470.56,7359.675,0.5639,0.0,265.61833958333324,0.0,2398.7746273499997,117.43250624999996
2025-09-23,67,Q2,6357.1346,7784.7849,0.4409,547.8410343333333,833.3333333333333,0.0,3148.7746273499997,47.550582333333466
2025-09-23,68,Q2,6310.6975,8209.6886,0.4252,0.0,329.09125283333304,0.0,3444.9567548999994,12.592736166666498
2025-09-23,69,Q2,6431.52,8399.7375,0.4696,0.0,317.33600000000024,0.0,3730.5591548999996,0.0
2025-09-23,70,Q2,6604.0357,8379.679,0.5048,297.6069950000005,617.9117777500005,0.0,4286.679754875,24.3642327500001
2025-09-23,71,Q2,6371.5522,8435.4109,0.4546,454.67316341666634,833.3333333333333,0.0,5036.679754875,34.6837199166668
2025-09-23,72,Q2,5893.69,8613.5625,0.3613,399.9530541666668,833.3333333333333,0.0,5786.679754875,0.0
2025-09-23,73,Q2,5815.5593,8690.3915,0.3481,338.43724558333344,833.3333333333333,0.0,6536.679754875,15.75738774999985
2025-09-23,74,Q2,5929.8452,8581.2694,0.3859,336.0776229999999,833.3333333333333,0.0,7286.679754875,55.35167700000011
2025-09-23,75,Q2,5958.43,8484.4875,0.387,420.9904500000001,833.3333333333333,0.0,8036.679754875,0.0
2025-09-23,76,Q2,5882.5546,8645.3297,0.3271,434.95812758333346,833.3333333333333,0.0,8786.679754875,0.0
2025-09-23,77,Q2,6091.5912,8546.664,0.4936,0.0,386.90358725,0.0,9134.892983400001,0.0
2025-09-23,78,Q2,6408.53,8135.1375,0.8213,0.0,332.87508124999994,0.0,9434.480556525,45.10716458333326
2025-09-23,79,Q2,6253.4833,7884.9488,0.9285,0.0,247.90388308333348,0.0,9657.5940513,0.0
2025-09-23,80,Q2,6080.4251,7754.0988,0.8854,0.0,262.3126060833335,0.0,9893.675396775001,0.0
2025-09-23,81,Q2,6115.63,7607.2875,0.8377,0.0,278.7344,0.0,10144.536356775001,30.124816666666618
2025-09-23,82,Q2,6161.9414,7394.5585,0.8574,0.0,216.65641783333305,0.0,10339.527132825,11.220234499999663
2025-09-23,83,Q2,6291.8498,7228.1769,0.8948,0.0,155.30409958333337,0.0,10479.30082245,0.0
2025-09-23,84,Q2,6409.53,7094.9625,0.9188,0.0,154.02690624999994,0.0,10617.925038075,39.78815624999996
2025-09-23,85,Q2,6298.6605,6838.0168,0.9422,0.0,107.30570008333338,0.0,10714.50016815,17.41298341666665
2025-09-23,86,Q2,6212.8259,6393.4647,0.9638,0.0,70.79871733333347,0.0,10778.21901375,40.6922506666667
2025-09-23,87,Q2,6236.6,5854.05,1.0143,0.0,24.201095833333206,0.0,10800.0,87.95942916666657
2025-09-23,88,Q2,6217.1274,5393.4146,1.099,0.0,0.0,32.734392916666685,10763.628452314815,104.55107375000003
2025-09-23,89,Q2,6206.2876,4990.8009,0.9913,0.0,0.0,80.65437375000022,10674.01248148148,121.92674291666634
2025-09-23,90,Q2,6262.68,4761.6375,0.7708,141.01464375,0.0,0.0,10674.01248148148,109.15910625000006
2025-09-23,91,Q2,6377.3851,4842.082,0.7575,332.21708368724376,139.98613168724356,0.0,10800.0,63.652897999999794
2025-09-23,92,Q2,6461.0017,4734.2965,0.7846,233.76312766666655,0.0,0.0,10800.0,54.021072333333336
2025-09-23,93,Q2,6382.45,4417.2375,0.7548,285.49179583333336,0.0,0.0,10800.0,42.04362083333325
2025-09-23,94,Q2,6120.1976,4306.354,0.7536,345.3874083333333,0.0,0.0,10800.0,0.0
2025-09-23,95,Q2,6153.6297,4035.9346,0.8148,380.95434283333356,0.0,0.0,10800.0,0.0
2025-09-23,96,Q2,6505.17,3543.675,0.8978,410.00018958333305,0.0,0.0,10800.0,83.58231041666693
2025-09-23,97,Q2,6704.9712,3168.3753,0.9325,481.26955591666683,0.0,-0.0,10800.0,108.16309408333314
2025-09-23,98,Q2,6651.3841,2836.5022,0.9637,564.1183886666669,0.0,-0.0,10800.0,71.69526133333318
2025-09-23,99,Q2,6512.95,2503.5375,0.9927,600.5019916666668,0.0,-0.0,10800.0,67.7334249999999
2025-09-23,100,Q2,6516.7553,2218.6701,0.9735,660.8684433333333,0.0,-0.0,10800.0,55.47908999999993
2025-09-23,101,Q2,6452.5286,1863.5925,0.9613,730.7615874999999,0.0,-0.0,10800.0,34.06109583333341
2025-09-23,102,Q2,6349.71,1465.3875,1.0104,777.6471875000002,0.0,-0.0,10800.0,36.406562499999836
2025-09-23,103,Q2,6441.2731,1178.7512,1.1132,827.4883679999998,0.0,-0.0,10800.0,49.598615333333555
2025-09-23,104,Q2,6397.9351,917.9154,1.1301,854.00151875,-0.0,0.0,10800.0,59.335097916666655
2025-09-23,105,Q2,6368.49,630.1875,1.0787,925.4631395833334,0.0,0.0,10800.0,30.92061041666659
2025-09-23,106,Q2,6667.634,356.458,1.1143,992.3896105833334,0.0,0.0,10800.0,59.47305608333329
2025-09-23,107,Q2,5886.4358,131.4439,1.1899,909.9211534999998,0.0,0.0,10800.0,49.244163166666794
2025-09-23,108,Q2,4515.87,0.0,1.26,760.5767625,0.0,-0.0,10800.0,0.0
2025-09-23,109,Q2,4585.9791,0.0,1.3273,764.9991088333333,0.0,-0.0,10800.0,0.0
2025-09-23,110,Q2,4985.787,4.4234,1.3739,794.5402361666668,0.0,0.0,10800.0,35.68703049999999
2025-09-23,111,Q2,5006.5,0.0,1.3863,781.4283374999999,0.0,0.0,10800.0,52.988329166666745
2025-09-23,112,Q2,5016.9579,0.0,1.3617,773.0300736666666,0.0,0.0,10800.0,63.12957633333349
2025-09-23,113,Q2,4862.5058,0.3176,1.2989,742.4379719166656,0.0,29.452918000001045,10767.274535555554,38.473810083333206
2025-09-23,114,Q2,4664.56,0.0,1.242,0.0,0.0,788.8681166666667,9890.754405925925,0.0
2025-09-23,115,Q2,4794.5933,0.0,1.2579,0.0,0.0,793.0719946666668,9009.56330074074,6.026888666666537
2025-09-23,116,Q2,4953.598,0.0228,1.3209,0.0,0.0,788.9756115833331,8132.923732314814,36.62025508333352
2025-09-23,117,Q2,4906.9,0.0,1.3658,0.0,0.0,774.6872166666665,7272.16015824074,43.12945000000013
2025-09-23,118,Q2,4721.0181,0.0,1.3425,0.0,0.0,796.4506294166665,6387.215014444444,0.0
2025-09-23,119,Q2,4705.315,0.0016,1.3213,0.0,0.0,791.9771468333332,5507.240406851852,0.0
2025-09-23,120,Q2,4871.47,0.0,1.3115,0.0,0.0,767.4412916666669,4654.527860555555,44.47037499999976
2025-09-23,121,Q2,4963.0687,0.0,1.2687,0.0,0.0,777.89385375,3790.2013563888886,49.28426291666665
2025-09-23,122,Q2,5061.4062,0.0,1.2951,0.0,0.0,773.2361635833336,2931.050063518518,70.3315364166665
2025-09-23,123,Q2,5038.25,0.0,1.3829,0.0,0.0,764.0281166666666,2082.1299338888884,75.68021666666664
2025-09-23,124,Q2,4709.3717,0.0,1.3866,0.0,0.0,793.9169404999997,1200.0,0.0
2025-09-23,125,Q2,4809.9708,0.0,1.2125,777.5317269999998,0.0,-0.0,1200.0,24.130073000000152
2025-09-23,126,Q2,5215.3,0.0,0.9884,752.363733333333,0.0,0.0,1200.0,116.85293333333368
2025-09-23,127,Q2,5055.1463,0.0,0.9549,783.4631485,0.0,0.0,1200.0,59.0612348333334
2025-09-23,128,Q2,4827.5711,0.0,0.9828,770.2662169166667,0.0,0.0,1200.0,34.32896641666662
2025-09-23,129,Q2,4880.29,0.0,1.0059,755.6005333333334,0.0,0.0,1200.0,57.78113333333329
2025-09-23,130,Q2,4979.2148,0.0,1.0449,807.9037234166667,0.0,-0.0,1200.0,21.965409916666545
2025-09-23,131,Q2,4609.119,0.0,0.8538,752.3577166666665,0.0,-0.0,1200.0,15.828783333333377
2025-09-23,132,Q2,3835.46,0.0,0.5154,1435.1102166666667,833.3333333333333,0.0,1950.0,37.466449999999895
2025-09-23,133,Q2,3320.6494,0.0,0.3997,1392.6289416666664,833.3333333333333,0.0,2700.0,0.0
2025-09-23,134,Q2,3496.0714,0.0,0.4421,573.4182934999999,0.0,0.0,2700.0,9.260273166666707
2025-09-23,135,Q2,3883.24,0.0,0.4839,1402.8133083333332,833.3333333333333,0.0,3450.0,77.72669166666662
2025-09-23,136,Q2,3580.1991,0.0,0.4396,1410.579991,833.3333333333333,0.0,4200.0,19.453192333333163
2025-09-23,137,Q2,3332.1137,0.0,0.4292,603.8010440833333,0.0,0.0,4200.0,0.0
2025-09-23,138,Q2,3416.1,0.0,0.4608,1434.2527416666667,833.3333333333333,0.0,4950.0,0.0
2025-09-23,139,Q2,3387.9352,0.0,0.4279,560.8036774166666,0.0,0.0,4950.0,3.8521892500000376
2025-09-23,140,Q2,3459.0094,0.0,0.4124,572.9577046666668,0.0,0.0,4950.0,3.5438619999997627
2025-09-23,141,Q2,3661.95,0.0,0.4355,1443.0426666666665,833.3333333333333,0.0,5700.0,0.6156666666666979
2025-09-23,142,Q2,3702.4038,0.0,0.4312,922.5972320833332,333.3333333333333,0.0,6000.0,27.80340124999998
2025-09-23,143,Q2,3409.7885,0.0,0.4204,562.9534459166667,0.0,0.0,6000.0,5.344637416666615
2025-09-23,144,Q2,3147.61,0.0,0.4259,591.4923416666666,0.0,0.0,6000.0,0.0
2025-09-23,1,Q3,3421.106,0.0,0.4059,1441.1963994999999,833.3333333333333,0.0,6750.0,0.0
2025-09-23,2,Q3,3361.9091,0.0,0.4324,1429.8864044166667,833.3333333333333,0.0,7500.0,0.0
2025-09-23,3,Q3,3388.6,0.0,0.4539,1382.8049916666664,833.3333333333333,0.0,8250.0,15.295008333333499
2025-09-23,4,Q3,3591.0535,0.0,0.4117,1392.4563326666666,833.3333333333333,0.0,9000.0,39.38591733333328
2025-09-23,5,Q3,3639.0639,0.0,0.4114,1398.68408375,833.3333333333333,0.0,9750.0,41.1598995833333
2025-09-23,6,Q3,3538.62,0.0,0.4549,559.308825,0.0,0.0,9750.0,30.461175000000026
2025-09-23,7,Q3,3584.1201,0.0,0.4413,546.5722312500002,0.0,0.0,9750.0,50.78111874999979
2025-09-23,8,Q3,3479.83,0.0,0.4365,550.8384982499999,0.0,0.0,9750.0,29.13316841666665
2025-09-23,9,Q3,3316.08,0.0,0.4529,892.4510916666666,333.3333333333333,0.0,10050.0,0.0
2025-09-23,10,Q3,3504.3201,0.0,0.4318,577.3652430833332,0.0,0.0,10050.0,6.6881069166666975
2025-09-23,11,Q3,3611.1697,0.0,0.418,582.4108068333333,0.0,0.0,10050.0,19.450809833333324
2025-09-23,12,Q3,3543.64,0.0,0.4413,573.9071166666665,0.0,0.0,10050.0,16.699550000000045
2025-09-23,13,Q3,3627.3783,0.0,0.4794,565.2879403333333,0.0,0.0,10050.0,39.27510966666671
2025-09-23,14,Q3,3646.7973,0.0,0.4675,563.6576425,0.0,0.0,10050.0,44.1419075
2025-09-23,15,Q3,3569.92,0.0,0.4225,567.5156916666667,0.0,0.0,10050.0,27.470974999999953
2025-09-23,16,Q3,3591.0744,0.0,0.4268,581.9173718333334,0.0,0.0,10050.0,16.595028166666566
2025-09-23,17,Q3,3523.6786,0.0,0.4588,584.2798914166665,0.0,0.0,10050.0,2.999875250000173
2025-09-23,18,Q3,3402.03,0.0,0.4777,576.1273083333333,0.0,0.0,10050.0,0.0
2025-09-23,19,Q3,3470.8796,0.0,0.4584,571.67196875,0.0,0.0,10050.0,6.807964583333273
2025-09-23,20,Q3,3546.3118,0.0,0.4106,582.3076974166668,0.0,0.0,10050.0,8.744269249999888
2025-09-23,21,Q3,3521.1,0.0,0.3812,584.5843166666666,0.0,0.0,10050.0,2.2656833333332997
2025-09-23,22,Q3,3493.0415,0.0,0.4192,575.0621721666666,0.0,0.0,10050.0,7.111411166666585
2025-09-23,23,Q3,3616.52,0.0,0.4681,586.6150290833334,0.0,0.0,10050.0,16.13830424999992
2025-09-23,24,Q3,3738.77,0.0,0.4666,595.8409666666665,0.0,0.0,10050.0,27.2873666666668
2025-09-23,25,Q3,3573.138,0.0019,0.4048,614.6371066666666,0.0,0.0,10050.0,0.0
2025-09-23,26,Q3,3548.8256,0.0,0.3873,611.0747128333334,0.0,0.0,10050.0,0.0
2025-09-23,27,Q3,3696.43,0.0,0.4222,596.9258166666666,0.0,0.0,10050.0,19.145849999999996
2025-09-23,28,Q3,3629.4046,0.0268,0.4225,606.7225968333332,0.0,0.0,10050.0,0.0
2025-09-23,29,Q3,3602.4949,0.0,0.4173,596.7451370833332,0.0,0.0,10050.0,3.670679583333367
2025-09-23,30,Q3,3708.74,0.0,0.4256,590.9958916666667,0.0,0.0,10050.0,27.127441666666527
2025-09-23,31,Q3,3751.3647,0.3731,0.433,584.4753842499999,0.0,0.0,10050.0,40.689882416666705
2025-09-23,32,Q3,3689.4488,0.0,0.4518,612.2609344166666,0.0,0.0,10050.0,2.6471989166667527
2025-09-23,33,Q3,3557.68,0.0,0.4325,639.2931895833333,0.0,0.0,10050.0,0.0
2025-09-23,34,Q3,3509.0644,5.1961,0.3613,1441.4130623333333,833.3333333333333,0.0,10800.0,0.0
2025-09-23,35,Q3,4001.4806,0.0,0.6152,684.7890001666666,0.0,-0.0,10800.0,0.0
2025-09-23,36,Q3,4743.74,0.0,1.0325,16.317802083333618,0.0,833.3333333333333,9874.074074074075,0.0
2025-09-23,37,Q3,4911.4158,148.7833,1.0391,0.0,0.0,818.0011796666664,8965.183874444445,0.0
2025-09-23,38,Q3,4831.9735,376.0146,0.9449,0.0,0.0,747.5036142500002,8134.624303055556,0.0
2025-09-23,39,Q3,4792.2,649.3875,0.9432,0.0,0.0,696.1134354166664,7361.164930370371,0.0
2025-09-23,40,Q3,4757.3085,973.8044,0.9146,0.0,0.0,680.1696719166667,6605.420850462963,0.0
2025-09-23,41,Q3,4755.1526,1245.8597,0.8673,0.0,0.0,638.7188965000001,5895.733187685185,0.0
2025-09-23,42,Q3,4789.05,1511.775,0.8271,69.95253577777771,0.0,515.2146517222222,5323.272463549382,0.0
2025-09-23,43,Q3,4816.282,1907.945,0.8061,513.089565888889,0.0,0.0,5323.272463549382,0.0
2025-09-23,44,Q3,4786.2179,2234.3678,0.8269,481.9276729444444,0.0,0.0,5323.272463549382,0.0
2025-09-23,45,Q3,4660.51,2492.5875,0.8096,423.90718333333325,0.0,0.0,5323.272463549382,0.0
2025-09-23,46,Q3,4606.8822,2894.0726,0.6878,329.4311967222221,0.0,0.0,5323.272463549382,0.0
2025-09-23,47,Q3,5489.8417,3343.4604,0.8469,0.0,0.0,363.53471294444444,4919.345004722222,0.0
2025-09-23,48,Q3,6701.06,3753.1125,1.1849,0.0,0.0,511.4734083333331,4351.041217685186,0.0
2025-09-23,49,Q3,6664.9869,4119.6249,1.1921,0.0,0.0,485.4094975555555,3811.6973315123464,0.0
2025-09-23,50,Q3,6469.7028,4427.9049,1.1184,0.0,0.0,417.30925277777754,3348.0203839814826,0.0
2025-09-23,51,Q3,6635.97,4698.6375,1.1227,0.0,0.0,343.8458895833333,2965.9693955555567,0.0
2025-09-23,52,Q3,6600.0815,4997.093,1.0962,0.0,0.0,285.6328108888889,2648.5996056790136,0.0
2025-09-23,53,Q3,6462.4233,5400.3214,1.0174,0.0,0.0,233.58584161111116,2389.0597816666677,0.0
2025-09-23,54,Q3,6427.57,5807.85,0.9516,0.0,0.0,166.64482708333372,2203.898862685186,0.0
2025-09-23,55,Q3,6551.7343,6020.5511,0.9817,0.0,0.0,165.86648661111118,2019.602766450618,0.0
2025-09-23,56,Q3,6611.8297,6159.4673,1.0171,0.0,0.0,136.37720222222208,1868.07254175926,0.0
2025-09-23,57,Q3,6584.42,6306.2625,1.0072,0.0,0.0,98.9508145833333,1758.1271922222231,0.0
2025-09-23,58,Q3,6627.8893,6423.4053,0.9839,0.0,0.0,99.74222544444419,1647.3024972839519,0.0
2025-09-23,59,Q3,6567.1756,6483.305,0.9725,0.0,0.0,90.45541172222232,1546.7964842592605,0.0
2025-09-23,60,Q3,6455.96,6487.7625,0.9784,0.0,0.0,90.15237083333304,1446.6271833333349,0.0
2025-09-23,61,Q3,6527.0912,6506.7574,0.9839,0.0,0.0,62.55507844444449,1377.1215406172855,0.0
2025-09-23,62,Q3,6488.4499,6763.9313,0.9513,0.0,0.0,0.0,1377.1215406172855,0.0
2025-09-23,63,Q3,6336.11,7139.7,0.9073,0.0,0.0,0.0,1377.1215406172855,0.0
2025-09-23,64,Q3,6376.9432,7257.6775,0.8981,0.0,0.0,0.0,1377.1215406172855,0.0
2025-09-23,65,Q3,6473.6947,7240.5731,0.7781,0.0,0.0,0.0,1377.1215406172855,0.0
2025-09-23,66,Q3,6470.56,7359.675,0.5639,785.1347874999999,0.0,0.0,1377.1215406172855,0.0
2025-09-23,67,Q3,6357.1346,7784.7849,0.4409,751.072283777778,432.49057035219414,0.0,1766.3630539342603,0.0
2025-09-23,68,Q3,6310.6975,8209.6886,0.4252,682.6503910555555,833.3333333333333,0.0,2516.3630539342603,0.0
2025-09-23,69,Q3,6431.52,8399.7375,0.4696,649.5242229166663,833.3333333333333,0.0,3266.3630539342603,0.0
2025-09-23,70,Q3,6604.0357,8379.679,0.5048,581.6094346111108,833.3333333333333,0.0,4016.3630539342603,0.0
2025-09-23,71,Q3,6371.5522,8435.4109,0.4546,493.47328938888865,833.3333333333333,0.0,4766.36305393426,0.0
2025-09-23,72,Q3,5893.69,8613.5625,0.3613,432.3111020833332,833.3333333333333,0.0,5516.36305393426,0.0
2025-09-23,73,Q3,5815.5593,8690.3915,0.3481,413.93505641666655,227.73142742832835,0.0,5721.321338619756,0.0
2025-09-23,74,Q3,5929.8452,8581.2694,0.3859,424.8287638333332,833.3333333333333,0.0,6471.321338619756,0.0
2025-09-23,75,Q3,5958.43,8484.4875,0.387,495.1379354166668,833.3333333333333,0.0,7221.321338619756,0.0
2025-09-23,76,Q3,5882.5546,8645.3297,0.3271,530.77441175,833.3333333333333,0.0,7971.321338619756,0.0
2025-09-23,77,Q3,6091.5912,8546.664,0.4936,243.493064777781,560.9621568888917,0.0,8476.187279819758,0.0
2025-09-23,78,Q3,6408.53,8135.1375,0.8213,0.0,282.31729958333335,0.0,8730.272849444758,0.0
2025-09-23,79,Q3,6253.4833,7884.9488,0.9285,0.0,204.44590349999987,0.0,8914.274162594758,0.0
2025-09-23,80,Q3,6080.4251,7754.0988,0.8854,0.0,208.28795941666675,0.0,9101.733326069758,0.0
2025-09-23,81,Q3,6115.63,7607.2875,0.8377,0.0,218.2940433333332,0.0,9298.197965069758,0.0
2025-09-23,82,Q3,6161.9414,7394.5585,0.8574,0.0,174.67656699999972,0.0,9455.406875369757,0.0
2025-09-23,83,Q3,6291.8498,7228.1769,0.8948,0.0,134.15968875000002,0.0,9576.150595244757,0.0
2025-09-23,84,Q3,6409.53,7094.9625,0.9188,0.0,146.55428708333324,0.0,9708.049453619757,32.315537083333254
2025-09-23,85,Q3,6298.6605,6838.0168,0.9422,0.0,79.72336883333338,0.0,9779.800485569756,0.0
2025-09-23,86,Q3,6212.8259,6393.4647,0.9638,0.0,15.250619833333431,0.0,9793.526043419757,0.0
2025-09-23,87,Q3,6236.6,5854.05,1.0143,0.0,0.0,67.8510733333334,9718.135961938275,0.0
2025-09-23,88,Q3,6217.1274,5393.4146,1.099,0.0,0.0,147.15695708333337,9554.628231845682,0.0
2025-09-23,89,Q3,6206.2876,4990.8009,0.9913,0.0,0.0,209.15633166666686,9322.232307771606,0.0
2025-09-23,90,Q3,6262.68,4761.6375,0.7708,387.078015809327,104.10743414266028,0.0,9415.928998500001,0.0
2025-09-23,91,Q3,6377.3851,4842.082,0.7575,1225.775142972222,833.3333333333333,0.0,10165.928998500001,0.0
2025-09-23,92,Q3,6461.0017,4734.2965,0.7846,427.78391877777767,72.96322944444432,0.0,10231.595905000002,0.0
2025-09-23,93,Q3,6382.45,4417.2375,0.7548,477.5878625000001,70.9973849999999,0.0,10295.493551500002,0.0
2025-09-23,94,Q3,6120.1976,4306.354,0.7536,503.2081655555555,69.03154055555547,0.0,10357.621938000002,0.0
2025-09-23,95,Q3,6153.6297,4035.9346,0.8148,523.6295726944445,67.06569611111104,0.0,10417.981064500002,0.0
2025-09-23,96,Q3,6505.17,3543.675,0.8978,542.1827166666665,65.09985166666661,0.0,10476.570931000002,16.499635000000126
2025-09-23,97,Q3,6704.9712,3168.3753,0.9325,612.1824461944447,58.76845444444439,0.0,10529.462540000002,36.0186582499997
2025-09-23,98,Q3,6651.3841,2836.5022,0.9637,687.5548033888891,52.43705722222228,0.0,10576.655891500002,0.6959038333332046
2025-09-23,99,Q3,6512.95,2503.5375,0.9927,711.5943645833333,46.10565999999994,0.0,10618.150985500002,2.74671208333325
2025-09-23,100,Q3,6516.7553,2218.6701,0.9735,774.9075681944444,39.77426277777772,0.0,10653.947822000002,0.0
2025-09-23,101,Q3,6452.5286,1863.5925,0.9613,849.6972897222222,33.44286555555561,0.0,10684.046401000001,0.0
2025-09-23,102,Q3,6349.71,1465.3875,1.0104,897.9886250000001,27.111468333333164,0.0,10708.4467225,0.0
2025-09-23,103,Q3,6441.2731,1178.7512,1.1132,927.4347250833332,22.846437777777737,0.0,10729.0085165,0.0
2025-09-23,104,Q3,6397.9351,917.9154,1.1301,941.4370233333334,18.58140722222231,0.0,10745.731783,0.0
2025-09-23,105,Q3,6368.49,630.1875,1.0787,1001.4040145833333,14.316376666666656,0.0,10758.616521999998,0.0
2025-09-23,106,Q3,6667.634,356.458,1.1143,1051.6828655833333,10.051346111111116,0.0,10767.662733499998,10.231147194444475
2025-09-23,107,Q3,5886.4358,131.4439,1.1899,953.8642314166664,5.786315555555461,0.0,10772.870417499997,11.087400805555717
2025-09-23,108,Q3,4515.87,0.0,1.26,798.5505125,1.5212849999999207,0.0,10774.239573999997,0.0
2025-09-23,109,Q3,4585.9791,0.0,1.3273,775.8582254999999,0.0,0.0,10774.239573999997,0.0
2025-09-23,110,Q3,4985.787,4.4234,1.3739,794.92334325,0.0,0.0,10774.239573999997,35.30392341666675
2025-09-23,111,Q3,5006.5,0.0,1.3863,781.4283374999999,0.0,0.0,10774.239573999997,52.988329166666745
2025-09-23,112,Q3,5016.9579,0.0,1.3617,773.1567586666666,0.0,0.0,10774.239573999997,63.00289133333342
2025-09-23,113,Q3,4862.5058,0.3176,1.2989,742.4688985833332,0.0,27.16454904166676,10744.05674173148,40.73125237499994
2025-09-23,114,Q3,4664.56,0.0,1.242,0.0,0.0,786.590986875,9870.066756314813,0.0
2025-09-23,115,Q3,4794.5933,0.0,1.2579,0.0,0.0,790.8039594583336,8991.395690249998,8.294923874999768
2025-09-23,116,Q3,4953.598,0.0228,1.3209,0.0,0.0,786.6998934583331,8117.284697518517,38.895973208333544
2025-09-23,117,Q3,4906.9,0.0,1.3658,0.0,0.0,772.4100868749998,7259.051267657405,45.406579791666786
2025-09-23,118,Q3,4721.0181,0.0,1.3425,0.0,0.0,794.1741333749999,6376.635563907405,0.0
2025-09-23,119,Q3,4705.315,0.0016,1.3213,0.0,0.0,789.7001162083333,5499.19099034259,0.0
2025-09-23,120,Q3,4871.47,0.0,1.3115,0.0,0.0,765.1641618750001,4649.008588259257,46.74750479166653
2025-09-23,121,Q3,4963.0687,0.0,1.2687,0.0,0.0,775.6167239583333,3787.2122283055533,51.5613927083333
2025-09-23,122,Q3,5061.4062,0.0,1.2951,0.0,0.0,770.9590337916668,2930.5910796481458,72.60866620833326
2025-09-23,123,Q3,5038.25,0.0,1.3829,0.0,0.0,761.750986875,2084.201094231479,77.95734645833329
2025-09-23,124,Q3,4709.3717,0.0,1.3866,0.0,0.0,791.639810708333,1204.6013045555537,0.0
2025-09-23,125,Q3,4809.9708,0.0,1.2125,777.5317269999998,0.0,0.0,1204.6013045555537,24.130073000000152
2025-09-23,126,Q3,5215.3,0.0,0.9884,752.363733333333,0.0,0.0,1204.6013045555537,116.85293333333368
2025-09-23,127,Q3,5055.1463,0.0,0.9549,783.4631485,0.0,0.0,1204.6013045555537,59.0612348333334
2025-09-23,128,Q3,4827.5711,0.0,0.9828,770.2662169166667,0.0,0.0,1204.6013045555537,34.32896641666662
2025-09-23,129,Q3,4880.29,0.0,1.0059,755.6005333333334,0.0,0.0,1204.6013045555537,57.78113333333329
2025-09-23,130,Q3,4979.2148,0.0,1.0449,807.9037234166667,0.0,0.0,1204.6013045555537,21.965409916666545
2025-09-23,131,Q3,4609.119,0.0,0.8538,752.3577166666665,0.0,0.0,1204.6013045555537,15.828783333333377
2025-09-23,132,Q3,3835.46,0.0,0.5154,1435.1102166666667,812.2808641743876,0.0,1935.6540823125026,16.41398084105424
2025-09-23,133,Q3,3320.6494,0.0,0.3997,1392.6289416666664,833.3333333333333,0.0,2685.6540823125024,0.0
2025-09-23,134,Q3,3496.0714,0.0,0.4421,573.4182934999999,2.2771297916666526,0.0,2687.7034991250025,11.53740295833336
2025-09-23,135,Q3,3883.24,0.0,0.4839,1402.8133083333332,833.3333333333333,0.0,3437.7034991250025,77.72669166666662
2025-09-23,136,Q3,3580.1991,0.0,0.4396,1410.579991,833.3333333333333,0.0,4187.703499125002,19.453192333333163
2025-09-23,137,Q3,3332.1137,0.0,0.4292,603.8010440833333,2.2771297916666526,0.0,4189.752915937502,0.0
2025-09-23,138,Q3,3416.1,0.0,0.4608,1434.2527416666667,833.3333333333333,0.0,4939.752915937502,0.0
2025-09-23,139,Q3,3387.9352,0.0,0.4279,560.8036774166666,2.2771297916666526,0.0,4941.802332750001,6.12931904166669
2025-09-23,140,Q3,3459.0094,0.0,0.4124,572.9577046666668,2.2771297916667663,0.0,4943.851749562501,5.820991791666529
2025-09-23,141,Q3,3661.95,0.0,0.4355,1443.0426666666665,833.3333333333333,0.0,5693.851749562501,0.6156666666666979
2025-09-23,142,Q3,3702.4038,0.0,0.4312,922.5972320833332,335.610463125,0.0,5995.901166375001,30.080531041666745
2025-09-23,143,Q3,3409.7885,0.0,0.4204,562.9534459166667,2.2771297916666526,0.0,5997.9505831875,7.621767208333267
2025-09-23,144,Q3,3147.61,0.0,0.4259,591.4923416666666,2.277129791666539,0.0,6000.0,0.0
2025-09-23,1,Q4-2,3421.106,0.0,0.4059,607.8630661666666,0.0,0.0,6000.0,0.0
2025-09-23,2,Q4-2,3361.9091,0.0,0.4324,596.5530710833333,0.0,0.0,6000.0,0.0
2025-09-23,3,Q4-2,3388.6,0.0,0.4539,549.4716583333333,0.0,0.0,6000.0,15.295008333333385
2025-09-23,4,Q4-2,3591.0535,0.0,0.4117,559.1229993333334,0.0,0.0,6000.0,39.38591733333328
2025-09-23,5,Q4-2,3639.0639,0.0,0.4114,565.3507504166666,0.0,0.0,6000.0,41.1598995833333
2025-09-23,6,Q4-2,3538.62,0.0,0.4549,559.308825,0.0,0.0,6000.0,30.461175000000026
2025-09-23,7,Q4-2,3584.1201,0.0,0.4413,1379.9055645833334,833.3333333333333,0.0,6750.0,50.78111874999979
2025-09-23,8,Q4-2,3479.83,0.0,0.4365,1384.1718315833332,833.3333333333333,0.0,7500.0,29.13316841666665
2025-09-23,9,Q4-2,3316.08,0.0,0.4529,559.1177583333333,0.0,0.0,7500.0,0.0
2025-09-23,10,Q4-2,3504.3201,0.0,0.4318,577.3652430833332,0.0,0.0,7500.0,6.6881069166666975
2025-09-23,11,Q4-2,3611.1697,0.0,0.418,582.4108068333333,0.0,0.0,7500.0,19.450809833333324
2025-09-23,12,Q4-2,3543.64,0.0,0.4413,573.9071166666665,0.0,0.0,7500.0,16.699550000000045
2025-09-23,13,Q4-2,3627.3783,0.0,0.4794,1398.6212736666666,833.3333333333333,0.0,8250.0,39.275109666666594
2025-09-23,14,Q4-2,3646.7973,0.0,0.4675,1396.9909758333333,833.3333333333333,0.0,9000.0,44.14190749999989
2025-09-23,15,Q4-2,3569.92,0.0,0.4225,567.5156916666667,0.0,0.0,9000.0,27.470974999999953
2025-09-23,16,Q4-2,3591.0744,0.0,0.4268,581.9173718333334,0.0,0.0,9000.0,16.595028166666566
2025-09-23,17,Q4-2,3523.6786,0.0,0.4588,584.2798914166665,0.0,0.0,9000.0,2.999875250000173
2025-09-23,18,Q4-2,3402.03,0.0,0.4777,576.1273083333333,0.0,0.0,9000.0,0.0
2025-09-23,19,Q4-2,3470.8796,0.0,0.4584,571.67196875,0.0,0.0,9000.0,6.807964583333273
2025-09-23,20,Q4-2,3546.3118,0.0,0.4106,582.3076974166668,0.0,0.0,9000.0,8.744269249999888
2025-09-23,21,Q4-2,3521.1,0.0,0.3812,584.5843166666666,0.0,0.0,9000.0,2.2656833333332997
2025-09-23,22,Q4-2,3493.0415,0.0,0.4192,575.0621721666666,0.0,0.0,9000.0,7.111411166666585
2025-09-23,23,Q4-2,3616.52,0.0,0.4681,586.6150290833334,0.0,0.0,9000.0,16.13830424999992
2025-09-23,24,Q4-2,3738.77,0.0,0.4666,595.8409666666665,0.0,0.0,9000.0,27.2873666666668
2025-09-23,25,Q4-2,3573.138,0.0019,0.4048,614.63699,0.0,0.0,9000.0,0.0
2025-09-23,26,Q4-2,3548.8256,0.0,0.3873,611.0743715833333,0.0,0.0,9000.0,0.0
2025-09-23,27,Q4-2,3696.43,0.0,0.4222,1430.2591499999999,833.3333333333333,0.0,9750.0,19.145849999999996
2025-09-23,28,Q4-2,3629.4046,0.0268,0.4225,606.7209926666666,0.0,0.0,9750.0,0.0
2025-09-23,29,Q4-2,3602.4949,0.0,0.4173,596.7401375,0.0,0.0,9750.0,3.6756791666666686
2025-09-23,30,Q4-2,3708.74,0.0,0.4256,924.329225,333.3333333333333,0.0,10050.0,27.127441666666527
2025-09-23,31,Q4-2,3751.3647,0.3731,0.433,584.4530075833333,0.0,0.0,10050.0,40.71225908333338
2025-09-23,32,Q4-2,3689.4488,0.0,0.4518,612.1912815,0.0,0.0,10050.0,2.7168518333334077
2025-09-23,33,Q4-2,3557.68,0.0,0.4325,639.2931895833333,0.0,0.0,10050.0,0.0
2025-09-23,34,Q4-2,3509.0644,5.1961,0.3613,1440.6293256666665,833.3333333333333,0.0,10800.0,0.0
2025-09-23,35,Q4-2,4001.4806,0.0,0.6152,674.4588480833332,0.0,-0.0,10800.0,0.0
2025-09-23,36,Q4-2,4743.74,0.0,1.0325,0.0,0.0,813.203947916667,9896.44005787037,0.0
2025-09-23,37,Q4-2,4911.4158,148.7833,1.0391,0.0,0.0,788.0267909166665,9020.85473462963,5.745292416666757
2025-09-23,38,Q4-2,4831.9735,376.0146,0.9449,0.0,0.0,713.6997121666668,8227.855054444444,28.960104499999716
2025-09-23,39,Q4-2,4792.2,649.3875,0.9432,0.0,0.0,657.2067999999999,7497.625276666667,33.26195000000007
2025-09-23,40,Q4-2,4757.3085,973.8044,0.9146,0.0,0.0,626.389759,6801.636655555556,4.194257666666658
2025-09-23,41,Q4-2,4755.1526,1245.8597,0.8673,0.0,0.0,577.0906640000001,6160.424806666667,7.7914859999999635
2025-09-23,42,Q4-2,4789.05,1511.775,0.8271,0.0,0.0,518.8518208333332,5583.922783518519,27.360679166666728
2025-09-23,43,Q4-2,4816.282,1907.945,0.8061,0.0,0.0,449.1373190833333,5084.881317870371,35.585514250000074
2025-09-23,44,Q4-2,4786.2179,2234.3678,0.8269,0.0,0.0,423.1009735,4614.769125092594,2.2073764999998957
2025-09-23,45,Q4-2,4660.51,2492.5875,0.8096,162.42186008333152,0.0,217.43445658333502,4373.175284444444,0.0
2025-09-23,46,Q4-2,4606.8822,2894.0726,0.6878,284.7283299166666,0.0,0.0,4373.175284444444,0.7399367500000267
2025-09-23,47,Q4-2,5489.8417,3343.4604,0.8469,0.0,0.0,318.86065225000004,4018.885670833333,38.869564416666606
2025-09-23,48,Q4-2,6701.06,3753.1125,1.1849,0.0,0.0,475.3159895833331,3490.7567935185184,16.008593750000273
2025-09-23,49,Q4-2,6664.9869,4119.6249,1.1921,0.0,0.0,442.8762361666668,2998.6720866666665,0.0
2025-09-23,50,Q4-2,6469.7028,4427.9049,1.1184,0.0,0.0,380.56638499999974,2575.820547777778,0.0
2025-09-23,51,Q4-2,6635.97,4698.6375,1.1227,0.0,0.0,326.1756041666667,2213.403209814815,0.0
2025-09-23,52,Q4-2,6600.0815,4997.093,1.0962,0.0,0.0,271.5795761666666,1911.6481251851853,0.0
2025-09-23,53,Q4-2,6462.4233,5400.3214,1.0174,0.0,0.0,226.3690221666668,1660.1269894444445,0.0
2025-09-23,54,Q4-2,6427.57,5807.85,0.9516,0.0,0.0,159.5960500000004,1482.7980449999995,0.0
2025-09-23,55,Q4-2,6551.7343,6020.5511,0.9817,0.0,0.0,138.01793425000002,1329.4447847222218,0.0
2025-09-23,56,Q4-2,6611.8297,6159.4673,1.0171,0.0,0.0,89.40515833333313,1230.1057199074073,0.0
2025-09-23,57,Q4-2,6584.42,6306.2625,1.0072,0.0,0.0,27.095147916666633,1200.0,19.264435416666743
2025-09-23,58,Q4-2,6627.8893,6423.4053,0.9839,0.0,0.18780566666683285,0.0,1200.1690251000002,34.268472333333406
2025-09-23,59,Q4-2,6567.1756,6483.305,0.9725,0.0,52.33319549999993,0.0,1247.26890105,66.31162883333315
2025-09-23,60,Q4-2,6455.96,6487.7625,0.9784,0.0,71.11112291666667,0.0,1311.268911675,65.81070625000004
2025-09-23,61,Q4-2,6527.0912,6506.7574,0.9839,0.0,109.60426391666651,0.0,1409.9127491999998,112.99323058333309
2025-09-23,62,Q4-2,6488.4499,6763.9313,0.9513,0.0,185.10042024999962,0.0,1576.5031274249995,139.18685358333286
2025-09-23,63,Q4-2,6336.11,7139.7,0.9073,0.0,211.0724895833335,0.0,1766.4683680499998,77.14082291666682
2025-09-23,64,Q4-2,6376.9432,7257.6775,0.8981,0.0,216.77887200000006,0.0,1961.5693528499999,69.98982200000006
2025-09-23,65,Q4-2,6473.6947,7240.5731,0.7781,0.0,220.16529874999998,0.0,2159.718121725,92.35223208333338
2025-09-23,66,Q4-2,6470.56,7359.675,0.5639,0.0,265.61833958333324,0.0,2398.7746273499997,117.43250624999996
2025-09-23,67,Q4-2,6357.1346,7784.7849,0.4409,547.8410343333333,833.3333333333333,0.0,3148.7746273499997,47.550582333333466
2025-09-23,68,Q4-2,6310.6975,8209.6886,0.4252,0.0,329.09125283333304,0.0,3444.9567548999994,12.592736166666498
2025-09-23,69,Q4-2,6431.52,8399.7375,0.4696,297.60699500000044,614.9429950000007,0.0,3998.4054504,0.0
2025-09-23,70,Q4-2,6604.0357,8379.679,0.5048,0.0,320.30478275,0.0,4286.679754875,24.3642327500001
2025-09-23,71,Q4-2,6371.5522,8435.4109,0.4546,454.67316341666634,833.3333333333333,0.0,5036.679754875,34.6837199166668
2025-09-23,72,Q4-2,5893.69,8613.5625,0.3613,399.9530541666668,833.3333333333333,0.0,5786.679754875,0.0
2025-09-23,73,Q4-2,5815.5593,8690.3915,0.3481,338.43724558333344,833.3333333333333,0.0,6536.679754875,15.75738774999985
2025-09-23,74,Q4-2,5929.8452,8581.2694,0.3859,336.0776229999999,833.3333333333333,0.0,7286.679754875,55.35167700000011
2025-09-23,75,Q4-2,5958.43,8484.4875,0.387,420.9904500000001,833.3333333333333,0.0,8036.679754875,0.0
2025-09-23,76,Q4-2,5882.5546,8645.3297,0.3271,434.95812758333346,833.3333333333333,0.0,8786.679754875,0.0
2025-09-23,77,Q4-2,6091.5912,8546.664,0.4936,0.0,386.90358725,0.0,9134.892983400001,0.0
2025-09-23,78,Q4-2,6408.53,8135.1375,0.8213,0.0,332.87508124999994,0.0,9434.480556525,45.10716458333326
2025-09-23,79,Q4-2,6253.4833,7884.9488,0.9285,0.0,247.90388308333348,0.0,9657.5940513,0.0
2025-09-23,80,Q4-2,6080.4251,7754.0988,0.8854,0.0,262.3126060833335,0.0,9893.675396775001,0.0
2025-09-23,81,Q4-2,6115.63,7607.2875,0.8377,0.0,278.7344,0.0,10144.536356775001,30.124816666666618
2025-09-23,82,Q4-2,6161.9414,7394.5585,0.8574,0.0,216.65641783333305,0.0,10339.527132825,11.220234499999663
2025-09-23,83,Q4-2,6291.8498,7228.1769,0.8948,0.0,155.30409958333337,0.0,10479.30082245,0.0
2025-09-23,84,Q4-2,6409.53,7094.9625,0.9188,0.0,154.02690624999994,0.0,10617.925038075,39.78815624999996
2025-09-23,85,Q4-2,6298.6605,6838.0168,0.9422,0.0,107.30570008333338,0.0,10714.50016815,17.41298341666665
2025-09-23,86,Q4-2,6212.8259,6393.4647,0.9638,0.0,70.79871733333347,0.0,10778.21901375,40.6922506666667
2025-09-23,87,Q4-2,6236.6,5854.05,1.0143,0.0,24.201095833333206,0.0,10800.0,87.95942916666657
2025-09-23,88,Q4-2,6217.1274,5393.4146,1.099,0.0,0.0,32.734392916666685,10763.628452314815,104.55107375000003
2025-09-23,89,Q4-2,6206.2876,4990.8009,0.9913,0.0,0.0,80.65437375000022,10674.01248148148,121.92674291666634
2025-09-23,90,Q4-2,6262.68,4761.6375,0.7708,281.00077543724353,139.98613168724356,0.0,10800.0,109.1591062500001
2025-09-23,91,Q4-2,6377.3851,4842.082,0.7575,192.2309520000002,0.0,0.0,10800.0,63.652897999999794
2025-09-23,92,Q4-2,6461.0017,4734.2965,0.7846,233.76312766666655,0.0,0.0,10800.0,54.021072333333336
2025-09-23,93,Q4-2,6382.45,4417.2375,0.7548,285.49179583333336,0.0,0.0,10800.0,42.04362083333325
2025-09-23,94,Q4-2,6120.1976,4306.354,0.7536,345.3874083333333,0.0,0.0,10800.0,0.0
2025-09-23,95,Q4-2,6153.6297,4035.9346,0.8148,380.95434283333356,0.0,-0.0,10800.0,0.0
2025-09-23,96,Q4-2,6505.17,3543.675,0.8978,410.00018958333305,0.0,-0.0,10800.0,83.58231041666693
2025-09-23,97,Q4-2,6704.9712,3168.3753,0.9325,481.26955591666683,0.0,-0.0,10800.0,108.16309408333314
2025-09-23,98,Q4-2,6651.3841,2836.5022,0.9637,564.1183886666669,0.0,-0.0,10800.0,71.69526133333318
2025-09-23,99,Q4-2,6512.95,2503.5375,0.9927,600.5019916666668,0.0,0.0,10800.0,67.7334249999999
2025-09-23,100,Q4-2,6516.7553,2218.6701,0.9735,660.8684433333333,0.0,-0.0,10800.0,55.47908999999993
2025-09-23,101,Q4-2,6452.5286,1863.5925,0.9613,730.7615874999999,0.0,-0.0,10800.0,34.06109583333341
2025-09-23,102,Q4-2,6349.71,1465.3875,1.0104,777.6471875000002,0.0,-0.0,10800.0,36.406562499999836
2025-09-23,103,Q4-2,6441.2731,1178.7512,1.1132,827.4883679999998,0.0,-0.0,10800.0,49.598615333333555
2025-09-23,104,Q4-2,6397.9351,917.9154,1.1301,854.00151875,0.0,0.0,10800.0,59.335097916666655
2025-09-23,105,Q4-2,6368.49,630.1875,1.0787,925.4631395833334,0.0,-0.0,10800.0,30.92061041666659
2025-09-23,106,Q4-2,6667.634,356.458,1.1143,992.3896105833334,0.0,0.0,10800.0,59.47305608333329
2025-09-23,107,Q4-2,5886.4358,131.4439,1.1899,909.9211534999998,0.0,0.0,10800.0,49.244163166666794
2025-09-23,108,Q4-2,4515.87,0.0,1.26,760.5767625,0.0,-0.0,10800.0,0.0
2025-09-23,109,Q4-2,4585.9791,0.0,1.3273,0.0,0.0,764.9991088333333,9950.000990185184,0.0
2025-09-23,110,Q4-2,4985.787,4.4234,1.3739,794.5402361666668,0.0,0.0,9950.000990185184,35.68703049999999
2025-09-23,111,Q4-2,5006.5,0.0,1.3863,0.0,0.0,781.4283374999999,9081.74728185185,52.988329166666745
2025-09-23,112,Q4-2,5016.9579,0.0,1.3617,0.0,0.0,773.0300736666666,8222.824977777776,63.12957633333349
2025-09-23,113,Q4-2,4862.5058,0.3176,1.2989,0.0,0.0,771.8908899166667,7365.168433425924,38.473810083333206
2025-09-23,114,Q4-2,4664.56,0.0,1.242,0.0,0.0,788.8681166666667,6488.648303796294,0.0
2025-09-23,115,Q4-2,4794.5933,0.0,1.2579,0.0,0.0,793.0719946666668,5607.457198611109,6.026888666666537
2025-09-23,116,Q4-2,4953.598,0.0228,1.3209,0.0,0.0,788.9756115833331,4730.817630185183,36.62025508333352
2025-09-23,117,Q4-2,4906.9,0.0,1.3658,774.6872166666665,0.0,0.0,4730.817630185183,43.12945000000013
2025-09-23,118,Q4-2,4721.0181,0.0,1.3425,0.0,0.0,796.4506294166665,3845.8724863888865,0.0
2025-09-23,119,Q4-2,4705.315,0.0016,1.3213,791.9771468333332,0.0,0.0,3845.8724863888865,0.0
2025-09-23,120,Q4-2,4871.47,0.0,1.3115,767.4412916666669,0.0,0.0,3845.8724863888865,44.47037499999976
2025-09-23,121,Q4-2,4963.0687,0.0,1.2687,0.0,0.0,777.89385375,2981.54598222222,49.28426291666665
2025-09-23,122,Q4-2,5061.4062,0.0,1.2951,0.0,0.0,773.2361635833336,2122.3946893518496,70.3315364166665
2025-09-23,123,Q4-2,5038.25,0.0,1.3829,727.7898367500015,0.0,36.23827991666503,2082.1299338888884,75.68021666666664
2025-09-23,124,Q4-2,4709.3717,0.0,1.3866,0.0,0.0,793.9169404999997,1200.0,0.0
2025-09-23,125,Q4-2,4809.9708,0.0,1.2125,777.5317269999998,0.0,-0.0,1200.0,24.130073000000152
2025-09-23,126,Q4-2,5215.3,0.0,0.9884,752.363733333333,0.0,0.0,1200.0,116.85293333333368
2025-09-23,127,Q4-2,5055.1463,0.0,0.9549,783.4631485,0.0,0.0,1200.0,59.0612348333334
2025-09-23,128,Q4-2,4827.5711,0.0,0.9828,770.2662169166667,0.0,0.0,1200.0,34.32896641666662
2025-09-23,129,Q4-2,4880.29,0.0,1.0059,755.6005333333334,0.0,0.0,1200.0,57.78113333333329
2025-09-23,130,Q4-2,4979.2148,0.0,1.0449,807.9037234166667,0.0,-0.0,1200.0,21.965409916666545
2025-09-23,131,Q4-2,4609.119,0.0,0.8538,752.3577166666665,0.0,-0.0,1200.0,15.828783333333377
2025-09-23,132,Q4-2,3835.46,0.0,0.5154,935.1102166666667,333.3333333333333,0.0,1500.0,37.466449999999895
2025-09-23,133,Q4-2,3320.6494,0.0,0.3997,1392.6289416666664,833.3333333333333,0.0,2250.0,0.0
2025-09-23,134,Q4-2,3496.0714,0.0,0.4421,573.4182934999999,0.0,0.0,2250.0,9.260273166666707
2025-09-23,135,Q4-2,3883.24,0.0,0.4839,1402.8133083333332,833.3333333333333,0.0,3000.0,77.72669166666662
2025-09-23,136,Q4-2,3580.1991,0.0,0.4396,1410.579991,833.3333333333333,0.0,3750.0,19.453192333333163
2025-09-23,137,Q4-2,3332.1137,0.0,0.4292,603.8010440833333,0.0,0.0,3750.0,0.0
2025-09-23,138,Q4-2,3416.1,0.0,0.4608,600.9194083333333,0.0,0.0,3750.0,0.0
2025-09-23,139,Q4-2,3387.9352,0.0,0.4279,560.8036774166666,0.0,0.0,3750.0,3.8521892500000376
2025-09-23,140,Q4-2,3459.0094,0.0,0.4124,1406.291038,833.3333333333333,0.0,4500.0,3.5438619999997627
2025-09-23,141,Q4-2,3661.95,0.0,0.4355,609.7093333333332,0.0,0.0,4500.0,0.6156666666666979
2025-09-23,142,Q4-2,3702.4038,0.0,0.4312,589.2638987499998,0.0,0.0,4500.0,27.803401250000093
2025-09-23,143,Q4-2,3409.7885,0.0,0.4204,1396.28677925,833.3333333333333,0.0,5250.0,5.344637416666501
2025-09-23,144,Q4-2,3147.61,0.0,0.4259,1424.8256749999998,833.3333333333333,0.0,6000.0,0.0
2025-09-23,1,Q4-3,3421.106,0.0,0.4059,607.8630661666666,0.0,0.0,6000.000000000002,0.0
2025-09-23,2,Q4-3,3361.9091,0.0,0.4324,596.5530710833333,0.0,0.0,6000.000000000002,0.0
2025-09-23,3,Q4-3,3388.6,0.0,0.4539,549.4716583333333,0.0,0.0,6000.000000000002,15.295008333333385
2025-09-23,4,Q4-3,3591.0535,0.0,0.4117,559.1229993333334,0.0,0.0,6000.000000000002,39.38591733333328
2025-09-23,5,Q4-3,3639.0639,0.0,0.4114,565.3507504166666,0.0,0.0,6000.000000000002,41.1598995833333
2025-09-23,6,Q4-3,3538.62,0.0,0.4549,559.308825,0.0,0.0,6000.000000000002,30.461175000000026
2025-09-23,7,Q4-3,3584.1201,0.0,0.4413,1379.9055645833334,833.3333333333333,0.0,6750.000000000002,50.78111874999979
2025-09-23,8,Q4-3,3479.83,0.0,0.4365,1384.1718315833332,833.3333333333333,0.0,7500.000000000002,29.13316841666665
2025-09-23,9,Q4-3,3316.08,0.0,0.4529,559.1177583333333,0.0,0.0,7500.000000000002,0.0
2025-09-23,10,Q4-3,3504.3201,0.0,0.4318,577.3652430833332,0.0,0.0,7500.000000000002,6.6881069166666975
2025-09-23,11,Q4-3,3611.1697,0.0,0.418,582.4108068333333,0.0,0.0,7500.000000000002,19.450809833333324
2025-09-23,12,Q4-3,3543.64,0.0,0.4413,573.9071166666665,0.0,0.0,7500.000000000002,16.699550000000045
2025-09-23,13,Q4-3,3627.3783,0.0,0.4794,1398.6212736666666,833.3333333333333,0.0,8250.000000000002,39.275109666666594
2025-09-23,14,Q4-3,3646.7973,0.0,0.4675,1396.9909758333333,833.3333333333333,0.0,9000.000000000002,44.14190749999989
2025-09-23,15,Q4-3,3569.92,0.0,0.4225,567.5156916666667,0.0,0.0,9000.000000000002,27.470974999999953
2025-09-23,16,Q4-3,3591.0744,0.0,0.4268,581.9173718333334,0.0,0.0,9000.000000000002,16.595028166666566
2025-09-23,17,Q4-3,3523.6786,0.0,0.4588,584.2798914166665,0.0,0.0,9000.000000000002,2.999875250000173
2025-09-23,18,Q4-3,3402.03,0.0,0.4777,576.1273083333333,0.0,0.0,9000.000000000002,0.0
2025-09-23,19,Q4-3,3470.8796,0.0,0.4584,571.67196875,0.0,0.0,9000.000000000002,6.807964583333273
2025-09-23,20,Q4-3,3546.3118,0.0,0.4106,582.3076974166668,0.0,0.0,9000.000000000002,8.744269249999888
2025-09-23,21,Q4-3,3521.1,0.0,0.3812,584.5843166666666,0.0,0.0,9000.000000000002,2.2656833333332997
2025-09-23,22,Q4-3,3493.0415,0.0,0.4192,575.0621721666666,0.0,0.0,9000.000000000002,7.111411166666585
2025-09-23,23,Q4-3,3616.52,0.0,0.4681,586.6150290833334,0.0,0.0,9000.000000000002,16.13830424999992
2025-09-23,24,Q4-3,3738.77,0.0,0.4666,595.8409666666665,0.0,0.0,9000.000000000002,27.2873666666668
2025-09-23,25,Q4-3,3573.138,0.0019,0.4048,614.6371066666666,0.0,0.0,9000.000000000002,0.0
2025-09-23,26,Q4-3,3548.8256,0.0,0.3873,611.0747128333334,0.0,0.0,9000.000000000002,0.0
2025-09-23,27,Q4-3,3696.43,0.0,0.4222,1430.2591499999999,833.3333333333333,0.0,9750.000000000002,19.145849999999996
2025-09-23,28,Q4-3,3629.4046,0.0268,0.4225,606.7225968333332,0.0,0.0,9750.000000000002,0.0
2025-09-23,29,Q4-3,3602.4949,0.0,0.4173,596.7451370833332,0.0,0.0,9750.000000000002,3.670679583333367
2025-09-23,30,Q4-3,3708.74,0.0,0.4256,924.329224999998,333.3333333333313,0.0,10050.0,27.127441666666527
2025-09-23,31,Q4-3,3751.3647,0.3731,0.433,584.4753842499999,0.0,0.0,10050.0,40.689882416666705
2025-09-23,32,Q4-3,3689.4488,0.0,0.4518,612.2609344166666,0.0,0.0,10050.0,2.6471989166667527
2025-09-23,33,Q4-3,3557.68,0.0,0.4325,639.2931895833333,0.0,0.0,10050.0,0.0
2025-09-23,34,Q4-3,3509.0644,5.1961,0.3613,1441.4130623333333,833.3333333333333,0.0,10800.0,0.0
2025-09-23,35,Q4-3,4001.4806,0.0,0.6152,684.7890001666666,0.0,-0.0,10800.0,0.0
2025-09-23,36,Q4-3,4743.74,0.0,1.0325,16.317802083333618,0.0,833.3333333333333,9874.074074074075,0.0
2025-09-23,37,Q4-3,4911.4158,148.7833,1.0391,0.0,0.0,818.0011796666664,8965.183874444445,0.0
2025-09-23,38,Q4-3,4831.9735,376.0146,0.9449,0.0,0.0,747.5036142500002,8134.624303055556,0.0
2025-09-23,39,Q4-3,4792.2,649.3875,0.9432,0.0,0.0,696.1134354166664,7361.164930370371,0.0
2025-09-23,40,Q4-3,4757.3085,973.8044,0.9146,0.0,0.0,680.1696719166667,6605.420850462963,0.0
2025-09-23,41,Q4-3,4755.1526,1245.8597,0.8673,0.0,0.0,638.7188965000001,5895.733187685185,0.0
2025-09-23,42,Q4-3,4789.05,1511.775,0.8271,69.95253577777771,0.0,515.2146517222222,5323.272463549382,0.0
2025-09-23,43,Q4-3,4816.282,1907.945,0.8061,513.089565888889,0.0,0.0,5323.272463549382,0.0
2025-09-23,44,Q4-3,4786.2179,2234.3678,0.8269,481.9276729444444,0.0,0.0,5323.272463549382,0.0
2025-09-23,45,Q4-3,4660.51,2492.5875,0.8096,423.90718333333325,0.0,0.0,5323.272463549382,0.0
2025-09-23,46,Q4-3,4606.8822,2894.0726,0.6878,329.4311967222221,0.0,0.0,5323.272463549382,0.0
2025-09-23,47,Q4-3,5489.8417,3343.4604,0.8469,0.0,0.0,363.53471294444444,4919.345004722222,0.0
2025-09-23,48,Q4-3,6701.06,3753.1125,1.1849,0.0,0.0,511.4734083333331,4351.041217685186,0.0
2025-09-23,49,Q4-3,6664.9869,4119.6249,1.1921,0.0,0.0,485.4094975555555,3811.6973315123464,0.0
2025-09-23,50,Q4-3,6469.7028,4427.9049,1.1184,0.0,0.0,417.30925277777754,3348.0203839814826,0.0
2025-09-23,51,Q4-3,6635.97,4698.6375,1.1227,0.0,0.0,343.8458895833333,2965.9693955555567,0.0
2025-09-23,52,Q4-3,6600.0815,4997.093,1.0962,0.0,0.0,285.6328108888889,2648.5996056790136,0.0
2025-09-23,53,Q4-3,6462.4233,5400.3214,1.0174,0.0,0.0,233.58584161111116,2389.0597816666677,0.0
2025-09-23,54,Q4-3,6427.57,5807.85,0.9516,0.0,0.0,166.64482708333372,2203.898862685186,0.0
2025-09-23,55,Q4-3,6551.7343,6020.5511,0.9817,0.0,0.0,165.86648661111118,2019.602766450618,0.0
2025-09-23,56,Q4-3,6611.8297,6159.4673,1.0171,0.0,0.0,136.37720222222208,1868.07254175926,0.0
2025-09-23,57,Q4-3,6584.42,6306.2625,1.0072,0.0,0.0,98.9508145833333,1758.1271922222231,0.0
2025-09-23,58,Q4-3,6627.8893,6423.4053,0.9839,0.0,0.0,99.74222544444419,1647.3024972839519,0.0
2025-09-23,59,Q4-3,6567.1756,6483.305,0.9725,0.0,0.0,90.45541172222232,1546.7964842592605,0.0
2025-09-23,60,Q4-3,6455.96,6487.7625,0.9784,0.0,0.0,90.15237083333304,1446.6271833333349,0.0
2025-09-23,61,Q4-3,6527.0912,6506.7574,0.9839,0.0,0.0,62.55507844444449,1377.1215406172855,0.0
2025-09-23,62,Q4-3,6488.4499,6763.9313,0.9513,0.0,0.0,0.0,1377.1215406172855,0.0
2025-09-23,63,Q4-3,6336.11,7139.7,0.9073,0.0,0.0,0.0,1377.1215406172855,0.0
2025-09-23,64,Q4-3,6376.9432,7257.6775,0.8981,0.0,0.0,0.0,1377.1215406172855,0.0
2025-09-23,65,Q4-3,6473.6947,7240.5731,0.7781,0.0,0.0,0.0,1377.1215406172855,0.0
2025-09-23,66,Q4-3,6470.56,7359.675,0.5639,785.1347874999999,0.0,0.0,1377.1215406172855,0.0
2025-09-23,67,Q4-3,6357.1346,7784.7849,0.4409,751.072283777778,436.29789257441746,0.0,1769.7896439342612,0.0
2025-09-23,68,Q4-3,6310.6975,8209.6886,0.4252,682.6503910555555,833.3333333333333,0.0,2519.789643934261,0.0
2025-09-23,69,Q4-3,6431.52,8399.7375,0.4696,649.5242229166663,833.3333333333333,0.0,3269.789643934261,0.0
2025-09-23,70,Q4-3,6604.0357,8379.679,0.5048,581.6094346111108,833.3333333333333,0.0,4019.789643934261,0.0
2025-09-23,71,Q4-3,6371.5522,8435.4109,0.4546,493.47328938888865,833.3333333333333,0.0,4769.789643934261,0.0
2025-09-23,72,Q4-3,5893.69,8613.5625,0.3613,432.3111020833332,833.3333333333333,0.0,5519.789643934261,0.0
2025-09-23,73,Q4-3,5815.5593,8690.3915,0.3481,413.93505641666655,225.88994965055664,0.0,5723.090598619762,0.0
2025-09-23,74,Q4-3,5929.8452,8581.2694,0.3859,424.8287638333332,833.3333333333333,0.0,6473.090598619762,0.0
2025-09-23,75,Q4-3,5958.43,8484.4875,0.387,495.1379354166668,833.3333333333333,0.0,7223.090598619762,0.0
2025-09-23,76,Q4-3,5882.5546,8645.3297,0.3271,530.77441175,833.3333333333333,0.0,7973.090598619762,0.0
2025-09-23,77,Q4-3,6091.5912,8546.664,0.4936,243.493064777781,560.9621568888917,0.0,8477.956539819765,0.0
2025-09-23,78,Q4-3,6408.53,8135.1375,0.8213,0.0,282.31729958333335,0.0,8732.042109444765,0.0
2025-09-23,79,Q4-3,6253.4833,7884.9488,0.9285,0.0,204.44590349999987,0.0,8916.043422594765,0.0
2025-09-23,80,Q4-3,6080.4251,7754.0988,0.8854,0.0,208.28795941666675,0.0,9103.502586069764,0.0
2025-09-23,81,Q4-3,6115.63,7607.2875,0.8377,0.0,218.2940433333332,0.0,9299.967225069764,0.0
2025-09-23,82,Q4-3,6161.9414,7394.5585,0.8574,0.0,174.67656699999972,0.0,9457.176135369764,0.0
2025-09-23,83,Q4-3,6291.8498,7228.1769,0.8948,0.0,134.15968875000002,0.0,9577.919855244763,0.0
2025-09-23,84,Q4-3,6409.53,7094.9625,0.9188,0.0,146.55428708333324,0.0,9709.818713619763,32.315537083333254
2025-09-23,85,Q4-3,6298.6605,6838.0168,0.9422,0.0,79.72336883333338,0.0,9781.569745569763,0.0
2025-09-23,86,Q4-3,6212.8259,6393.4647,0.9638,0.0,15.250619833333431,0.0,9795.295303419764,0.0
2025-09-23,87,Q4-3,6236.6,5854.05,1.0143,0.0,0.0,67.8510733333334,9719.905221938281,0.0
2025-09-23,88,Q4-3,6217.1274,5393.4146,1.099,0.0,0.0,147.15695708333337,9556.397491845688,0.0
2025-09-23,89,Q4-3,6206.2876,4990.8009,0.9913,0.0,0.0,209.15633166666686,9324.001567771613,0.0
2025-09-23,90,Q4-3,6262.68,4761.6375,0.7708,1193.1988333333331,833.3333333333333,0.0,10074.001567771613,0.0
2025-09-23,91,Q4-3,6377.3851,4842.082,0.7575,419.65432544821596,102.14158969821585,0.0,10165.928998500007,0.0
2025-09-23,92,Q4-3,6461.0017,4734.2965,0.7846,427.78391877777767,72.96322944444432,0.0,10231.595905000007,0.0
2025-09-23,93,Q4-3,6382.45,4417.2375,0.7548,477.5878625000001,70.9973849999999,0.0,10295.493551500007,0.0
2025-09-23,94,Q4-3,6120.1976,4306.354,0.7536,503.2081655555555,69.03154055555547,0.0,10357.621938000008,0.0
2025-09-23,95,Q4-3,6153.6297,4035.9346,0.8148,523.6295726944445,67.06569611111104,0.0,10417.981064500007,0.0
2025-09-23,96,Q4-3,6505.17,3543.675,0.8978,542.1827166666665,65.09985166666661,0.0,10476.570931000007,16.499635000000126
2025-09-23,97,Q4-3,6704.9712,3168.3753,0.9325,612.1824461944447,58.76845444444439,0.0,10529.462540000008,36.0186582499997
2025-09-23,98,Q4-3,6651.3841,2836.5022,0.9637,687.5548033888891,52.43705722222228,0.0,10576.655891500008,0.6959038333332046
2025-09-23,99,Q4-3,6512.95,2503.5375,0.9927,711.5943645833333,46.10565999999994,0.0,10618.150985500008,2.74671208333325
2025-09-23,100,Q4-3,6516.7553,2218.6701,0.9735,774.9075681944444,39.77426277777772,0.0,10653.947822000007,0.0
2025-09-23,101,Q4-3,6452.5286,1863.5925,0.9613,849.6972897222222,33.44286555555561,0.0,10684.046401000007,0.0
2025-09-23,102,Q4-3,6349.71,1465.3875,1.0104,897.9886250000001,27.111468333333164,0.0,10708.446722500006,0.0
2025-09-23,103,Q4-3,6441.2731,1178.7512,1.1132,927.4347250833332,22.846437777777737,0.0,10729.008516500005,0.0
2025-09-23,104,Q4-3,6397.9351,917.9154,1.1301,941.4370233333334,18.58140722222231,0.0,10745.731783000005,0.0
2025-09-23,105,Q4-3,6368.49,630.1875,1.0787,1001.4040145833333,14.316376666666656,0.0,10758.616522000004,0.0
2025-09-23,106,Q4-3,6667.634,356.458,1.1143,1051.6828655833333,10.051346111111116,0.0,10767.662733500003,10.231147194444475
2025-09-23,107,Q4-3,5886.4358,131.4439,1.1899,953.8642314166664,5.786315555555461,0.0,10772.870417500002,11.087400805555717
2025-09-23,108,Q4-3,4515.87,0.0,1.26,798.5505125,1.5212849999999207,0.0,10774.239574000003,0.0
2025-09-23,109,Q4-3,4585.9791,0.0,1.3273,0.0,0.0,773.5810957083332,9914.705023212966,0.0
2025-09-23,110,Q4-3,4985.787,4.4234,1.3739,794.92334325,0.0,0.0,9914.705023212966,35.30392341666675
2025-09-23,111,Q4-3,5006.5,0.0,1.3863,0.0,0.0,779.1512077083332,9048.981459092596,55.2654589583334
2025-09-23,112,Q4-3,5016.9579,0.0,1.3617,0.0,0.0,770.879628875,8192.448538120374,65.28002112500008
2025-09-23,113,Q4-3,4862.5058,0.3176,1.2989,0.0,0.0,769.6334476249999,7337.3002629814855,40.73125237499994
2025-09-23,114,Q4-3,4664.56,0.0,1.242,0.0,0.0,786.590986875,6463.3102775648185,0.0
2025-09-23,115,Q4-3,4794.5933,0.0,1.2579,0.0,0.0,790.8039594583336,5584.6392115000035,8.294923874999768
2025-09-23,116,Q4-3,4953.598,0.0228,1.3209,0.0,0.0,786.6998934583331,4710.5282187685225,38.895973208333544
2025-09-23,117,Q4-3,4906.9,0.0,1.3658,774.6872166666665,0.0,0.0,4710.5282187685225,43.12945000000013
2025-09-23,118,Q4-3,4721.0181,0.0,1.3425,0.0,0.0,794.1741333749999,3828.1125150185226,0.0
2025-09-23,119,Q4-3,4705.315,0.0016,1.3213,791.9772459999999,0.0,0.0,3828.1125150185226,0.0
2025-09-23,120,Q4-3,4871.47,0.0,1.3115,767.4412916666669,0.0,0.0,3828.1125150185226,44.47037499999976
2025-09-23,121,Q4-3,4963.0687,0.0,1.2687,0.0,0.0,775.6167239583333,2966.316155064819,51.5613927083333
2025-09-23,122,Q4-3,5061.4062,0.0,1.2951,0.0,0.0,770.9590337916668,2109.6950064074117,72.60866620833326
2025-09-23,123,Q4-3,5038.25,0.0,1.3829,738.8064659166647,0.0,22.94452095833526,2084.2010942314837,77.95734645833329
2025-09-23,124,Q4-3,4709.3717,0.0,1.3866,0.0,0.0,791.639810708333,1204.6013045555583,0.0
2025-09-23,125,Q4-3,4809.9708,0.0,1.2125,777.5317269999998,0.0,0.0,1204.6013045555583,24.130073000000152
2025-09-23,126,Q4-3,5215.3,0.0,0.9884,752.363733333333,0.0,0.0,1204.6013045555583,116.85293333333368
2025-09-23,127,Q4-3,5055.1463,0.0,0.9549,783.4631485,0.0,0.0,1204.6013045555583,59.0612348333334
2025-09-23,128,Q4-3,4827.5711,0.0,0.9828,770.2662169166667,0.0,0.0,1204.6013045555583,34.32896641666662
2025-09-23,129,Q4-3,4880.29,0.0,1.0059,755.6005333333334,0.0,0.0,1204.6013045555583,57.78113333333329
2025-09-23,130,Q4-3,4979.2148,0.0,1.0449,807.9037234166667,0.0,0.0,1204.6013045555583,21.965409916666545
2025-09-23,131,Q4-3,4609.119,0.0,0.8538,752.3577166666665,0.0,0.0,1204.6013045555583,15.828783333333377
2025-09-23,132,Q4-3,3835.46,0.0,0.5154,935.1102166666667,314.5579939660474,0.0,1487.703499125001,18.69111063271407
2025-09-23,133,Q4-3,3320.6494,0.0,0.3997,1392.6289416666664,833.3333333333333,0.0,2237.703499125001,0.0
2025-09-23,134,Q4-3,3496.0714,0.0,0.4421,573.4182934999999,2.2771297916666526,0.0,2239.7529159375013,11.53740295833336
2025-09-23,135,Q4-3,3883.24,0.0,0.4839,1402.8133083333332,833.3333333333333,0.0,2989.7529159375013,77.72669166666662
2025-09-23,136,Q4-3,3580.1991,0.0,0.4396,1410.579991,833.3333333333333,0.0,3739.7529159375013,19.453192333333163
2025-09-23,137,Q4-3,3332.1137,0.0,0.4292,603.8010440833333,2.2771297916666526,0.0,3741.8023327500014,0.0
2025-09-23,138,Q4-3,3416.1,0.0,0.4608,600.9194083333333,2.2771297916666526,0.0,3743.8517495625015,0.0
2025-09-23,139,Q4-3,3387.9352,0.0,0.4279,560.8036774166666,2.2771297916666526,0.0,3745.9011663750016,6.12931904166669
2025-09-23,140,Q4-3,3459.0094,0.0,0.4124,1406.291038,833.3333333333333,0.0,4495.901166375002,3.5438619999997627
2025-09-23,141,Q4-3,3661.95,0.0,0.4355,609.7093333333332,2.2771297916666526,0.0,4497.950583187501,2.8927964583333505
2025-09-23,142,Q4-3,3702.4038,0.0,0.4312,589.2638987499998,2.2771297916666526,0.0,4500.000000000001,30.080531041666745
2025-09-23,143,Q4-3,3409.7885,0.0,0.4204,1396.28677925,833.3333333333333,0.0,5250.000000000001,5.344637416666501
2025-09-23,144,Q4-3,3147.61,0.0,0.4259,1424.8256749999998,833.3333333333333,0.0,6000.000000000001,0.0
2025-12-21,1,Q2,3576.1063,0.0,0.4264,1441.2305895,833.3333333333333,0.0,6750.0,0.0
2025-12-21,2,Q2,3537.871,0.0,0.4293,1425.5853906666666,833.3333333333333,0.0,7500.0,0.0
2025-12-21,3,Q2,3472.1,0.0,0.4388,1451.0896833333331,833.3333333333333,0.0,8250.0,0.0
2025-12-21,4,Q2,3388.2602,0.0,0.4138,1478.9371833333332,833.3333333333333,0.0,9000.0,0.0
2025-12-21,5,Q2,3299.4233,0.0,0.41,1478.7989941666665,833.3333333333333,0.0,9750.0,0.0
2025-12-21,6,Q2,3349.26,0.0,0.4471,626.2097166666666,0.0,0.0,9750.0,0.0
2025-12-21,7,Q2,3662.0911,0.0,0.4797,610.3207286666667,0.0,0.0,9750.0,0.027787999999986823
2025-12-21,8,Q2,3799.4157,0.0,0.4466,619.7889585833334,0.0,0.0,9750.0,13.446991416666606
2025-12-21,9,Q2,3736.18,0.0,0.3961,973.9134333333332,333.3333333333333,0.0,10050.0,0.0
2025-12-21,10,Q2,3824.9356,0.0,0.4368,633.4346177499999,0.0,0.0,10050.0,4.054648916666679
2025-12-21,11,Q2,3734.208,0.0,0.475,635.7441067499999,0.0,0.0,10050.0,0.0
2025-12-21,12,Q2,3587.15,0.0,0.4651,658.801025,0.0,0.0,10050.0,0.0
2025-12-21,13,Q2,3856.4774,0.0,0.455,666.2796664166667,0.0,0.0,10050.0,0.0
2025-12-21,14,Q2,3923.2147,0.0,0.4629,660.4394435833332,0.0,0.0,10050.0,0.0
2025-12-21,15,Q2,3730.5,0.0,0.4713,672.2641416666667,0.0,0.0,10050.0,0.0
2025-12-21,16,Q2,3819.86,0.0,0.4513,670.68061825,0.0,0.0,10050.0,0.0
2025-12-21,17,Q2,3791.4644,0.0,0.4352,670.3136288333334,0.0,0.0,10050.0,0.0
2025-12-21,18,Q2,3751.73,0.0,0.4577,678.951325,0.0,0.0,10050.0,0.0
2025-12-21,19,Q2,4180.5461,0.0,0.5147,682.0748149166668,0.0,0.0,10050.0,14.682868416666452
2025-12-21,20,Q2,4115.3327,0.0,0.5083,685.1791262500001,0.0,0.0,10050.0,0.7096570833332407
2025-12-21,21,Q2,3748.74,0.0,0.4686,683.8158583333334,0.0,0.0,10050.0,0.0
2025-12-21,22,Q2,4220.4858,0.0,0.5119,694.7110518333332,0.0,0.0,10050.0,8.703248166666867
2025-12-21,23,Q2,4423.9257,0.0,0.5023,695.5768959999999,0.0,0.0,10050.0,41.744054000000006
2025-12-21,24,Q2,4079.15,0.0,0.4324,696.4637499999999,0.0,0.0,10050.0,0.0
2025-12-21,25,Q2,4038.9424,0.0,0.4412,684.7604235833332,0.0,0.0,10050.0,0.0
2025-12-21,26,Q2,4082.3954,0.0,0.4805,705.6270952499999,0.0,0.0,10050.0,0.0
2025-12-21,27,Q2,4064.87,0.0,0.5015,726.1503083333333,0.0,0.0,10050.0,0.0
2025-12-21,28,Q2,4121.8784,0.0,0.5024,725.5596925,0.0,0.0,10050.0,0.0
2025-12-21,29,Q2,4083.6154,0.0,0.4798,728.1278860833332,0.0,0.0,10050.0,0.0
2025-12-21,30,Q2,4032.31,0.0,0.4753,718.1334916666666,0.0,0.0,10050.0,0.0
2025-12-21,31,Q2,4217.9422,0.0023,0.535,732.8830703333333,0.0,0.0,10050.0,0.0
2025-12-21,32,Q2,4253.2484,0.0,0.5436,731.86850325,0.0,0.0,10050.0,0.0
2025-12-21,33,Q2,4066.58,0.0,0.468,724.6677166666667,0.0,0.0,10050.0,0.0
2025-12-21,34,Q2,4077.7781,0.0316,0.4338,1533.8132599166665,833.3333333333333,0.0,10800.0,0.0
2025-12-21,35,Q2,4717.7146,0.0,0.6915,806.2954611666667,0.0,-0.0,10800.0,0.0
2025-12-21,36,Q2,5490.65,0.0,1.0594,932.6159,0.0,0.0,10800.0,0.0
2025-12-21,37,Q2,5439.318,0.4406,1.081,267.17975649999994,0.0,675.0,10050.0,0.0
2025-12-21,38,Q2,5407.8325,0.0,1.0359,913.0554788333332,0.0,0.0,10050.0,0.0
2025-12-21,39,Q2,5587.05,0.0,1.0597,934.8795666666666,0.0,0.0,10050.0,0.0
2025-12-21,40,Q2,5351.2866,6.1366,1.0176,931.03860025,0.0,0.0,10050.0,0.0
2025-12-21,41,Q2,5233.249,0.0,1.0168,939.2064394166666,0.0,0.0,10050.0,0.0
2025-12-21,42,Q2,5374.2,0.0,1.0595,946.5138875000001,0.0,0.0,10050.0,0.0
2025-12-21,43,Q2,5360.7841,172.6829,1.0282,909.6544057499999,0.0,0.0,10050.0,0.0
2025-12-21,44,Q2,5321.3096,420.0356,0.9987,862.2289974166665,0.0,0.0,10050.0,0.0
2025-12-21,45,Q2,5231.72,690.675,0.9724,825.3968854166667,0.0,0.0,10050.0,0.0
2025-12-21,46,Q2,5065.8847,996.7377,0.9109,1593.9511955833334,833.3333333333333,0.0,10800.0,0.0
2025-12-21,47,Q2,5889.1246,1276.7125,1.0903,828.1978785833334,0.0,0.0,10800.0,0.0
2025-12-21,48,Q2,7180.79,1539.8625,1.4063,130.01228125000011,0.0,833.3333333333333,9874.074074074075,0.0
2025-12-21,49,Q2,7254.351,1860.1541,1.4458,134.22465150000005,0.0,833.3333333333333,8948.14814814815,0.0
2025-12-21,50,Q2,7152.8955,2211.6206,1.3908,83.82092033333333,0.0,833.3333333333333,8022.2222222222235,0.0
2025-12-21,51,Q2,7367.01,2579.625,1.3742,19.225104166666938,0.0,833.3333333333333,7096.296296296297,0.0
2025-12-21,52,Q2,7333.1326,2953.1787,1.345,0.0,0.0,775.4240852500001,6234.713979351853,0.0
2025-12-21,53,Q2,7276.0603,3195.6035,1.3284,0.0,0.0,728.4624378333333,5425.311270648149,0.0
2025-12-21,54,Q2,7255.65,3341.5875,1.3231,0.0,0.0,707.7414229166665,4638.931911851852,0.0
2025-12-21,55,Q2,7076.8086,3572.7867,1.2929,0.0,0.0,673.0237728333332,3891.1277198148155,0.0
2025-12-21,56,Q2,7014.1683,3848.0561,1.2522,0.0,0.0,629.2308644999999,3191.9823148148153,0.0
2025-12-21,57,Q2,7150.59,4116.6,1.2211,156.24446366666598,0.0,415.1812696666673,2730.6697929629627,0.0
2025-12-21,58,Q2,7259.4501,4370.6969,1.2184,558.8299980000002,0.0,0.0,2730.6697929629627,0.0
2025-12-21,59,Q2,7142.682,4583.0793,1.2822,530.1664910833334,0.0,0.0,2730.6697929629627,0.0
2025-12-21,60,Q2,6912.23,4750.3875,1.3753,0.0,0.0,509.15773750000017,2164.938973518518,0.0
2025-12-21,61,Q2,6873.3728,4886.2111,1.4027,0.0,0.0,511.5662050833331,1596.5320789814814,0.0
2025-12-21,62,Q2,6913.1885,4956.6279,1.3591,474.35183900000004,0.0,0.0,1596.5320789814814,0.0
2025-12-21,63,Q2,6951.47,4960.7625,1.3321,366.67644166666673,0.0,0.0,1596.5320789814814,0.0
2025-12-21,64,Q2,7040.6919,4946.2149,1.3769,0.0,0.0,356.87887108333325,1200.0,0.0
2025-12-21,65,Q2,7195.1724,4968.8079,1.1651,362.0824713333334,0.0,0.0,1200.0,8.97827866666671
2025-12-21,66,Q2,7266.62,4979.2125,0.8057,1145.5508354166666,833.3333333333333,0.0,1950.0,69.01708125000005
2025-12-21,67,Q2,7080.5804,4907.9946,0.7611,1132.4753588333335,833.3333333333333,0.0,2700.0,62.95560783333303
2025-12-21,68,Q2,6948.6094,5015.1025,0.7807,1111.103709583333,833.3333333333333,0.0,3450.0,44.48077375000025
2025-12-21,69,Q2,6954.16,5256.3375,0.7378,1130.60531875,833.3333333333333,0.0,4200.0,0.0
2025-12-21,70,Q2,6860.0706,5348.0182,0.7527,1108.0324526666666,833.3333333333333,0.0,4950.0,0.0
2025-12-21,71,Q2,6565.9337,5577.6892,0.7117,1081.9961475833334,833.3333333333333,0.0,5700.0,0.0
2025-12-21,72,Q2,6330.9,5890.8,0.6418,1053.459170833333,833.3333333333333,0.0,6450.0,0.0
2025-12-21,73,Q2,6501.863,5904.8948,0.6936,1049.8249413333333,833.3333333333333,0.0,7200.0,0.0
2025-12-21,74,Q2,6520.3344,5868.1645,0.7105,1046.0181040833334,833.3333333333333,0.0,7950.0,0.0
2025-12-21,75,Q2,6273.31,5864.7,0.6294,1072.585879166667,833.3333333333333,0.0,8700.0,0.0
2025-12-21,76,Q2,6234.7567,5722.7661,0.5829,1058.0168285000002,833.3333333333333,0.0,9450.0,0.0
2025-12-21,77,Q2,6512.763,5549.8704,0.7799,1097.188992,833.3333333333333,0.0,10200.0,0.0
2025-12-21,78,Q2,6836.44,5390.4375,1.0833,330.7012541666666,0.0,0.0,10200.0,0.0
2025-12-21,79,Q2,6797.3346,5211.4597,1.1248,348.12563383333327,0.0,0.0,10200.0,0.0
2025-12-21,80,Q2,6554.3856,5202.0686,1.0564,321.6175147499997,0.0,0.0,10200.0,0.0
2025-12-21,81,Q2,6350.08,5287.95,1.0304,313.1101874999998,0.0,0.0,10200.0,0.0
2025-12-21,82,Q2,6333.408,5178.3498,1.0675,348.3597512500003,0.0,0.0,10200.0,0.0
2025-12-21,83,Q2,6515.4464,4993.7017,1.1926,383.26660308333334,0.0,0.0,10200.0,0.0
2025-12-21,84,Q2,6658.81,4847.5125,1.3352,0.0,0.0,397.57392916666663,9758.251189814815,0.0
2025-12-21,85,Q2,6474.7834,4705.4039,1.3689,0.0,0.0,438.2224057499999,9271.337405648148,0.0
2025-12-21,86,Q2,6311.1097,4404.8152,1.3382,0.0,0.0,476.3318715833334,8742.079770555556,0.0
2025-12-21,87,Q2,6293.57,3988.3875,1.3596,0.0,0.0,510.028675,8175.381242777778,0.0
2025-12-21,88,Q2,6241.0875,3658.7815,1.4656,0.0,0.0,543.5137125833334,7571.4771176851855,0.0
2025-12-21,89,Q2,6267.633,3321.4365,1.2648,124.03019666666648,0.0,469.32940591666693,7050.0,0.0
2025-12-21,90,Q2,6308.83,2957.5875,0.8874,1485.1804791666664,833.3333333333333,0.0,7800.0,0.0
2025-12-21,91,Q2,6184.3165,2665.595,0.882,1489.383718333333,833.3333333333333,0.0,8550.0,0.0
2025-12-21,92,Q2,6249.441,2404.6045,0.9712,1532.9863315833334,833.3333333333333,0.0,9300.0,0.0
2025-12-21,93,Q2,6412.99,2166.8625,0.9596,1593.1890250000001,833.3333333333333,0.0,10050.0,0.0
2025-12-21,94,Q2,6229.2355,1977.0681,0.9392,1625.8375561666662,833.3333333333333,0.0,10800.0,0.0
2025-12-21,95,Q2,6140.1248,1719.0539,0.9693,805.7208302499998,0.0,0.0,10800.0,0.0
2025-12-21,96,Q2,6190.42,1414.8375,1.0104,864.8467625000001,-0.0,0.0,10800.0,0.0
2025-12-21,97,Q2,6007.344,1199.0528,0.98,897.9312314166665,0.0,0.0,10800.0,0.0
2025-12-21,98,Q2,6021.8302,965.9713,0.9673,922.4796796666665,0.0,0.0,10800.0,0.0
2025-12-21,99,Q2,6231.28,680.625,1.0182,954.1329020833334,0.0,0.0,10800.0,0.0
2025-12-21,100,Q2,6177.7882,419.0314,1.0861,1029.4370310833333,0.0,0.0,10800.0,0.0
2025-12-21,101,Q2,6130.9976,173.8125,1.1066,1064.4749688333332,0.0,0.0,10800.0,0.0
2025-12-21,102,Q2,6172.78,0.0,1.0879,1063.0956625,-0.0,0.0,10800.0,0.0
2025-12-21,103,Q2,6112.1742,0.0,1.0972,1047.7846533333332,0.0,0.0,10800.0,0.0
2025-12-21,104,Q2,6160.7027,6.2009,1.1283,1043.7234245,0.0,0.0,10800.0,0.0
2025-12-21,105,Q2,6338.77,0.0,1.1382,1048.1180666666667,0.0,0.0,10800.0,8.343599999999924
2025-12-21,106,Q2,6290.0948,0.0,1.103,1068.5883341666665,0.0,0.0,10800.0,0.0
2025-12-21,107,Q2,5392.9058,0.4452,1.1407,942.3989739999998,0.0,0.0,10800.0,0.0
2025-12-21,108,Q2,4275.8,0.0,1.2479,721.9348916666667,0.0,-0.0,10800.0,0.0
2025-12-21,109,Q2,4292.4867,0.0,1.2957,725.3830923333333,0.0,-0.0,10800.0,0.0
2025-12-21,110,Q2,4489.6396,0.032,1.2826,760.0672603333333,0.0,0.0,10800.0,0.0
2025-12-21,111,Q2,4380.05,0.0,1.238,735.901625,0.0,0.0,10800.0,0.0
2025-12-21,112,Q2,4406.0663,0.0,1.2107,716.1759733333334,0.0,0.0,10800.0,18.16840999999988
2025-12-21,113,Q2,4500.5016,0.0023,1.3293,170.0952679166661,0.0,553.8984965833337,10184.557226018518,26.089452166666774
2025-12-21,114,Q2,4490.76,0.0,1.5214,0.0,0.0,744.0767083333333,9357.80532787037,4.383291666666764
2025-12-21,115,Q2,4334.8994,0.0,1.5659,0.0,0.0,726.4215095833334,8550.670317222222,0.0
2025-12-21,116,Q2,4356.9931,0.0,1.5266,0.0,0.0,739.9574135833333,7728.49541324074,0.0
2025-12-21,117,Q2,4466.59,0.0,1.4847,0.0,0.0,755.4833916666664,6889.0694225,0.0
2025-12-21,118,Q2,4301.5722,0.0,1.4671,0.0,0.0,730.84599625,6077.018315555555,0.0
2025-12-21,119,Q2,4398.717,0.0,1.5039,0.0,0.0,716.1152131666668,5281.33474537037,17.00428683333314
2025-12-21,120,Q2,4681.61,0.0,1.5483,0.0,0.0,717.8101916666666,4483.7678657407405,62.45814166666662
2025-12-21,121,Q2,4485.5154,0.0,1.5137,0.0,0.0,729.9834385833333,3672.6751562037034,17.602461416666756
2025-12-21,122,Q2,4156.9026,0.0,1.4654,0.0,0.0,746.8021214999999,2842.8950212037034,0.0
2025-12-21,123,Q2,4090.51,0.0,1.488,0.0,0.0,734.4074416666666,2026.8867526851848,0.0
2025-12-21,124,Q2,4322.2266,0.0,1.5616,0.0,0.0,744.1980774166664,1200.0,0.0
2025-12-21,125,Q2,4336.801,0.0,1.3465,742.2626401666666,0.0,-0.0,1200.0,0.0
2025-12-21,126,Q2,4144.46,0.0,0.9601,742.9067833333332,0.0,0.0,1200.0,0.0
2025-12-21,127,Q2,4227.261,0.0,0.8829,737.5821969166665,-0.0,0.0,1200.0,0.0
2025-12-21,128,Q2,4326.9643,0.0,0.9151,744.5206865833331,0.0,0.0,1200.0,0.0
2025-12-21,129,Q2,4357.83,0.0,0.9345,740.95315,0.0,0.0,1200.0,0.0
2025-12-21,130,Q2,4437.1142,0.0,0.9815,765.5956139999998,0.0,-0.0,1200.0,0.0
2025-12-21,131,Q2,4070.9954,0.0,0.7546,679.3369514999999,0.0,-0.0,1200.0,0.0
2025-12-21,132,Q2,3434.4,0.0,0.4001,1399.135625,833.3333333333333,0.0,1950.0,6.597708333333344
2025-12-21,133,Q2,3270.5539,0.0,0.4032,1399.4952746666668,833.3333333333333,0.0,2700.0,0.0
2025-12-21,134,Q2,3305.0168,0.0,0.4747,575.6284140833334,0.0,0.0,2700.0,0.0
2025-12-21,135,Q2,3255.6,0.0,0.4323,1409.1698083333333,833.3333333333333,0.0,3450.0,0.0
2025-12-21,136,Q2,3155.514,0.0,0.3905,1389.3868826666665,833.3333333333333,0.0,4200.0,0.0
2025-12-21,137,Q2,3260.3635,0.0,0.4205,568.0664930833333,0.0,0.0,4200.0,0.0
2025-12-21,138,Q2,3508.97,0.0,0.4738,1416.9662416666665,833.3333333333333,0.0,4950.0,1.1954250000000002
2025-12-21,139,Q2,3554.7154,0.0,0.4471,594.3641116666666,0.0,0.0,4950.0,0.0
2025-12-21,140,Q2,3395.6628,0.0,0.4314,606.9270926666666,0.0,0.0,4950.0,0.0
2025-12-21,141,Q2,3305.59,0.0,0.4502,1430.2824166666664,833.3333333333333,0.0,5700.0,0.0
2025-12-21,142,Q2,3539.7613,0.0,0.4334,922.2816026666667,333.3333333333333,0.0,6000.0,1.0119473333331825
2025-12-21,143,Q2,3571.991,0.0,0.406,594.3979478333333,0.0,0.0,6000.0,0.933885499999974
2025-12-21,144,Q2,3464.4,0.0,0.4032,597.2778749999999,0.0,0.0,6000.0,0.0
2025-12-21,1,Q3,3576.1063,0.0,0.4264,1441.2305895,833.3333333333333,0.0,6750.0,0.0
2025-12-21,2,Q3,3537.871,0.0,0.4293,1425.5853906666666,833.3333333333333,0.0,7500.0,0.0
2025-12-21,3,Q3,3472.1,0.0,0.4388,1451.0896833333331,833.3333333333333,0.0,8250.0,0.0
2025-12-21,4,Q3,3388.2602,0.0,0.4138,1478.9371833333332,833.3333333333333,0.0,9000.0,0.0
2025-12-21,5,Q3,3299.4233,0.0,0.41,1478.7989941666665,833.3333333333333,0.0,9750.0,0.0
2025-12-21,6,Q3,3349.26,0.0,0.4471,626.2097166666666,0.0,0.0,9750.0,0.0
2025-12-21,7,Q3,3662.0911,0.0,0.4797,610.3207286666667,0.0,0.0,9750.0,0.027787999999986823
2025-12-21,8,Q3,3799.4157,0.0,0.4466,619.7889585833334,0.0,0.0,9750.0,13.446991416666606
2025-12-21,9,Q3,3736.18,0.0,0.3961,973.9134333333332,333.3333333333333,0.0,10050.0,0.0
2025-12-21,10,Q3,3824.9356,0.0,0.4368,633.4346177499999,0.0,0.0,10050.0,4.054648916666679
2025-12-21,11,Q3,3734.208,0.0,0.475,635.7441067499999,0.0,0.0,10050.0,0.0
2025-12-21,12,Q3,3587.15,0.0,0.4651,658.801025,0.0,0.0,10050.0,0.0
2025-12-21,13,Q3,3856.4774,0.0,0.455,666.2796664166667,0.0,0.0,10050.0,0.0
2025-12-21,14,Q3,3923.2147,0.0,0.4629,660.4394435833332,0.0,0.0,10050.0,0.0
2025-12-21,15,Q3,3730.5,0.0,0.4713,672.2641416666667,0.0,0.0,10050.0,0.0
2025-12-21,16,Q3,3819.86,0.0,0.4513,670.68061825,0.0,0.0,10050.0,0.0
2025-12-21,17,Q3,3791.4644,0.0,0.4352,670.3136288333334,0.0,0.0,10050.0,0.0
2025-12-21,18,Q3,3751.73,0.0,0.4577,678.951325,0.0,0.0,10050.0,0.0
2025-12-21,19,Q3,4180.5461,0.0,0.5147,682.0748149166668,0.0,0.0,10050.0,14.682868416666452
2025-12-21,20,Q3,4115.3327,0.0,0.5083,685.1791262500001,0.0,0.0,10050.0,0.7096570833332407
2025-12-21,21,Q3,3748.74,0.0,0.4686,683.8158583333334,0.0,0.0,10050.0,0.0
2025-12-21,22,Q3,4220.4858,0.0,0.5119,694.7110518333332,0.0,0.0,10050.0,8.703248166666867
2025-12-21,23,Q3,4423.9257,0.0,0.5023,695.5768959999999,0.0,0.0,10050.0,41.744054000000006
2025-12-21,24,Q3,4079.15,0.0,0.4324,696.4637499999999,0.0,0.0,10050.0,0.0
2025-12-21,25,Q3,4038.9424,0.0,0.4412,684.7604235833332,0.0,0.0,10050.0,0.0
2025-12-21,26,Q3,4082.3954,0.0,0.4805,705.6270952499999,0.0,0.0,10050.0,0.0
2025-12-21,27,Q3,4064.87,0.0,0.5015,726.1503083333333,0.0,0.0,10050.0,0.0
2025-12-21,28,Q3,4121.8784,0.0,0.5024,725.5596925,0.0,0.0,10050.0,0.0
2025-12-21,29,Q3,4083.6154,0.0,0.4798,728.1278860833332,0.0,0.0,10050.0,0.0
2025-12-21,30,Q3,4032.31,0.0,0.4753,718.1334916666666,0.0,0.0,10050.0,0.0
2025-12-21,31,Q3,4217.9422,0.0023,0.535,732.8833178333332,0.0,0.0,10050.0,0.0
2025-12-21,32,Q3,4253.2484,0.0,0.5436,731.86850325,0.0,0.0,10050.0,0.0
2025-12-21,33,Q3,4066.58,0.0,0.468,724.6677166666667,0.0,0.0,10050.0,0.0
2025-12-21,34,Q3,4077.7781,0.0316,0.4338,1533.817161583333,833.3333333333333,0.0,10800.0,0.0
2025-12-21,35,Q3,4717.7146,0.0,0.6915,806.2954611666667,0.0,-0.0,10800.0,0.0
2025-12-21,36,Q3,5490.65,0.0,1.0594,932.6159,0.0,0.0,10800.0,0.0
2025-12-21,37,Q3,5439.318,0.4406,1.081,267.2341448333332,0.0,696.1310639583335,10026.521040046297,0.0
2025-12-21,38,Q3,5407.8325,0.0,1.0359,934.1865427916665,0.0,0.0,10026.521040046297,0.0
2025-12-21,39,Q3,5587.05,0.0,1.0597,956.010630625,0.0,0.0,10026.521040046297,0.0
2025-12-21,40,Q3,5351.2866,6.1366,1.0176,952.9271879583333,0.0,0.0,10026.521040046297,0.0
2025-12-21,41,Q3,5233.249,0.0,1.0168,960.337503375,0.0,0.0,10026.521040046297,0.0
2025-12-21,42,Q3,5374.2,0.0,1.0595,971.5815139583335,0.0,0.0,10026.521040046297,0.0
2025-12-21,43,Q3,5360.7841,172.6829,1.0282,925.198767486111,0.0,0.0,10026.521040046297,0.0
2025-12-21,44,Q3,5321.3096,420.0356,0.9987,880.0065627638887,0.0,0.0,10026.521040046297,0.0
2025-12-21,45,Q3,5231.72,690.675,0.9724,845.6390389583332,0.0,0.0,10026.521040046297,0.0
2025-12-21,46,Q3,5065.8847,996.7377,0.9109,1620.3277773194445,833.3333333333333,0.0,10776.521040046297,0.0
2025-12-21,47,Q3,5889.1246,1276.7125,1.0903,858.756426013889,0.0,0.0,10776.521040046297,0.0
2025-12-21,48,Q3,7180.79,1539.8625,1.4063,166.74693062500012,0.0,833.3333333333333,9850.595114120371,0.0
2025-12-21,49,Q3,7254.351,1860.1541,1.4458,167.94196587500005,0.0,833.3333333333333,8924.669188194446,0.0
2025-12-21,50,Q3,7152.8955,2211.6206,1.3908,115.39403887499998,0.0,833.3333333333333,7998.74326226852,0.0
2025-12-21,51,Q3,7367.01,2579.625,1.3742,47.314847291666865,0.0,833.3333333333333,7072.817336342594,0.0
2025-12-21,52,Q3,7333.1326,2953.1787,1.345,0.0,0.0,805.3479004583335,6177.986335833335,0.0
2025-12-21,53,Q3,7276.0603,3195.6035,1.3284,0.0,0.0,755.1161838749999,5338.968353750002,0.0
2025-12-21,54,Q3,7255.65,3341.5875,1.3231,0.0,0.0,727.7025097916666,4530.4100095370395,0.0
2025-12-21,55,Q3,7076.8086,3572.7867,1.2929,0.0,0.0,700.5748094305554,3751.9935546142,0.0
2025-12-21,56,Q3,7014.1683,3848.0561,1.2522,0.0,0.0,650.986023736111,3028.675750462966,0.0
2025-12-21,57,Q3,7150.59,4116.6,1.2211,519.5248736666662,0.0,61.27368195833401,2960.5938816203725,0.0
2025-12-21,58,Q3,7259.4501,4370.6969,1.2184,588.9121066111113,35.396574930555516,0.0,2992.4507990578722,0.0
2025-12-21,59,Q3,7142.682,4583.0793,1.2822,560.7622683055555,42.54428881944443,0.0,3030.740658995372,0.0
2025-12-21,60,Q3,6912.23,4750.3875,1.3753,0.0,0.0,492.73182645833344,2483.260851819446,0.0
2025-12-21,61,Q3,6873.3728,4886.2111,1.4027,0.0,0.0,512.1772622361111,1914.1750048904337,0.0
2025-12-21,62,Q3,6913.1885,4956.6279,1.3591,536.34911775,31.97814715277775,0.0,1942.9553373279336,0.0
2025-12-21,63,Q3,6951.47,4960.7625,1.3321,461.1641395833334,23.121219375000123,0.0,1963.7644347654339,0.0
2025-12-21,64,Q3,7040.6919,4946.2149,1.3769,0.0,0.0,426.7042332361111,1489.6486200586437,0.0
2025-12-21,65,Q3,7195.1724,4968.8079,1.1651,455.5738763333333,5.407363819444527,0.0,1494.5152474961437,0.0
2025-12-21,66,Q3,7266.62,4979.2125,0.8057,1256.5629847916664,833.3333333333333,0.0,2244.5152474961437,0.0
2025-12-21,67,Q3,7080.5804,4907.9946,0.7611,1241.5895439722221,833.3333333333333,0.0,2994.5152474961437,0.0
2025-12-21,68,Q3,6948.6094,5015.1025,0.7807,1211.2129173611108,833.3333333333333,0.0,3744.5152474961437,0.0
2025-12-21,69,Q3,6954.16,5256.3375,0.7378,1217.2225333333333,833.3333333333333,0.0,4494.515247496143,0.0
2025-12-21,70,Q3,6860.0706,5348.0182,0.7527,1196.947775722222,833.3333333333333,0.0,5244.515247496143,0.0
2025-12-21,71,Q3,6565.9337,5577.6892,0.7117,1162.381996611111,833.3333333333333,0.0,5994.515247496143,0.0
2025-12-21,72,Q3,6330.9,5890.8,0.6418,1115.0583583333332,833.3333333333333,0.0,6744.515247496143,0.0
2025-12-21,73,Q3,6501.863,5904.8948,0.6936,1098.849524388889,833.3333333333333,0.0,7494.515247496143,0.0
2025-12-21,74,Q3,6520.3344,5868.1645,0.7105,1097.4526810972222,833.3333333333333,0.0,8244.515247496143,0.0
2025-12-21,75,Q3,6273.31,5864.7,0.6294,1130.2829827083335,833.3333333333333,0.0,8994.515247496143,0.0
2025-12-21,76,Q3,6234.7567,5722.7661,0.5829,1116.7265027361111,833.3333333333333,0.0,9744.515247496143,0.0
2025-12-21,77,Q3,6512.763,5549.8704,0.7799,1156.4183573472224,833.3333333333333,0.0,10494.515247496143,0.0
2025-12-21,78,Q3,6836.44,5390.4375,1.0833,405.64740979166663,0.0,0.0,10494.515247496143,0.0
2025-12-21,79,Q3,6797.3346,5211.4597,1.1248,435.8594305694445,0.0,0.0,10494.515247496143,0.0
2025-12-21,80,Q3,6554.3856,5202.0686,1.0564,416.32095843055527,0.0,0.0,10494.515247496143,0.0
2025-12-21,81,Q3,6350.08,5287.95,1.0304,399.55930145833327,0.0,0.0,10494.515247496143,0.0
2025-12-21,82,Q3,6333.408,5178.3498,1.0675,417.9293421527781,0.0,0.0,10494.515247496143,0.0
2025-12-21,83,Q3,6515.4464,4993.7017,1.1926,433.0312575972222,0.0,0.0,10494.515247496143,0.0
2025-12-21,84,Q3,6658.81,4847.5125,1.3352,0.0,0.0,428.6935014583331,10018.189134764662,0.0
2025-12-21,85,Q3,6474.7834,4705.4039,1.3689,0.0,0.0,496.34076387499977,9466.699397125773,0.0
2025-12-21,86,Q3,6311.1097,4404.8152,1.3382,0.0,0.0,550.9547267916669,8854.527478468364,0.0
2025-12-21,87,Q3,6293.57,3988.3875,1.3596,0.0,0.0,586.6462785416667,8202.698280088734,0.0
2025-12-21,88,Q3,6241.0875,3658.7815,1.4656,0.0,0.0,618.6614982083333,7515.296615412809,0.0
2025-12-21,89,Q3,6267.633,3321.4365,1.2648,258.9631397534728,0.0,418.7669538715272,7050.000000000001,0.0
2025-12-21,90,Q3,6308.83,2957.5875,0.8874,1589.6328327083331,833.3333333333333,0.0,7800.000000000001,0.0
2025-12-21,91,Q3,6184.3165,2665.595,0.882,1591.6452378472222,833.3333333333333,0.0,8550.0,0.0
2025-12-21,92,Q3,6249.441,2404.6045,0.9712,1623.2724749861113,833.3333333333333,0.0,9300.0,0.0
2025-12-21,93,Q3,6412.99,2166.8625,0.9596,1673.3712202083334,833.3333333333333,0.0,10050.0,0.0
2025-12-21,94,Q3,6229.2355,1977.0681,0.9392,1707.1292877638887,833.3333333333333,0.0,10800.0,0.0
2025-12-21,95,Q3,6140.1248,1719.0539,0.9693,882.9150911527777,0.0,0.0,10800.0,0.0
2025-12-21,96,Q3,6190.42,1414.8375,1.0104,931.0634868750001,0.0,0.0,10800.0,0.0
2025-12-21,97,Q3,6007.344,1199.0528,0.98,956.2380834305554,0.0,0.0,10800.0,0.0
2025-12-21,98,Q3,6021.8302,965.9713,0.9673,970.9015289027776,0.0,0.0,10800.0,0.0
2025-12-21,99,Q3,6231.28,680.625,1.0182,991.6756806249999,0.0,0.0,10800.0,0.0
2025-12-21,100,Q3,6177.7882,419.0314,1.0861,1061.636296013889,0.0,0.0,10800.0,0.0
2025-12-21,101,Q3,6130.9976,173.8125,1.1066,1091.4204793194442,0.0,0.0,10800.0,0.0
2025-12-21,102,Q3,6172.78,0.0,1.0879,1094.8457452083333,0.0,0.0,10800.0,0.0
2025-12-21,103,Q3,6112.1742,0.0,1.0972,1075.8886422916667,0.0,-0.0,10800.0,0.0
2025-12-21,104,Q3,6160.7027,6.2009,1.1283,1072.6122772083334,0.0,-0.0,10800.0,0.0
2025-12-21,105,Q3,6338.77,0.0,1.1382,1076.222055625,0.0,-0.0,10800.0,0.0
2025-12-21,106,Q3,6290.0948,0.0,1.103,1096.6923231249998,0.0,0.0,10800.0,0.0
2025-12-21,107,Q3,5392.9058,0.4452,1.1407,970.5593133749999,0.0,-0.0,10800.0,0.0
2025-12-21,108,Q3,4275.8,0.0,1.2479,750.038880625,0.0,-0.0,10800.0,0.0
2025-12-21,109,Q3,4292.4867,0.0,1.2957,745.5061404583332,0.0,0.0,10800.0,0.0
2025-12-21,110,Q3,4489.6396,0.032,1.2826,780.1943522083333,0.0,0.0,10800.0,0.0
2025-12-21,111,Q3,4380.05,0.0,1.238,756.0246731249999,0.0,0.0,10800.0,0.0
2025-12-21,112,Q3,4406.0663,0.0,1.2107,736.2990214583334,0.0,0.0,10800.0,0.0
2025-12-21,113,Q3,4500.5016,0.0023,1.3293,411.5720933333332,0.0,332.5449672083332,10430.50559199074,5.966156125000111
2025-12-21,114,Q3,4490.76,0.0,1.5214,0.0,0.0,764.1997564583332,9581.394751481483,0.0
2025-12-21,115,Q3,4334.8994,0.0,1.5659,0.0,0.0,746.5445577083334,8751.900798472223,0.0
2025-12-21,116,Q3,4356.9931,0.0,1.5266,0.0,0.0,760.0804617083332,7907.366952129631,0.0
2025-12-21,117,Q3,4466.59,0.0,1.4847,0.0,0.0,775.6064397916664,7045.582019027779,0.0
2025-12-21,118,Q3,4301.5722,0.0,1.4671,0.0,0.0,750.969044375,6211.171969722223,0.0
2025-12-21,119,Q3,4398.717,0.0,1.5039,0.0,0.0,736.2382612916667,5393.129457175927,0.0
2025-12-21,120,Q3,4681.61,0.0,1.5483,0.0,0.0,737.9332397916666,4573.203635185187,42.33509354166665
2025-12-21,121,Q3,4485.5154,0.0,1.5137,0.0,0.0,750.1064867083333,3739.7519832870385,0.0
2025-12-21,122,Q3,4156.9026,0.0,1.4654,0.0,0.0,766.9251696249999,2887.6129059259274,0.0
2025-12-21,123,Q3,4090.51,0.0,1.488,0.0,0.0,754.5304897916666,2049.245695046298,0.0
2025-12-21,124,Q3,4322.2266,0.0,1.5616,0.0,0.0,764.3211255416663,1200.000000000002,0.0
2025-12-21,125,Q3,4336.801,0.0,1.3465,762.3856882916666,0.0,-0.0,1200.000000000002,0.0
2025-12-21,126,Q3,4144.46,0.0,0.9601,763.0298314583332,0.0,0.0,1200.000000000002,0.0
2025-12-21,127,Q3,4227.261,0.0,0.8829,757.7052450416664,-0.0,0.0,1200.000000000002,0.0
2025-12-21,128,Q3,4326.9643,0.0,0.9151,764.6437347083331,0.0,0.0,1200.000000000002,0.0
2025-12-21,129,Q3,4357.83,0.0,0.9345,761.076198125,0.0,0.0,1200.000000000002,0.0
2025-12-21,130,Q3,4437.1142,0.0,0.9815,785.7186621249998,0.0,0.0,1200.000000000002,0.0
2025-12-21,131,Q3,4070.9954,0.0,0.7546,699.4599996249999,-0.0,0.0,1200.000000000002,0.0
2025-12-21,132,Q3,3434.4,0.0,0.4001,1419.2586731249999,833.3333333333333,0.0,1950.000000000002,0.0
2025-12-21,133,Q3,3270.5539,0.0,0.4032,1419.6183227916667,833.3333333333333,0.0,2700.000000000002,0.0
2025-12-21,134,Q3,3305.0168,0.0,0.4747,595.7514622083334,0.0,0.0,2700.000000000002,0.0
2025-12-21,135,Q3,3255.6,0.0,0.4323,1429.2928564583333,833.3333333333333,0.0,3450.000000000002,0.0
2025-12-21,136,Q3,3155.514,0.0,0.3905,1409.5099307916664,833.3333333333333,0.0,4200.000000000002,0.0
2025-12-21,137,Q3,3260.3635,0.0,0.4205,588.1895412083333,0.0,0.0,4200.000000000002,0.0
2025-12-21,138,Q3,3508.97,0.0,0.4738,1437.0892897916665,833.3333333333333,0.0,4950.000000000002,0.0
2025-12-21,139,Q3,3554.7154,0.0,0.4471,614.4871597916666,0.0,0.0,4950.000000000002,0.0
2025-12-21,140,Q3,3395.6628,0.0,0.4314,627.0501407916665,0.0,0.0,4950.000000000002,0.0
2025-12-21,141,Q3,3305.59,0.0,0.4502,1450.4054647916664,833.3333333333333,0.0,5700.000000000002,0.0
2025-12-21,142,Q3,3539.7613,0.0,0.4334,942.4046507916667,333.3333333333333,0.0,6000.000000000002,0.0
2025-12-21,143,Q3,3571.991,0.0,0.406,614.5209959583333,0.0,0.0,6000.000000000002,0.0
2025-12-21,144,Q3,3464.4,0.0,0.4032,617.4009231249998,0.0,0.0,6000.000000000002,0.0
2025-12-21,1,Q4-2,3576.1063,0.0,0.4264,1441.2305895,833.3333333333333,0.0,6750.0,0.0
2025-12-21,2,Q4-2,3537.871,0.0,0.4293,1425.5853906666666,833.3333333333333,0.0,7500.0,0.0
2025-12-21,3,Q4-2,3472.1,0.0,0.4388,617.7563499999999,0.0,0.0,7500.0,0.0
2025-12-21,4,Q4-2,3388.2602,0.0,0.4138,645.60385,0.0,0.0,7500.0,0.0
2025-12-21,5,Q4-2,3299.4233,0.0,0.41,645.4656608333333,0.0,0.0,7500.0,0.0
2025-12-21,6,Q4-2,3349.26,0.0,0.4471,626.2097166666666,0.0,0.0,7500.0,0.0
2025-12-21,7,Q4-2,3662.0911,0.0,0.4797,1443.654062,833.3333333333333,0.0,8250.0,0.027787999999873136
2025-12-21,8,Q4-2,3799.4157,0.0,0.4466,619.7889585833334,0.0,0.0,8250.0,13.446991416666606
2025-12-21,9,Q4-2,3736.18,0.0,0.3961,640.5800999999999,0.0,0.0,8250.0,0.0
2025-12-21,10,Q4-2,3824.9356,0.0,0.4368,1466.7679510833332,833.3333333333333,0.0,9000.0,4.054648916666679
2025-12-21,11,Q4-2,3734.208,0.0,0.475,635.7441067499999,0.0,0.0,9000.0,0.0
2025-12-21,12,Q4-2,3587.15,0.0,0.4651,658.801025,0.0,0.0,9000.0,0.0
2025-12-21,13,Q4-2,3856.4774,0.0,0.455,1499.61299975,833.3333333333333,0.0,9750.0,0.0
2025-12-21,14,Q4-2,3923.2147,0.0,0.4629,993.7727769166665,333.3333333333333,0.0,10050.0,0.0
2025-12-21,15,Q4-2,3730.5,0.0,0.4713,672.2641416666667,0.0,0.0,10050.0,0.0
2025-12-21,16,Q4-2,3819.86,0.0,0.4513,670.68061825,0.0,0.0,10050.0,0.0
2025-12-21,17,Q4-2,3791.4644,0.0,0.4352,670.3136288333334,0.0,0.0,10050.0,0.0
2025-12-21,18,Q4-2,3751.73,0.0,0.4577,678.951325,0.0,0.0,10050.0,0.0
2025-12-21,19,Q4-2,4180.5461,0.0,0.5147,682.0748149166668,0.0,0.0,10050.0,14.682868416666452
2025-12-21,20,Q4-2,4115.3327,0.0,0.5083,685.1791262500001,0.0,0.0,10050.0,0.7096570833332407
2025-12-21,21,Q4-2,3748.74,0.0,0.4686,683.8158583333334,0.0,0.0,10050.0,0.0
2025-12-21,22,Q4-2,4220.4858,0.0,0.5119,694.7110518333332,0.0,0.0,10050.0,8.703248166666867
2025-12-21,23,Q4-2,4423.9257,0.0,0.5023,695.5768959999999,0.0,0.0,10050.0,41.744054000000006
2025-12-21,24,Q4-2,4079.15,0.0,0.4324,696.4637499999999,0.0,0.0,10050.0,0.0
2025-12-21,25,Q4-2,4038.9424,0.0,0.4412,684.7604235833332,0.0,0.0,10050.0,0.0
2025-12-21,26,Q4-2,4082.3954,0.0,0.4805,705.6270952499999,0.0,0.0,10050.0,0.0
2025-12-21,27,Q4-2,4064.87,0.0,0.5015,726.1503083333333,0.0,0.0,10050.0,0.0
2025-12-21,28,Q4-2,4121.8784,0.0,0.5024,725.5596925,0.0,0.0,10050.0,0.0
2025-12-21,29,Q4-2,4083.6154,0.0,0.4798,728.1278860833332,0.0,0.0,10050.0,0.0
2025-12-21,30,Q4-2,4032.31,0.0,0.4753,718.1334916666666,0.0,0.0,10050.0,0.0
2025-12-21,31,Q4-2,4217.9422,0.0023,0.535,732.8830703333333,0.0,0.0,10050.0,0.0
2025-12-21,32,Q4-2,4253.2484,0.0,0.5436,731.86850325,0.0,0.0,10050.0,0.0
2025-12-21,33,Q4-2,4066.58,0.0,0.468,724.6677166666667,0.0,0.0,10050.0,0.0
2025-12-21,34,Q4-2,4077.7781,0.0316,0.4338,1533.8132599166665,833.3333333333333,0.0,10800.0,0.0
2025-12-21,35,Q4-2,4717.7146,0.0,0.6915,806.2954611666667,0.0,-0.0,10800.0,0.0
2025-12-21,36,Q4-2,5490.65,0.0,1.0594,932.6159,0.0,0.0,10800.0,0.0
2025-12-21,37,Q4-2,5439.318,0.4406,1.081,942.1797564999999,0.0,0.0,10800.0,0.0
2025-12-21,38,Q4-2,5407.8325,0.0,1.0359,913.0554788333332,0.0,0.0,10800.0,0.0
2025-12-21,39,Q4-2,5587.05,0.0,1.0597,934.8795666666666,0.0,0.0,10800.0,0.0
2025-12-21,40,Q4-2,5351.2866,6.1366,1.0176,931.03860025,0.0,0.0,10800.0,0.0
2025-12-21,41,Q4-2,5233.249,0.0,1.0168,939.2064394166666,0.0,0.0,10800.0,0.0
2025-12-21,42,Q4-2,5374.2,0.0,1.0595,946.5138875000001,0.0,0.0,10800.0,0.0
2025-12-21,43,Q4-2,5360.7841,172.6829,1.0282,909.6544057499999,0.0,0.0,10800.0,0.0
2025-12-21,44,Q4-2,5321.3096,420.0356,0.9987,862.2289974166665,0.0,0.0,10800.0,0.0
2025-12-21,45,Q4-2,5231.72,690.675,0.9724,825.3968854166667,0.0,0.0,10800.0,0.0
2025-12-21,46,Q4-2,5065.8847,996.7377,0.9109,760.6178622500001,0.0,0.0,10800.0,0.0
2025-12-21,47,Q4-2,5889.1246,1276.7125,1.0903,828.1978785833334,0.0,-0.0,10800.0,0.0
2025-12-21,48,Q4-2,7180.79,1539.8625,1.4063,130.01228125000011,0.0,833.3333333333333,9874.074074074075,0.0
2025-12-21,49,Q4-2,7254.351,1860.1541,1.4458,134.22465150000005,0.0,833.3333333333333,8948.14814814815,0.0
2025-12-21,50,Q4-2,7152.8955,2211.6206,1.3908,83.82092033333333,0.0,833.3333333333333,8022.2222222222235,0.0
2025-12-21,51,Q4-2,7367.01,2579.625,1.3742,19.225104166666938,0.0,833.3333333333333,7096.296296296297,0.0
2025-12-21,52,Q4-2,7333.1326,2953.1787,1.345,0.0,0.0,775.4240852500001,6234.713979351853,0.0
2025-12-21,53,Q4-2,7276.0603,3195.6035,1.3284,0.0,0.0,728.4624378333333,5425.311270648149,0.0
2025-12-21,54,Q4-2,7255.65,3341.5875,1.3231,0.0,0.0,707.7414229166665,4638.931911851852,0.0
2025-12-21,55,Q4-2,7076.8086,3572.7867,1.2929,1.3654381666663085,0.0,671.6583346666669,3892.6448733333336,0.0
2025-12-21,56,Q4-2,7014.1683,3848.0561,1.2522,629.2308644999999,0.0,0.0,3892.6448733333336,0.0
2025-12-21,57,Q4-2,7150.59,4116.6,1.2211,0.0,0.0,571.4257333333333,3257.727391851852,0.0
2025-12-21,58,Q4-2,7259.4501,4370.6969,1.2184,558.8299980000002,0.0,0.0,3257.727391851852,0.0
2025-12-21,59,Q4-2,7142.682,4583.0793,1.2822,530.1664910833334,0.0,0.0,3257.727391851852,0.0
2025-12-21,60,Q4-2,6912.23,4750.3875,1.3753,0.0,0.0,509.15773750000017,2691.9965724074073,0.0
2025-12-21,61,Q4-2,6873.3728,4886.2111,1.4027,0.0,0.0,511.5662050833331,2123.5896778703705,0.0
2025-12-21,62,Q4-2,6913.1885,4956.6279,1.3591,0.0,0.0,474.35183900000004,1596.5320789814814,0.0
2025-12-21,63,Q4-2,6951.47,4960.7625,1.3321,366.67644166666673,0.0,0.0,1596.5320789814814,0.0
2025-12-21,64,Q4-2,7040.6919,4946.2149,1.3769,0.0,0.0,356.87887108333325,1200.0,0.0
2025-12-21,65,Q4-2,7195.1724,4968.8079,1.1651,362.0824713333334,0.0,0.0,1200.0,8.97827866666671
2025-12-21,66,Q4-2,7266.62,4979.2125,0.8057,1145.5508354166666,833.3333333333333,0.0,1950.0,69.01708125000005
2025-12-21,67,Q4-2,7080.5804,4907.9946,0.7611,1132.4753588333335,833.3333333333333,0.0,2700.0,62.95560783333303
2025-12-21,68,Q4-2,6948.6094,5015.1025,0.7807,1111.103709583333,833.3333333333333,0.0,3450.0,44.48077375000025
2025-12-21,69,Q4-2,6954.16,5256.3375,0.7378,1130.60531875,833.3333333333333,0.0,4200.0,0.0
2025-12-21,70,Q4-2,6860.0706,5348.0182,0.7527,1108.0324526666666,833.3333333333333,0.0,4950.0,0.0
2025-12-21,71,Q4-2,6565.9337,5577.6892,0.7117,1081.9961475833334,833.3333333333333,0.0,5700.0,0.0
2025-12-21,72,Q4-2,6330.9,5890.8,0.6418,1053.459170833333,833.3333333333333,0.0,6450.0,0.0
2025-12-21,73,Q4-2,6501.863,5904.8948,0.6936,1049.8249413333333,833.3333333333333,0.0,7200.0,0.0
2025-12-21,74,Q4-2,6520.3344,5868.1645,0.7105,1046.0181040833334,833.3333333333333,0.0,7950.0,0.0
2025-12-21,75,Q4-2,6273.31,5864.7,0.6294,1072.585879166667,833.3333333333333,0.0,8700.0,0.0
2025-12-21,76,Q4-2,6234.7567,5722.7661,0.5829,1058.0168285000002,833.3333333333333,0.0,9450.0,0.0
2025-12-21,77,Q4-2,6512.763,5549.8704,0.7799,1097.188992,833.3333333333333,0.0,10200.0,0.0
2025-12-21,78,Q4-2,6836.44,5390.4375,1.0833,330.7012541666666,0.0,0.0,10200.0,0.0
2025-12-21,79,Q4-2,6797.3346,5211.4597,1.1248,348.12563383333327,0.0,0.0,10200.0,0.0
2025-12-21,80,Q4-2,6554.3856,5202.0686,1.0564,321.6175147499997,0.0,0.0,10200.0,0.0
2025-12-21,81,Q4-2,6350.08,5287.95,1.0304,313.1101874999998,0.0,0.0,10200.0,0.0
2025-12-21,82,Q4-2,6333.408,5178.3498,1.0675,348.3597512500003,0.0,0.0,10200.0,0.0
2025-12-21,83,Q4-2,6515.4464,4993.7017,1.1926,383.26660308333334,0.0,0.0,10200.0,0.0
2025-12-21,84,Q4-2,6658.81,4847.5125,1.3352,0.0,0.0,397.57392916666663,9758.251189814815,0.0
2025-12-21,85,Q4-2,6474.7834,4705.4039,1.3689,0.0,0.0,438.2224057499999,9271.337405648148,0.0
2025-12-21,86,Q4-2,6311.1097,4404.8152,1.3382,0.0,0.0,476.3318715833334,8742.079770555556,0.0
2025-12-21,87,Q4-2,6293.57,3988.3875,1.3596,0.0,0.0,510.028675,8175.381242777778,0.0
2025-12-21,88,Q4-2,6241.0875,3658.7815,1.4656,0.0,0.0,543.5137125833334,7571.4771176851855,0.0
2025-12-21,89,Q4-2,6267.633,3321.4365,1.2648,124.03019666666648,0.0,469.32940591666693,7050.0,0.0
2025-12-21,90,Q4-2,6308.83,2957.5875,0.8874,1485.1804791666664,833.3333333333333,0.0,7800.0,0.0
2025-12-21,91,Q4-2,6184.3165,2665.595,0.882,1489.383718333333,833.3333333333333,0.0,8550.0,0.0
2025-12-21,92,Q4-2,6249.441,2404.6045,0.9712,1532.9863315833334,833.3333333333333,0.0,9300.0,0.0
2025-12-21,93,Q4-2,6412.99,2166.8625,0.9596,1593.1890250000001,833.3333333333333,0.0,10050.0,0.0
2025-12-21,94,Q4-2,6229.2355,1977.0681,0.9392,1625.8375561666662,833.3333333333333,0.0,10800.0,0.0
2025-12-21,95,Q4-2,6140.1248,1719.0539,0.9693,805.7208302499998,0.0,0.0,10800.0,0.0
2025-12-21,96,Q4-2,6190.42,1414.8375,1.0104,864.8467625000001,-0.0,0.0,10800.0,0.0
2025-12-21,97,Q4-2,6007.344,1199.0528,0.98,897.9312314166665,0.0,0.0,10800.0,0.0
2025-12-21,98,Q4-2,6021.8302,965.9713,0.9673,922.4796796666665,0.0,0.0,10800.0,0.0
2025-12-21,99,Q4-2,6231.28,680.625,1.0182,954.1329020833334,0.0,0.0,10800.0,0.0
2025-12-21,100,Q4-2,6177.7882,419.0314,1.0861,1029.4370310833333,0.0,0.0,10800.0,0.0
2025-12-21,101,Q4-2,6130.9976,173.8125,1.1066,1064.4749688333332,0.0,0.0,10800.0,0.0
2025-12-21,102,Q4-2,6172.78,0.0,1.0879,1063.0956625,0.0,0.0,10800.0,0.0
2025-12-21,103,Q4-2,6112.1742,0.0,1.0972,1047.7846533333332,0.0,0.0,10800.0,0.0
2025-12-21,104,Q4-2,6160.7027,6.2009,1.1283,1043.7234245,0.0,0.0,10800.0,0.0
2025-12-21,105,Q4-2,6338.77,0.0,1.1382,1048.1180666666667,0.0,0.0,10800.0,8.343599999999924
2025-12-21,106,Q4-2,6290.0948,0.0,1.103,1068.5883341666665,0.0,0.0,10800.0,0.0
2025-12-21,107,Q4-2,5392.9058,0.4452,1.1407,942.3989739999998,0.0,0.0,10800.0,0.0
2025-12-21,108,Q4-2,4275.8,0.0,1.2479,721.9348916666667,0.0,-0.0,10800.0,0.0
2025-12-21,109,Q4-2,4292.4867,0.0,1.2957,725.3830923333333,0.0,-0.0,10800.0,0.0
2025-12-21,110,Q4-2,4489.6396,0.032,1.2826,760.0672603333333,0.0,0.0,10800.0,0.0
2025-12-21,111,Q4-2,4380.05,0.0,1.238,735.901625,0.0,0.0,10800.0,0.0
2025-12-21,112,Q4-2,4406.0663,0.0,1.2107,716.1759733333334,0.0,0.0,10800.0,18.16840999999988
2025-12-21,113,Q4-2,4500.5016,0.0023,1.3293,170.0952679166661,0.0,553.8984965833337,10184.557226018518,26.089452166666774
2025-12-21,114,Q4-2,4490.76,0.0,1.5214,0.0,0.0,744.0767083333333,9357.80532787037,4.383291666666764
2025-12-21,115,Q4-2,4334.8994,0.0,1.5659,0.0,0.0,726.4215095833334,8550.670317222222,0.0
2025-12-21,116,Q4-2,4356.9931,0.0,1.5266,0.0,0.0,739.9574135833333,7728.49541324074,0.0
2025-12-21,117,Q4-2,4466.59,0.0,1.4847,0.0,0.0,755.4833916666664,6889.0694225,0.0
2025-12-21,118,Q4-2,4301.5722,0.0,1.4671,0.0,0.0,730.84599625,6077.018315555555,0.0
2025-12-21,119,Q4-2,4398.717,0.0,1.5039,0.0,0.0,716.1152131666668,5281.33474537037,17.00428683333314
2025-12-21,120,Q4-2,4681.61,0.0,1.5483,0.0,0.0,717.8101916666666,4483.7678657407405,62.45814166666662
2025-12-21,121,Q4-2,4485.5154,0.0,1.5137,0.0,0.0,729.9834385833333,3672.6751562037034,17.602461416666756
2025-12-21,122,Q4-2,4156.9026,0.0,1.4654,0.0,0.0,746.8021214999999,2842.8950212037034,0.0
2025-12-21,123,Q4-2,4090.51,0.0,1.488,0.0,0.0,734.4074416666666,2026.8867526851848,0.0
2025-12-21,124,Q4-2,4322.2266,0.0,1.5616,0.0,0.0,744.1980774166664,1200.0,0.0
2025-12-21,125,Q4-2,4336.801,0.0,1.3465,742.2626401666666,0.0,-0.0,1200.0,0.0
2025-12-21,126,Q4-2,4144.46,0.0,0.9601,742.9067833333332,0.0,0.0,1200.0,0.0
2025-12-21,127,Q4-2,4227.261,0.0,0.8829,737.5821969166665,-0.0,0.0,1200.0,0.0
2025-12-21,128,Q4-2,4326.9643,0.0,0.9151,744.5206865833331,0.0,0.0,1200.0,0.0
2025-12-21,129,Q4-2,4357.83,0.0,0.9345,740.95315,0.0,0.0,1200.0,0.0
2025-12-21,130,Q4-2,4437.1142,0.0,0.9815,765.5956139999998,0.0,-0.0,1200.0,0.0
2025-12-21,131,Q4-2,4070.9954,0.0,0.7546,679.3369514999999,0.0,-0.0,1200.0,0.0
2025-12-21,132,Q4-2,3434.4,0.0,0.4001,1399.135625,833.3333333333333,0.0,1950.0,6.597708333333344
2025-12-21,133,Q4-2,3270.5539,0.0,0.4032,1399.4952746666668,833.3333333333333,0.0,2700.0,0.0
2025-12-21,134,Q4-2,3305.0168,0.0,0.4747,575.6284140833334,0.0,0.0,2700.0,0.0
2025-12-21,135,Q4-2,3255.6,0.0,0.4323,1409.1698083333333,833.3333333333333,0.0,3450.0,0.0
2025-12-21,136,Q4-2,3155.514,0.0,0.3905,1389.3868826666665,833.3333333333333,0.0,4200.0,0.0
2025-12-21,137,Q4-2,3260.3635,0.0,0.4205,1401.3998264166667,833.3333333333333,0.0,4950.0,0.0
2025-12-21,138,Q4-2,3508.97,0.0,0.4738,583.6329083333334,0.0,0.0,4950.0,1.1954249999998865
2025-12-21,139,Q4-2,3554.7154,0.0,0.4471,927.697445,333.3333333333333,0.0,5250.0,0.0
2025-12-21,140,Q4-2,3395.6628,0.0,0.4314,606.9270926666666,0.0,0.0,5250.0,0.0
2025-12-21,141,Q4-2,3305.59,0.0,0.4502,596.9490833333332,0.0,0.0,5250.0,0.0
2025-12-21,142,Q4-2,3539.7613,0.0,0.4334,588.9482693333334,0.0,0.0,5250.0,1.0119473333331825
2025-12-21,143,Q4-2,3571.991,0.0,0.406,1427.7312811666666,833.3333333333333,0.0,6000.0,0.933885499999974
2025-12-21,144,Q4-2,3464.4,0.0,0.4032,597.2778749999999,0.0,0.0,6000.0,0.0
2025-12-21,1,Q4-3,3576.1063,0.0,0.4264,1441.2305895,833.3333333333333,0.0,6750.0,0.0
2025-12-21,2,Q4-3,3537.871,0.0,0.4293,1425.5853906666666,833.3333333333333,0.0,7500.0,0.0
2025-12-21,3,Q4-3,3472.1,0.0,0.4388,617.7563499999999,0.0,0.0,7500.0,0.0
2025-12-21,4,Q4-3,3388.2602,0.0,0.4138,645.60385,0.0,0.0,7500.0,0.0
2025-12-21,5,Q4-3,3299.4233,0.0,0.41,645.4656608333333,0.0,0.0,7500.0,0.0
2025-12-21,6,Q4-3,3349.26,0.0,0.4471,626.2097166666666,0.0,0.0,7500.0,0.0
2025-12-21,7,Q4-3,3662.0911,0.0,0.4797,1443.654062,833.3333333333333,0.0,8250.0,0.027787999999873136
2025-12-21,8,Q4-3,3799.4157,0.0,0.4466,619.7889585833334,0.0,0.0,8250.0,13.446991416666606
2025-12-21,9,Q4-3,3736.18,0.0,0.3961,640.5800999999999,0.0,0.0,8250.0,0.0
2025-12-21,10,Q4-3,3824.9356,0.0,0.4368,1466.7679510833332,833.3333333333333,0.0,9000.0,4.054648916666679
2025-12-21,11,Q4-3,3734.208,0.0,0.475,635.7441067499999,0.0,0.0,9000.0,0.0
2025-12-21,12,Q4-3,3587.15,0.0,0.4651,658.801025,0.0,0.0,9000.0,0.0
2025-12-21,13,Q4-3,3856.4774,0.0,0.455,1499.61299975,833.3333333333333,0.0,9750.0,0.0
2025-12-21,14,Q4-3,3923.2147,0.0,0.4629,993.7727769166665,333.3333333333333,0.0,10050.0,0.0
2025-12-21,15,Q4-3,3730.5,0.0,0.4713,672.2641416666667,0.0,0.0,10050.0,0.0
2025-12-21,16,Q4-3,3819.86,0.0,0.4513,670.68061825,0.0,0.0,10050.0,0.0
2025-12-21,17,Q4-3,3791.4644,0.0,0.4352,670.3136288333334,0.0,0.0,10050.0,0.0
2025-12-21,18,Q4-3,3751.73,0.0,0.4577,678.951325,0.0,0.0,10050.0,0.0
2025-12-21,19,Q4-3,4180.5461,0.0,0.5147,682.0748149166668,0.0,0.0,10050.0,14.682868416666452
2025-12-21,20,Q4-3,4115.3327,0.0,0.5083,685.1791262500001,0.0,0.0,10050.0,0.7096570833332407
2025-12-21,21,Q4-3,3748.74,0.0,0.4686,683.8158583333334,0.0,0.0,10050.0,0.0
2025-12-21,22,Q4-3,4220.4858,0.0,0.5119,694.7110518333332,0.0,0.0,10050.0,8.703248166666867
2025-12-21,23,Q4-3,4423.9257,0.0,0.5023,695.5768959999999,0.0,0.0,10050.0,41.744054000000006
2025-12-21,24,Q4-3,4079.15,0.0,0.4324,696.4637499999999,0.0,0.0,10050.0,0.0
2025-12-21,25,Q4-3,4038.9424,0.0,0.4412,684.7604235833332,0.0,0.0,10050.0,0.0
2025-12-21,26,Q4-3,4082.3954,0.0,0.4805,705.6270952499999,0.0,0.0,10050.0,0.0
2025-12-21,27,Q4-3,4064.87,0.0,0.5015,726.1503083333333,0.0,0.0,10050.0,0.0
2025-12-21,28,Q4-3,4121.8784,0.0,0.5024,725.5596925,0.0,0.0,10050.0,0.0
2025-12-21,29,Q4-3,4083.6154,0.0,0.4798,728.1278860833332,0.0,0.0,10050.0,0.0
2025-12-21,30,Q4-3,4032.31,0.0,0.4753,718.1334916666666,0.0,0.0,10050.0,0.0
2025-12-21,31,Q4-3,4217.9422,0.0023,0.535,732.8833178333332,0.0,0.0,10050.0,0.0
2025-12-21,32,Q4-3,4253.2484,0.0,0.5436,731.86850325,0.0,0.0,10050.0,0.0
2025-12-21,33,Q4-3,4066.58,0.0,0.468,724.6677166666667,0.0,0.0,10050.0,0.0
2025-12-21,34,Q4-3,4077.7781,0.0316,0.4338,1533.817161583333,833.3333333333333,0.0,10800.0,0.0
2025-12-21,35,Q4-3,4717.7146,0.0,0.6915,806.2954611666667,0.0,-0.0,10800.0,0.0
2025-12-21,36,Q4-3,5490.65,0.0,1.0594,932.6159,0.0,0.0,10800.0,0.0
2025-12-21,37,Q4-3,5439.318,0.4406,1.081,963.3652087916666,0.0,-0.0,10800.0,0.0
2025-12-21,38,Q4-3,5407.8325,0.0,1.0359,934.1865427916665,0.0,0.0,10800.0,0.0
2025-12-21,39,Q4-3,5587.05,0.0,1.0597,956.010630625,0.0,0.0,10800.0,0.0
2025-12-21,40,Q4-3,5351.2866,6.1366,1.0176,952.9271879583333,0.0,0.0,10800.0,0.0
2025-12-21,41,Q4-3,5233.249,0.0,1.0168,960.337503375,0.0,0.0,10800.0,0.0
2025-12-21,42,Q4-3,5374.2,0.0,1.0595,971.5815139583335,0.0,0.0,10800.0,0.0
2025-12-21,43,Q4-3,5360.7841,172.6829,1.0282,925.198767486111,0.0,0.0,10800.0,0.0
2025-12-21,44,Q4-3,5321.3096,420.0356,0.9987,880.0065627638887,0.0,0.0,10800.0,0.0
2025-12-21,45,Q4-3,5231.72,690.675,0.9724,845.6390389583332,0.0,0.0,10800.0,0.0
2025-12-21,46,Q4-3,5065.8847,996.7377,0.9109,786.9944439861114,-0.0,0.0,10800.0,0.0
2025-12-21,47,Q4-3,5889.1246,1276.7125,1.0903,858.756426013889,0.0,0.0,10800.0,0.0
2025-12-21,48,Q4-3,7180.79,1539.8625,1.4063,166.74693062500012,0.0,833.3333333333333,9874.074074074075,0.0
2025-12-21,49,Q4-3,7254.351,1860.1541,1.4458,167.94196587500005,0.0,833.3333333333333,8948.14814814815,0.0
2025-12-21,50,Q4-3,7152.8955,2211.6206,1.3908,115.39403887499998,0.0,833.3333333333333,8022.2222222222235,0.0
2025-12-21,51,Q4-3,7367.01,2579.625,1.3742,47.314847291666865,0.0,833.3333333333333,7096.296296296297,0.0
2025-12-21,52,Q4-3,7333.1326,2953.1787,1.345,0.0,0.0,805.3479004583335,6201.4652957870385,0.0
2025-12-21,53,Q4-3,7276.0603,3195.6035,1.3284,0.0,0.0,755.1161838749999,5362.447313703706,0.0
2025-12-21,54,Q4-3,7255.65,3341.5875,1.3231,0.0,0.0,727.7025097916666,4553.888969490743,0.0
2025-12-21,55,Q4-3,7076.8086,3572.7867,1.2929,383.7868205277768,0.0,316.78798890277864,4201.902315154322,0.0
2025-12-21,56,Q4-3,7014.1683,3848.0561,1.2522,672.0871708888887,21.1011471527778,0.0,4220.893347591822,0.0
2025-12-21,57,Q4-3,7150.59,4116.6,1.2211,0.0,0.0,580.7985556250002,3575.5616191195995,0.0
2025-12-21,58,Q4-3,7259.4501,4370.6969,1.2184,588.9121066111113,35.396574930555516,0.0,3607.4185365570993,0.0
2025-12-21,59,Q4-3,7142.682,4583.0793,1.2822,560.7622683055555,42.54428881944443,0.0,3645.708396494599,0.0
2025-12-21,60,Q4-3,6912.23,4750.3875,1.3753,0.0,0.0,492.73182645833344,3098.228589318673,0.0
2025-12-21,61,Q4-3,6873.3728,4886.2111,1.4027,0.0,0.0,512.1772622361111,2529.1427423896607,0.0
2025-12-21,62,Q4-3,6913.1885,4956.6279,1.3591,0.0,0.0,504.37097059722225,1968.7305528371917,0.0
2025-12-21,63,Q4-3,6951.47,4960.7625,1.3321,461.1641395833334,23.121219375000123,0.0,1989.539650274692,0.0
2025-12-21,64,Q4-3,7040.6919,4946.2149,1.3769,0.0,0.0,426.7042332361111,1515.4238355679017,0.0
2025-12-21,65,Q4-3,7195.1724,4968.8079,1.1651,455.5738763333333,5.407363819444527,0.0,1520.2904630054018,0.0
2025-12-21,66,Q4-3,7266.62,4979.2125,0.8057,1256.5629847916664,833.3333333333333,0.0,2270.2904630054018,0.0
2025-12-21,67,Q4-3,7080.5804,4907.9946,0.7611,1241.5895439722221,833.3333333333333,0.0,3020.2904630054018,0.0
2025-12-21,68,Q4-3,6948.6094,5015.1025,0.7807,1211.2129173611108,833.3333333333333,0.0,3770.2904630054018,0.0
2025-12-21,69,Q4-3,6954.16,5256.3375,0.7378,1217.2225333333333,833.3333333333333,0.0,4520.290463005402,0.0
2025-12-21,70,Q4-3,6860.0706,5348.0182,0.7527,1196.947775722222,833.3333333333333,0.0,5270.290463005402,0.0
2025-12-21,71,Q4-3,6565.9337,5577.6892,0.7117,1162.381996611111,833.3333333333333,0.0,6020.290463005402,0.0
2025-12-21,72,Q4-3,6330.9,5890.8,0.6418,1115.0583583333332,833.3333333333333,0.0,6770.290463005402,0.0
2025-12-21,73,Q4-3,6501.863,5904.8948,0.6936,1098.849524388889,833.3333333333333,0.0,7520.290463005402,0.0
2025-12-21,74,Q4-3,6520.3344,5868.1645,0.7105,1097.4526810972222,833.3333333333333,0.0,8270.290463005402,0.0
2025-12-21,75,Q4-3,6273.31,5864.7,0.6294,1130.2829827083335,833.3333333333333,0.0,9020.290463005402,0.0
2025-12-21,76,Q4-3,6234.7567,5722.7661,0.5829,1116.7265027361111,833.3333333333333,0.0,9770.290463005402,0.0
2025-12-21,77,Q4-3,6512.763,5549.8704,0.7799,1156.4183573472224,833.3333333333333,0.0,10520.290463005402,0.0
2025-12-21,78,Q4-3,6836.44,5390.4375,1.0833,405.64740979166663,0.0,0.0,10520.290463005402,0.0
2025-12-21,79,Q4-3,6797.3346,5211.4597,1.1248,435.8594305694445,0.0,0.0,10520.290463005402,0.0
2025-12-21,80,Q4-3,6554.3856,5202.0686,1.0564,416.32095843055527,0.0,0.0,10520.290463005402,0.0
2025-12-21,81,Q4-3,6350.08,5287.95,1.0304,399.55930145833327,0.0,0.0,10520.290463005402,0.0
2025-12-21,82,Q4-3,6333.408,5178.3498,1.0675,417.9293421527781,0.0,0.0,10520.290463005402,0.0
2025-12-21,83,Q4-3,6515.4464,4993.7017,1.1926,433.0312575972222,0.0,0.0,10520.290463005402,0.0
2025-12-21,84,Q4-3,6658.81,4847.5125,1.3352,0.0,0.0,428.6935014583331,10043.96435027392,0.0
2025-12-21,85,Q4-3,6474.7834,4705.4039,1.3689,0.0,0.0,496.34076387499977,9492.474612635031,0.0
2025-12-21,86,Q4-3,6311.1097,4404.8152,1.3382,0.0,0.0,550.9547267916669,8880.302693977623,0.0
2025-12-21,87,Q4-3,6293.57,3988.3875,1.3596,0.0,0.0,586.6462785416667,8228.473495597993,0.0
2025-12-21,88,Q4-3,6241.0875,3658.7815,1.4656,0.0,0.0,618.6614982083333,7541.071830922067,0.0
2025-12-21,89,Q4-3,6267.633,3321.4365,1.2648,289.93340385139095,0.0,387.79668977360905,7110.186620062502,0.0
2025-12-21,90,Q4-3,6308.83,2957.5875,0.8874,1589.6328327083331,833.3333333333333,0.0,7860.186620062502,0.0
2025-12-21,91,Q4-3,6184.3165,2665.595,0.882,1591.6452378472222,833.3333333333333,0.0,8610.1866200625,0.0
2025-12-21,92,Q4-3,6249.441,2404.6045,0.9712,1623.2724749861113,833.3333333333333,0.0,9360.1866200625,0.0
2025-12-21,93,Q4-3,6412.99,2166.8625,0.9596,1673.3712202083334,833.3333333333333,0.0,10110.1866200625,0.0
2025-12-21,94,Q4-3,6229.2355,1977.0681,0.9392,1640.255265472222,766.4593110416665,0.0,10800.0,0.0
2025-12-21,95,Q4-3,6140.1248,1719.0539,0.9693,882.9150911527777,0.0,0.0,10800.0,0.0
2025-12-21,96,Q4-3,6190.42,1414.8375,1.0104,931.0634868750001,0.0,0.0,10800.0,0.0
2025-12-21,97,Q4-3,6007.344,1199.0528,0.98,956.2380834305554,0.0,0.0,10800.0,0.0
2025-12-21,98,Q4-3,6021.8302,965.9713,0.9673,970.9015289027776,0.0,0.0,10800.0,0.0
2025-12-21,99,Q4-3,6231.28,680.625,1.0182,991.6756806249999,0.0,0.0,10800.0,0.0
2025-12-21,100,Q4-3,6177.7882,419.0314,1.0861,1061.636296013889,0.0,0.0,10800.0,0.0
2025-12-21,101,Q4-3,6130.9976,173.8125,1.1066,1091.4204793194442,0.0,0.0,10800.0,0.0
2025-12-21,102,Q4-3,6172.78,0.0,1.0879,1094.8457452083333,0.0,0.0,10800.0,0.0
2025-12-21,103,Q4-3,6112.1742,0.0,1.0972,1075.8886422916667,0.0,0.0,10800.0,0.0
2025-12-21,104,Q4-3,6160.7027,6.2009,1.1283,1072.6122772083334,0.0,0.0,10800.0,0.0
2025-12-21,105,Q4-3,6338.77,0.0,1.1382,1076.222055625,0.0,0.0,10800.0,0.0
2025-12-21,106,Q4-3,6290.0948,0.0,1.103,1096.6923231249998,0.0,0.0,10800.0,0.0
2025-12-21,107,Q4-3,5392.9058,0.4452,1.1407,970.5593133749999,0.0,0.0,10800.0,0.0
2025-12-21,108,Q4-3,4275.8,0.0,1.2479,750.038880625,0.0,-0.0,10800.0,0.0
2025-12-21,109,Q4-3,4292.4867,0.0,1.2957,745.5061404583332,0.0,0.0,10800.0,0.0
2025-12-21,110,Q4-3,4489.6396,0.032,1.2826,780.1943522083333,0.0,0.0,10800.0,0.0
2025-12-21,111,Q4-3,4380.05,0.0,1.238,756.0246731249999,0.0,0.0,10800.0,0.0
2025-12-21,112,Q4-3,4406.0663,0.0,1.2107,736.2990214583334,0.0,0.0,10800.0,0.0
2025-12-21,113,Q4-3,4500.5016,0.0023,1.3293,411.5720933333332,0.0,332.5449672083332,10430.50559199074,5.966156125000111
2025-12-21,114,Q4-3,4490.76,0.0,1.5214,0.0,0.0,764.1997564583332,9581.394751481483,0.0
2025-12-21,115,Q4-3,4334.8994,0.0,1.5659,0.0,0.0,746.5445577083334,8751.900798472223,0.0
2025-12-21,116,Q4-3,4356.9931,0.0,1.5266,0.0,0.0,760.0804617083332,7907.366952129631,0.0
2025-12-21,117,Q4-3,4466.59,0.0,1.4847,0.0,0.0,775.6064397916664,7045.582019027779,0.0
2025-12-21,118,Q4-3,4301.5722,0.0,1.4671,0.0,0.0,750.969044375,6211.171969722223,0.0
2025-12-21,119,Q4-3,4398.717,0.0,1.5039,0.0,0.0,736.2382612916667,5393.129457175927,0.0
2025-12-21,120,Q4-3,4681.61,0.0,1.5483,0.0,0.0,737.9332397916666,4573.203635185187,42.33509354166665
2025-12-21,121,Q4-3,4485.5154,0.0,1.5137,0.0,0.0,750.1064867083333,3739.7519832870385,0.0
2025-12-21,122,Q4-3,4156.9026,0.0,1.4654,0.0,0.0,766.9251696249999,2887.6129059259274,0.0
2025-12-21,123,Q4-3,4090.51,0.0,1.488,0.0,0.0,754.5304897916666,2049.245695046298,0.0
2025-12-21,124,Q4-3,4322.2266,0.0,1.5616,0.0,0.0,764.3211255416663,1200.000000000002,0.0
2025-12-21,125,Q4-3,4336.801,0.0,1.3465,762.3856882916666,0.0,-0.0,1200.000000000002,0.0
2025-12-21,126,Q4-3,4144.46,0.0,0.9601,763.0298314583332,0.0,0.0,1200.000000000002,0.0
2025-12-21,127,Q4-3,4227.261,0.0,0.8829,757.7052450416664,-0.0,0.0,1200.000000000002,0.0
2025-12-21,128,Q4-3,4326.9643,0.0,0.9151,764.6437347083331,0.0,0.0,1200.000000000002,0.0
2025-12-21,129,Q4-3,4357.83,0.0,0.9345,761.076198125,0.0,0.0,1200.000000000002,0.0
2025-12-21,130,Q4-3,4437.1142,0.0,0.9815,785.7186621249998,0.0,0.0,1200.000000000002,0.0
2025-12-21,131,Q4-3,4070.9954,0.0,0.7546,699.4599996249999,-0.0,0.0,1200.000000000002,0.0
2025-12-21,132,Q4-3,3434.4,0.0,0.4001,1419.2586731249999,833.3333333333333,0.0,1950.000000000002,0.0
2025-12-21,133,Q4-3,3270.5539,0.0,0.4032,1419.6183227916667,833.3333333333333,0.0,2700.000000000002,0.0
2025-12-21,134,Q4-3,3305.0168,0.0,0.4747,595.7514622083334,0.0,0.0,2700.000000000002,0.0
2025-12-21,135,Q4-3,3255.6,0.0,0.4323,1429.2928564583333,833.3333333333333,0.0,3450.000000000002,0.0
2025-12-21,136,Q4-3,3155.514,0.0,0.3905,1409.5099307916664,833.3333333333333,0.0,4200.000000000002,0.0
2025-12-21,137,Q4-3,3260.3635,0.0,0.4205,1421.5228745416666,833.3333333333333,0.0,4950.000000000002,0.0
2025-12-21,138,Q4-3,3508.97,0.0,0.4738,603.7559564583333,0.0,0.0,4950.000000000002,0.0
2025-12-21,139,Q4-3,3554.7154,0.0,0.4471,947.820493125,333.3333333333333,0.0,5250.000000000002,0.0
2025-12-21,140,Q4-3,3395.6628,0.0,0.4314,627.0501407916665,0.0,0.0,5250.000000000002,0.0
2025-12-21,141,Q4-3,3305.59,0.0,0.4502,617.0721314583332,0.0,0.0,5250.000000000002,0.0
2025-12-21,142,Q4-3,3539.7613,0.0,0.4334,609.0713174583334,0.0,0.0,5250.000000000002,0.0
2025-12-21,143,Q4-3,3571.991,0.0,0.406,1447.8543292916665,833.3333333333333,0.0,6000.000000000002,0.0
2025-12-21,144,Q4-3,3464.4,0.0,0.4032,617.4009231249998,0.0,0.0,6000.000000000002,0.0
