problem,run,min_supply_slack,max_soc_residual,max_simultaneous_charge_discharge,min_soc,max_soc,solver_feasible,passed
Q1,single,-1.1368683772161603e-13,9.094947017729282e-13,0.0,1200.0,10800.0,True,True
Q2,2025-02-01,-1.1368683772161603e-13,9.094947017729282e-13,0.0,1200.0,10800.0,True,True
Q3,2025-02-01,0.0,0.0,0.0,2050.2488666666686,10800.0,True,True
Q4-2,2025-02-01,-1.1368683772161603e-13,9.094947017729282e-13,0.0,1200.0,10800.0,True,True
Q4-3,2025-02-01,0.0,0.0,0.0,1750.6626180324085,10800.0,True,True
Q2,2025-02-02,-1.1368683772161603e-13,2.2737367544323206e-13,0.0,1200.0,10800.0,True,True
Q3,2025-02-02,0.0,0.0,0.0,1199.999999999998,10800.0,True,True
Q4-2,2025-02-02,-1.1368683772161603e-13,9.094947017729282e-13,0.0,1200.0,10800.0,True,True
Q4-3,2025-02-02,0.0,0.0,0.0,1200.0000000000002,10800.0,True,True
Q2,2025-02-03,-1.1368683772161603e-13,1.8189894035458565e-12,0.0,1200.0,10800.0,True,True
Q3,2025-02-03,0.0,0.0,0.0,1200.000000000001,10800.0,True,True
Q4-2,2025-02-03,-1.1368683772161603e-13,2.2737367544323206e-13,0.0,1200.0,10800.0,True,True
Q4-3,2025-02-03,0.0,0.0,0.0,1200.0000000000005,10800.0,True,True
Q2,2025-02-04,-1.1368683772161603e-13,9.094947017729282e-13,0.0,1200.0,10800.0,True,True
Q3,2025-02-04,0.0,0.0,0.0,1200.0000000000027,10800.0,True,True
Q4-2,2025-02-04,-1.1368683772161603e-13,9.094947017729282e-13,0.0,1200.0,10800.0,True,True
Q4-3,2025-02-04,0.0,0.0,0.0,1200.0000000000027,10800.0,True,True
Q2,2025-02-05,-1.1368683772161603e-13,1.8189894035458565e-12,0.0,1200.0,10800.0,True,True
Q3,2025-02-05,0.0,0.0,0.0,1199.9999999999995,10800.0,True,True
Q4-2,2025-02-05,-1.1368683772161603e-13,1.8189894035458565e-12,0.0,1200.0,10800.0,True,True
Q4-3,2025-02-05,0.0,0.0,0.0,1199.9999999999995,10800.0,True,True
Q2,2025-02-06,-1.1368683772161603e-13,9.094947017729282e-13,0.0,1200.0,10800.0,True,True
Q3,2025-02-06,0.0,0.0,0.0,1200.0000000000005,10800.0,True,True
Q4-2,2025-02-06,-1.1368683772161603e-13,9.094947017729282e-13,0.0,1200.0,10800.0,True,True
Q4-3,2025-02-06,0.0,0.0,0.0,1200.0000000000005,10800.0,True,True
Q2,2025-02-07,-1.1368683772161603e-13,9.094947017729282e-13,0.0,1200.0,10800.0,True,True
Q3,2025-02-07,0.0,0.0,0.0,1897.1279444444453,10800.0,True,True
Q4-2,2025-02-07,-1.1368683772161603e-13,1.8189894035458565e-12,0.0,1200.0,10800.0,True,True
Q4-3,2025-02-07,0.0,0.0,0.0,1646.7789285416675,10800.0,True,True
Q2,2025-02-08,-5.684341886080802e-14,9.094947017729282e-13,0.0,1200.0,10800.0,True,True
Q3,2025-02-08,0.0,0.0,0.0,2204.9019074074076,10800.0,True,True
Q4-2,2025-02-08,-1.1368683772161603e-13,9.094947017729282e-13,0.0,1200.0,10800.0,True,True
Q4-3,2025-02-08,0.0,0.0,0.0,1955.4965229444451,10800.0,True,True
Q2,2025-02-09,-1.1368683772161603e-13,1.8189894035458565e-12,0.0,1200.0,10800.0,True,True
Q3,2025-02-09,0.0,0.0,0.0,1200.0000000000011,10800.0,True,True
Q4-2,2025-02-09,-1.1368683772161603e-13,1.8189894035458565e-12,0.0,1200.0,10800.0,True,True
Q4-3,2025-02-09,0.0,0.0,0.0,1200.0000000000011,10800.0,True,True
Q2,2025-02-10,-1.1368683772161603e-13,9.094947017729282e-13,0.0,1200.0,10800.0,True,True
Q3,2025-02-10,0.0,0.0,0.0,1200.000000000001,10800.0,True,True
Q4-2,2025-02-10,-1.1368683772161603e-13,9.094947017729282e-13,0.0,1200.0,10800.0,True,True
Q4-3,2025-02-10,0.0,0.0,0.0,1200.000000000001,10800.0,True,True
Q2,2025-02-11,-1.1368683772161603e-13,9.094947017729282e-13,0.0,1200.0,10800.0,True,True
Q3,2025-02-11,0.0,0.0,0.0,1200.0,10800.0,True,True
Q4-2,2025-02-11,-1.1368683772161603e-13,9.094947017729282e-13,0.0,1200.0,10800.0,True,True
Q4-3,2025-02-11,0.0,0.0,0.0,1200.0,10800.0,True,True
Q2,2025-02-12,-1.1368683772161603e-13,1.8189894035458565e-12,0.0,1200.0,10800.0,True,True
Q3,2025-02-12,0.0,0.0,0.0,1200.000000000001,10800.0,True,True
Q4-2,2025-02-12,-1.1368683772161603e-13,1.8189894035458565e-12,0.0,1200.0,10800.0,True,True
Q4-3,2025-02-12,0.0,0.0,0.0,1200.000000000001,10800.0,True,True
Q2,2025-02-13,-1.1368683772161603e-13,9.094947017729282e-13,0.0,1200.0,10800.0,True,True
Q3,2025-02-13,-7.105427357601002e-15,0.0,0.0,1199.9999999999995,10800.0,True,True
Q4-2,2025-02-13,-1.1368683772161603e-13,9.094947017729282e-13,0.0,1200.0,10800.0,True,True
Q4-3,2025-02-13,-7.105427357601002e-15,0.0,0.0,1199.9999999999995,10800.0,True,True
Q2,2025-02-14,-1.1368683772161603e-13,4.547473508864641e-13,0.0,1200.0,10800.0,True,True
Q3,2025-02-14,0.0,0.0,0.0,1892.7347851851869,10800.0,True,True
Q4-2,2025-02-14,-1.1368683772161603e-13,9.094947017729282e-13,0.0,1200.0,10800.0,True,True
Q4-3,2025-02-14,0.0,0.0,0.0,1792.4308921851875,10800.0,True,True
Q2,2025-02-15,-1.1368683772161603e-13,9.094947017729282e-13,0.0,1200.0,10800.0,True,True
Q3,2025-02-15,0.0,0.0,0.0,2009.4295962962988,10800.0,True,True
Q4-2,2025-02-15,-1.1368683772161603e-13,9.094947017729282e-13,0.0,1200.0,10800.0,True,True
Q4-3,2025-02-15,0.0,0.0,0.0,1869.5255777777784,10800.0,True,True
Q2,2025-02-16,-1.1368683772161603e-13,9.094947017729282e-13,0.0,1200.0,10800.0,True,True
Q3,2025-02-16,0.0,0.0,0.0,1200.0000000000014,10800.0,True,True
Q4-2,2025-02-16,-1.1368683772161603e-13,9.094947017729282e-13,0.0,1200.0,10800.0,True,True
Q4-3,2025-02-16,0.0,0.0,0.0,1200.0000000000014,10800.0,True,True
Q2,2025-02-17,-1.1368683772161603e-13,9.094947017729282e-13,0.0,1200.0,10800.0,True,True
Q3,2025-02-17,0.0,0.0,0.0,1199.9999999999995,10800.0,True,True
Q4-2,2025-02-17,-1.1368683772161603e-13,9.094947017729282e-13,0.0,1200.0,10800.0,True,True
Q4-3,2025-02-17,0.0,0.0,0.0,1199.9999999999995,10800.0,True,True
Q2,2025-02-18,-1.1368683772161603e-13,9.094947017729282e-13,0.0,1200.0,10800.0,True,True
Q3,2025-02-18,-1.4210854715202004e-14,0.0,0.0,1200.0000000000005,10800.0,True,True
Q4-2,2025-02-18,-5.684341886080802e-14,9.094947017729282e-13,0.0,1200.0,10800.0,True,True
Q4-3,2025-02-18,-1.4210854715202004e-14,0.0,0.0,1200.0000000000005,10800.0,True,True
Q2,2025-02-19,-1.1368683772161603e-13,9.094947017729282e-13,0.0,1200.0,10800.0,True,True
Q3,2025-02-19,-3.552713678800501e-15,0.0,0.0,1199.9999999999989,10800.0,True,True
Q4-2,2025-02-19,-1.1368683772161603e-13,9.094947017729282e-13,0.0,1200.0,10800.0,True,True
Q4-3,2025-02-19,-3.552713678800501e-15,0.0,0.0,1200.0000000000007,10800.0,True,True
Q2,2025-02-20,-1.1368683772161603e-13,9.094947017729282e-13,0.0,1200.0,10800.0,True,True
Q3,2025-02-20,0.0,0.0,0.0,1199.9999999999995,10800.0,True,True
Q4-2,2025-02-20,-1.1368683772161603e-13,9.094947017729282e-13,0.0,1200.0,10800.0,True,True
Q4-3,2025-02-20,0.0,0.0,0.0,1199.9999999999995,10800.0,True,True
Q2,2025-02-21,-1.1368683772161603e-13,9.094947017729282e-13,0.0,1200.0,10800.0,True,True
Q3,2025-02-21,0.0,0.0,0.0,2088.4738518518534,10800.0,True,True
Q4-2,2025-02-21,-1.1368683772161603e-13,1.8189894035458565e-12,0.0,1200.0,10800.0,True,True
Q4-3,2025-02-21,0.0,0.0,0.0,1946.3011509861142,10800.0,True,True
Q2,2025-02-22,-1.1368683772161603e-13,9.094947017729282e-13,0.0,1200.0,10800.0,True,True
Q3,2025-02-22,0.0,0.0,0.0,2045.8534333333323,10783.897785521296,True,True
Q4-2,2025-02-22,-1.1368683772161603e-13,4.547473508864641e-13,0.0,1200.0,10800.0,True,True
Q4-3,2025-02-22,0.0,0.0,0.0,1909.3292873750001,10800.0,True,True
Q2,2025-02-23,-1.1368683772161603e-13,4.547473508864641e-13,0.0,1200.0,10800.0,True,True
Q3,2025-02-23,-1.4210854715202004e-14,0.0,0.0,1199.9999999999977,10800.0,True,True
Q4-2,2025-02-23,-1.1368683772161603e-13,9.094947017729282e-13,0.0,1200.0,10800.0,True,True
Q4-3,2025-02-23,-1.4210854715202004e-14,0.0,0.0,1200.0000000000005,10800.0,True,True
Q2,2025-02-24,-1.1368683772161603e-13,4.547473508864641e-13,0.0,1200.0,10800.0,True,True
Q3,2025-02-24,0.0,0.0,0.0,1200.0000000000005,10800.0,True,True
Q4-2,2025-02-24,-1.1368683772161603e-13,4.547473508864641e-13,0.0,1200.0,10800.0,True,True
Q4-3,2025-02-24,0.0,0.0,0.0,1200.0000000000005,10800.0,True,True
Q2,2025-02-25,-1.1368683772161603e-13,9.094947017729282e-13,0.0,1200.0,10800.0,True,True
Q3,2025-02-25,0.0,0.0,0.0,1231.0419750000015,10800.0,True,True
Q4-2,2025-02-25,-1.1368683772161603e-13,1.8189894035458565e-12,0.0,1200.0,10800.0,True,True
Q4-3,2025-02-25,0.0,0.0,0.0,1231.0419749999987,10800.0,True,True
Q2,2025-02-26,-1.1368683772161603e-13,9.094947017729282e-13,0.0,1200.0,10800.0,True,True
Q3,2025-02-26,-3.552713678800501e-15,0.0,0.0,1212.3668161111086,10800.0,True,True
Q4-2,2025-02-26,-1.1368683772161603e-13,2.2737367544323206e-13,0.0,1200.0,10800.0,True,True
Q4-3,2025-02-26,-3.552713678800501e-15,0.0,0.0,1209.3237581018507,10800.0,True,True
Q2,2025-02-27,-1.1368683772161603e-13,9.094947017729282e-13,0.0,1200.0,10800.0,True,True
Q3,2025-02-27,-3.552713678800501e-15,0.0,0.0,1200.0000000000016,10800.0,True,True
Q4-2,2025-02-27,-1.1368683772161603e-13,9.094947017729282e-13,0.0,1200.0,10800.0,True,True
Q4-3,2025-02-27,-3.552713678800501e-15,0.0,0.0,1200.0000000000016,10800.0,True,True
Q2,2025-02-28,-1.1368683772161603e-13,9.094947017729282e-13,0.0,1200.0,10800.0,True,True
Q3,2025-02-28,0.0,0.0,0.0,1815.856437037037,9068.468759259258,True,True
Q4-2,2025-02-28,-5.684341886080802e-14,9.094947017729282e-13,0.0,1200.0,10800.0,True,True
Q4-3,2025-02-28,0.0,0.0,0.0,1689.7066406597244,8980.809990196762,True,True
Q2,2025-03-01,-5.684341886080802e-14,1.8189894035458565e-12,0.0,1200.0,10800.0,True,True
Q3,2025-03-01,0.0,0.0,0.0,1325.0686259259278,10800.0,True,True
Q4-2,2025-03-01,-1.1368683772161603e-13,4.547473508864641e-13,0.0,1200.0,10800.0,True,True
Q4-3,2025-03-01,0.0,0.0,0.0,1200.0000000000005,10800.0,True,True
Q2,2025-03-02,-1.1368683772161603e-13,9.094947017729282e-13,0.0,1200.0,10800.0,True,True
Q3,2025-03-02,-7.105427357601002e-15,0.0,0.0,1199.999999999999,10800.0,True,True
Q4-2,2025-03-02,-1.1368683772161603e-13,9.094947017729282e-13,0.0,1200.0,10800.0,True,True
Q4-3,2025-03-02,-7.105427357601002e-15,0.0,0.0,1200.0000000000005,10800.0,True,True
Q2,2025-03-03,-1.1368683772161603e-13,1.8189894035458565e-12,0.0,1200.0,10800.0,True,True
Q3,2025-03-03,0.0,0.0,0.0,1200.0000000000011,10800.0,True,True
Q4-2,2025-03-03,-1.1368683772161603e-13,9.094947017729282e-13,0.0,1200.0,10800.0,True,True
Q4-3,2025-03-03,0.0,0.0,0.0,1200.0000000000025,10800.0,True,True
Q2,2025-03-04,-1.1368683772161603e-13,1.8189894035458565e-12,0.0,1200.0,10800.0,True,True
Q3,2025-03-04,-7.105427357601002e-15,0.0,0.0,1200.0000000000007,10800.0,True,True
Q4-2,2025-03-04,-1.1368683772161603e-13,4.547473508864641e-13,0.0,1200.0,10800.0,True,True
Q4-3,2025-03-04,-7.105427357601002e-15,0.0,0.0,1199.9999999999989,10800.0,True,True
Q2,2025-03-05,-1.1368683772161603e-13,9.094947017729282e-13,0.0,1200.0,10800.0,True,True
Q3,2025-03-05,0.0,0.0,0.0,1199.9999999999986,10800.0,True,True
Q4-2,2025-03-05,-1.1368683772161603e-13,9.094947017729282e-13,0.0,1200.0,10800.0,True,True
Q4-3,2025-03-05,0.0,0.0,0.0,1199.9999999999995,10800.0,True,True
Q2,2025-03-06,-1.1368683772161603e-13,1.8189894035458565e-12,0.0,1200.0,10800.0,True,True
Q3,2025-03-06,-7.105427357601002e-15,0.0,0.0,1200.0000000000007,10800.0,True,True
Q4-2,2025-03-06,-1.1368683772161603e-13,1.8189894035458565e-12,0.0,1200.0,10800.0,True,True
Q4-3,2025-03-06,-7.105427357601002e-15,0.0,0.0,1200.0000000000007,10800.0,True,True
Q2,2025-03-07,-1.1368683772161603e-13,1.8189894035458565e-12,0.0,1200.0,10800.0,True,True
Q3,2025-03-07,-2.6645352591003757e-15,0.0,0.0,1511.9901740740777,8846.053361102777,True,True
Q4-2,2025-03-07,-1.1368683772161603e-13,9.094947017729282e-13,0.0,1200.0,10800.0,True,True
Q4-3,2025-03-07,-2.6645352591003757e-15,0.0,0.0,1370.492447319449,8430.327374852779,True,True
Q2,2025-03-08,-1.1368683772161603e-13,9.094947017729282e-13,0.0,1200.0,10800.0,True,True
Q3,2025-03-08,0.0,0.0,0.0,1790.2569518518487,8717.940355555553,True,True
Q4-2,2025-03-08,-5.684341886080802e-14,9.094947017729282e-13,0.0,1200.0,10800.0,True,True
Q4-3,2025-03-08,0.0,0.0,0.0,1647.961622861111,8612.536086055554,True,True
Q2,2025-03-09,-1.1368683772161603e-13,9.094947017729282e-13,0.0,1200.0,10800.0,True,True
Q3,2025-03-09,0.0,0.0,0.0,1200.0000000000005,10800.0,True,True
Q4-2,2025-03-09,-1.1368683772161603e-13,9.094947017729282e-13,0.0,1200.0,10800.0,True,True
Q4-3,2025-03-09,0.0,0.0,0.0,1200.0000000000002,10800.0,True,True
Q2,2025-03-10,-1.1368683772161603e-13,9.094947017729282e-13,0.0,1200.0,10800.0,True,True
Q3,2025-03-10,-7.105427357601002e-15,0.0,0.0,1200.0000000000005,10800.0,True,True
Q4-2,2025-03-10,-1.1368683772161603e-13,9.094947017729282e-13,0.0,1200.0,10800.0,True,True
Q4-3,2025-03-10,-7.105427357601002e-15,0.0,0.0,1200.000000000001,10800.0,True,True
Q2,2025-03-11,-1.1368683772161603e-13,1.8189894035458565e-12,0.0,1200.0,10800.0,True,True
Q3,2025-03-11,-7.105427357601002e-15,0.0,0.0,1200.000000000001,10800.0,True,True
Q4-2,2025-03-11,-1.1368683772161603e-13,1.8189894035458565e-12,0.0,1200.0,10800.0,True,True
Q4-3,2025-03-11,-7.105427357601002e-15,0.0,0.0,1200.000000000001,10800.0,True,True
Q2,2025-03-12,-1.1368683772161603e-13,9.094947017729282e-13,0.0,1200.0,10800.0,True,True
Q3,2025-03-12,-3.552713678800501e-15,0.0,0.0,1200.0000000000018,10800.0,True,True
Q4-2,2025-03-12,-1.1368683772161603e-13,9.094947017729282e-13,0.0,1200.0,10800.0,True,True
Q4-3,2025-03-12,-3.552713678800501e-15,0.0,0.0,1200.0000000000018,10800.0,True,True
Q2,2025-03-13,-1.1368683772161603e-13,9.094947017729282e-13,0.0,1200.0,10800.0,True,True
Q3,2025-03-13,0.0,0.0,0.0,1200.0000000000007,10800.0,True,True
Q4-2,2025-03-13,-1.1368683772161603e-13,9.094947017729282e-13,0.0,1200.0,10800.0,True,True
Q4-3,2025-03-13,0.0,0.0,0.0,1200.0000000000007,10800.0,True,True
Q2,2025-03-14,-5.684341886080802e-14,9.094947017729282e-13,0.0,1200.0,10800.0,True,True
Q3,2025-03-14,0.0,0.0,0.0,1592.8186555555535,8729.57175185185,True,True
Q4-2,2025-03-14,-1.1368683772161603e-13,4.547473508864641e-13,0.0,1200.0,10800.0,True,True
Q4-3,2025-03-14,0.0,0.0,0.0,1463.45205952083,8624.756321789351,True,True
Q2,2025-03-15,-5.684341886080802e-14,4.547473508864641e-13,0.0,1200.0,10800.0,True,True
Q3,2025-03-15,0.0,0.0,0.0,1780.777866666665,8903.269362962963,True,True
Q4-2,2025-03-15,-1.1368683772161603e-13,1.8189894035458565e-12,0.0,1200.0,10800.0,True,True
Q4-3,2025-03-15,0.0,0.0,0.0,1648.4572614999993,8807.24737446296,True,True
Q2,2025-03-16,-1.1368683772161603e-13,9.094947017729282e-13,0.0,1200.0,10800.0,True,True
Q3,2025-03-16,0.0,0.0,0.0,1200.000000000001,10800.0,True,True
Q4-2,2025-03-16,-1.1368683772161603e-13,9.094947017729282e-13,0.0,1200.0,10800.0,True,True
Q4-3,2025-03-16,0.0,0.0,0.0,1200.0,10800.0,True,True
Q2,2025-03-17,-1.1368683772161603e-13,1.8189894035458565e-12,0.0,1200.0,10800.0,True,True
Q3,2025-03-17,-1.3322676295501878e-15,0.0,0.0,1199.999999999999,10800.0,True,True
Q4-2,2025-03-17,-1.1368683772161603e-13,1.8189894035458565e-12,0.0,1200.0,10800.0,True,True
Q4-3,2025-03-17,-1.3322676295501878e-15,0.0,0.0,1200.0,10800.0,True,True
Q2,2025-03-18,-1.1368683772161603e-13,4.547473508864641e-13,0.0,1200.0,10800.0,True,True
Q3,2025-03-18,0.0,0.0,0.0,1200.000000000001,10800.0,True,True
Q4-2,2025-03-18,-1.1368683772161603e-13,4.547473508864641e-13,0.0,1200.0,10800.0,True,True
Q4-3,2025-03-18,0.0,0.0,0.0,1200.000000000001,10800.0,True,True
Q2,2025-03-19,-1.1368683772161603e-13,9.094947017729282e-13,0.0,1200.0,10800.0,True,True
Q3,2025-03-19,0.0,0.0,0.0,1200.0000000000002,10800.0,True,True
Q4-2,2025-03-19,-1.1368683772161603e-13,4.547473508864641e-13,0.0,1200.0,10800.0,True,True
Q4-3,2025-03-19,0.0,0.0,0.0,1200.0000000000002,10800.0,True,True
Q2,2025-03-20,-1.1368683772161603e-13,9.094947017729282e-13,0.0,1200.0,10800.0,True,True
Q3,2025-03-20,-7.105427357601002e-15,0.0,0.0,1200.0000000000005,10800.0,True,True
Q4-2,2025-03-20,-1.1368683772161603e-13,9.094947017729282e-13,0.0,1200.0,10800.0,True,True
Q4-3,2025-03-20,-7.105427357601002e-15,0.0,0.0,1199.9999999999995,10800.0,True,True
Q2,2025-03-21,-1.1368683772161603e-13,9.094947017729282e-13,0.0,1200.0,10800.0,True,True
Q3,2025-03-21,0.0,0.0,0.0,1657.4673857407408,9071.471666666666,True,True
Q4-2,2025-03-21,-1.1368683772161603e-13,9.094947017729282e-13,0.0,1200.0,10800.0,True,True
Q4-3,2025-03-21,0.0,0.0,0.0,1657.4673857407408,8983.964919791666,True,True
Q2,2025-03-22,-5.684341886080802e-14,9.094947017729282e-13,0.0,1200.0,10800.0,True,True
Q3,2025-03-22,0.0,0.0,0.0,1991.7952518518516,9174.360418518521,True,True
Q4-2,2025-03-22,-5.684341886080802e-14,4.547473508864641e-13,0.0,1200.0,10800.0,True,True
Q4-3,2025-03-22,0.0,0.0,0.0,1860.010044798608,9092.062414706019,True,True
Q2,2025-03-23,-1.1368683772161603e-13,1.8189894035458565e-12,0.0,1200.0,10800.0,True,True
Q3,2025-03-23,0.0,0.0,0.0,1200.0000000000005,10800.0,True,True
Q4-2,2025-03-23,-1.1368683772161603e-13,9.094947017729282e-13,0.0,1200.0,10800.0,True,True
Q4-3,2025-03-23,0.0,0.0,0.0,1200.0000000000005,10800.0,True,True
Q2,2025-03-24,-1.1368683772161603e-13,9.094947017729282e-13,0.0,1200.0,10800.0,True,True
Q3,2025-03-24,0.0,0.0,0.0,1219.3364381450629,10800.0,True,True
Q4-2,2025-03-24,-1.1368683772161603e-13,9.094947017729282e-13,0.0,1200.0,10800.0,True,True
Q4-3,2025-03-24,0.0,0.0,0.0,1216.5705433449061,10800.0,True,True
Q2,2025-03-25,-1.1368683772161603e-13,9.094947017729282e-13,0.0,1200.0,10800.0,True,True
Q3,2025-03-25,0.0,0.0,0.0,1200.0000000000016,10800.0,True,True
Q4-2,2025-03-25,-1.1368683772161603e-13,9.094947017729282e-13,0.0,1200.0,10800.0,True,True
Q4-3,2025-03-25,0.0,0.0,0.0,1200.0000000000002,10800.0,True,True
Q2,2025-03-26,-1.1368683772161603e-13,1.8189894035458565e-12,0.0,1200.0,10800.0,True,True
Q3,2025-03-26,0.0,0.0,0.0,1199.9999999999995,10800.0,True,True
Q4-2,2025-03-26,-1.1368683772161603e-13,1.8189894035458565e-12,0.0,1200.0,10800.0,True,True
Q4-3,2025-03-26,0.0,0.0,0.0,1200.0,10800.0,True,True
Q2,2025-03-27,-1.1368683772161603e-13,9.094947017729282e-13,0.0,1200.0,10800.0,True,True
Q3,2025-03-27,0.0,0.0,0.0,1200.000000000001,10800.0,True,True
Q4-2,2025-03-27,-1.1368683772161603e-13,9.094947017729282e-13,0.0,1200.0,10800.0,True,True
Q4-3,2025-03-27,0.0,0.0,0.0,1200.0,10800.0,True,True
Q2,2025-03-28,-5.684341886080802e-14,9.094947017729282e-13,0.0,1200.0,10800.0,True,True
Q3,2025-03-28,0.0,0.0,0.0,2186.767861111115,9290.98001851852,True,True
Q4-2,2025-03-28,-5.684341886080802e-14,9.094947017729282e-13,0.0,1200.0,10800.0,True,True
Q4-3,2025-03-28,0.0,0.0,0.0,2124.293506172842,9290.412932098767,True,True
Q2,2025-03-29,0.0,9.094947017729282e-13,0.0,1200.0,10800.0,True,True
Q3,2025-03-29,0.0,0.0,0.0,2043.4216766049387,9450.127342592596,True,True
Q4-2,2025-03-29,-5.684341886080802e-14,9.094947017729282e-13,0.0,1200.0,10800.0,True,True
Q4-3,2025-03-29,0.0,0.0,0.0,2043.4216766049387,9382.404049699078,True,True
Q2,2025-03-30,-1.1368683772161603e-13,9.094947017729282e-13,0.0,1200.0,10800.0,True,True
Q3,2025-03-30,-7.105427357601002e-15,0.0,0.0,1200.0000000000005,10800.0,True,True
Q4-2,2025-03-30,-1.1368683772161603e-13,4.547473508864641e-13,0.0,1200.0,10800.0,True,True
Q4-3,2025-03-30,-7.105427357601002e-15,0.0,0.0,1199.999999999999,10800.0,True,True
Q2,2025-03-31,-1.1368683772161603e-13,1.8189894035458565e-12,0.0,1200.0,10800.0,True,True
Q3,2025-03-31,0.0,0.0,0.0,1200.0000000000005,10778.543448719482,True,True
Q4-2,2025-03-31,-1.1368683772161603e-13,1.8189894035458565e-12,0.0,1200.0,10800.0,True,True
Q4-3,2025-03-31,0.0,0.0,0.0,1200.0,10779.045718997259,True,True
Q2,2025-04-01,-1.1368683772161603e-13,9.094947017729282e-13,0.0,1200.0,10800.0,True,True
Q3,2025-04-01,0.0,0.0,0.0,1200.000000000003,10800.0,True,True
Q4-2,2025-04-01,-1.1368683772161603e-13,4.547473508864641e-13,0.0,1200.0,10800.0,True,True
Q4-3,2025-04-01,0.0,0.0,0.0,1200.0000000000007,10800.0,True,True
Q2,2025-04-02,-1.1368683772161603e-13,9.094947017729282e-13,0.0,1200.0,10800.0,True,True
Q3,2025-04-02,0.0,0.0,0.0,1200.0000000000014,10800.0,True,True
Q4-2,2025-04-02,-1.1368683772161603e-13,4.547473508864641e-13,0.0,1200.0,10800.0,True,True
Q4-3,2025-04-02,0.0,0.0,0.0,1200.0000000000014,10800.0,True,True
Q2,2025-04-03,-1.1368683772161603e-13,9.094947017729282e-13,0.0,1200.0,10800.0,True,True
Q3,2025-04-03,0.0,0.0,0.0,1200.0000000000027,10800.0,True,True
Q4-2,2025-04-03,-1.1368683772161603e-13,9.094947017729282e-13,0.0,1200.0,10800.0,True,True
Q4-3,2025-04-03,0.0,0.0,0.0,1200.0000000000014,10800.0,True,True
Q2,2025-04-04,-1.1368683772161603e-13,9.094947017729282e-13,0.0,1200.0,10800.0,True,True
Q3,2025-04-04,0.0,0.0,0.0,1927.5154796296256,9109.739870370367,True,True
Q4-2,2025-04-04,-1.1368683772161603e-13,9.094947017729282e-13,0.0,1200.0,10800.0,True,True
Q4-3,2025-04-04,0.0,0.0,0.0,1927.5154796296292,9109.73987037037,True,True
Q2,2025-04-05,-1.1368683772161603e-13,1.8189894035458565e-12,0.0,1200.0,10800.0,True,True
Q3,2025-04-05,0.0,0.0,0.0,1552.6977370370375,9129.528407407408,True,True
Q4-2,2025-04-05,-1.1368683772161603e-13,1.8189894035458565e-12,0.0,1200.0,10800.0,True,True
Q4-3,2025-04-05,0.0,0.0,0.0,1552.6977370370375,9129.52840740741,True,True
Q2,2025-04-06,-1.1368683772161603e-13,4.547473508864641e-13,0.0,1200.0,10800.0,True,True
Q3,2025-04-06,0.0,0.0,0.0,1220.6192307623435,10800.0,True,True
Q4-2,2025-04-06,-1.1368683772161603e-13,9.094947017729282e-13,0.0,1200.0,10800.0,True,True
Q4-3,2025-04-06,0.0,0.0,0.0,1211.375151222221,10800.0,True,True
Q2,2025-04-07,-1.1368683772161603e-13,9.094947017729282e-13,0.0,1200.0,10800.0,True,True
Q3,2025-04-07,0.0,0.0,0.0,1219.027573456791,10800.000000000002,True,True
Q4-2,2025-04-07,-1.1368683772161603e-13,9.094947017729282e-13,0.0,1200.0,10800.0,True,True
Q4-3,2025-04-07,0.0,0.0,0.0,1219.878885648149,10800.000000000002,True,True
Q2,2025-04-08,-1.1368683772161603e-13,9.094947017729282e-13,0.0,1200.0,10800.0,True,True
Q3,2025-04-08,-4.718447854656915e-15,0.0,0.0,1200.0000000000014,10800.0,True,True
Q4-2,2025-04-08,-1.1368683772161603e-13,4.547473508864641e-13,0.0,1200.0,10800.0,True,True
Q4-3,2025-04-08,-4.718447854656915e-15,0.0,0.0,1200.0,10800.0,True,True
Q2,2025-04-09,-1.1368683772161603e-13,9.094947017729282e-13,0.0,1200.0,10800.0,True,True
Q3,2025-04-09,0.0,0.0,0.0,1200.0000000000011,10800.0,True,True
Q4-2,2025-04-09,-1.1368683772161603e-13,1.8189894035458565e-12,0.0,1200.0,10800.0,True,True
Q4-3,2025-04-09,0.0,0.0,0.0,1200.0000000000002,10800.0,True,True
Q2,2025-04-10,-1.1368683772161603e-13,9.094947017729282e-13,0.0,1200.0,10800.0,True,True
Q3,2025-04-10,-4.440892098500626e-15,0.0,0.0,1199.9999999999995,10800.0,True,True
Q4-2,2025-04-10,-1.1368683772161603e-13,4.547473508864641e-13,0.0,1200.0,10800.0,True,True
Q4-3,2025-04-10,-4.440892098500626e-15,0.0,0.0,1200.000000000001,10800.0,True,True
Q2,2025-04-11,-1.1368683772161603e-13,9.094947017729282e-13,0.0,1200.0,10800.0,True,True
Q3,2025-04-11,0.0,0.0,0.0,1400.2667550925933,9299.41209074074,True,True
Q4-2,2025-04-11,-1.1368683772161603e-13,9.094947017729282e-13,0.0,1200.0,10800.0,True,True
Q4-3,2025-04-11,0.0,0.0,0.0,1400.2667550925933,9217.307457761111,True,True
Q2,2025-04-12,-1.1368683772161603e-13,9.094947017729282e-13,0.0,1200.0,10800.0,True,True
Q3,2025-04-12,0.0,0.0,0.0,1822.9730833333347,9202.28263703704,True,True
Q4-2,2025-04-12,-1.1368683772161603e-13,9.094947017729282e-13,0.0,1200.0,10800.0,True,True
Q4-3,2025-04-12,0.0,0.0,0.0,1702.3622253518538,9121.791966169754,True,True
Q2,2025-04-13,-1.1368683772161603e-13,2.2737367544323206e-13,0.0,1200.0,10800.0,True,True
Q3,2025-04-13,-7.105427357601002e-15,0.0,0.0,1200.0000000000005,10800.0,True,True
Q4-2,2025-04-13,-1.1368683772161603e-13,2.2737367544323206e-13,0.0,1200.0,10800.0,True,True
Q4-3,2025-04-13,-7.105427357601002e-15,0.0,0.0,1200.0000000000005,10800.0,True,True
Q2,2025-04-14,-1.1368683772161603e-13,9.094947017729282e-13,0.0,1200.0,10800.0,True,True
Q3,2025-04-14,-2.220446049250313e-15,0.0,0.0,1200.0000000000005,10800.0,True,True
Q4-2,2025-04-14,-1.1368683772161603e-13,4.547473508864641e-13,0.0,1200.0,10800.0,True,True
Q4-3,2025-04-14,-2.220446049250313e-15,0.0,0.0,1199.9999999999986,10800.000000000002,True,True
Q2,2025-04-15,-1.1368683772161603e-13,4.547473508864641e-13,0.0,1200.0,10800.0,True,True
Q3,2025-04-15,-8.881784197001252e-16,0.0,0.0,1200.0,10800.0,True,True
Q4-2,2025-04-15,-1.1368683772161603e-13,9.094947017729282e-13,0.0,1200.0,10800.0,True,True
Q4-3,2025-04-15,-8.881784197001252e-16,0.0,0.0,1200.0,10800.0,True,True
Q2,2025-04-16,-1.1368683772161603e-13,2.2737367544323206e-13,0.0,1200.0,10800.0,True,True
Q3,2025-04-16,0.0,0.0,0.0,1200.0000000000027,10800.0,True,True
Q4-2,2025-04-16,-1.1368683772161603e-13,2.2737367544323206e-13,0.0,1200.0,10800.0,True,True
Q4-3,2025-04-16,0.0,0.0,0.0,1199.9999999999995,10800.0,True,True
Q2,2025-04-17,-1.1368683772161603e-13,9.094947017729282e-13,0.0,1200.0,10800.0,True,True
Q3,2025-04-17,0.0,0.0,0.0,1200.0,10791.90400975,True,True
Q4-2,2025-04-17,-1.1368683772161603e-13,9.094947017729282e-13,0.0,1200.0,10800.0,True,True
Q4-3,2025-04-17,0.0,0.0,0.0,1200.0000000000007,10800.0,True,True
Q2,2025-04-18,-1.1368683772161603e-13,9.094947017729282e-13,0.0,1200.0,10800.0,True,True
Q3,2025-04-18,0.0,0.0,0.0,1549.3661541666656,9289.990616666668,True,True
Q4-2,2025-04-18,-1.1368683772161603e-13,4.547473508864641e-13,0.0,1200.0,10800.0,True,True
Q4-3,2025-04-18,0.0,0.0,0.0,1549.3661541666665,9289.990616666668,True,True
Q2,2025-04-19,-5.684341886080802e-14,9.094947017729282e-13,0.0,1200.0,10800.0,True,True
Q3,2025-04-19,0.0,0.0,0.0,2202.4405237962974,9380.153498796295,True,True
Q4-2,2025-04-19,-5.684341886080802e-14,9.094947017729282e-13,0.0,1200.0,10800.0,True,True
Q4-3,2025-04-19,0.0,0.0,0.0,2202.4405237962974,9380.153498796295,True,True
Q2,2025-04-20,-1.1368683772161603e-13,9.094947017729282e-13,0.0,1200.0,10800.0,True,True
Q3,2025-04-20,0.0,0.0,0.0,1200.0,10800.0,True,True
Q4-2,2025-04-20,-1.1368683772161603e-13,4.547473508864641e-13,0.0,1200.0,10800.0,True,True
Q4-3,2025-04-20,0.0,0.0,0.0,1200.0,10800.0,True,True
Q2,2025-04-21,-1.1368683772161603e-13,1.8189894035458565e-12,0.0,1200.0,10800.0,True,True
Q3,2025-04-21,0.0,0.0,0.0,1200.0000000000016,10800.0,True,True
Q4-2,2025-04-21,-1.1368683772161603e-13,1.8189894035458565e-12,0.0,1200.0,10800.0,True,True
Q4-3,2025-04-21,0.0,0.0,0.0,1200.0,10800.0,True,True
Q2,2025-04-22,-1.1368683772161603e-13,9.094947017729282e-13,0.0,1200.0,10800.0,True,True
Q3,2025-04-22,-3.552713678800501e-15,0.0,0.0,1200.0000000000018,10800.0,True,True
Q4-2,2025-04-22,-1.1368683772161603e-13,9.094947017729282e-13,0.0,1200.0,10800.0,True,True
Q4-3,2025-04-22,-3.552713678800501e-15,0.0,0.0,1200.0000000000005,10800.0,True,True
Q2,2025-04-23,-1.1368683772161603e-13,9.094947017729282e-13,0.0,1200.0,10800.0,True,True
Q3,2025-04-23,-8.881784197001252e-16,0.0,0.0,1200.0000000000002,10800.0,True,True
Q4-2,2025-04-23,-1.1368683772161603e-13,4.547473508864641e-13,0.0,1200.0,10800.0,True,True
Q4-3,2025-04-23,-8.881784197001252e-16,0.0,0.0,1200.0000000000002,10800.0,True,True
Q2,2025-04-24,-1.1368683772161603e-13,9.094947017729282e-13,0.0,1200.0,10800.0,True,True
Q3,2025-04-24,0.0,0.0,0.0,1200.0000000000011,10800.000000000002,True,True
Q4-2,2025-04-24,-1.1368683772161603e-13,9.094947017729282e-13,0.0,1200.0,10800.0,True,True
Q4-3,2025-04-24,0.0,0.0,0.0,1199.9999999999998,10800.000000000002,True,True
Q2,2025-04-25,-5.684341886080802e-14,1.8189894035458565e-12,0.0,1200.0,10800.0,True,True
Q3,2025-04-25,0.0,0.0,0.0,1644.0077167438274,9063.061135740742,True,True
Q4-2,2025-04-25,-5.684341886080802e-14,9.094947017729282e-13,0.0,1200.0,10800.0,True,True
Q4-3,2025-04-25,0.0,0.0,0.0,1644.0077167438283,9059.105853472221,True,True
Q2,2025-04-26,-5.684341886080802e-14,9.094947017729282e-13,0.0,1200.0,10800.0,True,True
Q3,2025-04-26,0.0,0.0,0.0,1585.3488956790131,9106.470861342594,True,True
Q4-2,2025-04-26,-5.684341886080802e-14,9.094947017729282e-13,0.0,1200.0,10800.0,True,True
Q4-3,2025-04-26,0.0,0.0,0.0,1585.348895679014,9106.470861342594,True,True
Q2,2025-04-27,-1.1368683772161603e-13,1.8189894035458565e-12,0.0,1200.0,10800.0,True,True
Q3,2025-04-27,-3.552713678800501e-15,0.0,0.0,1199.9999999999998,10800.0,True,True
Q4-2,2025-04-27,-1.1368683772161603e-13,9.094947017729282e-13,0.0,1200.0,10800.0,True,True
Q4-3,2025-04-27,-3.552713678800501e-15,0.0,0.0,1200.000000000001,10800.0,True,True
Q2,2025-04-28,-1.1368683772161603e-13,1.8189894035458565e-12,0.0,1200.0,10800.0,True,True
Q3,2025-04-28,0.0,0.0,0.0,1200.0000000000014,10800.0,True,True
Q4-2,2025-04-28,-1.1368683772161603e-13,9.094947017729282e-13,0.0,1200.0,10800.0,True,True
Q4-3,2025-04-28,0.0,0.0,0.0,1200.0000000000005,10800.0,True,True
Q2,2025-04-29,-1.1368683772161603e-13,4.547473508864641e-13,0.0,1200.0,10800.0,True,True
Q3,2025-04-29,0.0,0.0,0.0,1200.0000000000007,10800.0,True,True
Q4-2,2025-04-29,-1.1368683772161603e-13,4.547473508864641e-13,0.0,1200.0,10800.0,True,True
Q4-3,2025-04-29,0.0,0.0,0.0,1199.9999999999998,10800.0,True,True
Q2,2025-04-30,-1.1368683772161603e-13,1.8189894035458565e-12,0.0,1200.0,10800.0,True,True
Q3,2025-04-30,0.0,0.0,0.0,1200.0,10780.83443975,True,True
Q4-2,2025-04-30,-1.1368683772161603e-13,9.094947017729282e-13,0.0,1200.0,10800.0,True,True
Q4-3,2025-04-30,0.0,0.0,0.0,1200.0,10776.812069561729,True,True
Q2,2025-05-01,-1.1368683772161603e-13,9.094947017729282e-13,0.0,1200.0,10800.0,True,True
Q3,2025-05-01,0.0,0.0,0.0,1200.0,10800.0,True,True
Q4-2,2025-05-01,-1.1368683772161603e-13,4.547473508864641e-13,0.0,1200.0,10800.0,True,True
Q4-3,2025-05-01,0.0,0.0,0.0,1200.0,10800.0,True,True
Q2,2025-05-02,-1.1368683772161603e-13,9.094947017729282e-13,0.0,1200.0,10800.0,True,True
Q3,2025-05-02,0.0,0.0,0.0,1982.0787633950622,9420.873251851852,True,True
Q4-2,2025-05-02,-5.684341886080802e-14,9.094947017729282e-13,0.0,1200.0,10800.0,True,True
Q4-3,2025-05-02,0.0,0.0,0.0,1982.0787633950622,9420.873251851852,True,True
Q2,2025-05-03,-1.1368683772161603e-13,9.094947017729282e-13,0.0,1200.0,10800.0,True,True
Q3,2025-05-03,0.0,0.0,0.0,1969.8290925925949,9279.905159722222,True,True
Q4-2,2025-05-03,-1.1368683772161603e-13,4.547473508864641e-13,0.0,1200.0,10800.0,True,True
Q4-3,2025-05-03,0.0,0.0,0.0,1969.8290925925949,9279.905159722222,True,True
Q2,2025-05-04,-1.1368683772161603e-13,4.547473508864641e-13,0.0,1200.0,10800.0,True,True
Q3,2025-05-04,-5.329070518200751e-15,0.0,0.0,1200.0000000000027,10800.0,True,True
Q4-2,2025-05-04,-1.1368683772161603e-13,9.094947017729282e-13,0.0,1200.0,10800.0,True,True
Q4-3,2025-05-04,-5.329070518200751e-15,0.0,0.0,1200.0000000000005,10800.0,True,True
Q2,2025-05-05,-1.1368683772161603e-13,9.094947017729282e-13,0.0,1200.0,10800.0,True,True
Q3,2025-05-05,-7.105427357601002e-15,0.0,0.0,1200.0000000000007,10800.0,True,True
Q4-2,2025-05-05,-1.1368683772161603e-13,0.0,0.0,1200.0,10800.0,True,True
Q4-3,2025-05-05,-7.105427357601002e-15,0.0,0.0,1200.0000000000007,10800.0,True,True
Q2,2025-05-06,-1.1368683772161603e-13,9.094947017729282e-13,0.0,1200.0,10800.0,True,True
Q3,2025-05-06,0.0,0.0,0.0,1199.9999999999993,10800.0,True,True
Q4-2,2025-05-06,-1.1368683772161603e-13,9.094947017729282e-13,0.0,1200.0,10800.0,True,True
Q4-3,2025-05-06,0.0,0.0,0.0,1200.0000000000011,10800.0,True,True
Q2,2025-05-07,-1.1368683772161603e-13,2.2737367544323206e-13,0.0,1200.0,10800.0,True,True
Q3,2025-05-07,0.0,0.0,0.0,1199.9999999999986,10800.0,True,True
Q4-2,2025-05-07,-1.1368683772161603e-13,2.2737367544323206e-13,0.0,1200.0,10800.0,True,True
Q4-3,2025-05-07,0.0,0.0,0.0,1199.9999999999995,10800.0,True,True
Q2,2025-05-08,-1.1368683772161603e-13,9.094947017729282e-13,0.0,1200.0,10800.0,True,True
Q3,2025-05-08,0.0,0.0,0.0,1199.999999999999,10800.0,True,True
Q4-2,2025-05-08,-1.1368683772161603e-13,9.094947017729282e-13,0.0,1200.0,10800.0,True,True
Q4-3,2025-05-08,0.0,0.0,0.0,1200.000000000005,10800.0,True,True
Q2,2025-05-09,-1.1368683772161603e-13,9.094947017729282e-13,0.0,1200.0,10800.0,True,True
Q3,2025-05-09,0.0,0.0,0.0,1427.8298624999995,9268.262771559417,True,True
Q4-2,2025-05-09,-1.1368683772161603e-13,9.094947017729282e-13,0.0,1200.0,10800.0,True,True
Q4-3,2025-05-09,0.0,0.0,0.0,1427.8298624999995,9268.262771559417,True,True
Q2,2025-05-10,-5.684341886080802e-14,1.8189894035458565e-12,0.0,1200.0,10800.0,True,True
Q3,2025-05-10,0.0,0.0,0.0,1744.0376191188284,9246.577991804015,True,True
Q4-2,2025-05-10,-5.684341886080802e-14,1.8189894035458565e-12,0.0,1200.0,10800.0,True,True
Q4-3,2025-05-10,0.0,0.0,0.0,1819.5013922481498,9228.415684100002,True,True
Q2,2025-05-11,-1.1368683772161603e-13,4.547473508864641e-13,0.0,1200.0,10800.0,True,True
Q3,2025-05-11,0.0,0.0,0.0,1200.0000000000011,10800.0,True,True
Q4-2,2025-05-11,-1.1368683772161603e-13,4.547473508864641e-13,0.0,1200.0,10800.0,True,True
Q4-3,2025-05-11,0.0,0.0,0.0,1200.0000000000002,10800.0,True,True
Q2,2025-05-12,-1.1368683772161603e-13,9.094947017729282e-13,0.0,1200.0,10800.0,True,True
Q3,2025-05-12,0.0,0.0,0.0,1199.9999999999995,10800.0,True,True
Q4-2,2025-05-12,-1.1368683772161603e-13,9.094947017729282e-13,0.0,1200.0,10800.0,True,True
Q4-3,2025-05-12,0.0,0.0,0.0,1200.0,10800.0,True,True
Q2,2025-05-13,-1.1368683772161603e-13,4.547473508864641e-13,0.0,1200.0,10800.0,True,True
Q3,2025-05-13,0.0,0.0,0.0,1200.0000000000002,10800.0,True,True
Q4-2,2025-05-13,-1.1368683772161603e-13,9.094947017729282e-13,0.0,1200.0,10800.0,True,True
Q4-3,2025-05-13,0.0,0.0,0.0,1200.0000000000002,10800.0,True,True
Q2,2025-05-14,-1.1368683772161603e-13,1.8189894035458565e-12,0.0,1200.0,10800.0,True,True
Q3,2025-05-14,0.0,0.0,0.0,1200.000000000001,10800.0,True,True
Q4-2,2025-05-14,-1.1368683772161603e-13,1.8189894035458565e-12,0.0,1200.0,10800.0,True,True
Q4-3,2025-05-14,0.0,0.0,0.0,1200.0000000000014,10800.0,True,True
Q2,2025-05-15,-1.1368683772161603e-13,4.547473508864641e-13,0.0,1200.0,10800.0,True,True
Q3,2025-05-15,-1.7763568394002505e-15,0.0,0.0,1200.0000000000005,10736.454718645837,True,True
Q4-2,2025-05-15,0.0,4.547473508864641e-13,0.0,1200.0,10800.0,True,True
Q4-3,2025-05-15,-1.7763568394002505e-15,0.0,0.0,1200.0000000000014,10704.273066162039,True,True
Q2,2025-05-16,-5.684341886080802e-14,9.094947017729282e-13,0.0,1200.0,10800.0,True,True
Q3,2025-05-16,0.0,0.0,0.0,1431.816832160494,9149.512639064813,True,True
Q4-2,2025-05-16,-5.684341886080802e-14,9.094947017729282e-13,0.0,1200.0,10800.0,True,True
Q4-3,2025-05-16,0.0,0.0,0.0,1431.816832160494,9174.458081698145,True,True
Q2,2025-05-17,-5.684341886080802e-14,9.094947017729282e-13,0.0,1200.0,10800.0,True,True
Q3,2025-05-17,0.0,0.0,0.0,1549.9630632407411,9310.501777467594,True,True
Q4-2,2025-05-17,-1.1368683772161603e-13,2.2737367544323206e-13,0.0,1200.0,10800.0,True,True
Q4-3,2025-05-17,0.0,0.0,0.0,1549.9630632407407,9323.551618999076,True,True
Q2,2025-05-18,-1.1368683772161603e-13,0.0,0.0,1200.0,10800.0,True,True
Q3,2025-05-18,0.0,0.0,0.0,1200.0000000000005,10800.0,True,True
Q4-2,2025-05-18,-1.1368683772161603e-13,1.8189894035458565e-12,0.0,1200.0,10800.0,True,True
Q4-3,2025-05-18,0.0,0.0,0.0,1200.0000000000005,10800.0,True,True
Q2,2025-05-19,-1.1368683772161603e-13,1.8189894035458565e-12,0.0,1200.0,10800.0,True,True
Q3,2025-05-19,-1.7763568394002505e-15,0.0,0.0,1200.0,10800.0,True,True
Q4-2,2025-05-19,-5.684341886080802e-14,9.094947017729282e-13,0.0,1200.0,10800.0,True,True
Q4-3,2025-05-19,-1.7763568394002505e-15,0.0,0.0,1200.0000000000005,10800.0,True,True
Q2,2025-05-20,-1.1368683772161603e-13,4.547473508864641e-13,0.0,1200.0,10800.0,True,True
Q3,2025-05-20,0.0,0.0,0.0,1199.9999999999995,10800.0,True,True
Q4-2,2025-05-20,-1.1368683772161603e-13,4.547473508864641e-13,0.0,1200.0,10800.0,True,True
Q4-3,2025-05-20,0.0,0.0,0.0,1199.9999999999995,10800.0,True,True
Q2,2025-05-21,-1.1368683772161603e-13,4.547473508864641e-13,0.0,1200.0,10800.0,True,True
Q3,2025-05-21,0.0,0.0,0.0,1199.9999999999998,10800.0,True,True
Q4-2,2025-05-21,-1.1368683772161603e-13,0.0,0.0,1200.0,10800.0,True,True
Q4-3,2025-05-21,0.0,0.0,0.0,1199.9999999999998,10800.0,True,True
Q2,2025-05-22,-5.684341886080802e-14,4.547473508864641e-13,0.0,1200.0,10800.0,True,True
Q3,2025-05-22,0.0,0.0,0.0,1200.0000000000002,10779.642945875,True,True
Q4-2,2025-05-22,-1.1368683772161603e-13,4.547473508864641e-13,0.0,1200.0,10800.0,True,True
Q4-3,2025-05-22,0.0,0.0,0.0,1200.0000000000002,10780.025981625,True,True
Q2,2025-05-23,-5.684341886080802e-14,9.094947017729282e-13,0.0,1200.0,10800.0,True,True
Q3,2025-05-23,0.0,0.0,0.0,1776.5636027469145,9871.12090191821,True,True
Q4-2,2025-05-23,-1.1368683772161603e-13,9.094947017729282e-13,0.0,1200.0,10800.0,True,True
Q4-3,2025-05-23,0.0,0.0,0.0,1776.5636027469136,9870.426487103397,True,True
Q2,2025-05-24,-1.1368683772161603e-13,9.094947017729282e-13,0.0,1200.0,10800.0,True,True
Q3,2025-05-24,0.0,0.0,0.0,1485.6764139351865,9054.245957152776,True,True
Q4-2,2025-05-24,-1.1368683772161603e-13,9.094947017729282e-13,0.0,1200.0,10800.0,True,True
Q4-3,2025-05-24,0.0,0.0,0.0,1485.676413935186,9058.357395300925,True,True
Q2,2025-05-25,-1.1368683772161603e-13,2.2737367544323206e-13,0.0,1200.0,10800.0,True,True
Q3,2025-05-25,0.0,0.0,0.0,1200.0000000000011,10800.0,True,True
Q4-2,2025-05-25,-1.1368683772161603e-13,2.2737367544323206e-13,0.0,1200.0,10800.0,True,True
Q4-3,2025-05-25,0.0,0.0,0.0,1199.9999999999993,10800.0,True,True
Q2,2025-05-26,-1.1368683772161603e-13,4.547473508864641e-13,0.0,1200.0,10800.0,True,True
Q3,2025-05-26,0.0,0.0,0.0,1200.0000000000002,10769.583568668984,True,True
Q4-2,2025-05-26,-1.1368683772161603e-13,9.094947017729282e-13,0.0,1200.0,10800.0,True,True
Q4-3,2025-05-26,0.0,0.0,0.0,1200.0,10767.018072988423,True,True
Q2,2025-05-27,-1.1368683772161603e-13,2.2737367544323206e-13,0.0,1200.0,10800.0,True,True
Q3,2025-05-27,0.0,0.0,0.0,1200.0,10800.0,True,True
Q4-2,2025-05-27,-1.1368683772161603e-13,4.547473508864641e-13,0.0,1200.0,10800.0,True,True
Q4-3,2025-05-27,0.0,0.0,0.0,1200.0,10800.0,True,True
Q2,2025-05-28,-1.1368683772161603e-13,2.2737367544323206e-13,0.0,1200.0,10800.0,True,True
Q3,2025-05-28,0.0,0.0,0.0,1200.0000000000002,10800.0,True,True
Q4-2,2025-05-28,-1.1368683772161603e-13,4.547473508864641e-13,0.0,1200.0,10800.0,True,True
Q4-3,2025-05-28,0.0,0.0,0.0,1200.000000000002,10800.0,True,True
Q2,2025-05-29,-1.1368683772161603e-13,2.2737367544323206e-13,0.0,1200.0,10800.0,True,True
Q3,2025-05-29,0.0,0.0,0.0,1200.0000000000002,10800.0,True,True
Q4-2,2025-05-29,-1.1368683772161603e-13,9.094947017729282e-13,0.0,1200.0,10800.0,True,True
Q4-3,2025-05-29,0.0,0.0,0.0,1199.9999999999993,10800.0,True,True
Q2,2025-05-30,-1.1368683772161603e-13,9.094947017729282e-13,0.0,1200.0,10800.0,True,True
Q3,2025-05-30,0.0,0.0,0.0,1556.4847943148188,9221.904150796297,True,True
Q4-2,2025-05-30,0.0,9.094947017729282e-13,0.0,1200.0,10800.0,True,True
Q4-3,2025-05-30,0.0,0.0,0.0,1558.0710983888885,9221.731103018516,True,True
Q2,2025-05-31,-1.1368683772161603e-13,9.094947017729282e-13,0.0,1200.0,10800.0,True,True
Q3,2025-05-31,0.0,0.0,0.0,1666.6079123379625,9285.079995671298,True,True
Q4-2,2025-05-31,-1.1368683772161603e-13,9.094947017729282e-13,0.0,1200.0,10800.0,True,True
Q4-3,2025-05-31,0.0,0.0,0.0,1652.502786504628,9286.813990208333,True,True
Q2,2025-06-01,-1.1368683772161603e-13,9.094947017729282e-13,0.0,1200.0,10800.0,True,True
Q3,2025-06-01,0.0,0.0,0.0,1200.0000000000002,10800.0,True,True
Q4-2,2025-06-01,-1.1368683772161603e-13,9.094947017729282e-13,0.0,1200.0,10800.0,True,True
Q4-3,2025-06-01,0.0,0.0,0.0,1200.0000000000002,10800.0,True,True
Q2,2025-06-02,-1.1368683772161603e-13,0.0,0.0,1200.0,10800.0,True,True
Q3,2025-06-02,0.0,0.0,0.0,1200.0000000000002,10800.000000000002,True,True
Q4-2,2025-06-02,-1.1368683772161603e-13,0.0,0.0,1200.0,10800.0,True,True
Q4-3,2025-06-02,0.0,0.0,0.0,1200.0000000000002,10800.0,True,True
Q2,2025-06-03,-1.1368683772161603e-13,2.2737367544323206e-13,0.0,1200.0,10800.0,True,True
Q3,2025-06-03,0.0,0.0,0.0,1200.0000000000002,10800.0,True,True
Q4-2,2025-06-03,-1.1368683772161603e-13,2.2737367544323206e-13,0.0,1200.0,10800.0,True,True
Q4-3,2025-06-03,0.0,0.0,0.0,1200.0000000000002,10800.0,True,True
Q2,2025-06-04,-1.1368683772161603e-13,1.8189894035458565e-12,0.0,1200.0,10800.0,True,True
Q3,2025-06-04,0.0,0.0,0.0,1200.0000000000002,10800.0,True,True
Q4-2,2025-06-04,-1.1368683772161603e-13,1.8189894035458565e-12,0.0,1200.0,10800.0,True,True
Q4-3,2025-06-04,0.0,0.0,0.0,1200.0000000000002,10800.0,True,True
Q2,2025-06-05,-1.1368683772161603e-13,2.2737367544323206e-13,0.0,1200.0,10800.0,True,True
Q3,2025-06-05,0.0,0.0,0.0,1200.0000000000002,10800.0,True,True
Q4-2,2025-06-05,-1.1368683772161603e-13,2.2737367544323206e-13,0.0,1200.0,10800.0,True,True
Q4-3,2025-06-05,0.0,0.0,0.0,1200.0000000000002,10800.000000000002,True,True
Q2,2025-06-06,0.0,9.094947017729282e-13,0.0,1200.0,10800.0,True,True
Q3,2025-06-06,0.0,0.0,0.0,1200.0000000000002,10800.0,True,True
Q4-2,2025-06-06,0.0,9.094947017729282e-13,0.0,1200.0,10800.0,True,True
Q4-3,2025-06-06,0.0,0.0,0.0,1199.9999999999993,9514.866611111109,True,True
Q2,2025-06-07,-1.1368683772161603e-13,1.8189894035458565e-12,0.0,1200.0,10800.0,True,True
Q3,2025-06-07,0.0,0.0,0.0,1435.6374014351863,10800.0,True,True
Q4-2,2025-06-07,-1.1368683772161603e-13,1.8189894035458565e-12,0.0,1200.0,10800.0,True,True
Q4-3,2025-06-07,0.0,0.0,0.0,1439.6495149537045,9913.01821972222,True,True
Q2,2025-06-08,-1.1368683772161603e-13,2.2737367544323206e-13,0.0,1200.0,10800.0,True,True
Q3,2025-06-08,0.0,0.0,0.0,1200.0000000000002,10800.0,True,True
Q4-2,2025-06-08,-1.1368683772161603e-13,4.547473508864641e-13,0.0,1200.0,10800.0,True,True
Q4-3,2025-06-08,0.0,0.0,0.0,1200.0000000000002,10800.0,True,True
Q2,2025-06-09,-1.1368683772161603e-13,2.2737367544323206e-13,0.0,1200.0,10800.0,True,True
Q3,2025-06-09,0.0,0.0,0.0,1200.0000000000002,10800.0,True,True
Q4-2,2025-06-09,-1.1368683772161603e-13,2.2737367544323206e-13,0.0,1200.0,10800.0,True,True
Q4-3,2025-06-09,0.0,0.0,0.0,1200.0000000000002,10800.0,True,True
Q2,2025-06-10,-1.1368683772161603e-13,9.094947017729282e-13,0.0,1200.0,10800.0,True,True
Q3,2025-06-10,0.0,0.0,0.0,1200.0000000000002,10800.000000000004,True,True
Q4-2,2025-06-10,-1.1368683772161603e-13,4.547473508864641e-13,0.0,1200.0,10800.0,True,True
Q4-3,2025-06-10,0.0,0.0,0.0,1200.0000000000002,10800.0,True,True
Q2,2025-06-11,-1.1368683772161603e-13,4.547473508864641e-13,0.0,1200.0,10800.0,True,True
Q3,2025-06-11,0.0,0.0,0.0,1200.0000000000002,10800.0,True,True
Q4-2,2025-06-11,-1.1368683772161603e-13,4.547473508864641e-13,0.0,1200.0,10800.0,True,True
Q4-3,2025-06-11,0.0,0.0,0.0,1200.0000000000002,10800.0,True,True
Q2,2025-06-12,-1.1368683772161603e-13,4.547473508864641e-13,0.0,1200.0,10800.0,True,True
Q3,2025-06-12,0.0,0.0,0.0,1200.0000000000002,10800.000000000002,True,True
Q4-2,2025-06-12,-1.1368683772161603e-13,4.547473508864641e-13,0.0,1200.0,10800.0,True,True
Q4-3,2025-06-12,0.0,0.0,0.0,1200.0000000000002,10800.000000000004,True,True
Q2,2025-06-13,0.0,1.8189894035458565e-12,0.0,1200.0,10800.0,True,True
Q3,2025-06-13,0.0,0.0,0.0,1199.9999999999995,10800.0,True,True
Q4-2,2025-06-13,-1.1368683772161603e-13,9.094947017729282e-13,0.0,1200.0,10800.0,True,True
Q4-3,2025-06-13,0.0,0.0,0.0,1199.9999999999995,9338.727596296296,True,True
Q2,2025-06-14,-1.1368683772161603e-13,9.094947017729282e-13,0.0,1200.0,10800.0,True,True
Q3,2025-06-14,0.0,0.0,0.0,1199.999999999999,10800.0,True,True
Q4-2,2025-06-14,-1.1368683772161603e-13,9.094947017729282e-13,0.0,1200.0,10800.0,True,True
Q4-3,2025-06-14,0.0,0.0,0.0,1199.999999999999,9384.076491358024,True,True
Q2,2025-06-15,-1.1368683772161603e-13,9.094947017729282e-13,0.0,1200.0,10800.0,True,True
Q3,2025-06-15,0.0,0.0,0.0,1200.0000000000002,10800.000000000002,True,True
Q4-2,2025-06-15,-1.1368683772161603e-13,9.094947017729282e-13,0.0,1200.0,10800.0,True,True
Q4-3,2025-06-15,0.0,0.0,0.0,1200.0000000000002,10800.000000000002,True,True
Q2,2025-06-16,-1.1368683772161603e-13,4.547473508864641e-13,0.0,1200.0,10800.0,True,True
Q3,2025-06-16,0.0,0.0,0.0,1200.0000000000002,10800.0,True,True
Q4-2,2025-06-16,-1.1368683772161603e-13,4.547473508864641e-13,0.0,1200.0,10800.0,True,True
Q4-3,2025-06-16,0.0,0.0,0.0,1200.0000000000002,10800.0,True,True
Q2,2025-06-17,-1.1368683772161603e-13,2.2737367544323206e-13,0.0,1200.0,10800.0,True,True
Q3,2025-06-17,0.0,0.0,0.0,1200.0000000000002,10800.0,True,True
Q4-2,2025-06-17,-1.1368683772161603e-13,2.2737367544323206e-13,0.0,1200.0,10800.0,True,True
Q4-3,2025-06-17,0.0,0.0,0.0,1200.0000000000002,10800.0,True,True
Q2,2025-06-18,-1.1368683772161603e-13,2.2737367544323206e-13,0.0,1200.0,10800.0,True,True
Q3,2025-06-18,0.0,0.0,0.0,1200.0000000000002,10800.0,True,True
Q4-2,2025-06-18,-1.1368683772161603e-13,9.094947017729282e-13,0.0,1200.0,10800.0,True,True
Q4-3,2025-06-18,0.0,0.0,0.0,1200.0000000000002,10800.0,True,True
Q2,2025-06-19,-1.1368683772161603e-13,9.094947017729282e-13,0.0,1200.0,10800.0,True,True
Q3,2025-06-19,0.0,0.0,0.0,1200.0000000000002,10800.0,True,True
Q4-2,2025-06-19,-1.1368683772161603e-13,4.547473508864641e-13,0.0,1200.0,10800.0,True,True
Q4-3,2025-06-19,0.0,0.0,0.0,1200.0000000000002,10800.0,True,True
Q2,2025-06-20,-1.1368683772161603e-13,9.094947017729282e-13,0.0,1200.0,10800.0,True,True
Q3,2025-06-20,0.0,0.0,0.0,1200.0000000000014,10800.0,True,True
Q4-2,2025-06-20,-1.1368683772161603e-13,4.547473508864641e-13,0.0,1200.0,10800.0,True,True
Q4-3,2025-06-20,0.0,0.0,0.0,1199.9999999999982,9207.96613310185,True,True
Q2,2025-06-21,-1.1368683772161603e-13,9.094947017729282e-13,0.0,1200.0,10800.0,True,True
Q3,2025-06-21,0.0,0.0,0.0,1442.9670894814785,9511.021193802466,True,True
Q4-2,2025-06-21,-1.1368683772161603e-13,9.094947017729282e-13,0.0,1200.0,10800.0,True,True
Q4-3,2025-06-21,0.0,0.0,0.0,1444.2901067962953,9511.153559882714,True,True
Q2,2025-06-22,-1.1368683772161603e-13,2.2737367544323206e-13,0.0,1200.0,10800.0,True,True
Q3,2025-06-22,0.0,0.0,0.0,1200.000000000001,10800.0,True,True
Q4-2,2025-06-22,-1.1368683772161603e-13,9.094947017729282e-13,0.0,1200.0,10800.0,True,True
Q4-3,2025-06-22,0.0,0.0,0.0,1200.0000000000005,10800.0,True,True
Q2,2025-06-23,-1.1368683772161603e-13,9.094947017729282e-13,0.0,1200.0,10800.0,True,True
Q3,2025-06-23,0.0,0.0,0.0,1200.0000000000002,10800.0,True,True
Q4-2,2025-06-23,-1.1368683772161603e-13,4.547473508864641e-13,0.0,1200.0,10800.0,True,True
Q4-3,2025-06-23,0.0,0.0,0.0,1200.0000000000002,10800.0,True,True
Q2,2025-06-24,-1.1368683772161603e-13,4.547473508864641e-13,0.0,1200.0,10800.0,True,True
Q3,2025-06-24,0.0,0.0,0.0,1200.0000000000002,10800.0,True,True
Q4-2,2025-06-24,-1.1368683772161603e-13,9.094947017729282e-13,0.0,1200.0,10800.0,True,True
Q4-3,2025-06-24,0.0,0.0,0.0,1200.0000000000002,10800.0,True,True
Q2,2025-06-25,-1.1368683772161603e-13,2.2737367544323206e-13,0.0,1200.0,10800.0,True,True
Q3,2025-06-25,0.0,0.0,0.0,1211.3981774691358,10800.0,True,True
Q4-2,2025-06-25,-1.1368683772161603e-13,9.094947017729282e-13,0.0,1200.0,10800.0,True,True
Q4-3,2025-06-25,0.0,0.0,0.0,1209.3755509259265,10800.0,True,True
Q2,2025-06-26,-1.1368683772161603e-13,9.094947017729282e-13,0.0,1200.0,10800.0,True,True
Q3,2025-06-26,0.0,0.0,0.0,1200.0000000000007,10800.0,True,True
Q4-2,2025-06-26,-1.1368683772161603e-13,9.094947017729282e-13,0.0,1200.0,10800.0,True,True
Q4-3,2025-06-26,0.0,0.0,0.0,1199.9999999999998,10800.0,True,True
Q2,2025-06-27,-1.1368683772161603e-13,9.094947017729282e-13,0.0,1200.0,10800.0,True,True
Q3,2025-06-27,0.0,0.0,0.0,1309.7059193981527,10049.47929915926,True,True
Q4-2,2025-06-27,-1.1368683772161603e-13,9.094947017729282e-13,0.0,1200.0,10800.0,True,True
Q4-3,2025-06-27,0.0,0.0,0.0,1309.7059193981513,10049.47929915926,True,True
Q2,2025-06-28,-1.1368683772161603e-13,9.094947017729282e-13,0.0,1200.0,10800.0,True,True
Q3,2025-06-28,0.0,0.0,0.0,1362.2879117191358,10432.503839519446,True,True
Q4-2,2025-06-28,-1.1368683772161603e-13,9.094947017729282e-13,0.0,1200.0,10800.0,True,True
Q4-3,2025-06-28,0.0,0.0,0.0,1362.287911719134,10014.261363007101,True,True
Q2,2025-06-29,-1.1368683772161603e-13,9.094947017729282e-13,0.0,1200.0,10800.0,True,True
Q3,2025-06-29,0.0,0.0,0.0,1200.0000000000011,10800.0,True,True
Q4-2,2025-06-29,-1.1368683772161603e-13,9.094947017729282e-13,0.0,1200.0,10800.0,True,True
Q4-3,2025-06-29,0.0,0.0,0.0,1200.0000000000002,10800.0,True,True
Q2,2025-06-30,-1.1368683772161603e-13,2.2737367544323206e-13,0.0,1200.0,10800.0,True,True
Q3,2025-06-30,0.0,0.0,0.0,1200.0000000000025,10800.0,True,True
Q4-2,2025-06-30,-1.1368683772161603e-13,4.547473508864641e-13,0.0,1200.0,10800.0,True,True
Q4-3,2025-06-30,0.0,0.0,0.0,1289.3119491705265,10800.0,True,True
Q2,2025-07-01,-1.1368683772161603e-13,4.547473508864641e-13,0.0,1200.0,10800.0,True,True
Q3,2025-07-01,0.0,0.0,0.0,1200.0000000000002,10800.0,True,True
Q4-2,2025-07-01,-1.1368683772161603e-13,9.094947017729282e-13,0.0,1200.0,10800.0,True,True
Q4-3,2025-07-01,0.0,0.0,0.0,1200.0000000000002,10800.0,True,True
Q2,2025-07-02,-1.1368683772161603e-13,1.8189894035458565e-12,0.0,1200.0,10800.0,True,True
Q3,2025-07-02,0.0,0.0,0.0,1200.0000000000002,10800.0,True,True
Q4-2,2025-07-02,-1.1368683772161603e-13,1.8189894035458565e-12,0.0,1200.0,10800.0,True,True
Q4-3,2025-07-02,0.0,0.0,0.0,1200.0000000000002,10800.0,True,True
Q2,2025-07-03,-1.1368683772161603e-13,9.094947017729282e-13,0.0,1200.0,10800.0,True,True
Q3,2025-07-03,0.0,0.0,0.0,1200.0000000000002,10800.0,True,True
Q4-2,2025-07-03,-1.1368683772161603e-13,4.547473508864641e-13,0.0,1200.0,10800.0,True,True
Q4-3,2025-07-03,0.0,0.0,0.0,1200.0000000000002,10800.000000000002,True,True
Q2,2025-07-04,-1.1368683772161603e-13,9.094947017729282e-13,0.0,1200.0,10800.0,True,True
Q3,2025-07-04,0.0,0.0,0.0,1200.0000000000002,10670.681730481483,True,True
Q4-2,2025-07-04,-1.1368683772161603e-13,9.094947017729282e-13,0.0,1200.0,10800.0,True,True
Q4-3,2025-07-04,0.0,0.0,0.0,1200.0000000000002,10670.681730481483,True,True
Q2,2025-07-05,-1.1368683772161603e-13,1.8189894035458565e-12,0.0,1200.0,10800.0,True,True
Q3,2025-07-05,0.0,0.0,0.0,1200.0000000000005,10435.647172370363,True,True
Q4-2,2025-07-05,-1.1368683772161603e-13,1.8189894035458565e-12,0.0,1200.0,10800.0,True,True
Q4-3,2025-07-05,0.0,0.0,0.0,1200.0000000000005,10433.619390333328,True,True
Q2,2025-07-06,-1.1368683772161603e-13,4.547473508864641e-13,0.0,1200.0,10800.0,True,True
Q3,2025-07-06,0.0,0.0,0.0,1200.0000000000002,10800.0,True,True
Q4-2,2025-07-06,-1.1368683772161603e-13,9.094947017729282e-13,0.0,1200.0,10800.0,True,True
Q4-3,2025-07-06,0.0,0.0,0.0,1200.0000000000002,10800.0,True,True
Q2,2025-07-07,-1.1368683772161603e-13,2.2737367544323206e-13,0.0,1200.0,10800.0,True,True
Q3,2025-07-07,0.0,0.0,0.0,1200.0000000000002,10800.0,True,True
Q4-2,2025-07-07,-1.1368683772161603e-13,4.547473508864641e-13,0.0,1200.0,10800.0,True,True
Q4-3,2025-07-07,0.0,0.0,0.0,1200.0000000000002,10800.0,True,True
Q2,2025-07-08,-1.1368683772161603e-13,4.547473508864641e-13,0.0,1200.0,10800.0,True,True
Q3,2025-07-08,0.0,0.0,0.0,1199.9999999999998,10800.0,True,True
Q4-2,2025-07-08,-1.1368683772161603e-13,4.547473508864641e-13,0.0,1200.0,10800.0,True,True
Q4-3,2025-07-08,0.0,0.0,0.0,1200.0000000000002,10800.0,True,True
Q2,2025-07-09,-1.1368683772161603e-13,9.094947017729282e-13,0.0,1200.0,10800.0,True,True
Q3,2025-07-09,0.0,0.0,0.0,1200.0000000000002,10800.0,True,True
Q4-2,2025-07-09,-1.1368683772161603e-13,9.094947017729282e-13,0.0,1200.0,10800.0,True,True
Q4-3,2025-07-09,0.0,0.0,0.0,1200.0000000000002,10800.0,True,True
Q2,2025-07-10,-1.1368683772161603e-13,9.094947017729282e-13,0.0,1200.0,10800.0,True,True
Q3,2025-07-10,0.0,0.0,0.0,1199.9999999999986,10800.0,True,True
Q4-2,2025-07-10,-1.1368683772161603e-13,9.094947017729282e-13,0.0,1200.0,10800.0,True,True
Q4-3,2025-07-10,0.0,0.0,0.0,1200.0000000000002,10800.0,True,True
Q2,2025-07-11,-1.1368683772161603e-13,9.094947017729282e-13,0.0,1200.0,10800.0,True,True
Q3,2025-07-11,0.0,0.0,0.0,1480.4530665625011,10084.1116353125,True,True
Q4-2,2025-07-11,-1.1368683772161603e-13,9.094947017729282e-13,0.0,1200.0,10800.0,True,True
Q4-3,2025-07-11,0.0,0.0,0.0,1480.4530665625011,10084.1116353125,True,True
Q2,2025-07-12,-1.1368683772161603e-13,4.547473508864641e-13,0.0,1200.0,10800.0,True,True
Q3,2025-07-12,0.0,0.0,0.0,1200.0,10800.0,True,True
Q4-2,2025-07-12,-1.1368683772161603e-13,4.547473508864641e-13,0.0,1200.0,10800.0,True,True
Q4-3,2025-07-12,0.0,0.0,0.0,1200.0,10800.0,True,True
Q2,2025-07-13,-1.1368683772161603e-13,9.094947017729282e-13,0.0,1200.0,10800.0,True,True
Q3,2025-07-13,0.0,0.0,0.0,1200.0000000000002,10800.0,True,True
Q4-2,2025-07-13,-1.1368683772161603e-13,4.547473508864641e-13,0.0,1200.0,10800.0,True,True
Q4-3,2025-07-13,0.0,0.0,0.0,1200.0000000000002,10800.0,True,True
Q2,2025-07-14,-1.1368683772161603e-13,4.547473508864641e-13,0.0,1200.0,10800.0,True,True
Q3,2025-07-14,0.0,0.0,0.0,1200.0000000000002,10800.0,True,True
Q4-2,2025-07-14,-1.1368683772161603e-13,9.094947017729282e-13,0.0,1200.0,10800.0,True,True
Q4-3,2025-07-14,0.0,0.0,0.0,1200.0000000000002,10800.0,True,True
Q2,2025-07-15,-1.1368683772161603e-13,9.094947017729282e-13,0.0,1200.0,10800.0,True,True
Q3,2025-07-15,0.0,0.0,0.0,1200.0000000000002,10800.0,True,True
Q4-2,2025-07-15,-1.1368683772161603e-13,2.2737367544323206e-13,0.0,1200.0,10800.0,True,True
Q4-3,2025-07-15,0.0,0.0,0.0,1200.0000000000002,10800.0,True,True
Q2,2025-07-16,-1.1368683772161603e-13,9.094947017729282e-13,0.0,1200.0,10800.0,True,True
Q3,2025-07-16,0.0,0.0,0.0,1200.0000000000002,10800.0,True,True
Q4-2,2025-07-16,-1.1368683772161603e-13,9.094947017729282e-13,0.0,1200.0,10800.0,True,True
Q4-3,2025-07-16,0.0,0.0,0.0,1200.0000000000002,10800.0,True,True
Q2,2025-07-17,-1.1368683772161603e-13,2.2737367544323206e-13,0.0,1200.0,10800.0,True,True
Q3,2025-07-17,0.0,0.0,0.0,1200.0000000000002,10800.0,True,True
Q4-2,2025-07-17,-1.1368683772161603e-13,2.2737367544323206e-13,0.0,1200.0,10800.0,True,True
Q4-3,2025-07-17,0.0,0.0,0.0,1200.0000000000002,10800.0,True,True
Q2,2025-07-18,-1.1368683772161603e-13,4.547473508864641e-13,0.0,1200.0,10800.0,True,True
Q3,2025-07-18,0.0,0.0,0.0,1323.07775209491,9615.229042141205,True,True
Q4-2,2025-07-18,-1.1368683772161603e-13,4.547473508864641e-13,0.0,1200.0,10800.0,True,True
Q4-3,2025-07-18,0.0,0.0,0.0,1323.077752094909,9615.229042141205,True,True
Q2,2025-07-19,-1.1368683772161603e-13,9.094947017729282e-13,0.0,1200.0,10800.0,True,True
Q3,2025-07-19,0.0,0.0,0.0,1310.6028392129601,9609.460116296295,True,True
Q4-2,2025-07-19,-1.1368683772161603e-13,9.094947017729282e-13,0.0,1200.0,10800.0,True,True
Q4-3,2025-07-19,0.0,0.0,0.0,1310.6028392129601,9609.460116296295,True,True
Q2,2025-07-20,-1.1368683772161603e-13,4.547473508864641e-13,0.0,1200.0,10800.0,True,True
Q3,2025-07-20,0.0,0.0,0.0,1200.0000000000002,10800.0,True,True
Q4-2,2025-07-20,-1.1368683772161603e-13,9.094947017729282e-13,0.0,1200.0,10800.0,True,True
Q4-3,2025-07-20,0.0,0.0,0.0,1200.0000000000002,10800.0,True,True
Q2,2025-07-21,-1.1368683772161603e-13,2.2737367544323206e-13,0.0,1200.0,10800.0,True,True
Q3,2025-07-21,0.0,0.0,0.0,1200.0000000000002,10800.0,True,True
Q4-2,2025-07-21,-1.1368683772161603e-13,2.2737367544323206e-13,0.0,1200.0,10800.0,True,True
Q4-3,2025-07-21,0.0,0.0,0.0,1200.0000000000002,10800.0,True,True
Q2,2025-07-22,-1.1368683772161603e-13,4.547473508864641e-13,0.0,1200.0,10800.0,True,True
Q3,2025-07-22,0.0,0.0,0.0,1200.0000000000002,10800.0,True,True
Q4-2,2025-07-22,-1.1368683772161603e-13,9.094947017729282e-13,0.0,1200.0,10800.0,True,True
Q4-3,2025-07-22,0.0,0.0,0.0,1200.0000000000002,10800.0,True,True
Q2,2025-07-23,-1.1368683772161603e-13,9.094947017729282e-13,0.0,1200.0,10800.0,True,True
Q3,2025-07-23,0.0,0.0,0.0,1200.0000000000002,10800.000000000004,True,True
Q4-2,2025-07-23,-1.1368683772161603e-13,9.094947017729282e-13,0.0,1200.0,10800.0,True,True
Q4-3,2025-07-23,0.0,0.0,0.0,1200.0000000000002,10800.000000000004,True,True
Q2,2025-07-24,-5.684341886080802e-14,4.547473508864641e-13,0.0,1200.0,10800.0,True,True
Q3,2025-07-24,0.0,0.0,0.0,1200.0000000000002,10800.0,True,True
Q4-2,2025-07-24,-1.1368683772161603e-13,4.547473508864641e-13,0.0,1200.0,10800.0,True,True
Q4-3,2025-07-24,0.0,0.0,0.0,1200.0000000000002,10800.0,True,True
Q2,2025-07-25,-1.1368683772161603e-13,9.094947017729282e-13,0.0,1200.0,10800.0,True,True
Q3,2025-07-25,0.0,0.0,0.0,1365.9566205671294,9314.968629594907,True,True
Q4-2,2025-07-25,-1.1368683772161603e-13,9.094947017729282e-13,0.0,1200.0,10800.0,True,True
Q4-3,2025-07-25,0.0,0.0,0.0,1365.95662056713,9314.968629594907,True,True
Q2,2025-07-26,-1.1368683772161603e-13,4.547473508864641e-13,0.0,1200.0,10800.0,True,True
Q3,2025-07-26,0.0,0.0,0.0,1270.3701384606504,9311.783680358798,True,True
Q4-2,2025-07-26,-1.1368683772161603e-13,4.547473508864641e-13,0.0,1200.0,10800.0,True,True
Q4-3,2025-07-26,0.0,0.0,0.0,1270.3701384606477,9311.783680358796,True,True
Q2,2025-07-27,-1.1368683772161603e-13,1.8189894035458565e-12,0.0,1200.0,10800.0,True,True
Q3,2025-07-27,0.0,0.0,0.0,1200.0000000000002,10800.0,True,True
Q4-2,2025-07-27,-1.1368683772161603e-13,1.8189894035458565e-12,0.0,1200.0,10800.0,True,True
Q4-3,2025-07-27,0.0,0.0,0.0,1200.0000000000002,10800.0,True,True
Q2,2025-07-28,-1.1368683772161603e-13,9.094947017729282e-13,0.0,1200.0,10800.0,True,True
Q3,2025-07-28,-4.746203430272544e-15,0.0,0.0,1200.0000000000002,10800.0,True,True
Q4-2,2025-07-28,-1.1368683772161603e-13,9.094947017729282e-13,0.0,1200.0,10800.0,True,True
Q4-3,2025-07-28,-7.105427357601002e-15,0.0,0.0,1200.0000000000002,10800.0,True,True
Q2,2025-07-29,-1.1368683772161603e-13,4.547473508864641e-13,0.0,1200.0,10800.0,True,True
Q3,2025-07-29,-3.552713678800501e-15,0.0,0.0,1200.0,10800.0,True,True
Q4-2,2025-07-29,-1.1368683772161603e-13,4.547473508864641e-13,0.0,1200.0,10800.0,True,True
Q4-3,2025-07-29,-3.552713678800501e-15,0.0,0.0,1200.0000000000005,10800.0,True,True
Q2,2025-07-30,-1.1368683772161603e-13,2.2737367544323206e-13,0.0,1200.0,10800.0,True,True
Q3,2025-07-30,0.0,0.0,0.0,1200.0,10800.0,True,True
Q4-2,2025-07-30,-1.1368683772161603e-13,2.2737367544323206e-13,0.0,1200.0,10800.0,True,True
Q4-3,2025-07-30,0.0,0.0,0.0,1200.0000000000005,10800.0,True,True
Q2,2025-07-31,-1.1368683772161603e-13,2.2737367544323206e-13,0.0,1200.0,10800.0,True,True
Q3,2025-07-31,0.0,0.0,0.0,1200.0000000000036,10800.0,True,True
Q4-2,2025-07-31,-1.1368683772161603e-13,2.2737367544323206e-13,0.0,1200.0,10800.0,True,True
Q4-3,2025-07-31,0.0,0.0,0.0,1200.0000000000036,10800.0,True,True
Q2,2025-08-01,-1.1368683772161603e-13,9.094947017729282e-13,0.0,1200.0,10800.0,True,True
Q3,2025-08-01,0.0,0.0,0.0,1200.0000000000014,9196.799915046297,True,True
Q4-2,2025-08-01,-1.1368683772161603e-13,9.094947017729282e-13,0.0,1200.0,10800.0,True,True
Q4-3,2025-08-01,0.0,0.0,0.0,1200.0000000000014,9196.799915046297,True,True
Q2,2025-08-02,-1.1368683772161603e-13,9.094947017729282e-13,0.0,1200.0,10800.0,True,True
Q3,2025-08-02,0.0,0.0,0.0,1200.0000000000014,9081.765688657408,True,True
Q4-2,2025-08-02,-1.1368683772161603e-13,9.094947017729282e-13,0.0,1200.0,10800.0,True,True
Q4-3,2025-08-02,0.0,0.0,0.0,1200.0000000000018,9081.765688657408,True,True
Q2,2025-08-03,-1.1368683772161603e-13,2.2737367544323206e-13,0.0,1200.0,10800.0,True,True
Q3,2025-08-03,-2.6645352591003757e-15,0.0,0.0,1200.0,10722.327013888891,True,True
Q4-2,2025-08-03,-1.1368683772161603e-13,4.547473508864641e-13,0.0,1200.0,10800.0,True,True
Q4-3,2025-08-03,-2.6645352591003757e-15,0.0,0.0,1199.999999999999,10722.32701388889,True,True
Q2,2025-08-04,-1.1368683772161603e-13,4.547473508864641e-13,0.0,1200.0,10800.0,True,True
Q3,2025-08-04,0.0,0.0,0.0,1200.0000000000002,10800.0,True,True
Q4-2,2025-08-04,-1.1368683772161603e-13,4.547473508864641e-13,0.0,1200.0,10800.0,True,True
Q4-3,2025-08-04,0.0,0.0,0.0,1200.0000000000002,10725.023001736115,True,True
Q2,2025-08-05,-1.1368683772161603e-13,9.094947017729282e-13,0.0,1200.0,10800.0,True,True
Q3,2025-08-05,0.0,0.0,0.0,1200.0000000000007,10800.0,True,True
Q4-2,2025-08-05,-1.1368683772161603e-13,9.094947017729282e-13,0.0,1200.0,10800.0,True,True
Q4-3,2025-08-05,0.0,0.0,0.0,1200.0000000000002,10623.617375694443,True,True
Q2,2025-08-06,-1.1368683772161603e-13,2.2737367544323206e-13,0.0,1200.0,10800.0,True,True
Q3,2025-08-06,0.0,0.0,0.0,1200.0000000000036,10800.0,True,True
Q4-2,2025-08-06,-1.1368683772161603e-13,2.2737367544323206e-13,0.0,1200.0,10800.0,True,True
Q4-3,2025-08-06,0.0,0.0,0.0,1200.0000000000036,10700.048146157405,True,True
Q2,2025-08-07,-1.1368683772161603e-13,9.094947017729282e-13,0.0,1200.0,10800.0,True,True
Q3,2025-08-07,0.0,0.0,0.0,1275.2407712962952,10800.0,True,True
Q4-2,2025-08-07,-1.1368683772161603e-13,4.547473508864641e-13,0.0,1200.0,10800.0,True,True
Q4-3,2025-08-07,0.0,0.0,0.0,1275.2407712962943,10800.0,True,True
Q2,2025-08-08,-1.1368683772161603e-13,9.094947017729282e-13,0.0,1200.0,10800.0,True,True
Q3,2025-08-08,0.0,0.0,0.0,1200.0000000000014,9131.485879629632,True,True
Q4-2,2025-08-08,-1.1368683772161603e-13,9.094947017729282e-13,0.0,1200.0,10800.0,True,True
Q4-3,2025-08-08,0.0,0.0,0.0,1200.0000000000023,9131.48587962963,True,True
Q2,2025-08-09,0.0,4.547473508864641e-13,0.0,1200.0,10800.0,True,True
Q3,2025-08-09,0.0,0.0,0.0,1199.9999999999975,9003.968359259257,True,True
Q4-2,2025-08-09,0.0,4.547473508864641e-13,0.0,1200.0,10800.0,True,True
Q4-3,2025-08-09,0.0,0.0,0.0,1200.0000000000016,9003.968359259261,True,True
Q2,2025-08-10,-1.1368683772161603e-13,2.2737367544323206e-13,0.0,1200.0,10800.0,True,True
Q3,2025-08-10,0.0,0.0,0.0,1200.0,10800.0,True,True
Q4-2,2025-08-10,-1.1368683772161603e-13,9.094947017729282e-13,0.0,1200.0,10800.0,True,True
Q4-3,2025-08-10,0.0,0.0,0.0,1200.0,10744.452003958335,True,True
Q2,2025-08-11,-1.1368683772161603e-13,2.2737367544323206e-13,0.0,1200.0,10800.0,True,True
Q3,2025-08-11,0.0,0.0,0.0,1286.5290595123495,10800.0,True,True
Q4-2,2025-08-11,-1.1368683772161603e-13,2.2737367544323206e-13,0.0,1200.0,10800.0,True,True
Q4-3,2025-08-11,0.0,0.0,0.0,1286.5290595123467,10800.0,True,True
Q2,2025-08-12,-1.1368683772161603e-13,4.547473508864641e-13,0.0,1200.0,10800.0,True,True
Q3,2025-08-12,0.0,0.0,0.0,1227.0704614197593,10800.000000000002,True,True
Q4-2,2025-08-12,-1.1368683772161603e-13,2.2737367544323206e-13,0.0,1200.0,10800.0,True,True
Q4-3,2025-08-12,0.0,0.0,0.0,1227.070461419757,10800.0,True,True
Q2,2025-08-13,-1.1368683772161603e-13,2.2737367544323206e-13,0.0,1200.0,10800.0,True,True
Q3,2025-08-13,-3.552713678800501e-15,0.0,0.0,1211.3219016203686,10800.0,True,True
Q4-2,2025-08-13,-1.1368683772161603e-13,4.547473508864641e-13,0.0,1200.0,10800.0,True,True
Q4-3,2025-08-13,-3.552713678800501e-15,0.0,0.0,1211.3219016203686,10800.0,True,True
Q2,2025-08-14,-1.1368683772161603e-13,4.547473508864641e-13,0.0,1200.0,10800.0,True,True
Q3,2025-08-14,0.0,0.0,0.0,1199.9999999999998,10800.0,True,True
Q4-2,2025-08-14,-1.1368683772161603e-13,4.547473508864641e-13,0.0,1200.0,10800.0,True,True
Q4-3,2025-08-14,0.0,0.0,0.0,1199.9999999999998,10730.315351550926,True,True
Q2,2025-08-15,-1.1368683772161603e-13,4.547473508864641e-13,0.0,1200.0,10800.0,True,True
Q3,2025-08-15,0.0,0.0,0.0,1309.0185439814813,9229.58103148148,True,True
Q4-2,2025-08-15,-1.1368683772161603e-13,4.547473508864641e-13,0.0,1200.0,10800.0,True,True
Q4-3,2025-08-15,0.0,0.0,0.0,1309.0185439814813,9229.58103148148,True,True
Q2,2025-08-16,0.0,4.547473508864641e-13,0.0,1200.0,10800.0,True,True
Q3,2025-08-16,0.0,0.0,0.0,1292.7172601851871,9204.487842361112,True,True
Q4-2,2025-08-16,-1.1368683772161603e-13,9.094947017729282e-13,0.0,1200.0,10800.0,True,True
Q4-3,2025-08-16,0.0,0.0,0.0,1292.7172601851871,9204.487842361112,True,True
Q2,2025-08-17,-1.1368683772161603e-13,9.094947017729282e-13,0.0,1200.0,10800.0,True,True
Q3,2025-08-17,0.0,0.0,0.0,1200.0,10800.0,True,True
Q4-2,2025-08-17,-1.1368683772161603e-13,9.094947017729282e-13,0.0,1200.0,10800.0,True,True
Q4-3,2025-08-17,0.0,0.0,0.0,1200.0,10800.0,True,True
Q2,2025-08-18,-1.1368683772161603e-13,2.2737367544323206e-13,0.0,1200.0,10800.0,True,True
Q3,2025-08-18,0.0,0.0,0.0,1199.9999999999993,10800.0,True,True
Q4-2,2025-08-18,-1.1368683772161603e-13,2.2737367544323206e-13,0.0,1200.0,10800.0,True,True
Q4-3,2025-08-18,0.0,0.0,0.0,1199.9999999999993,10800.0,True,True
Q2,2025-08-19,-1.1368683772161603e-13,2.2737367544323206e-13,0.0,1200.0,10800.0,True,True
Q3,2025-08-19,0.0,0.0,0.0,1259.602413935186,10800.0,True,True
Q4-2,2025-08-19,-1.1368683772161603e-13,2.2737367544323206e-13,0.0,1200.0,10800.0,True,True
Q4-3,2025-08-19,0.0,0.0,0.0,1259.602413935186,10720.184212546297,True,True
Q2,2025-08-20,-1.1368683772161603e-13,2.2737367544323206e-13,0.0,1200.0,10800.0,True,True
Q3,2025-08-20,0.0,0.0,0.0,1200.0,10800.0,True,True
Q4-2,2025-08-20,-1.1368683772161603e-13,4.547473508864641e-13,0.0,1200.0,10800.0,True,True
Q4-3,2025-08-20,0.0,0.0,0.0,1200.0,10800.0,True,True
Q2,2025-08-21,-1.1368683772161603e-13,1.8189894035458565e-12,0.0,1200.0,10800.0,True,True
Q3,2025-08-21,0.0,0.0,0.0,1201.9377104513878,10800.0,True,True
Q4-2,2025-08-21,-1.1368683772161603e-13,1.8189894035458565e-12,0.0,1200.0,10800.0,True,True
Q4-3,2025-08-21,0.0,0.0,0.0,1201.9377104513878,10800.0,True,True
Q2,2025-08-22,-1.1368683772161603e-13,9.094947017729282e-13,0.0,1200.0,10800.0,True,True
Q3,2025-08-22,0.0,0.0,0.0,1200.0000000000036,9181.875676851854,True,True
Q4-2,2025-08-22,-1.1368683772161603e-13,9.094947017729282e-13,0.0,1200.0,10800.0,True,True
Q4-3,2025-08-22,0.0,0.0,0.0,1200.0000000000036,9181.875676851854,True,True
Q2,2025-08-23,-1.1368683772161603e-13,9.094947017729282e-13,0.0,1200.0,10800.0,True,True
Q3,2025-08-23,0.0,0.0,0.0,1506.2109238518497,9409.058928249999,True,True
Q4-2,2025-08-23,-1.1368683772161603e-13,9.094947017729282e-13,0.0,1200.0,10800.0,True,True
Q4-3,2025-08-23,0.0,0.0,0.0,1506.2109238518497,9409.058928249999,True,True
Q2,2025-08-24,-1.1368683772161603e-13,9.094947017729282e-13,0.0,1200.0,10800.0,True,True
Q3,2025-08-24,0.0,0.0,0.0,1200.0000000000002,10800.0,True,True
Q4-2,2025-08-24,-1.1368683772161603e-13,9.094947017729282e-13,0.0,1200.0,10800.0,True,True
Q4-3,2025-08-24,0.0,0.0,0.0,1200.0000000000002,10800.0,True,True
Q2,2025-08-25,-1.1368683772161603e-13,9.094947017729282e-13,0.0,1200.0,10800.0,True,True
Q3,2025-08-25,0.0,0.0,0.0,1200.0000000000043,10800.0,True,True
Q4-2,2025-08-25,-1.1368683772161603e-13,9.094947017729282e-13,0.0,1200.0,10800.0,True,True
Q4-3,2025-08-25,0.0,0.0,0.0,1200.0000000000025,10800.0,True,True
Q2,2025-08-26,-1.1368683772161603e-13,4.547473508864641e-13,0.0,1200.0,10800.0,True,True
Q3,2025-08-26,0.0,0.0,0.0,1200.0,10753.919964564198,True,True
Q4-2,2025-08-26,-1.1368683772161603e-13,4.547473508864641e-13,0.0,1200.0,10800.0,True,True
Q4-3,2025-08-26,0.0,0.0,0.0,1200.0,10693.837738364196,True,True
Q2,2025-08-27,-1.1368683772161603e-13,9.094947017729282e-13,0.0,1200.0,10800.0,True,True
Q3,2025-08-27,0.0,0.0,0.0,1200.0000000000005,10800.0,True,True
Q4-2,2025-08-27,-1.1368683772161603e-13,9.094947017729282e-13,0.0,1200.0,10800.0,True,True
Q4-3,2025-08-27,0.0,0.0,0.0,1200.0000000000014,10800.0,True,True
Q2,2025-08-28,-1.1368683772161603e-13,9.094947017729282e-13,0.0,1200.0,10800.0,True,True
Q3,2025-08-28,-3.552713678800501e-15,0.0,0.0,1200.0000000000034,10800.0,True,True
Q4-2,2025-08-28,-1.1368683772161603e-13,9.094947017729282e-13,0.0,1200.0,10800.0,True,True
Q4-3,2025-08-28,-3.552713678800501e-15,0.0,0.0,1200.0000000000002,10800.0,True,True
Q2,2025-08-29,-1.1368683772161603e-13,9.094947017729282e-13,0.0,1200.0,10800.0,True,True
Q3,2025-08-29,0.0,0.0,0.0,1680.5030145216065,9458.909278086421,True,True
Q4-2,2025-08-29,-1.1368683772161603e-13,9.094947017729282e-13,0.0,1200.0,10800.0,True,True
Q4-3,2025-08-29,0.0,0.0,0.0,1680.5030145216065,9458.909278086421,True,True
Q2,2025-08-30,-1.1368683772161603e-13,9.094947017729282e-13,0.0,1200.0,10800.0,True,True
Q3,2025-08-30,0.0,0.0,0.0,1364.4239356666649,9119.59402446296,True,True
Q4-2,2025-08-30,0.0,9.094947017729282e-13,0.0,1200.0,10800.0,True,True
Q4-3,2025-08-30,0.0,0.0,0.0,1364.4239356666649,9119.59402446296,True,True
Q2,2025-08-31,-1.1368683772161603e-13,2.2737367544323206e-13,0.0,1200.0,10800.0,True,True
Q3,2025-08-31,0.0,0.0,0.0,1200.0000000000002,10800.0,True,True
Q4-2,2025-08-31,-1.1368683772161603e-13,9.094947017729282e-13,0.0,1200.0,10800.0,True,True
Q4-3,2025-08-31,0.0,0.0,0.0,1200.0,10627.06406621528,True,True
Q2,2025-09-01,-1.1368683772161603e-13,2.2737367544323206e-13,0.0,1200.0,10800.0,True,True
Q3,2025-09-01,0.0,0.0,0.0,1289.0275214236137,10800.0,True,True
Q4-2,2025-09-01,-1.1368683772161603e-13,4.547473508864641e-13,0.0,1200.0,10800.0,True,True
Q4-3,2025-09-01,0.0,0.0,0.0,1289.0275214236128,10800.0,True,True
Q2,2025-09-02,-1.1368683772161603e-13,9.094947017729282e-13,0.0,1200.0,10800.0,True,True
Q3,2025-09-02,0.0,0.0,0.0,1319.6621251504585,10800.0,True,True
Q4-2,2025-09-02,-1.1368683772161603e-13,2.2737367544323206e-13,0.0,1200.0,10800.0,True,True
Q4-3,2025-09-02,0.0,0.0,0.0,1319.6621251504585,10800.0,True,True
Q2,2025-09-03,-1.1368683772161603e-13,2.2737367544323206e-13,0.0,1200.0,10800.0,True,True
Q3,2025-09-03,0.0,0.0,0.0,1199.999999999999,10800.0,True,True
Q4-2,2025-09-03,-1.1368683772161603e-13,9.094947017729282e-13,0.0,1200.0,10800.0,True,True
Q4-3,2025-09-03,0.0,0.0,0.0,1200.0,10800.0,True,True
Q2,2025-09-04,-1.1368683772161603e-13,4.547473508864641e-13,0.0,1200.0,10800.0,True,True
Q3,2025-09-04,-1.7763568394002505e-15,0.0,0.0,1264.1259102546317,10800.0,True,True
Q4-2,2025-09-04,-1.1368683772161603e-13,9.094947017729282e-13,0.0,1200.0,10800.0,True,True
Q4-3,2025-09-04,-1.7763568394002505e-15,0.0,0.0,1264.125910254633,10190.213525300927,True,True
Q2,2025-09-05,-1.1368683772161603e-13,4.547473508864641e-13,0.0,1200.0,10800.0,True,True
Q3,2025-09-05,0.0,0.0,0.0,1200.0000000000014,8316.263333333334,True,True
Q4-2,2025-09-05,-1.1368683772161603e-13,4.547473508864641e-13,0.0,1200.0,10800.0,True,True
Q4-3,2025-09-05,0.0,0.0,0.0,1200.0000000000014,8316.263333333334,True,True
Q2,2025-09-06,0.0,9.094947017729282e-13,0.0,1200.0,10800.0,True,True
Q3,2025-09-06,0.0,0.0,0.0,1266.8961379969132,8480.407020712963,True,True
Q4-2,2025-09-06,-1.1368683772161603e-13,9.094947017729282e-13,0.0,1200.0,10800.0,True,True
Q4-3,2025-09-06,0.0,0.0,0.0,1266.8961379969132,8480.407020712963,True,True
Q2,2025-09-07,-1.1368683772161603e-13,9.094947017729282e-13,0.0,1200.0,10800.0,True,True
Q3,2025-09-07,0.0,0.0,0.0,1222.6453757291667,10800.0,True,True
Q4-2,2025-09-07,-1.1368683772161603e-13,4.547473508864641e-13,0.0,1200.0,10800.0,True,True
Q4-3,2025-09-07,0.0,0.0,0.0,1200.0000000000005,10278.760879506171,True,True
Q2,2025-09-08,-1.1368683772161603e-13,9.094947017729282e-13,0.0,1200.0,10800.0,True,True
Q3,2025-09-08,0.0,0.0,0.0,1209.5436344907412,10800.0,True,True
Q4-2,2025-09-08,-1.1368683772161603e-13,9.094947017729282e-13,0.0,1200.0,10800.0,True,True
Q4-3,2025-09-08,0.0,0.0,0.0,1209.5436344907412,10800.0,True,True
Q2,2025-09-09,-1.1368683772161603e-13,4.547473508864641e-13,0.0,1200.0,10800.0,True,True
Q3,2025-09-09,0.0,0.0,0.0,1200.0000000000016,10800.000000000002,True,True
Q4-2,2025-09-09,-1.1368683772161603e-13,4.547473508864641e-13,0.0,1200.0,10800.0,True,True
Q4-3,2025-09-09,0.0,0.0,0.0,1200.0000000000002,10800.000000000002,True,True
Q2,2025-09-10,-1.1368683772161603e-13,2.2737367544323206e-13,0.0,1200.0,10800.0,True,True
Q3,2025-09-10,0.0,0.0,0.0,1243.972791226851,10800.0,True,True
Q4-2,2025-09-10,-1.1368683772161603e-13,4.547473508864641e-13,0.0,1200.0,10800.0,True,True
Q4-3,2025-09-10,0.0,0.0,0.0,1243.9727912268497,10800.0,True,True
Q2,2025-09-11,-1.1368683772161603e-13,9.094947017729282e-13,0.0,1200.0,10800.0,True,True
Q3,2025-09-11,0.0,0.0,0.0,1358.1467643634287,10800.0,True,True
Q4-2,2025-09-11,-1.1368683772161603e-13,9.094947017729282e-13,0.0,1200.0,10800.0,True,True
Q4-3,2025-09-11,0.0,0.0,0.0,1358.1467643634287,10800.0,True,True
Q2,2025-09-12,-1.1368683772161603e-13,9.094947017729282e-13,0.0,1200.0,10800.0,True,True
Q3,2025-09-12,0.0,0.0,0.0,1200.0000000000005,8421.062861856484,True,True
Q4-2,2025-09-12,-1.1368683772161603e-13,9.094947017729282e-13,0.0,1200.0,10800.0,True,True
Q4-3,2025-09-12,0.0,0.0,0.0,1200.0000000000005,8420.982257288584,True,True
Q2,2025-09-13,-1.1368683772161603e-13,1.8189894035458565e-12,0.0,1200.0,10800.0,True,True
Q3,2025-09-13,0.0,0.0,0.0,1280.3868129328707,8430.797008534724,True,True
Q4-2,2025-09-13,-1.1368683772161603e-13,1.8189894035458565e-12,0.0,1200.0,10800.0,True,True
Q4-3,2025-09-13,0.0,0.0,0.0,1280.3868129328707,8430.797008534724,True,True
Q2,2025-09-14,-1.1368683772161603e-13,4.547473508864641e-13,0.0,1200.0,10800.0,True,True
Q3,2025-09-14,0.0,0.0,0.0,1200.000000000001,10800.0,True,True
Q4-2,2025-09-14,-1.1368683772161603e-13,9.094947017729282e-13,0.0,1200.0,10800.0,True,True
Q4-3,2025-09-14,0.0,0.0,0.0,1200.0000000000014,10800.0,True,True
Q2,2025-09-15,-1.1368683772161603e-13,2.2737367544323206e-13,0.0,1200.0,10800.0,True,True
Q3,2025-09-15,0.0,0.0,0.0,1269.8225805787006,10800.0,True,True
Q4-2,2025-09-15,-1.1368683772161603e-13,9.094947017729282e-13,0.0,1200.0,10800.0,True,True
Q4-3,2025-09-15,0.0,0.0,0.0,1269.8225805787006,10800.0,True,True
Q2,2025-09-16,-1.1368683772161603e-13,1.8189894035458565e-12,0.0,1200.0,10800.0,True,True
Q3,2025-09-16,0.0,0.0,0.0,1220.7885007523162,10800.0,True,True
Q4-2,2025-09-16,-1.1368683772161603e-13,1.8189894035458565e-12,0.0,1200.0,10800.0,True,True
Q4-3,2025-09-16,0.0,0.0,0.0,1220.7885007523166,10800.0,True,True
Q2,2025-09-17,-1.1368683772161603e-13,4.547473508864641e-13,0.0,1200.0,10800.0,True,True
Q3,2025-09-17,0.0,0.0,0.0,1227.0442117592588,10800.0,True,True
Q4-2,2025-09-17,-1.1368683772161603e-13,4.547473508864641e-13,0.0,1200.0,10800.0,True,True
Q4-3,2025-09-17,0.0,0.0,0.0,1200.0000000000007,10800.0,True,True
Q2,2025-09-18,-1.1368683772161603e-13,2.2737367544323206e-13,0.0,1200.0,10800.0,True,True
Q3,2025-09-18,0.0,0.0,0.0,1200.0000000000011,10800.0,True,True
Q4-2,2025-09-18,-1.1368683772161603e-13,9.094947017729282e-13,0.0,1200.0,10800.0,True,True
Q4-3,2025-09-18,0.0,0.0,0.0,1200.0000000000011,10800.0,True,True
Q2,2025-09-19,-1.1368683772161603e-13,1.8189894035458565e-12,0.0,1200.0,10800.0,True,True
Q3,2025-09-19,0.0,0.0,0.0,1455.1440569490753,8809.104672689817,True,True
Q4-2,2025-09-19,-1.1368683772161603e-13,1.8189894035458565e-12,0.0,1200.0,10800.0,True,True
Q4-3,2025-09-19,0.0,0.0,0.0,1455.1440569490753,8809.104672689817,True,True
Q2,2025-09-20,-1.1368683772161603e-13,1.8189894035458565e-12,0.0,1200.0,10800.0,True,True
Q3,2025-09-20,0.0,0.0,0.0,1574.3691314629639,8922.4769185,True,True
Q4-2,2025-09-20,-1.1368683772161603e-13,1.8189894035458565e-12,0.0,1200.0,10800.0,True,True
Q4-3,2025-09-20,0.0,0.0,0.0,1574.3691314629639,8922.4769185,True,True
Q2,2025-09-21,-1.1368683772161603e-13,9.094947017729282e-13,0.0,1200.0,10800.0,True,True
Q3,2025-09-21,0.0,0.0,0.0,1215.1061259375024,10800.0,True,True
Q4-2,2025-09-21,-1.1368683772161603e-13,9.094947017729282e-13,0.0,1200.0,10800.0,True,True
Q4-3,2025-09-21,0.0,0.0,0.0,1215.1061259375024,10800.0,True,True
Q2,2025-09-22,-1.1368683772161603e-13,9.094947017729282e-13,0.0,1200.0,10800.0,True,True
Q3,2025-09-22,0.0,0.0,0.0,1199.9999999999995,10800.0,True,True
Q4-2,2025-09-22,-1.1368683772161603e-13,9.094947017729282e-13,0.0,1200.0,10800.0,True,True
Q4-3,2025-09-22,0.0,0.0,0.0,1199.9999999999995,10800.0,True,True
Q2,2025-09-23,-1.1368683772161603e-13,4.547473508864641e-13,0.0,1200.0,10800.0,True,True
Q3,2025-09-23,0.0,0.0,0.0,1204.6013045555537,10800.0,True,True
Q4-2,2025-09-23,-1.1368683772161603e-13,9.094947017729282e-13,0.0,1200.0,10800.0,True,True
Q4-3,2025-09-23,0.0,0.0,0.0,1204.6013045555583,10800.0,True,True
Q2,2025-09-24,-1.1368683772161603e-13,9.094947017729282e-13,0.0,1200.0,10800.0,True,True
Q3,2025-09-24,0.0,0.0,0.0,1200.0000000000007,10800.0,True,True
Q4-2,2025-09-24,-1.1368683772161603e-13,4.547473508864641e-13,0.0,1200.0,10800.0,True,True
Q4-3,2025-09-24,0.0,0.0,0.0,1200.0,10800.0,True,True
Q2,2025-09-25,-1.1368683772161603e-13,9.094947017729282e-13,0.0,1200.0,10800.0,True,True
Q3,2025-09-25,0.0,0.0,0.0,1200.0000000000007,10800.0,True,True
Q4-2,2025-09-25,-1.1368683772161603e-13,9.094947017729282e-13,0.0,1200.0,10800.0,True,True
Q4-3,2025-09-25,0.0,0.0,0.0,1200.0000000000016,10800.0,True,True
Q2,2025-09-26,-5.684341886080802e-14,9.094947017729282e-13,0.0,1200.0,10800.0,True,True
Q3,2025-09-26,0.0,0.0,0.0,1857.0269105486138,9073.879559854166,True,True
Q4-2,2025-09-26,-5.684341886080802e-14,9.094947017729282e-13,0.0,1200.0,10800.0,True,True
Q4-3,2025-09-26,0.0,0.0,0.0,1718.8944359120394,8985.444546791667,True,True
Q2,2025-09-27,-5.684341886080802e-14,4.547473508864641e-13,0.0,1200.0,10800.0,True,True
Q3,2025-09-27,0.0,0.0,0.0,1669.1876166666677,9362.606226416667,True,True
Q4-2,2025-09-27,-5.684341886080802e-14,4.547473508864641e-13,0.0,1200.0,10800.0,True,True
Q4-3,2025-09-27,0.0,0.0,0.0,1669.1876166666677,9362.606226416667,True,True
Q2,2025-09-28,-1.1368683772161603e-13,1.8189894035458565e-12,0.0,1200.0,10800.0,True,True
Q3,2025-09-28,0.0,0.0,0.0,1219.4950083333324,10800.0,True,True
Q4-2,2025-09-28,-1.1368683772161603e-13,1.8189894035458565e-12,0.0,1200.0,10800.0,True,True
Q4-3,2025-09-28,0.0,0.0,0.0,1219.4950083333338,10800.0,True,True
Q2,2025-09-29,-1.1368683772161603e-13,4.547473508864641e-13,0.0,1200.0,10800.0,True,True
Q3,2025-09-29,0.0,0.0,0.0,1199.999999999999,10800.0,True,True
Q4-2,2025-09-29,-1.1368683772161603e-13,4.547473508864641e-13,0.0,1200.0,10800.0,True,True
Q4-3,2025-09-29,0.0,0.0,0.0,1200.0000000000014,10800.0,True,True
Q2,2025-09-30,-1.1368683772161603e-13,9.094947017729282e-13,0.0,1200.0,10800.0,True,True
Q3,2025-09-30,0.0,0.0,0.0,1199.9999999999986,10800.0,True,True
Q4-2,2025-09-30,-1.1368683772161603e-13,9.094947017729282e-13,0.0,1200.0,10800.0,True,True
Q4-3,2025-09-30,0.0,0.0,0.0,1199.9999999999986,10800.0,True,True
Q2,2025-10-01,-1.1368683772161603e-13,9.094947017729282e-13,0.0,1200.0,10800.0,True,True
Q3,2025-10-01,0.0,0.0,0.0,1200.0,10800.000000000002,True,True
Q4-2,2025-10-01,-1.1368683772161603e-13,9.094947017729282e-13,0.0,1200.0,10800.0,True,True
Q4-3,2025-10-01,0.0,0.0,0.0,1200.0,10800.000000000002,True,True
Q2,2025-10-02,-1.1368683772161603e-13,1.8189894035458565e-12,0.0,1200.0,10800.0,True,True
Q3,2025-10-02,0.0,0.0,0.0,1200.0000000000025,10800.0,True,True
Q4-2,2025-10-02,-1.1368683772161603e-13,4.547473508864641e-13,0.0,1200.0,10800.0,True,True
Q4-3,2025-10-02,0.0,0.0,0.0,1200.0000000000007,10800.0,True,True
Q2,2025-10-03,-5.684341886080802e-14,9.094947017729282e-13,0.0,1200.0,10800.0,True,True
Q3,2025-10-03,0.0,0.0,0.0,1811.0444324074065,9182.850010753706,True,True
Q4-2,2025-10-03,-1.1368683772161603e-13,9.094947017729282e-13,0.0,1200.0,10800.0,True,True
Q4-3,2025-10-03,0.0,0.0,0.0,1718.0885110444467,9105.792934840742,True,True
Q2,2025-10-04,-1.1368683772161603e-13,9.094947017729282e-13,0.0,1200.0,10800.0,True,True
Q3,2025-10-04,0.0,0.0,0.0,2084.3089763763883,10800.0,True,True
Q4-2,2025-10-04,-1.1368683772161603e-13,9.094947017729282e-13,0.0,1200.0,10800.0,True,True
Q4-3,2025-10-04,0.0,0.0,0.0,2077.9473943263883,9528.654692937502,True,True
Q2,2025-10-05,-1.1368683772161603e-13,4.547473508864641e-13,0.0,1200.0,10800.0,True,True
Q3,2025-10-05,0.0,0.0,0.0,1200.000000000002,10800.0,True,True
Q4-2,2025-10-05,-1.1368683772161603e-13,1.8189894035458565e-12,0.0,1200.0,10800.0,True,True
Q4-3,2025-10-05,0.0,0.0,0.0,1200.0000000000002,10800.0,True,True
Q2,2025-10-06,-1.1368683772161603e-13,1.8189894035458565e-12,0.0,1200.0,10800.0,True,True
Q3,2025-10-06,0.0,0.0,0.0,1200.0000000000016,10800.0,True,True
Q4-2,2025-10-06,-1.1368683772161603e-13,4.547473508864641e-13,0.0,1200.0,10800.0,True,True
Q4-3,2025-10-06,0.0,0.0,0.0,1200.0000000000016,10800.0,True,True
Q2,2025-10-07,-1.1368683772161603e-13,1.8189894035458565e-12,0.0,1200.0,10800.0,True,True
Q3,2025-10-07,0.0,0.0,0.0,1200.0000000000002,10800.0,True,True
Q4-2,2025-10-07,-1.1368683772161603e-13,1.8189894035458565e-12,0.0,1200.0,10800.0,True,True
Q4-3,2025-10-07,0.0,0.0,0.0,1200.0000000000002,10800.0,True,True
Q2,2025-10-08,-1.1368683772161603e-13,4.547473508864641e-13,0.0,1200.0,10800.0,True,True
Q3,2025-10-08,0.0,0.0,0.0,1199.9999999999995,10800.0,True,True
Q4-2,2025-10-08,-1.1368683772161603e-13,4.547473508864641e-13,0.0,1200.0,10800.0,True,True
Q4-3,2025-10-08,0.0,0.0,0.0,1199.9999999999995,10800.0,True,True
Q2,2025-10-09,-1.1368683772161603e-13,1.8189894035458565e-12,0.0,1200.0,10800.0,True,True
Q3,2025-10-09,0.0,0.0,0.0,1211.2541194444418,10800.0,True,True
Q4-2,2025-10-09,-1.1368683772161603e-13,1.8189894035458565e-12,0.0,1200.0,10800.0,True,True
Q4-3,2025-10-09,0.0,0.0,0.0,1211.2541194444482,10800.0,True,True
Q2,2025-10-10,-1.1368683772161603e-13,9.094947017729282e-13,0.0,1200.0,10800.0,True,True
Q3,2025-10-10,0.0,0.0,0.0,1902.4864740740732,9238.381481481483,True,True
Q4-2,2025-10-10,-5.684341886080802e-14,9.094947017729282e-13,0.0,1200.0,10800.0,True,True
Q4-3,2025-10-10,0.0,0.0,0.0,1779.524131944445,9159.324543981484,True,True
Q2,2025-10-11,-5.684341886080802e-14,1.8189894035458565e-12,0.0,1200.0,10800.0,True,True
Q3,2025-10-11,0.0,0.0,0.0,2063.007118518517,9843.497854444444,True,True
Q4-2,2025-10-11,-1.1368683772161603e-13,1.8189894035458565e-12,0.0,1200.0,10800.0,True,True
Q4-3,2025-10-11,0.0,0.0,0.0,1927.1640016111078,9843.497854444444,True,True
Q2,2025-10-12,0.0,1.8189894035458565e-12,0.0,1200.0,10800.0,True,True
Q3,2025-10-12,0.0,0.0,0.0,1205.4508423611119,10800.0,True,True
Q4-2,2025-10-12,-1.1368683772161603e-13,1.8189894035458565e-12,0.0,1200.0,10800.0,True,True
Q4-3,2025-10-12,0.0,0.0,0.0,1205.450842361111,10800.0,True,True
Q2,2025-10-13,-1.1368683772161603e-13,9.094947017729282e-13,0.0,1200.0,10800.0,True,True
Q3,2025-10-13,0.0,0.0,0.0,1200.0,10800.0,True,True
Q4-2,2025-10-13,-1.1368683772161603e-13,9.094947017729282e-13,0.0,1200.0,10800.0,True,True
Q4-3,2025-10-13,0.0,0.0,0.0,1200.0,10800.0,True,True
Q2,2025-10-14,-1.1368683772161603e-13,9.094947017729282e-13,0.0,1200.0,10800.0,True,True
Q3,2025-10-14,0.0,0.0,0.0,1199.9999999999986,10800.0,True,True
Q4-2,2025-10-14,-1.1368683772161603e-13,9.094947017729282e-13,0.0,1200.0,10800.0,True,True
Q4-3,2025-10-14,0.0,0.0,0.0,1200.0000000000005,10800.0,True,True
Q2,2025-10-15,-1.1368683772161603e-13,1.8189894035458565e-12,0.0,1200.0,10800.0,True,True
Q3,2025-10-15,-5.551115123125783e-17,0.0,0.0,1200.0000000000005,10800.0,True,True
Q4-2,2025-10-15,-1.1368683772161603e-13,4.547473508864641e-13,0.0,1200.0,10800.0,True,True
Q4-3,2025-10-15,-5.551115123125783e-17,0.0,0.0,1200.0000000000005,10800.0,True,True
Q2,2025-10-16,-1.1368683772161603e-13,9.094947017729282e-13,0.0,1200.0,10800.0,True,True
Q3,2025-10-16,0.0,0.0,0.0,1200.0000000000005,10800.0,True,True
Q4-2,2025-10-16,-1.1368683772161603e-13,9.094947017729282e-13,0.0,1200.0,10800.0,True,True
Q4-3,2025-10-16,0.0,0.0,0.0,1200.0000000000005,10800.0,True,True
Q2,2025-10-17,-1.1368683772161603e-13,9.094947017729282e-13,0.0,1200.0,10800.0,True,True
Q3,2025-10-17,0.0,0.0,0.0,1347.4434351851878,9208.157059259262,True,True
Q4-2,2025-10-17,-5.684341886080802e-14,9.094947017729282e-13,0.0,1200.0,10800.0,True,True
Q4-3,2025-10-17,0.0,0.0,0.0,1347.4434351851878,9208.157059259263,True,True
Q2,2025-10-18,-1.1368683772161603e-13,1.8189894035458565e-12,0.0,1200.0,10800.0,True,True
Q3,2025-10-18,0.0,0.0,0.0,1705.988627314817,8911.91018148148,True,True
Q4-2,2025-10-18,-1.1368683772161603e-13,1.8189894035458565e-12,0.0,1200.0,10800.0,True,True
Q4-3,2025-10-18,0.0,0.0,0.0,1666.6728522430542,8816.325634418978,True,True
Q2,2025-10-19,-1.1368683772161603e-13,1.8189894035458565e-12,0.0,1200.0,10800.0,True,True
Q3,2025-10-19,0.0,0.0,0.0,1200.0000000000014,10800.0,True,True
Q4-2,2025-10-19,-1.1368683772161603e-13,1.8189894035458565e-12,0.0,1200.0,10800.0,True,True
Q4-3,2025-10-19,0.0,0.0,0.0,1199.9999999999995,10800.0,True,True
Q2,2025-10-20,-1.1368683772161603e-13,9.094947017729282e-13,0.0,1200.0,10800.0,True,True
Q3,2025-10-20,0.0,0.0,0.0,1200.000000000001,10800.0,True,True
Q4-2,2025-10-20,-1.1368683772161603e-13,9.094947017729282e-13,0.0,1200.0,10800.0,True,True
Q4-3,2025-10-20,0.0,0.0,0.0,1200.0000000000005,10800.0,True,True
Q2,2025-10-21,-1.1368683772161603e-13,1.8189894035458565e-12,0.0,1200.0,10800.0,True,True
Q3,2025-10-21,0.0,0.0,0.0,1200.0000000000005,10800.0,True,True
Q4-2,2025-10-21,-1.1368683772161603e-13,1.8189894035458565e-12,0.0,1200.0,10800.0,True,True
Q4-3,2025-10-21,0.0,0.0,0.0,1200.0,10800.0,True,True
Q2,2025-10-22,-1.1368683772161603e-13,4.547473508864641e-13,0.0,1200.0,10800.0,True,True
Q3,2025-10-22,0.0,0.0,0.0,1200.0000000000005,10800.0,True,True
Q4-2,2025-10-22,-1.1368683772161603e-13,4.547473508864641e-13,0.0,1200.0,10800.0,True,True
Q4-3,2025-10-22,0.0,0.0,0.0,1200.0000000000005,10800.0,True,True
Q2,2025-10-23,-1.1368683772161603e-13,9.094947017729282e-13,0.0,1200.0,10800.0,True,True
Q3,2025-10-23,0.0,0.0,0.0,1200.0000000000007,10800.0,True,True
Q4-2,2025-10-23,-1.1368683772161603e-13,1.8189894035458565e-12,0.0,1200.0,10800.0,True,True
Q4-3,2025-10-23,0.0,0.0,0.0,1199.9999999999998,10800.0,True,True
Q2,2025-10-24,-1.1368683772161603e-13,9.094947017729282e-13,0.0,1200.0,10800.0,True,True
Q3,2025-10-24,0.0,0.0,0.0,2107.8342777777752,10243.84840212963,True,True
Q4-2,2025-10-24,-5.684341886080802e-14,9.094947017729282e-13,0.0,1200.0,10800.0,True,True
Q4-3,2025-10-24,0.0,0.0,0.0,2107.8342777777752,10243.84840212963,True,True
Q2,2025-10-25,-1.1368683772161603e-13,9.094947017729282e-13,0.0,1200.0,10800.0,True,True
Q3,2025-10-25,0.0,0.0,0.0,2102.9695629629646,10800.0,True,True
Q4-2,2025-10-25,-1.1368683772161603e-13,9.094947017729282e-13,0.0,1200.0,10800.0,True,True
Q4-3,2025-10-25,0.0,0.0,0.0,2034.2222601027813,10800.0,True,True
Q2,2025-10-26,-5.684341886080802e-14,1.8189894035458565e-12,0.0,1200.0,10800.0,True,True
Q3,2025-10-26,0.0,0.0,0.0,1200.0,10800.0,True,True
Q4-2,2025-10-26,-1.1368683772161603e-13,1.8189894035458565e-12,0.0,1200.0,10800.0,True,True
Q4-3,2025-10-26,0.0,0.0,0.0,1200.0,10800.0,True,True
Q2,2025-10-27,-1.1368683772161603e-13,9.094947017729282e-13,0.0,1200.0,10800.0,True,True
Q3,2025-10-27,0.0,0.0,0.0,1200.0000000000014,10800.0,True,True
Q4-2,2025-10-27,-1.1368683772161603e-13,9.094947017729282e-13,0.0,1200.0,10800.0,True,True
Q4-3,2025-10-27,0.0,0.0,0.0,1200.0000000000014,10800.0,True,True
Q2,2025-10-28,-1.1368683772161603e-13,9.094947017729282e-13,0.0,1200.0,10800.0,True,True
Q3,2025-10-28,0.0,0.0,0.0,1200.0000000000005,10800.0,True,True
Q4-2,2025-10-28,-1.1368683772161603e-13,9.094947017729282e-13,0.0,1200.0,10800.0,True,True
Q4-3,2025-10-28,0.0,0.0,0.0,1200.0000000000014,10800.0,True,True
Q2,2025-10-29,-1.1368683772161603e-13,9.094947017729282e-13,0.0,1200.0,10800.0,True,True
Q3,2025-10-29,0.0,0.0,0.0,1200.0,10800.0,True,True
Q4-2,2025-10-29,-1.1368683772161603e-13,9.094947017729282e-13,0.0,1200.0,10800.0,True,True
Q4-3,2025-10-29,0.0,0.0,0.0,1200.0,10800.0,True,True
Q2,2025-10-30,-1.1368683772161603e-13,9.094947017729282e-13,0.0,1200.0,10800.0,True,True
Q3,2025-10-30,0.0,0.0,0.0,1200.0000000000011,10800.0,True,True
Q4-2,2025-10-30,-1.1368683772161603e-13,9.094947017729282e-13,0.0,1200.0,10800.0,True,True
Q4-3,2025-10-30,0.0,0.0,0.0,1200.0000000000011,10800.0,True,True
Q2,2025-10-31,-1.1368683772161603e-13,1.8189894035458565e-12,0.0,1200.0,10800.0,True,True
Q3,2025-10-31,0.0,0.0,0.0,2226.4122407407417,10800.0,True,True
Q4-2,2025-10-31,-1.1368683772161603e-13,1.8189894035458565e-12,0.0,1200.0,10800.0,True,True
Q4-3,2025-10-31,0.0,0.0,0.0,2183.6867085648178,10649.765262500001,True,True
Q2,2025-11-01,-1.1368683772161603e-13,9.094947017729282e-13,0.0,1200.0,10800.0,True,True
Q3,2025-11-01,0.0,0.0,0.0,1976.6441851851855,10691.338189703089,True,True
Q4-2,2025-11-01,-5.684341886080802e-14,9.094947017729282e-13,0.0,1200.0,10800.0,True,True
Q4-3,2025-11-01,0.0,0.0,0.0,1976.6441851851855,10437.654669753087,True,True
Q2,2025-11-02,-1.1368683772161603e-13,9.094947017729282e-13,0.0,1200.0,10800.0,True,True
Q3,2025-11-02,0.0,0.0,0.0,1200.0000000000023,10800.000000000002,True,True
Q4-2,2025-11-02,-1.1368683772161603e-13,1.8189894035458565e-12,0.0,1200.0,10800.0,True,True
Q4-3,2025-11-02,0.0,0.0,0.0,1200.0000000000011,10800.0,True,True
Q2,2025-11-03,-1.1368683772161603e-13,9.094947017729282e-13,0.0,1200.0,10800.0,True,True
Q3,2025-11-03,0.0,0.0,0.0,1200.0,10800.0,True,True
Q4-2,2025-11-03,-1.1368683772161603e-13,9.094947017729282e-13,0.0,1200.0,10800.0,True,True
Q4-3,2025-11-03,0.0,0.0,0.0,1200.0,10800.0,True,True
Q2,2025-11-04,-1.1368683772161603e-13,9.094947017729282e-13,0.0,1200.0,10800.0,True,True
Q3,2025-11-04,0.0,0.0,0.0,1200.0000000000014,10800.0,True,True
Q4-2,2025-11-04,-1.1368683772161603e-13,9.094947017729282e-13,0.0,1200.0,10800.0,True,True
Q4-3,2025-11-04,0.0,0.0,0.0,1200.0,10800.0,True,True
Q2,2025-11-05,-1.1368683772161603e-13,9.094947017729282e-13,0.0,1200.0,10800.0,True,True
Q3,2025-11-05,0.0,0.0,0.0,1200.0000000000016,10800.000000000002,True,True
Q4-2,2025-11-05,-1.1368683772161603e-13,9.094947017729282e-13,0.0,1200.0,10800.0,True,True
Q4-3,2025-11-05,0.0,0.0,0.0,1199.9999999999995,10800.000000000002,True,True
Q2,2025-11-06,-1.1368683772161603e-13,1.8189894035458565e-12,0.0,1200.0,10800.0,True,True
Q3,2025-11-06,0.0,0.0,0.0,1200.0000000000018,10800.0,True,True
Q4-2,2025-11-06,-1.1368683772161603e-13,9.094947017729282e-13,0.0,1200.0,10800.0,True,True
Q4-3,2025-11-06,0.0,0.0,0.0,1200.0000000000005,10800.0,True,True
Q2,2025-11-07,-5.684341886080802e-14,4.547473508864641e-13,0.0,1200.0,10800.0,True,True
Q3,2025-11-07,0.0,0.0,0.0,2102.721333333334,10800.0,True,True
Q4-2,2025-11-07,-1.1368683772161603e-13,4.547473508864641e-13,0.0,1200.0,10800.0,True,True
Q4-3,2025-11-07,0.0,0.0,0.0,2025.1593561319464,10800.0,True,True
Q2,2025-11-08,-1.1368683772161603e-13,1.8189894035458565e-12,0.0,1200.0,10800.0,True,True
Q3,2025-11-08,0.0,0.0,0.0,1837.8680185185206,10800.0,True,True
Q4-2,2025-11-08,-1.1368683772161603e-13,1.8189894035458565e-12,0.0,1200.0,10800.0,True,True
Q4-3,2025-11-08,0.0,0.0,0.0,1837.8680185185206,10800.0,True,True
Q2,2025-11-09,-1.1368683772161603e-13,4.547473508864641e-13,0.0,1200.0,10800.0,True,True
Q3,2025-11-09,0.0,0.0,0.0,1199.9999999999995,10800.0,True,True
Q4-2,2025-11-09,-1.1368683772161603e-13,1.8189894035458565e-12,0.0,1200.0,10800.0,True,True
Q4-3,2025-11-09,0.0,0.0,0.0,1200.0000000000005,10800.0,True,True
Q2,2025-11-10,-1.1368683772161603e-13,9.094947017729282e-13,0.0,1200.0,10800.0,True,True
Q3,2025-11-10,0.0,0.0,0.0,1199.9999999999989,10800.0,True,True
Q4-2,2025-11-10,-1.1368683772161603e-13,9.094947017729282e-13,0.0,1200.0,10800.0,True,True
Q4-3,2025-11-10,0.0,0.0,0.0,1200.0000000000002,10800.0,True,True
Q2,2025-11-11,-1.1368683772161603e-13,9.094947017729282e-13,0.0,1200.0,10800.0,True,True
Q3,2025-11-11,0.0,0.0,0.0,1199.999999999999,10800.0,True,True
Q4-2,2025-11-11,-1.1368683772161603e-13,1.8189894035458565e-12,0.0,1200.0,10800.0,True,True
Q4-3,2025-11-11,0.0,0.0,0.0,1200.0,10800.000000000002,True,True
Q2,2025-11-12,-1.1368683772161603e-13,9.094947017729282e-13,0.0,1200.0,10800.0,True,True
Q3,2025-11-12,0.0,0.0,0.0,1200.0,10800.000000000002,True,True
Q4-2,2025-11-12,-1.1368683772161603e-13,1.8189894035458565e-12,0.0,1200.0,10800.0,True,True
Q4-3,2025-11-12,0.0,0.0,0.0,1200.0000000000005,10800.0,True,True
Q2,2025-11-13,-1.1368683772161603e-13,9.094947017729282e-13,0.0,1200.0,10800.0,True,True
Q3,2025-11-13,0.0,0.0,0.0,1200.0000000000005,10800.0,True,True
Q4-2,2025-11-13,-1.1368683772161603e-13,9.094947017729282e-13,0.0,1200.0,10800.0,True,True
Q4-3,2025-11-13,0.0,0.0,0.0,1199.9999999999995,10800.0,True,True
Q2,2025-11-14,-5.684341886080802e-14,4.547473508864641e-13,0.0,1200.0,10800.0,True,True
Q3,2025-11-14,0.0,0.0,0.0,1982.1569740740742,10800.0,True,True
Q4-2,2025-11-14,-1.1368683772161603e-13,9.094947017729282e-13,0.0,1200.0,10800.0,True,True
Q4-3,2025-11-14,0.0,0.0,0.0,1852.908286381944,10800.0,True,True
Q2,2025-11-15,-1.1368683772161603e-13,9.094947017729282e-13,0.0,1200.0,10800.0,True,True
Q3,2025-11-15,0.0,0.0,0.0,1969.2896555555565,10800.0,True,True
Q4-2,2025-11-15,-1.1368683772161603e-13,9.094947017729282e-13,0.0,1200.0,10800.0,True,True
Q4-3,2025-11-15,0.0,0.0,0.0,1969.2896555555565,10800.0,True,True
Q2,2025-11-16,-1.1368683772161603e-13,9.094947017729282e-13,0.0,1200.0,10800.0,True,True
Q3,2025-11-16,0.0,0.0,0.0,1200.0000000000007,10800.0,True,True
Q4-2,2025-11-16,-1.1368683772161603e-13,1.8189894035458565e-12,0.0,1200.0,10800.0,True,True
Q4-3,2025-11-16,0.0,0.0,0.0,1200.0000000000018,10800.0,True,True
Q2,2025-11-17,-1.1368683772161603e-13,4.547473508864641e-13,0.0,1200.0,10800.0,True,True
Q3,2025-11-17,0.0,0.0,0.0,1200.0000000000007,10800.0,True,True
Q4-2,2025-11-17,-1.1368683772161603e-13,9.094947017729282e-13,0.0,1200.0,10800.0,True,True
Q4-3,2025-11-17,0.0,0.0,0.0,1200.0000000000002,10800.0,True,True
Q2,2025-11-18,-1.1368683772161603e-13,9.094947017729282e-13,0.0,1200.0,10800.0,True,True
Q3,2025-11-18,0.0,0.0,0.0,1200.0,10800.0,True,True
Q4-2,2025-11-18,-1.1368683772161603e-13,9.094947017729282e-13,0.0,1200.0,10800.0,True,True
Q4-3,2025-11-18,0.0,0.0,0.0,1200.0000000000005,10800.0,True,True
Q2,2025-11-19,-1.1368683772161603e-13,9.094947017729282e-13,0.0,1200.0,10800.0,True,True
Q3,2025-11-19,0.0,0.0,0.0,1200.0000000000014,10800.0,True,True
Q4-2,2025-11-19,-1.1368683772161603e-13,9.094947017729282e-13,0.0,1200.0,10800.0,True,True
Q4-3,2025-11-19,0.0,0.0,0.0,1199.9999999999993,10800.0,True,True
Q2,2025-11-20,-1.1368683772161603e-13,9.094947017729282e-13,0.0,1200.0,10800.0,True,True
Q3,2025-11-20,0.0,0.0,0.0,1200.0000000000005,10800.0,True,True
Q4-2,2025-11-20,-1.1368683772161603e-13,9.094947017729282e-13,0.0,1200.0,10800.0,True,True
Q4-3,2025-11-20,0.0,0.0,0.0,1200.000000000001,10800.0,True,True
Q2,2025-11-21,-5.684341886080802e-14,9.094947017729282e-13,0.0,1200.0,10800.0,True,True
Q3,2025-11-21,0.0,0.0,0.0,2068.0160154444466,10800.0,True,True
Q4-2,2025-11-21,-1.1368683772161603e-13,4.547473508864641e-13,0.0,1200.0,10800.0,True,True
Q4-3,2025-11-21,0.0,0.0,0.0,2068.0160154444466,10800.0,True,True
Q2,2025-11-22,-1.1368683772161603e-13,1.8189894035458565e-12,0.0,1200.0,10800.0,True,True
Q3,2025-11-22,0.0,0.0,0.0,2178.391855555554,10800.0,True,True
Q4-2,2025-11-22,-1.1368683772161603e-13,1.8189894035458565e-12,0.0,1200.0,10800.0,True,True
Q4-3,2025-11-22,0.0,0.0,0.0,2044.8741168333302,10800.0,True,True
Q2,2025-11-23,-1.1368683772161603e-13,9.094947017729282e-13,0.0,1200.0,10800.0,True,True
Q3,2025-11-23,0.0,0.0,0.0,1200.0000000000002,10800.0,True,True
Q4-2,2025-11-23,-1.1368683772161603e-13,9.094947017729282e-13,0.0,1200.0,10800.0,True,True
Q4-3,2025-11-23,0.0,0.0,0.0,1199.9999999999995,10800.0,True,True
Q2,2025-11-24,-1.1368683772161603e-13,1.8189894035458565e-12,0.0,1200.0,10800.0,True,True
Q3,2025-11-24,0.0,0.0,0.0,1199.9999999999993,10800.0,True,True
Q4-2,2025-11-24,-1.1368683772161603e-13,9.094947017729282e-13,0.0,1200.0,10800.0,True,True
Q4-3,2025-11-24,0.0,0.0,0.0,1200.0,10800.0,True,True
Q2,2025-11-25,-1.1368683772161603e-13,9.094947017729282e-13,0.0,1200.0,10800.0,True,True
Q3,2025-11-25,0.0,0.0,0.0,1200.0,10800.0,True,True
Q4-2,2025-11-25,-1.1368683772161603e-13,9.094947017729282e-13,0.0,1200.0,10800.0,True,True
Q4-3,2025-11-25,0.0,0.0,0.0,1200.0000000000005,10800.0,True,True
Q2,2025-11-26,-1.1368683772161603e-13,9.094947017729282e-13,0.0,1200.0,10800.0,True,True
Q3,2025-11-26,0.0,0.0,0.0,1199.999999999999,10800.0,True,True
Q4-2,2025-11-26,-1.1368683772161603e-13,9.094947017729282e-13,0.0,1200.0,10800.0,True,True
Q4-3,2025-11-26,0.0,0.0,0.0,1200.0,10800.0,True,True
Q2,2025-11-27,-1.1368683772161603e-13,9.094947017729282e-13,0.0,1200.0,10800.0,True,True
Q3,2025-11-27,0.0,0.0,0.0,1200.0000000000002,10800.0,True,True
Q4-2,2025-11-27,-1.1368683772161603e-13,9.094947017729282e-13,0.0,1200.0,10800.0,True,True
Q4-3,2025-11-27,0.0,0.0,0.0,1200.000000000001,10800.0,True,True
Q2,2025-11-28,-1.1368683772161603e-13,9.094947017729282e-13,0.0,1200.0,10800.0,True,True
Q3,2025-11-28,0.0,0.0,0.0,1819.2487925925911,10800.0,True,True
Q4-2,2025-11-28,-1.1368683772161603e-13,1.8189894035458565e-12,0.0,1200.0,10800.0,True,True
Q4-3,2025-11-28,0.0,0.0,0.0,1700.5494791180558,10800.0,True,True
Q2,2025-11-29,-1.1368683772161603e-13,4.547473508864641e-13,0.0,1200.0,10800.0,True,True
Q3,2025-11-29,0.0,0.0,0.0,2069.5071185185216,10800.0,True,True
Q4-2,2025-11-29,-5.684341886080802e-14,4.547473508864641e-13,0.0,1200.0,10800.0,True,True
Q4-3,2025-11-29,0.0,0.0,0.0,1939.2729567361118,10800.0,True,True
Q2,2025-11-30,-1.1368683772161603e-13,9.094947017729282e-13,0.0,1200.0,10800.0,True,True
Q3,2025-11-30,0.0,0.0,0.0,1200.0000000000005,10800.0,True,True
Q4-2,2025-11-30,-1.1368683772161603e-13,1.8189894035458565e-12,0.0,1200.0,10800.0,True,True
Q4-3,2025-11-30,0.0,0.0,0.0,1200.0000000000005,10800.0,True,True
Q2,2025-12-01,-1.1368683772161603e-13,1.8189894035458565e-12,0.0,1200.0,10800.0,True,True
Q3,2025-12-01,0.0,0.0,0.0,1200.0,10800.0,True,True
Q4-2,2025-12-01,-1.1368683772161603e-13,9.094947017729282e-13,0.0,1200.0,10800.0,True,True
Q4-3,2025-12-01,0.0,0.0,0.0,1200.0,10800.0,True,True
Q2,2025-12-02,-1.1368683772161603e-13,9.094947017729282e-13,0.0,1200.0,10800.0,True,True
Q3,2025-12-02,0.0,0.0,0.0,1200.0000000000002,10800.0,True,True
Q4-2,2025-12-02,-1.1368683772161603e-13,9.094947017729282e-13,0.0,1200.0,10800.0,True,True
Q4-3,2025-12-02,0.0,0.0,0.0,1200.0000000000002,10800.0,True,True
Q2,2025-12-03,-1.1368683772161603e-13,1.8189894035458565e-12,0.0,1200.0,10800.0,True,True
Q3,2025-12-03,0.0,0.0,0.0,1200.0000000000002,10800.0,True,True
Q4-2,2025-12-03,-1.1368683772161603e-13,1.8189894035458565e-12,0.0,1200.0,10800.0,True,True
Q4-3,2025-12-03,0.0,0.0,0.0,1200.000000000001,10800.0,True,True
Q2,2025-12-04,-1.1368683772161603e-13,1.8189894035458565e-12,0.0,1200.0,10800.0,True,True
Q3,2025-12-04,0.0,0.0,0.0,1200.0000000000002,10800.0,True,True
Q4-2,2025-12-04,-5.684341886080802e-14,2.2737367544323206e-13,0.0,1200.0,10800.0,True,True
Q4-3,2025-12-04,0.0,0.0,0.0,1200.0000000000002,10800.0,True,True
Q2,2025-12-05,-1.1368683772161603e-13,4.547473508864641e-13,0.0,1200.0,10800.0,True,True
Q3,2025-12-05,0.0,0.0,0.0,1825.8623148148115,10800.0,True,True
Q4-2,2025-12-05,-1.1368683772161603e-13,9.094947017729282e-13,0.0,1200.0,10800.0,True,True
Q4-3,2025-12-05,0.0,0.0,0.0,1660.0160223915154,10800.0,True,True
Q2,2025-12-06,-1.1368683772161603e-13,1.8189894035458565e-12,0.0,1200.0,10800.0,True,True
Q3,2025-12-06,0.0,0.0,0.0,1807.181328024111,10800.0,True,True
Q4-2,2025-12-06,-5.684341886080802e-14,4.547473508864641e-13,0.0,1200.0,10800.0,True,True
Q4-3,2025-12-06,0.0,0.0,0.0,1457.5865978395086,10800.0,True,True
Q2,2025-12-07,-1.1368683772161603e-13,0.0,0.0,1200.0,10800.0,True,True
Q3,2025-12-07,0.0,0.0,0.0,1200.0000000000005,10800.0,True,True
Q4-2,2025-12-07,-1.1368683772161603e-13,2.2737367544323206e-13,0.0,1200.0,10800.0,True,True
Q4-3,2025-12-07,0.0,0.0,0.0,1200.0,10800.0,True,True
Q2,2025-12-08,-1.1368683772161603e-13,9.094947017729282e-13,0.0,1200.0,10800.0,True,True
Q3,2025-12-08,0.0,0.0,0.0,1200.0000000000005,10800.0,True,True
Q4-2,2025-12-08,-1.1368683772161603e-13,9.094947017729282e-13,0.0,1200.0,10800.0,True,True
Q4-3,2025-12-08,0.0,0.0,0.0,1200.0000000000005,10800.0,True,True
Q2,2025-12-09,-1.1368683772161603e-13,9.094947017729282e-13,0.0,1200.0,10800.0,True,True
Q3,2025-12-09,0.0,0.0,0.0,1200.0000000000014,10800.0,True,True
Q4-2,2025-12-09,-1.1368683772161603e-13,9.094947017729282e-13,0.0,1200.0,10800.0,True,True
Q4-3,2025-12-09,0.0,0.0,0.0,1200.0000000000014,10800.0,True,True
Q2,2025-12-10,-1.1368683772161603e-13,9.094947017729282e-13,0.0,1200.0,10800.0,True,True
Q3,2025-12-10,0.0,0.0,0.0,1200.0000000000014,10800.0,True,True
Q4-2,2025-12-10,-1.1368683772161603e-13,9.094947017729282e-13,0.0,1200.0,10800.0,True,True
Q4-3,2025-12-10,0.0,0.0,0.0,1200.0000000000014,10800.0,True,True
Q2,2025-12-11,-1.1368683772161603e-13,9.094947017729282e-13,0.0,1200.0,10800.0,True,True
Q3,2025-12-11,0.0,0.0,0.0,1199.9999999999995,10800.0,True,True
Q4-2,2025-12-11,-1.1368683772161603e-13,9.094947017729282e-13,0.0,1200.0,10800.0,True,True
Q4-3,2025-12-11,0.0,0.0,0.0,1199.9999999999995,10800.0,True,True
Q2,2025-12-12,-1.1368683772161603e-13,9.094947017729282e-13,0.0,1200.0,10800.0,True,True
Q3,2025-12-12,0.0,0.0,0.0,1727.749050887351,10800.0,True,True
Q4-2,2025-12-12,-1.1368683772161603e-13,4.547473508864641e-13,0.0,1200.0,10800.0,True,True
Q4-3,2025-12-12,0.0,0.0,0.0,1424.2091499151263,10800.0,True,True
Q2,2025-12-13,-1.1368683772161603e-13,9.094947017729282e-13,0.0,1200.0,10800.0,True,True
Q3,2025-12-13,0.0,0.0,0.0,2207.6492814814806,10800.0,True,True
Q4-2,2025-12-13,-1.1368683772161603e-13,9.094947017729282e-13,0.0,1200.0,10800.0,True,True
Q4-3,2025-12-13,0.0,0.0,0.0,2207.6492814814824,10800.0,True,True
Q2,2025-12-14,-1.1368683772161603e-13,9.094947017729282e-13,0.0,1200.0,10800.0,True,True
Q3,2025-12-14,0.0,0.0,0.0,1200.0,10800.0,True,True
Q4-2,2025-12-14,-1.1368683772161603e-13,9.094947017729282e-13,0.0,1200.0,10800.0,True,True
Q4-3,2025-12-14,0.0,0.0,0.0,1200.0,10800.0,True,True
Q2,2025-12-15,-1.1368683772161603e-13,9.094947017729282e-13,0.0,1200.0,10800.0,True,True
Q3,2025-12-15,0.0,0.0,0.0,1200.0000000000005,10800.0,True,True
Q4-2,2025-12-15,-1.1368683772161603e-13,9.094947017729282e-13,0.0,1200.0,10800.0,True,True
Q4-3,2025-12-15,0.0,0.0,0.0,1200.0000000000005,10800.0,True,True
Q2,2025-12-16,-1.1368683772161603e-13,9.094947017729282e-13,0.0,1200.0,10800.0,True,True
Q3,2025-12-16,0.0,0.0,0.0,1200.000000000001,10800.0,True,True
Q4-2,2025-12-16,-1.1368683772161603e-13,9.094947017729282e-13,0.0,1200.0,10800.0,True,True
Q4-3,2025-12-16,0.0,0.0,0.0,1200.0000000000005,10800.000000000002,True,True
Q2,2025-12-17,-1.1368683772161603e-13,9.094947017729282e-13,0.0,1200.0,10800.0,True,True
Q3,2025-12-17,0.0,0.0,0.0,1199.9999999999993,10800.0,True,True
Q4-2,2025-12-17,-1.1368683772161603e-13,9.094947017729282e-13,0.0,1200.0,10800.0,True,True
Q4-3,2025-12-17,0.0,0.0,0.0,1200.0000000000007,10800.0,True,True
Q2,2025-12-18,-1.1368683772161603e-13,9.094947017729282e-13,0.0,1200.0,10800.0,True,True
Q3,2025-12-18,0.0,0.0,0.0,1200.0000000000005,10800.0,True,True
Q4-2,2025-12-18,-1.1368683772161603e-13,9.094947017729282e-13,0.0,1200.0,10800.0,True,True
Q4-3,2025-12-18,0.0,0.0,0.0,1200.0000000000005,10800.0,True,True
Q2,2025-12-19,-1.1368683772161603e-13,9.094947017729282e-13,0.0,1200.0,10800.0,True,True
Q3,2025-12-19,0.0,0.0,0.0,1998.6693074074085,10800.0,True,True
Q4-2,2025-12-19,-1.1368683772161603e-13,1.8189894035458565e-12,0.0,1200.0,10800.0,True,True
Q4-3,2025-12-19,0.0,0.0,0.0,1939.745647407409,10800.0,True,True
Q2,2025-12-20,-1.1368683772161603e-13,9.094947017729282e-13,0.0,1200.0,10800.0,True,True
Q3,2025-12-20,0.0,0.0,0.0,2088.127481836422,10800.0,True,True
Q4-2,2025-12-20,-1.1368683772161603e-13,1.8189894035458565e-12,0.0,1200.0,10800.0,True,True
Q4-3,2025-12-20,0.0,0.0,0.0,1943.9888507222222,10800.0,True,True
Q2,2025-12-21,-1.1368683772161603e-13,9.094947017729282e-13,0.0,1200.0,10800.0,True,True
Q3,2025-12-21,0.0,0.0,0.0,1200.000000000002,10800.0,True,True
Q4-2,2025-12-21,-1.1368683772161603e-13,9.094947017729282e-13,0.0,1200.0,10800.0,True,True
Q4-3,2025-12-21,0.0,0.0,0.0,1200.000000000002,10800.0,True,True
Q2,2025-12-22,-1.1368683772161603e-13,9.094947017729282e-13,0.0,1200.0,10800.0,True,True
Q3,2025-12-22,0.0,0.0,0.0,1200.0,10800.0,True,True
Q4-2,2025-12-22,-1.1368683772161603e-13,9.094947017729282e-13,0.0,1200.0,10800.0,True,True
Q4-3,2025-12-22,0.0,0.0,0.0,1200.0000000000002,10800.0,True,True
Q2,2025-12-23,-1.1368683772161603e-13,9.094947017729282e-13,0.0,1200.0,10800.0,True,True
Q3,2025-12-23,0.0,0.0,0.0,1200.000000000001,10800.0,True,True
Q4-2,2025-12-23,-1.1368683772161603e-13,9.094947017729282e-13,0.0,1200.0,10800.0,True,True
Q4-3,2025-12-23,0.0,0.0,0.0,1200.000000000001,10800.000000000002,True,True
Q2,2025-12-24,-1.1368683772161603e-13,4.547473508864641e-13,0.0,1200.0,10800.0,True,True
Q3,2025-12-24,0.0,0.0,0.0,1199.9999999999993,10800.0,True,True
Q4-2,2025-12-24,-1.1368683772161603e-13,2.2737367544323206e-13,0.0,1200.0,10800.0,True,True
Q4-3,2025-12-24,0.0,0.0,0.0,1200.0000000000005,10800.0,True,True
Q2,2025-12-25,-1.1368683772161603e-13,1.8189894035458565e-12,0.0,1200.0,10800.0,True,True
Q3,2025-12-25,0.0,0.0,0.0,1200.000000000001,10800.0,True,True
Q4-2,2025-12-25,-1.1368683772161603e-13,1.8189894035458565e-12,0.0,1200.0,10800.0,True,True
Q4-3,2025-12-25,0.0,0.0,0.0,1200.0000000000002,10800.0,True,True
Q2,2025-12-26,-1.1368683772161603e-13,9.094947017729282e-13,0.0,1200.0,10800.0,True,True
Q3,2025-12-26,0.0,0.0,0.0,1215.773916656791,10800.0,True,True
Q4-2,2025-12-26,-1.1368683772161603e-13,9.094947017729282e-13,0.0,1200.0,10800.0,True,True
Q4-3,2025-12-26,0.0,0.0,0.0,1943.7506929953693,10800.0,True,True
Q2,2025-12-27,-1.1368683772161603e-13,1.8189894035458565e-12,0.0,1200.0,10800.0,True,True
Q3,2025-12-27,0.0,0.0,0.0,1485.2184907407423,10800.0,True,True
Q4-2,2025-12-27,-1.1368683772161603e-13,1.8189894035458565e-12,0.0,1200.0,10800.0,True,True
Q4-3,2025-12-27,0.0,0.0,0.0,1623.2412711874993,10800.0,True,True
Q2,2025-12-28,-1.1368683772161603e-13,9.094947017729282e-13,0.0,1200.0,10800.0,True,True
Q3,2025-12-28,0.0,0.0,0.0,1199.9999999999998,10800.0,True,True
Q4-2,2025-12-28,-1.1368683772161603e-13,9.094947017729282e-13,0.0,1200.0,10800.0,True,True
Q4-3,2025-12-28,0.0,0.0,0.0,1200.0,10800.0,True,True
Q2,2025-12-29,-1.1368683772161603e-13,1.8189894035458565e-12,0.0,1200.0,10800.0,True,True
Q3,2025-12-29,0.0,0.0,0.0,1199.9999999999998,10800.0,True,True
Q4-2,2025-12-29,-1.1368683772161603e-13,1.8189894035458565e-12,0.0,1200.0,10800.0,True,True
Q4-3,2025-12-29,0.0,0.0,0.0,1200.0,10800.0,True,True
Q2,2025-12-30,-1.1368683772161603e-13,9.094947017729282e-13,0.0,1200.0,10800.0,True,True
Q3,2025-12-30,0.0,0.0,0.0,1199.9999999999998,10800.0,True,True
Q4-2,2025-12-30,-1.1368683772161603e-13,9.094947017729282e-13,0.0,1200.0,10800.0,True,True
Q4-3,2025-12-30,0.0,0.0,0.0,1200.0000000000002,10800.0,True,True
Q2,2025-12-31,-1.1368683772161603e-13,9.094947017729282e-13,0.0,1200.0,10800.0,True,True
Q3,2025-12-31,0.0,0.0,0.0,1206.004877777779,10800.0,True,True
Q4-2,2025-12-31,-1.1368683772161603e-13,9.094947017729282e-13,0.0,1200.0,10800.0,True,True
Q4-3,2025-12-31,0.0,0.0,0.0,1206.004877777779,10800.0,True,True
