date,model,total_cost,plan_cost,up_cost,down_cost,emergency_cost,emergency_kwh,waste_kwh,end_soc
2025-02-01,Q2_main,35279.47283654239,35279.47283654239,0.0,0.0,0.0,0.0,23862.915572083333,6000.0
2025-02-01,Q2_baseline,46459.44778936358,46459.44778936358,0.0,0.0,0.0,0.0,0.0,
2025-02-01,Q3_main,39888.02369872777,33751.06316821922,0.0,0.0,6136.960530508547,1326.2722596250005,23748.04636711059,6000.000000000001
2025-02-01,Q3_no_adjust,33751.06316821922,33751.06316821922,0.0,0.0,0.0,0.0,21316.11166125,6000.0
2025-02-01,Q4-2_main,29114.72300850143,29114.72300850143,0.0,0.0,0.0,0.0,23862.915572083333,6000.0
2025-02-01,Q4-2_fixed_strategy,29228.7976797784,29228.7976797784,0.0,0.0,0.0,0.0,23862.915572083333,6000.0
2025-02-01,Q4-3_main,32482.771948217356,27750.992700784413,0.0,0.0,4731.779247432945,1205.2169955000013,23652.64806722188,6000.0
2025-02-01,Q4-3_no_adjust,27750.992700784413,27750.992700784413,0.0,0.0,0.0,0.0,21316.11166125,6000.0
2025-02-02,Q2_main,59308.85812414865,58946.75780706236,0.0,0.0,362.100317086294,57.30601233333368,10039.131914833335,6000.0
2025-02-02,Q2_baseline,70356.66601629912,69870.75697682661,0.0,0.0,485.9090394725018,87.92165208333347,0.0,
2025-02-02,Q3_main,60709.04365554007,56179.390887933216,103.63747595630649,0.0,4426.015291650549,817.0512026250011,7895.43321915878,5999.999999999998
2025-02-02,Q3_no_adjust,57093.11116359508,56179.390887933216,0.0,0.0,913.7202756618647,167.2201846666673,6790.478216333337,6000.0
2025-02-02,Q4-2_main,65764.12093198921,65399.41221860962,0.0,0.0,364.70871337958556,57.30601233333368,10039.131914833335,6000.0
2025-02-02,Q4-2_fixed_strategy,65704.36070448214,65339.65199110255,0.0,0.0,364.70871337958556,57.30601233333368,10039.131914833335,6000.0
2025-02-02,Q4-3_main,67231.61660427746,62126.73540858656,98.29135138687514,0.0,5006.589844304028,870.8562674583344,7979.994903229939,6000.0
2025-02-02,Q4-3_no_adjust,63154.72429358477,62126.73540858656,0.0,0.0,1027.988884998212,167.2201846666673,6790.478216333337,6000.0
2025-02-03,Q2_main,57830.37867592826,57396.722748250344,0.0,0.0,433.6559276779163,124.92749916666666,6189.484583750002,6000.0
2025-02-03,Q2_baseline,69276.4813481674,68383.81663194949,0.0,0.0,892.6647162179156,250.82523499999988,0.0,
2025-02-03,Q3_main,63119.037999884255,57440.43146499269,24.204547244553318,0.0,5654.401987647008,1183.0542794444436,8349.503807544586,6000.000000000001
2025-02-03,Q3_no_adjust,58792.61313503603,57440.43146499269,0.0,0.0,1352.1816700433387,305.709624027779,6942.383324444447,6000.0
2025-02-03,Q4-2_main,65367.90396021657,64856.366498166986,0.0,0.0,511.5374620495828,124.92749916666666,6189.484583750002,6000.0
2025-02-03,Q4-2_fixed_strategy,65230.74584541662,64719.20838336703,0.0,0.0,511.5374620495828,124.92749916666666,6189.484583750002,6000.0
2025-02-03,Q4-3_main,71423.81699438771,64999.34730310509,23.545689764463127,0.0,6400.924001518157,1166.715507152777,8366.359310221196,6000.0
2025-02-03,Q4-3_no_adjust,66583.24701488267,64999.34730310509,0.0,0.0,1583.8997117775755,305.709624027779,6942.383324444447,6000.0
2025-02-04,Q2_main,58898.33593297073,57279.87103725161,0.0,0.0,1618.4648957191248,479.8612366666665,5416.216571166666,6000.0
2025-02-04,Q2_baseline,69980.15466803453,68336.05784098599,0.0,0.0,1644.0968270485419,467.1289225,0.0,
2025-02-04,Q3_main,64942.1829911908,59182.529479436234,85.14449525644568,0.0,5674.509016498114,1247.0738823194476,9202.021867272975,6000.000000000003
2025-02-04,Q3_no_adjust,59998.236846094434,59182.529479436234,0.0,0.0,815.7073666581969,221.55007569444479,7738.622083527778,6000.0
2025-02-04,Q4-2_main,66600.07675357183,64606.34603144255,0.0,0.0,1993.7307221292908,479.8612366666665,5416.216571166666,6000.0
2025-02-04,Q4-2_fixed_strategy,66440.12675357182,64446.396031442535,0.0,0.0,1993.7307221292908,479.8612366666665,5416.216571166666,6000.0
2025-02-04,Q4-3_main,72712.36468060584,66892.85829337104,84.52975742096322,0.0,5734.976629813822,1110.3148771527808,9057.41763141615,6000.000000000003
2025-02-04,Q4-3_no_adjust,67822.3736050589,66892.85829337104,0.0,0.0,929.5153116878622,221.55007569444467,7738.622083527778,6000.0
2025-02-05,Q2_main,58493.81222816323,57131.37942545027,0.0,0.0,1362.4328027129582,390.4685050833333,5439.163518083332,6000.0
2025-02-05,Q2_baseline,69464.56629728473,68203.50499601995,0.0,0.0,1261.061301264793,370.6290162500004,0.0,
2025-02-05,Q3_main,59657.41733739548,55210.53911637048,200.60540566795464,0.0,4246.272815357046,936.4818958749977,3868.989582176617,5999.999999999999
2025-02-05,Q3_no_adjust,59602.63296573051,55210.53911637048,0.0,0.0,4392.0938493600315,1303.9349733055562,3919.9941600555553,6000.0
2025-02-05,Q4-2_main,65918.90948692852,64253.52819656832,0.0,0.0,1665.3812903602081,390.4685050833332,5439.163518083332,6000.0
2025-02-05,Q4-2_fixed_strategy,65870.90948692852,64205.52819656831,0.0,0.0,1665.3812903602084,390.4685050833333,5439.163518083332,6000.0
2025-02-05,Q4-3_main,66753.80624579538,61907.88157567139,362.4292281999535,0.0,4483.495441924032,861.1910545138869,3906.5857873475707,5999.999999999999
2025-02-05,Q4-3_no_adjust,67496.48938139663,61907.88157567139,0.0,0.0,5588.60780572524,1303.9349733055562,3919.9941600555558,6000.0
2025-02-06,Q2_main,57934.6505308372,57185.3886913672,0.0,0.0,749.2618394699956,217.1739574999989,5792.394010083335,6000.0
2025-02-06,Q2_baseline,69301.51425174442,68395.5297959715,0.0,0.0,905.9844557729157,235.324922083333,0.0,
2025-02-06,Q3_main,65085.56580373595,59029.03395057961,155.22831749406657,0.0,5901.303535662277,1238.7375366666677,10272.069350868658,6000.0
2025-02-06,Q3_no_adjust,60073.57507838578,59029.03395057961,0.0,0.0,1044.5411278061765,240.61543322222133,8659.66798663889,6000.0
2025-02-06,Q4-2_main,65114.54333660473,64239.349309066856,0.0,0.0,875.1940275378704,217.1739574999989,5792.394010083336,6000.0
2025-02-06,Q4-2_fixed_strategy,65182.11428110382,64306.92025356595,0.0,0.0,875.1940275378704,217.1739574999989,5792.394010083335,6000.0
2025-02-06,Q4-3_main,73414.7613047681,66593.58554809747,153.31221606704102,0.0,6667.863540603583,1236.7366464166676,10321.868190281724,6000.0
2025-02-06,Q4-3_no_adjust,67764.79005198782,66593.58554809747,0.0,0.0,1171.2045038903434,240.61543322222133,8659.667986638891,6000.0
2025-02-07,Q2_main,33159.92275883245,33159.92275883245,0.0,0.0,0.0,0.0,23342.562229666666,6000.0
2025-02-07,Q2_baseline,45008.585240855246,45008.585240855246,0.0,0.0,0.0,0.0,0.0,
2025-02-07,Q3_main,39897.31092201589,33034.45745060229,0.0,0.0,6862.8534714135985,1409.1937900416658,25416.6789836809,6000.0
2025-02-07,Q3_no_adjust,33034.45745060229,33034.45745060229,0.0,0.0,0.0,0.0,22997.560894250004,6000.0
2025-02-07,Q4-2_main,27022.008266972378,27022.008266972378,0.0,0.0,0.0,0.0,23342.562229666666,6000.0
2025-02-07,Q4-2_fixed_strategy,26960.465484309385,26960.465484309385,0.0,0.0,0.0,0.0,23342.562229666666,6000.0
2025-02-07,Q4-3_main,32640.226870085156,26933.110894121724,0.0,0.0,5707.115975963432,1431.8344062083324,25441.83377973766,6000.000000000001
2025-02-07,Q4-3_no_adjust,26933.110894121724,26933.110894121724,0.0,0.0,0.0,0.0,22997.560894250004,6000.0
2025-02-08,Q2_main,32433.257947897706,32433.257947897706,0.0,0.0,0.0,0.0,22396.265244666665,6000.0
2025-02-08,Q2_baseline,44581.43715331,44581.43715331,0.0,0.0,0.0,0.0,0.0,
2025-02-08,Q3_main,35900.316083616206,27983.603098192907,0.0,0.0,7916.712985423298,1614.7091514166682,17845.55263647411,6000.0
2025-02-08,Q3_no_adjust,27983.603098192907,27983.603098192907,0.0,0.0,0.0,0.0,15278.043585499996,6000.0
2025-02-08,Q4-2_main,26372.42484136879,26372.42484136879,0.0,0.0,0.0,0.0,22396.265244666665,6000.0
2025-02-08,Q4-2_fixed_strategy,26263.506956149206,26263.506956149206,0.0,0.0,0.0,0.0,22396.265244666665,6000.0
2025-02-08,Q4-3_main,29217.636214845978,22691.588320798313,0.0,0.0,6526.047894047663,1562.6066404583346,17780.19100312637,6000.0
2025-02-08,Q4-3_no_adjust,22691.588320798313,22691.588320798313,0.0,0.0,0.0,0.0,15278.043585499998,6000.0
2025-02-09,Q2_main,57621.72981157702,55815.76491401077,0.0,0.0,1805.9648975662483,607.1992269166664,5181.491608250001,6000.0
2025-02-09,Q2_baseline,69037.58713368609,67160.7363109467,0.0,0.0,1876.8508227393777,601.6811804166671,0.0,
2025-02-09,Q3_main,58587.33491326849,55329.61845653265,0.0,0.0,3257.7164567358423,686.1144872175964,5112.244695546734,6000.000000000002
2025-02-09,Q3_no_adjust,58321.26002987879,55329.61845653265,0.0,0.0,2991.6415733461376,683.0406521944442,4863.475041444446,6000.0
2025-02-09,Q4-2_main,64634.78734624357,62138.57182875686,0.0,0.0,2496.215517486706,607.1992269166664,5181.491608250002,6000.0
2025-02-09,Q4-2_fixed_strategy,64535.90467098244,62039.68915349573,0.0,0.0,2496.215517486706,607.1992269166664,5181.491608250001,6000.0
2025-02-09,Q4-3_main,65455.94923511307,61713.68996499585,0.0,0.0,3742.2592701172175,722.5177519675965,5167.259888632812,6000.000000000001
2025-02-09,Q4-3_no_adjust,65114.08897298254,61713.68996499585,0.0,0.0,3400.3990079866935,683.0406521944442,4863.475041444446,6000.0
2025-02-10,Q2_main,55490.94818795622,54900.019493425934,0.0,0.0,590.9286945302899,103.24474908333298,8743.130049250001,6000.0
2025-02-10,Q2_baseline,67444.9274548582,66423.50899933737,0.0,0.0,1021.4184555208315,234.5259783333329,0.0,
2025-02-10,Q3_main,58694.49011447265,52149.01404358106,2178.5199938871465,0.0,4366.956077004437,884.2204563472251,8398.288291457822,6000.000000000001
2025-02-10,Q3_no_adjust,53580.98188848538,52149.01404358106,0.0,0.0,1431.9678449043208,284.79484216666697,5338.859820666669,6000.0
2025-02-10,Q4-2_main,60123.31321430951,59545.246535867016,0.0,0.0,578.0666784424983,103.24474908333298,8743.130049250001,6000.0
2025-02-10,Q4-2_fixed_strategy,60098.262940136956,59520.19626169446,0.0,0.0,578.0666784424983,103.24474908333298,8743.130049250001,6000.0
2025-02-10,Q4-3_main,63698.01464644852,56413.15492411635,2482.4852609353534,0.0,4802.374461396813,912.3117366944473,8429.527684281042,6000.000000000001
2025-02-10,Q4-3_no_adjust,57949.05276568081,56413.15492411635,0.0,0.0,1535.8978415644597,284.7948421666669,5338.859820666668,6000.0
2025-02-11,Q2_main,55094.122081692214,54770.14113145196,0.0,0.0,323.98095024025434,60.531297583334094,7570.4334,6000.0
2025-02-11,Q2_baseline,67379.05849551817,66490.41541461108,0.0,0.0,888.6430809070881,165.07192083333393,0.0,
2025-02-11,Q3_main,62542.86530372111,52936.63560763686,114.427263124474,0.0,9491.802432959776,2023.0063689722215,7426.95765876372,6000.0
2025-02-11,Q3_no_adjust,56827.30105630534,52936.63560763686,0.0,0.0,3890.6654486684815,1020.1453148888904,5850.029451055556,6000.0
2025-02-11,Q4-2_main,60474.85289113374,60161.004824601405,0.0,0.0,313.8480665323374,60.531297583334094,7570.4334,6000.0
2025-02-11,Q4-2_fixed_strategy,60444.33018686584,60130.4821203335,0.0,0.0,313.8480665323374,60.531297583334094,7570.4334,6000.0
2025-02-11,Q4-3_main,68665.1863522315,57873.710690555934,112.76606459918276,0.0,10678.709597076373,2058.681977847222,7461.858930262177,6000.0
2025-02-11,Q4-3_no_adjust,62525.044739889025,57873.710690555934,0.0,0.0,4651.334049333093,1020.1453148888904,5850.029451055556,6000.0
2025-02-12,Q2_main,55222.22961986328,54300.61182086999,0.0,0.0,921.617798993291,183.5111101666668,7078.872854333333,6000.0
2025-02-12,Q2_baseline,67323.3118124995,66184.54775575554,0.0,0.0,1138.7640567439598,242.73668958333383,0.0,
2025-02-12,Q3_main,63273.419635603816,52574.22150227157,71.47707652263335,0.0,10627.721056809612,2219.961671569442,7445.2581245332585,6000.000000000001
2025-02-12,Q3_no_adjust,54373.57432961519,52574.22150227157,0.0,0.0,1799.3528273436236,382.25515541666664,4960.814482083332,6000.0
2025-02-12,Q4-2_main,60271.92692508491,59327.722038589076,0.0,0.0,944.2048864958324,183.5111101666668,7078.872854333333,6000.0
2025-02-12,Q4-2_fixed_strategy,60295.222240260584,59351.01735376475,0.0,0.0,944.2048864958324,183.5111101666668,7078.872854333333,6000.0
2025-02-12,Q4-3_main,69239.98023503082,57341.06771425922,66.53843836525864,0.0,11832.374082406335,2216.369648333331,7441.666101297145,6000.000000000001
2025-02-12,Q4-3_no_adjust,59316.063813992325,57341.06771425922,0.0,0.0,1974.9960997331102,382.25515541666675,4960.814482083333,6000.0
2025-02-13,Q2_main,54282.55465467003,53710.606793776155,0.0,0.0,571.9478608938765,182.99005291666685,10057.2352695,6000.0
2025-02-13,Q2_baseline,66706.87506767258,65895.03564821841,0.0,0.0,811.8394194541697,219.09357916666715,0.0,
2025-02-13,Q3_main,54598.531668302196,48366.66928921356,975.4137167905603,0.0,5256.448662298077,1148.066687444447,5497.828025161186,5999.999999999998
2025-02-13,Q3_no_adjust,52497.084210494715,48366.66928921356,0.0,0.0,4130.414921281152,979.5933510833329,4144.579755583334,6000.0
2025-02-13,Q4-2_main,58594.39656864466,58003.69249407257,0.0,0.0,590.7040745720849,182.99005291666685,10057.2352695,6000.0
2025-02-13,Q4-2_fixed_strategy,58663.34576785637,58072.641693284284,0.0,0.0,590.7040745720849,182.99005291666685,10057.2352695,6000.0
2025-02-13,Q4-3_main,58985.35987997893,51998.615283701336,1036.3805835956518,0.0,5950.364012681945,1208.6590093333361,5542.153435228395,6000.0
2025-02-13,Q4-3_no_adjust,56490.782127601706,51998.615283701336,0.0,0.0,4492.166843900373,979.5933510833329,4144.579755583334,6000.0
2025-02-14,Q2_main,29905.96119587174,29905.96119587174,0.0,0.0,0.0,0.0,20136.81787483333,6000.0
2025-02-14,Q2_baseline,43500.47195803016,43500.47195803016,0.0,0.0,0.0,0.0,0.0,
2025-02-14,Q3_main,34770.06209076744,27686.953356995742,0.0,0.0,7083.108733771698,1502.9575195555567,19610.36243257578,6000.0
2025-02-14,Q3_no_adjust,27686.953356995742,27686.953356995742,0.0,0.0,0.0,0.0,16959.237363166663,6000.0
2025-02-14,Q4-2_main,24101.85136618453,24101.85136618453,0.0,0.0,0.0,0.0,20136.81787483333,6000.0
2025-02-14,Q4-2_fixed_strategy,24163.01100791271,24163.01100791271,0.0,0.0,0.0,0.0,20136.81787483333,6000.0
2025-02-14,Q4-3_main,28097.211116278995,22306.67725218481,0.0,0.0,5790.533864094184,1468.1749928888898,19575.579905909122,6000.0
2025-02-14,Q4-3_no_adjust,22306.67725218481,22306.67725218481,0.0,0.0,0.0,0.0,16959.237363166663,6000.0
2025-02-15,Q2_main,29063.639983513574,29063.639983513574,0.0,0.0,0.0,0.0,19302.354283999997,6000.0
2025-02-15,Q2_baseline,42800.55056923587,42800.55056923587,0.0,0.0,0.0,0.0,0.0,
2025-02-15,Q3_main,35167.15730988638,28144.109198268503,0.0,0.0,7023.048111617877,1517.1950752361104,20567.792272497427,6000.0
2025-02-15,Q3_no_adjust,28144.109198268503,28144.109198268503,0.0,0.0,0.0,0.0,18293.676575249996,6000.0
2025-02-15,Q4-2_main,23846.14979344492,23846.14979344492,0.0,0.0,0.0,0.0,19302.354283999997,6000.0
2025-02-15,Q4-2_fixed_strategy,23827.25022039107,23827.25022039107,0.0,0.0,0.0,0.0,19302.354283999997,6000.0
2025-02-15,Q4-3_main,28775.69662809601,23046.05982399398,0.0,0.0,5729.636804102032,1515.4128550277774,20555.330078449075,6000.0
2025-02-15,Q4-3_no_adjust,23046.05982399398,23046.05982399398,0.0,0.0,0.0,0.0,18293.676575249996,6000.0
2025-02-16,Q2_main,54697.30411658935,51820.908833151894,0.0,0.0,2876.395283437456,728.3723591666659,4191.159982750001,6000.0
2025-02-16,Q2_baseline,66369.55260761012,64201.151588269706,0.0,0.0,2168.4010193404138,541.189205416666,0.0,
2025-02-16,Q3_main,66681.34639514147,51920.948902472504,148.31436786981777,0.0,14612.083124799152,3163.0721162500004,7748.991973852532,6000.000000000002
2025-02-16,Q3_no_adjust,55476.312128409125,51920.948902472504,0.0,0.0,3555.363225936622,812.3516147499996,4711.302232916668,6000.0
2025-02-16,Q4-2_main,60052.68972646679,56862.35366623867,0.0,0.0,3190.336060228122,728.3723591666659,4191.15998275,6000.0
2025-02-16,Q4-2_fixed_strategy,59998.47586992352,56808.13980969539,0.0,0.0,3190.336060228122,728.3723591666659,4191.159982750001,6000.0
2025-02-16,Q4-3_main,73231.13520088978,57016.6635766618,143.68566079089013,0.0,16070.785963437094,3094.5167876198575,7707.119098647972,6000.000000000002
2025-02-16,Q4-3_no_adjust,60942.93781427367,57016.6635766618,0.0,0.0,3926.2742376118726,812.3516147499997,4711.302232916668,6000.0
2025-02-17,Q2_main,52013.17646623761,50669.708320217025,0.0,0.0,1343.468146020581,307.0203057499998,6510.817882,6000.0
2025-02-17,Q2_baseline,64951.06224098387,63254.71385218575,0.0,0.0,1696.3483887981256,376.09911666666665,0.0,
2025-02-17,Q3_main,62240.7777297555,51240.351914342,47.842658391038874,0.0,10952.58315702246,2377.8628777638914,11014.034944376031,5999.999999999999
2025-02-17,Q3_no_adjust,55116.39728698345,51240.351914342,0.0,0.0,3876.0453726414485,893.3647045000013,8811.3203345,6000.0
2025-02-17,Q4-2_main,56532.46059674609,55206.19129842305,0.0,0.0,1326.2692983230388,307.0203057499996,6510.817882,6000.0
2025-02-17,Q4-2_fixed_strategy,56412.92281452316,55086.653516200124,0.0,0.0,1326.2692983230393,307.0203057499998,6510.817882,6000.0
2025-02-17,Q4-3_main,67718.01759206374,55984.90239143431,47.942941892052616,0.0,11685.172258737379,2391.057813930558,11027.229880542698,6000.0
2025-02-17,Q4-3_no_adjust,60149.4177178913,55984.90239143431,0.0,0.0,4164.515326456991,893.3647045000012,8811.3203345,6000.0
2025-02-18,Q2_main,51590.74888205976,50357.590072489635,0.0,0.0,1233.15880957012,292.4407826666657,4910.200603083335,6000.0
2025-02-18,Q2_baseline,64844.78391485016,63434.06986838288,0.0,0.0,1410.714046467291,321.664938333333,0.0,
2025-02-18,Q3_main,59302.12956735075,45187.18150765235,854.9803989299272,0.0,13259.967660768476,3071.2848872222203,1580.1419518055554,6000.0
2025-02-18,Q3_no_adjust,61232.04743023125,45187.18150765235,0.0,0.0,16044.865922578898,4208.002071666662,1705.255961249999,6000.0
2025-02-18,Q4-2_main,55342.64912932963,54023.28168099142,0.0,0.0,1319.3674483382028,292.4407826666656,4910.2006030833345,6000.0
2025-02-18,Q4-2_fixed_strategy,55404.618074354294,54085.25062601609,0.0,0.0,1319.367448338203,292.4407826666657,4910.200603083335,6000.0
2025-02-18,Q4-3_main,63562.75904533619,47903.40066962382,1039.5114561931343,0.0,14619.846919519241,3065.5411448055534,1574.398209388887,6000.0
2025-02-18,Q4-3_no_adjust,65908.46274693175,47903.40066962382,0.0,0.0,18005.062077307924,4208.002071666662,1705.2559612499995,6000.0
2025-02-19,Q2_main,53105.951074664554,49718.07073975884,0.0,0.0,3387.88033490571,972.1045999166666,4246.638009833333,6000.0
2025-02-19,Q2_baseline,65439.386554914694,62637.73581082407,0.0,0.0,2801.6507440906257,776.9208070833331,0.0,
2025-02-19,Q3_main,61131.95335460438,45369.44350426971,1131.4042714599611,0.0,14631.10557887471,3532.608128196332,1725.91483848474,6000.0
2025-02-19,Q3_no_adjust,60668.25456470637,45369.44350426971,0.0,0.0,15298.811060436663,3932.437585999999,809.7274671666672,6000.0
2025-02-19,Q4-2_main,57031.54461057634,53395.38611733046,0.0,0.0,3636.1584932458763,972.1045999166668,4246.638009833333,6000.0
2025-02-19,Q4-2_fixed_strategy,56752.27392806771,53116.11543482183,0.0,0.0,3636.158493245876,972.1045999166666,4246.638009833333,6000.0
2025-02-19,Q4-3_main,65605.50829160039,48370.46240048797,1307.4522884992516,0.0,15927.593602613153,3424.9925057129603,1619.6456722427934,6000.000000000001
2025-02-19,Q4-3_no_adjust,65317.54069630972,48370.46240048797,0.0,0.0,16947.078295821746,3932.4375859999996,809.7274671666673,6000.0
2025-02-20,Q2_main,51481.1341967898,49894.87737069534,0.0,0.0,1586.256826094455,400.6868987499991,5651.502682916666,6000.0
2025-02-20,Q2_baseline,64470.89874222517,63136.03224983662,0.0,0.0,1334.8664923885408,335.163939583333,0.0,
2025-02-20,Q3_main,59760.475991341315,46928.34106375737,0.0,0.0,12832.134927583946,2828.672278410494,5074.849567112664,6000.0
2025-02-20,Q3_no_adjust,55113.35049383118,46928.34106375737,0.0,0.0,8185.0094300738165,1871.2869184166661,3772.4002184166675,6000.0
2025-02-20,Q4-2_main,55768.78000812678,54108.01667152207,0.0,0.0,1660.7633366047048,400.6868987499991,5651.502682916666,6000.0
2025-02-20,Q4-2_fixed_strategy,55920.186404045904,54259.4230674412,0.0,0.0,1660.7633366047048,400.6868987499991,5651.502682916666,6000.0
2025-02-20,Q4-3_main,65349.16487272263,50826.653335148185,0.0,0.0,14522.51153757444,2905.689402299383,5136.983933812591,6000.0
2025-02-20,Q4-3_no_adjust,59999.32513725446,50826.653335148185,0.0,0.0,9172.671802106275,1871.2869184166661,3772.4002184166675,6000.0
2025-02-21,Q2_main,27053.17894378257,27053.17894378257,0.0,0.0,0.0,0.0,19572.193176083332,6000.0
2025-02-21,Q2_baseline,42036.96824495758,42036.96824495758,0.0,0.0,0.0,0.0,0.0,
2025-02-21,Q3_main,30892.43067193937,24409.78354049381,0.0,0.0,6482.647131445565,1546.9216151388907,17764.989992534633,6000.0
2025-02-21,Q3_no_adjust,24483.02417345631,24409.78354049381,0.0,0.0,73.24063296250024,22.07214477777785,15335.93920211111,6000.0
2025-02-21,Q4-2_main,21759.731657289765,21759.731657289765,0.0,0.0,0.0,0.0,19572.193176083332,6000.0
2025-02-21,Q4-2_fixed_strategy,21934.243570572748,21934.243570572748,0.0,0.0,0.0,0.0,19572.193176083332,6000.0
2025-02-21,Q4-3_main,25277.29375665602,19866.90426547425,0.0,0.0,5410.3894911817715,1476.0637213055575,17682.409179822702,6000.000000000001
2025-02-21,Q4-3_no_adjust,19921.512740800084,19866.90426547425,0.0,0.0,54.60847532583352,22.07214477777785,15335.93920211111,6000.0
2025-02-22,Q2_main,26350.627095514166,26289.216430680834,0.0,0.0,61.41066483333342,28.723416666666708,15911.447714666663,6000.0
2025-02-22,Q2_baseline,41267.70944917791,41208.663501427916,0.0,0.0,59.04594775000008,27.617375000000038,0.0,
2025-02-22,Q3_main,31691.42649610152,25071.706817372862,0.0,0.0,6619.719678728659,1490.7195283472222,16315.2700517193,6000.0
2025-02-22,Q3_no_adjust,25133.117482206195,25071.706817372862,0.0,0.0,61.41066483333342,28.723416666666708,14094.165220916666,6000.0
2025-02-22,Q4-2_main,21474.91244730029,21417.207103216955,0.0,0.0,57.705344083333415,28.723416666666708,15911.447714666663,6000.0
2025-02-22,Q4-2_fixed_strategy,21439.94022099401,21382.234876910676,0.0,0.0,57.705344083333415,28.723416666666708,15911.447714666663,6000.0
2025-02-22,Q4-3_main,26070.08057106443,20545.120353406826,0.0,0.0,5524.9602176576045,1495.3662219722223,16308.756179210046,6000.0
2025-02-22,Q4-3_no_adjust,20602.82569749016,20545.120353406826,0.0,0.0,57.705344083333415,28.723416666666708,14094.165220916666,6000.0
2025-02-23,Q2_main,52129.59504432256,48060.252730422646,0.0,0.0,4069.3423138999146,1185.6113434999997,3456.3182120833353,6000.0
2025-02-23,Q2_baseline,64067.77201770667,61593.269092992494,0.0,0.0,2474.5029247141692,659.8408887500009,0.0,
2025-02-23,Q3_main,62327.66637545794,45405.08822347299,124.12092321215862,0.0,16798.457228772793,3872.947286796296,3183.250444124314,5999.999999999997
2025-02-23,Q3_no_adjust,58932.57712296836,45405.08822347299,0.0,0.0,13527.488899495369,3133.677974694444,2153.5319836944454,6000.0
2025-02-23,Q4-2_main,56353.723127059886,51803.52643055827,0.0,0.0,4550.196696501622,1185.6113434999997,3456.318212083335,6000.0
2025-02-23,Q4-2_fixed_strategy,56331.20017408246,51781.003477580845,0.0,0.0,4550.196696501622,1185.6113434999997,3456.3182120833353,6000.0
2025-02-23,Q4-3_main,67504.63719395365,48739.156602371644,360.5713228625547,0.0,18404.90926871945,3814.794593069446,3251.6251055680086,6000.000000000002
2025-02-23,Q4-3_no_adjust,63955.844144743445,48739.156602371644,0.0,0.0,15216.687542371797,3133.6779746944435,2153.5319836944454,6000.0
2025-02-24,Q2_main,48680.4523406772,46708.314092637156,0.0,0.0,1972.1382480400407,450.525714666666,4142.882360750001,6000.0
2025-02-24,Q2_baseline,62371.94789676255,60433.344615964204,0.0,0.0,1938.6032807983393,428.2514995833345,0.0,
2025-02-24,Q3_main,60407.78553422575,43938.32418724743,89.71636182167379,0.0,16379.744985156653,3569.93571706944,2876.270941322529,6000.0
2025-02-24,Q3_no_adjust,56163.866182557045,43938.32418724743,0.0,0.0,12225.541995309617,3490.6547634999984,2400.440156666667,6000.0
2025-02-24,Q4-2_main,52031.85039733436,49984.53348938103,0.0,0.0,2047.3169079533322,450.5257146666661,4142.882360750002,6000.0
2025-02-24,Q4-2_fixed_strategy,52038.933818834026,49991.61691088069,0.0,0.0,2047.3169079533318,450.525714666666,4142.882360750001,6000.0
2025-02-24,Q4-3_main,64955.00586878679,46818.49819694502,86.96518078606779,0.0,18049.542491055712,3594.946198402773,2885.1271522331886,6000.0
2025-02-24,Q4-3_no_adjust,60347.17767064719,46818.49819694502,0.0,0.0,13528.679473702172,3490.6547634999984,2400.440156666667,6000.0
2025-02-25,Q2_main,49613.593008525706,47229.98577522591,0.0,0.0,2383.607233299791,698.5385983333333,7245.905435166669,6000.0
2025-02-25,Q2_baseline,63634.108889890544,61218.087517058455,0.0,0.0,2416.021372832087,678.9303795833339,0.0,
2025-02-25,Q3_main,60480.73355541921,44692.92252951264,6.950787707291266,0.0,15780.860238199282,3656.4506564444428,7727.135357014407,6000.0
2025-02-25,Q3_no_adjust,51517.334162970365,44692.92252951264,0.0,0.0,6824.411633457729,1715.0309330277764,5195.0719686111115,6000.0
2025-02-25,Q4-2_main,52294.76576681166,49801.11108451712,0.0,0.0,2493.654682294541,698.5385983333333,7245.905435166669,6000.0
2025-02-25,Q4-2_fixed_strategy,52310.279415489684,49816.624733195145,0.0,0.0,2493.654682294541,698.5385983333333,7245.905435166669,6000.0
2025-02-25,Q4-3_main,63736.55406587841,46947.863210365365,7.5795338891662265,0.0,16781.111321623874,3608.8223172361095,7679.507017806069,6000.0
2025-02-25,Q4-3_no_adjust,54369.28302503319,46947.863210365365,0.0,0.0,7421.419814667825,1715.0309330277764,5195.0719686111115,6000.0
2025-02-26,Q2_main,50933.99462958356,45925.79813981352,0.0,0.0,5008.196489770036,1279.794780666666,3138.6691062499995,6000.0
2025-02-26,Q2_baseline,62093.45063073545,60266.12241517838,0.0,0.0,1827.328215557081,453.2975074999996,0.0,
2025-02-26,Q3_main,62218.9563969258,40003.944450885974,2413.474721558424,0.0,19801.537224481403,4781.413316597222,913.4640223040115,6000.0
2025-02-26,Q3_no_adjust,69183.6388595026,40003.944450885974,0.0,0.0,29179.694408616615,7338.461875666664,741.8351320833335,6000.0
2025-02-26,Q4-2_main,54397.54620630749,49018.353214582996,0.0,0.0,5379.192991724494,1279.794780666666,3138.6691062499995,6000.0
2025-02-26,Q4-2_fixed_strategy,54309.606483599826,48930.41349187533,0.0,0.0,5379.192991724494,1279.794780666666,3138.6691062499995,6000.0
2025-02-26,Q4-3_main,66677.19675293926,42284.42881552214,2733.023692648861,0.0,21659.744244768255,4781.413316597222,913.1402431964997,6000.000000000002
2025-02-26,Q4-3_no_adjust,74286.00628706506,42284.42881552214,0.0,0.0,32001.57747154292,7338.461875666664,741.8351320833331,6000.0
2025-02-27,Q2_main,50104.46467745494,45685.97276760157,0.0,0.0,4418.491909853369,956.1476549999991,4331.993383166668,6000.0
2025-02-27,Q2_baseline,62003.2113205935,59853.96206545767,0.0,0.0,2149.2492551358314,428.6215054166663,0.0,
2025-02-27,Q3_main,60577.34212653894,41232.11010812395,493.14713717310997,0.0,18852.084881241884,4232.107274749997,1557.9514449461549,6000.0
2025-02-27,Q3_no_adjust,61682.141800378085,41232.11010812395,0.0,0.0,20450.031692254142,4636.697650999999,1396.1875158333344,6000.0
2025-02-27,Q4-2_main,52359.45059920899,47460.03830214825,0.0,0.0,4899.412297060745,956.1476549999993,4331.993383166668,6000.0
2025-02-27,Q4-2_fixed_strategy,52526.47444920479,47627.06215214405,0.0,0.0,4899.412297060744,956.1476549999991,4331.993383166668,6000.0
2025-02-27,Q4-3_main,64269.8246000984,42621.80777287242,514.9011300959567,0.0,21133.11569713003,4349.689198916663,1682.48483475325,6000.000000000002
2025-02-27,Q4-3_no_adjust,64857.04363160794,42621.80777287242,0.0,0.0,22235.23585873553,4636.697650999999,1396.1875158333341,6000.0
2025-02-28,Q2_main,24658.559824808715,24658.559824808715,0.0,0.0,0.0,0.0,17252.044118499998,6000.0
2025-02-28,Q2_baseline,40220.819092970996,40220.819092970996,0.0,0.0,0.0,0.0,0.0,
2025-02-28,Q3_main,29918.01437765098,22894.42028802353,0.0,0.0,7023.594089627446,1652.8586494305518,16674.128387523146,6000.0
2025-02-28,Q3_no_adjust,23684.32251575852,22894.42028802353,0.0,0.0,789.9022277349882,229.47978447222266,14622.774535805556,6000.0
2025-02-28,Q4-2_main,19630.33303140907,19630.33303140907,0.0,0.0,0.0,0.0,17252.0441185,6000.0
2025-02-28,Q4-2_fixed_strategy,19564.677177841473,19564.677177841473,0.0,0.0,0.0,0.0,17252.044118499998,6000.0
2025-02-28,Q4-3_main,23678.033214762443,18224.23447757729,0.0,0.0,5453.798737185152,1532.680905472219,16545.824760020565,6000.000000000001
2025-02-28,Q4-3_no_adjust,18920.69558609354,18224.23447757729,0.0,0.0,696.4611085162519,229.47978447222266,14622.774535805556,6000.0
2025-03-01,Q2_main,24315.81583637531,24305.99816282656,0.0,0.0,9.817673548750367,2.4574902500000917,16233.719140416664,6000.0
2025-03-01,Q2_baseline,39673.85714555,39673.85714555,0.0,0.0,0.0,0.0,0.0,
2025-03-01,Q3_main,37363.437975756315,26266.73703365638,0.0,0.0,11096.700942099931,2352.9317392777766,24334.265483369847,6000.000000000001
2025-03-01,Q3_no_adjust,26266.73703365638,26266.73703365638,0.0,0.0,0.0,0.0,20925.803869333333,6000.0
2025-03-01,Q4-2_main,19380.150954296085,19372.341050281586,0.0,0.0,7.809904014500292,2.4574902500000917,16233.719140416664,6000.0
2025-03-01,Q4-2_fixed_strategy,19350.93993233293,19343.130028318432,0.0,0.0,7.809904014500292,2.4574902500000917,16233.719140416664,6000.0
2025-03-01,Q4-3_main,29929.833568465307,20728.774955400324,0.0,0.0,9201.05861306498,2412.0091953055544,24391.692728361104,6000.000000000001
2025-03-01,Q4-3_no_adjust,20728.774955400324,20728.774955400324,0.0,0.0,0.0,0.0,20925.803869333333,6000.0
2025-03-02,Q2_main,65046.3182576877,44961.34393904421,0.0,0.0,20084.97431864349,5177.795343416665,2270.5098043333337,6000.0
2025-03-02,Q2_baseline,70595.05664825086,59043.74457518441,0.0,0.0,11551.31207306645,2568.691133749999,0.0,
2025-03-02,Q3_main,64690.46248665841,46493.89630515499,364.0372650164841,0.0,17832.52891648694,3904.6764963749965,3812.0041165936163,5999.999999999999
2025-03-02,Q3_no_adjust,56771.31822281245,46493.89630515499,0.0,0.0,10277.421917657462,2417.6929268333315,1968.3443239999997,6000.0
2025-03-02,Q4-2_main,71195.15763034175,47789.273554087515,0.0,0.0,23405.884076254242,5177.795343416665,2270.5098043333337,6000.0
2025-03-02,Q4-2_fixed_strategy,71042.55870555075,47636.67462929651,0.0,0.0,23405.884076254242,5177.795343416665,2270.5098043333337,6000.0
2025-03-02,Q4-3_main,69632.30447861346,49709.625754932815,367.0629674397094,0.0,19555.615756240943,3891.522421374997,3801.643976607337,6000.0
2025-03-02,Q4-3_no_adjust,61110.57275797369,49709.625754932815,0.0,0.0,11400.94700304088,2417.6929268333315,1968.3443239999997,6000.0
2025-03-03,Q2_main,69814.29954233536,43595.2889720517,0.0,0.0,26219.010570283663,6454.613122416666,1793.8734649166677,6000.0
2025-03-03,Q2_baseline,70067.36902069263,57827.84367646366,0.0,0.0,12239.525344228958,2735.9460729166667,0.0,
2025-03-03,Q3_main,70737.8299811681,48120.806016900686,423.8131323664842,0.0,22193.210831900935,4873.015995375001,8145.024907100482,6000.000000000001
2025-03-03,Q3_no_adjust,59375.45368867896,48120.806016900686,0.0,0.0,11254.647671778275,2684.325435333333,5124.032350750002,6000.0
2025-03-03,Q4-2_main,75565.94130285882,45952.960408425235,0.0,0.0,29612.980894433575,6454.613122416666,1793.8734649166674,6000.0
2025-03-03,Q4-2_fixed_strategy,75424.05431883107,45811.07342439749,0.0,0.0,29612.98089443358,6454.613122416666,1793.8734649166677,6000.0
2025-03-03,Q4-3_main,75864.13715684689,51338.27841065546,424.56988277750764,0.0,24101.28886341392,4858.298136402777,8030.226186962967,6000.000000000003
2025-03-03,Q4-3_no_adjust,63648.22726145382,51338.27841065546,0.0,0.0,12309.948850798359,2684.3254353333327,5124.032350750002,6000.0
2025-03-04,Q2_main,53245.68542613219,44244.200608191444,0.0,0.0,9001.484817940749,2488.9051425,1584.2632120833343,6000.0
2025-03-04,Q2_baseline,60427.30384887883,58028.58835372863,0.0,0.0,2398.71549515021,712.6042929166673,0.0,
2025-03-04,Q3_main,62101.29320795867,42372.75430417664,321.7102959149396,0.0,19406.828607867086,4854.73090773302,1415.8057391141829,6000.000000000001
2025-03-04,Q3_no_adjust,60265.75293010851,42372.75430417664,0.0,0.0,17892.99862593187,4753.619975333335,1053.363503250001,6000.0
2025-03-04,Q4-2_main,56818.909639628895,46718.259915958646,0.0,0.0,10100.64972367025,2488.9051425,1584.2632120833346,6000.0
2025-03-04,Q4-2_fixed_strategy,56784.43638460458,46683.78666093433,0.0,0.0,10100.64972367025,2488.9051425,1584.2632120833343,6000.0
2025-03-04,Q4-3_main,65845.79875644096,44567.158315790446,324.2442080228559,0.0,20954.39623262765,4830.723961899685,1391.7987932808524,5999.999999999999
2025-03-04,Q4-3_no_adjust,64240.61913563736,44567.158315790446,0.0,0.0,19673.460819846914,4753.619975333335,1053.363503250001,6000.0
2025-03-05,Q2_main,49166.00215332005,44727.97196503401,0.0,0.0,4438.0301882860385,1138.9013282499993,3867.882149500001,6000.0
2025-03-05,Q2_baseline,60972.30286400825,58687.6608517095,0.0,0.0,2284.642012298751,494.2967154166671,0.0,
2025-03-05,Q3_main,62199.42004286144,44360.24532352094,140.95291931183593,0.0,17698.221800028663,3903.706684999999,7414.869640498618,5999.999999999999
2025-03-05,Q3_no_adjust,49473.28865129092,44360.24532352094,0.0,0.0,5113.043327769978,1157.0316384444427,4065.6291017777794,6000.0
2025-03-05,Q4-2_main,51193.11757468308,46362.12987058975,0.0,0.0,4830.987704093331,1138.9013282499993,3867.8821495000007,6000.0
2025-03-05,Q4-2_fixed_strategy,51124.27988872198,46293.292184628655,0.0,0.0,4830.98770409333,1138.9013282499993,3867.882149500001,6000.0
2025-03-05,Q4-3_main,65207.06670580625,46025.64962210659,141.821557160227,0.0,19039.595526539433,3942.045561763888,7453.208517262508,5999.999999999999
2025-03-05,Q4-3_no_adjust,51502.6218970452,46025.64962210659,0.0,0.0,5476.9722749386165,1157.031638444443,4065.629101777779,6000.0
2025-03-06,Q2_main,50847.07851559897,43452.899480864435,0.0,0.0,7394.179034734541,1836.96280175,3072.716282500001,6000.0
2025-03-06,Q2_baseline,61028.327032188026,57334.399683722,0.0,0.0,3693.9273484660343,892.186504166665,0.0,
2025-03-06,Q3_main,58832.08122920629,41168.56488453131,555.7575304213395,0.0,17107.758814253644,3968.592112152777,2791.834405560876,6000.000000000001
2025-03-06,Q3_no_adjust,54337.767308975424,41168.56488453131,0.0,0.0,13169.202424444113,3162.442846388889,1298.4146013055567,6000.0
2025-03-06,Q4-2_main,53025.12095575009,45033.365348228384,0.0,0.0,7991.755607521709,1836.96280175,3072.716282500001,6000.0
2025-03-06,Q4-2_fixed_strategy,53251.99542402053,45260.239816498826,0.0,0.0,7991.755607521709,1836.96280175,3072.716282500001,6000.0
2025-03-06,Q4-3_main,61685.04356776494,42669.048329666286,595.637181283909,0.0,18420.35805681474,3984.113027041666,2809.138123810533,6000.000000000001
2025-03-06,Q4-3_no_adjust,56794.71503229874,42669.048329666286,0.0,0.0,14125.666702632461,3162.442846388889,1298.4146013055567,6000.0
2025-03-07,Q2_main,23629.580788696316,23629.580788696316,0.0,0.0,0.0,0.0,17633.284719416668,6000.0
2025-03-07,Q2_baseline,38579.24515958871,38579.24515958871,0.0,0.0,0.0,0.0,0.0,
2025-03-07,Q3_main,33026.319948621356,24448.002400632802,0.0,0.0,8578.317547988552,1914.4217750555574,22051.004041736625,6000.000000000001
2025-03-07,Q3_no_adjust,24448.002400632802,24448.002400632802,0.0,0.0,0.0,0.0,19237.321487916666,6000.0
2025-03-07,Q4-2_main,18816.859008808715,18816.859008808715,0.0,0.0,0.0,0.0,17633.284719416664,6000.0
2025-03-07,Q4-2_fixed_strategy,18530.986010477776,18530.986010477776,0.0,0.0,0.0,0.0,17633.284719416668,6000.0
2025-03-07,Q4-3_main,26629.92999693399,19395.66723000488,0.0,0.0,7234.2627669291105,2060.5665983055574,22193.032327967598,6000.0
2025-03-07,Q4-3_no_adjust,19395.66723000488,19395.66723000488,0.0,0.0,0.0,0.0,19237.321487916666,6000.0
2025-03-08,Q2_main,23873.227002988777,23873.227002988777,0.0,0.0,0.0,0.0,19911.976459999998,6000.0
2025-03-08,Q2_baseline,38610.77051982646,38610.77051982646,0.0,0.0,0.0,0.0,0.0,
2025-03-08,Q3_main,29306.19272447875,22153.45511409678,0.0,0.0,7152.737610381968,1633.0498596249995,19620.02884724726,6000.0
2025-03-08,Q3_no_adjust,22153.45511409678,22153.45511409678,0.0,0.0,0.0,0.0,17235.50248516666,6000.0
2025-03-08,Q4-2_main,18903.00143149874,18903.00143149874,0.0,0.0,0.0,0.0,19911.976459999998,6000.0
2025-03-08,Q4-2_fixed_strategy,18846.359487122474,18846.359487122474,0.0,0.0,0.0,0.0,19911.976459999998,6000.0
2025-03-08,Q4-3_main,23171.578884568684,17634.290695966512,0.0,0.0,5537.2881886021705,1528.7639556666663,19507.95483072977,6000.0
2025-03-08,Q4-3_no_adjust,17634.290695966512,17634.290695966512,0.0,0.0,0.0,0.0,17235.50248516666,6000.0
2025-03-09,Q2_main,46234.461121379296,44642.58085088242,0.0,0.0,1591.8802704968743,387.41854041666664,6169.325425000001,6000.0
2025-03-09,Q2_baseline,59791.66479154737,57958.378866024876,0.0,0.0,1833.2859255225003,405.01274541666703,0.0,
2025-03-09,Q3_main,58635.21731839841,43248.33057006416,1670.5650232432388,0.0,13716.32172509102,2983.027991625003,9203.874356428845,6000.0
2025-03-09,Q3_no_adjust,52196.12529916466,43248.33057006416,0.0,0.0,8947.7947291005,1907.8784195833332,6323.979866666668,6000.0
2025-03-09,Q4-2_main,47531.37155748967,45881.63286922384,0.0,0.0,1649.7386882658327,387.41854041666653,6169.325425000002,6000.0
2025-03-09,Q4-2_fixed_strategy,47427.88862730653,45778.1499390407,0.0,0.0,1649.738688265833,387.41854041666664,6169.325425000001,6000.0
2025-03-09,Q4-3_main,60691.9616050992,44466.899980521186,1810.4028199498546,0.0,14414.658804628152,2970.997881833336,9231.57291436197,6000.0
2025-03-09,Q4-3_no_adjust,54014.134068525214,44466.899980521186,0.0,0.0,9547.234088004026,1907.8784195833332,6323.979866666668,6000.0
2025-03-10,Q2_main,56113.66669939549,42664.436740882586,0.0,0.0,13449.229958512908,3958.0160624166647,1974.4683416666658,6000.0
2025-03-10,Q2_baseline,60208.30935333929,56728.14521160658,0.0,0.0,3480.1641417327073,850.3272341666665,0.0,
2025-03-10,Q3_main,59939.05292043659,40931.58657020161,1564.0983886018914,0.0,17443.36796163308,4171.345156416663,2151.965888118315,6000.0
2025-03-10,Q3_no_adjust,60257.241028878416,40931.58657020161,0.0,0.0,19325.654458676803,4576.502464138888,1060.1686183888892,6000.0
2025-03-10,Q4-2_main,60795.94814626253,45217.27349822996,0.0,0.0,15578.674648032575,3958.0160624166647,1974.4683416666658,6000.0
2025-03-10,Q4-2_fixed_strategy,60896.989092123185,45318.31444409061,0.0,0.0,15578.674648032575,3958.0160624166647,1974.4683416666658,6000.0
2025-03-10,Q4-3_main,64387.86580031461,43463.97213765358,1801.0218918362177,0.0,19122.871770824815,4183.090851416662,2163.7115831183155,6000.000000000002
2025-03-10,Q4-3_no_adjust,64708.269587321425,43463.97213765358,0.0,0.0,21244.297449667843,4576.502464138888,1060.1686183888892,6000.0
2025-03-11,Q2_main,48072.291821495615,42853.85197512095,0.0,0.0,5218.439846374663,1311.0300086666657,3827.8102435833343,6000.0
2025-03-11,Q2_baseline,59144.53151008983,56445.512558503164,0.0,0.0,2699.0189515866655,690.9156570833329,0.0,
2025-03-11,Q3_main,60169.51820579639,36853.09660853417,3435.145079242658,0.0,19881.276518019564,4589.226139999995,1598.7258960082256,6000.000000000002
2025-03-11,Q3_no_adjust,70935.7649117441,36853.09660853417,0.0,0.0,34082.668303209924,8761.92604786111,1304.3004540277782,6000.0
2025-03-11,Q4-2_main,50139.308744135145,44608.20734642248,0.0,0.0,5531.101397712662,1311.0300086666657,3827.8102435833343,6000.0
2025-03-11,Q4-2_fixed_strategy,50293.392812566955,44762.29141485429,0.0,0.0,5531.101397712662,1311.0300086666657,3827.8102435833343,6000.0
2025-03-11,Q4-3_main,62947.52115147628,37872.130908178035,4050.2304167792067,0.0,21025.159826519033,4583.070027999995,1592.5697840082325,6000.000000000002
2025-03-11,Q4-3_no_adjust,74395.60776811789,37872.130908178035,0.0,0.0,36523.47685993985,8761.92604786111,1304.300454027778,6000.0
2025-03-12,Q2_main,44702.01897639713,42799.197222561335,0.0,0.0,1902.8217538357926,617.9142531666665,4426.802818666668,6000.0
2025-03-12,Q2_baseline,58850.91718229478,56505.43140449854,0.0,0.0,2345.4857777962507,699.459688333333,0.0,
2025-03-12,Q3_main,57989.0551388166,42375.27852205976,2078.9188975477064,0.0,13534.857719209132,3115.1208491388875,8951.342650666664,6000.000000000002
2025-03-12,Q3_no_adjust,47157.45972976847,42375.27852205976,0.0,0.0,4782.181207708707,1213.763814027777,4850.103141611111,6000.0
2025-03-12,Q4-2_main,46047.28546545792,44044.85185016184,0.0,0.0,2002.433615296083,617.9142531666661,4426.802818666668,6000.0
2025-03-12,Q4-2_fixed_strategy,46054.11127108924,44051.67765579316,0.0,0.0,2002.433615296084,617.9142531666665,4426.802818666668,6000.0
2025-03-12,Q4-3_main,60192.744753440114,43735.890210551675,2161.139844744246,0.0,14295.714698144195,3123.3185967222207,8959.540398249997,6000.000000000002
2025-03-12,Q4-3_no_adjust,48816.22383981805,43735.890210551675,0.0,0.0,5080.333629266373,1213.7638140277768,4850.103141611109,6000.0
2025-03-13,Q2_main,59185.72699742262,41871.99335276707,0.0,0.0,17313.733644655546,4806.083069583334,2157.9962469166676,6000.0
2025-03-13,Q2_baseline,63825.81796311717,55694.099098569655,0.0,0.0,8131.718864547505,1846.2198995833346,0.0,
2025-03-13,Q3_main,58290.848454340696,42206.84972066122,328.84219925787454,0.0,15755.156534421596,3502.013356621039,2670.4822611796953,6000.000000000001
2025-03-13,Q3_no_adjust,57524.122347642,42206.84972066122,0.0,0.0,15317.272626980774,3518.650813472221,2109.159174972221,6000.0
2025-03-13,Q4-2_main,63997.69447536525,43993.71184539316,0.0,0.0,20003.982629972088,4806.083069583334,2157.996246916667,6000.0
2025-03-13,Q4-2_fixed_strategy,64013.76342760479,44009.7807976327,0.0,0.0,20003.982629972088,4806.083069583334,2157.9962469166676,6000.0
2025-03-13,Q4-3_main,61147.84498778701,44539.4618275012,328.12738041000694,0.0,16280.255779875799,3345.8292693571566,2517.3910657196457,6000.000000000001
2025-03-13,Q4-3_no_adjust,60918.65215421216,44539.4618275012,0.0,0.0,16379.190326710956,3518.6508134722217,2109.159174972221,6000.0
2025-03-14,Q2_main,22938.935227473274,22938.935227473274,0.0,0.0,0.0,0.0,21393.052795083328,6000.0
2025-03-14,Q2_baseline,37324.077826339955,37324.077826339955,0.0,0.0,0.0,0.0,0.0,
2025-03-14,Q3_main,27236.19907914279,21773.109885716367,0.0,0.0,5463.089193426424,1191.8090495555527,21818.952752427125,6000.000000000002
2025-03-14,Q3_no_adjust,21773.109885716367,21773.109885716367,0.0,0.0,0.0,0.0,19819.39995313889,6000.0
2025-03-14,Q4-2_main,17978.68837206593,17978.68837206593,0.0,0.0,0.0,0.0,21393.052795083328,6000.0
2025-03-14,Q4-2_fixed_strategy,17938.447903742224,17938.447903742224,0.0,0.0,0.0,0.0,21393.052795083328,6000.0
2025-03-14,Q4-3_main,21330.434856451604,17079.284269351712,0.0,0.0,4251.1505870998935,1159.4508537222196,21781.411532666323,6000.0
2025-03-14,Q4-3_no_adjust,17079.284269351712,17079.284269351712,0.0,0.0,0.0,0.0,19819.39995313889,6000.0
2025-03-15,Q2_main,23006.732872373257,22842.118889473466,0.0,0.0,164.61398289979172,75.76535375000003,16302.192667333333,6000.0
2025-03-15,Q2_baseline,37239.444684733164,37125.62504269795,0.0,0.0,113.81964203520855,53.25697458333343,0.0,
2025-03-15,Q3_main,28330.585289057315,21609.261072180954,0.0,0.0,6721.324216876361,1595.0676658055552,17472.645516976165,6000.0
2025-03-15,Q3_no_adjust,21698.259096480746,21609.261072180954,0.0,0.0,88.99802429979185,41.642628750000085,15173.43633925,6000.0
2025-03-15,Q4-2_main,18437.287952525036,18276.763205663992,0.0,0.0,160.5247468610417,75.76535375000003,16302.192667333333,6000.0
2025-03-15,Q4-2_fixed_strategy,18409.304814260468,18248.780067399424,0.0,0.0,160.5247468610417,75.76535375000003,16302.192667333333,6000.0
2025-03-15,Q4-3_main,22481.507890710003,17383.305427314288,0.0,0.0,5098.202463395716,1398.864622138889,17268.77943201321,6000.0
2025-03-15,Q4-3_no_adjust,17475.78946052533,17383.305427314288,0.0,0.0,92.4840332110418,41.642628750000085,15173.43633925,6000.0
2025-03-16,Q2_main,47816.66866309461,42341.02749630482,0.0,0.0,5475.641166789792,1333.5858936666666,3960.597304083333,6000.0
2025-03-16,Q2_baseline,57691.30487974041,55393.73333512791,0.0,0.0,2297.5715446124996,654.4543466666665,0.0,
2025-03-16,Q3_main,52985.4256487393,40607.56461257929,738.2976464847283,0.0,11639.563389675277,2733.337025638887,3468.221691239355,6000.000000000001
2025-03-16,Q3_no_adjust,52989.32754336714,40607.56461257929,0.0,0.0,12381.762930787849,3034.571652611111,2545.231757194444,6000.0
2025-03-16,Q4-2_main,49492.11062098396,43668.15872192434,0.0,0.0,5823.951899059626,1333.5858936666666,3960.5973040833333,6000.0
2025-03-16,Q4-2_fixed_strategy,49523.40119090042,43699.44929184079,0.0,0.0,5823.951899059626,1333.5858936666666,3960.597304083333,6000.0
2025-03-16,Q4-3_main,54962.41741259412,41826.064250504656,743.6161885059746,0.0,12392.73697358349,2727.7187295972208,3451.8817193842524,6000.0
2025-03-16,Q4-3_no_adjust,54891.21665155061,41826.064250504656,0.0,0.0,13065.152401045958,3034.571652611111,2545.231757194444,6000.0
2025-03-17,Q2_main,43074.232939803354,42009.21880111298,0.0,0.0,1065.0141386903747,264.68644599999993,7902.994493000003,6000.0
2025-03-17,Q2_baseline,56889.85639871475,55173.261407131824,0.0,0.0,1716.5949915829174,370.97907208333345,0.0,
2025-03-17,Q3_main,52597.05407315097,37328.14647395939,2379.9540486467204,0.0,12888.953550544862,2867.1071946250004,6341.382109180564,5999.999999999999
2025-03-17,Q3_no_adjust,51189.31289652927,37328.14647395939,0.0,0.0,13861.16642256988,3137.2389798611093,4304.861701861111,6000.0
2025-03-17,Q4-2_main,43409.0033662759,42367.48721052545,0.0,0.0,1041.5161557504578,264.6864459999998,7902.994493000004,6000.0
2025-03-17,Q4-2_fixed_strategy,43491.825433806545,42450.309278056084,0.0,0.0,1041.516155750458,264.68644599999993,7902.994493000003,6000.0
2025-03-17,Q4-3_main,53101.816438348294,37567.205422473744,2378.885125669487,0.0,13155.72589020507,2866.9847435833335,6306.047823972229,6000.0
2025-03-17,Q4-3_no_adjust,51831.592822852224,37567.205422473744,0.0,0.0,14264.387400378477,3137.2389798611093,4304.861701861112,6000.0
2025-03-18,Q2_main,47852.259197793515,40807.19028661598,0.0,0.0,7045.068911177535,1496.668735416665,3985.8704188333354,6000.0
2025-03-18,Q2_baseline,57619.09876235766,54307.67264429892,0.0,0.0,3311.42611805875,779.994607083333,0.0,
2025-03-18,Q3_main,55654.71987161303,43029.73950190305,105.06490596561993,0.0,12519.915463744357,2671.9339104722217,9534.70215978909,6000.000000000001
2025-03-18,Q3_no_adjust,47897.93683563492,43029.73950190305,0.0,0.0,4868.197333731873,1117.1889089166662,7231.509643583335,6000.0
2025-03-18,Q4-2_main,49086.95035174578,41589.74872001841,0.0,0.0,7497.201631727369,1496.6687354166654,3985.8704188333354,6000.0
2025-03-18,Q4-2_fixed_strategy,49181.10576425322,41683.90413252585,0.0,0.0,7497.201631727368,1496.668735416665,3985.8704188333354,6000.0
2025-03-18,Q4-3_main,57148.03651939559,43977.14047801266,102.13600870681579,0.0,13068.760032676108,2639.4223623472217,9480.925183171978,6000.000000000001
2025-03-18,Q4-3_no_adjust,49081.5864004527,43977.14047801266,0.0,0.0,5104.445922440042,1117.1889089166666,7231.509643583335,6000.0
2025-03-19,Q2_main,44909.686386598245,40564.60690594195,0.0,0.0,4345.079480656292,921.6166619166667,4631.381765416668,6000.0
2025-03-19,Q2_baseline,55810.52969116075,54206.79280509762,0.0,0.0,1603.7368860631263,392.49627000000066,0.0,
2025-03-19,Q3_main,52945.380442200076,35344.723979324044,2734.629499022528,0.0,14866.026963853501,3663.0442381111097,1883.687157027776,6000.000000000002
2025-03-19,Q3_no_adjust,61387.85544252631,35344.723979324044,0.0,0.0,26043.131463202262,6471.759781583334,1242.8656088333337,6000.0
2025-03-19,Q4-2_main,45762.78784027694,41173.79622230598,0.0,0.0,4588.991617970958,921.6166619166667,4631.381765416668,6000.0
2025-03-19,Q4-2_fixed_strategy,45674.832416850084,41085.84079887913,0.0,0.0,4588.991617970958,921.6166619166667,4631.381765416668,6000.0
2025-03-19,Q4-3_main,53991.98762191103,35720.093877808344,2941.9243158590507,0.0,15329.96942824364,3663.0442381111097,1883.687157027777,6000.0
2025-03-19,Q4-3_no_adjust,62303.77303494529,35720.093877808344,0.0,0.0,26583.679157136943,6471.759781583334,1242.8656088333337,6000.0
2025-03-20,Q2_main,45655.76820513075,40704.847288928504,0.0,0.0,4950.920916202247,1342.9397885833328,2554.458907416667,6000.0
2025-03-20,Q2_baseline,57324.022959611335,54047.98205685362,0.0,0.0,3276.040902757706,776.3910941666666,0.0,
2025-03-20,Q3_main,57498.206684710494,40197.73791778459,1958.715459949723,0.0,15341.753306976183,3426.6879602361105,5594.67702089438,6000.0
2025-03-20,Q3_no_adjust,58465.720814113796,40197.73791778459,0.0,0.0,18267.982896329213,4356.312520222224,4459.013958222222,6000.0
2025-03-20,Q4-2_main,46925.61125590496,41704.937131293584,0.0,0.0,5220.6741246113725,1342.939788583333,2554.458907416667,6000.0
2025-03-20,Q4-2_fixed_strategy,47032.64662941912,41811.972504807745,0.0,0.0,5220.674124611372,1342.9397885833328,2554.458907416667,6000.0
2025-03-20,Q4-3_main,59045.903170245234,41110.7692354385,1994.1205821930814,0.0,15941.013352613656,3412.21556648611,5580.20462714438,6000.0
2025-03-20,Q4-3_no_adjust,59961.06660437712,41110.7692354385,0.0,0.0,18850.29736893862,4356.3125202222245,4459.013958222222,6000.0
2025-03-21,Q2_main,22083.857991879202,22083.857991879202,0.0,0.0,0.0,0.0,24003.518217833334,6000.0
2025-03-21,Q2_baseline,35968.45498078112,35968.45498078112,0.0,0.0,0.0,0.0,0.0,
2025-03-21,Q3_main,28189.68868089541,20908.941388599374,0.0,0.0,7280.747292296038,1509.7772688333328,24252.03455119238,6000.000000000001
2025-03-21,Q3_no_adjust,20950.777247436876,20908.941388599374,0.0,0.0,41.83585883750051,10.946064583333467,22151.676112166664,6000.0
2025-03-21,Q4-2_main,17055.92742375731,17055.92742375731,0.0,0.0,0.0,0.0,24003.518217833334,6000.0
2025-03-21,Q4-2_fixed_strategy,16925.934518692447,16925.934518692447,0.0,0.0,0.0,0.0,24003.518217833334,6000.0
2025-03-21,Q4-3_main,21701.144434145466,16155.40573821026,0.0,0.0,5545.738695935206,1389.1168307499995,24122.70040102057,6000.0
2025-03-21,Q4-3_no_adjust,16186.552764982136,16155.40573821026,0.0,0.0,31.14702677187538,10.946064583333467,22151.676112166664,6000.0
2025-03-22,Q2_main,21997.330876629083,21997.330876629083,0.0,0.0,0.0,0.0,19937.669156999997,6000.0
2025-03-22,Q2_baseline,35848.677828885586,35805.56746413558,0.0,0.0,43.11036475000016,20.163875000000075,0.0,
2025-03-22,Q3_main,26673.088165184166,21517.987933280325,0.0,0.0,5155.1002319038425,1265.2998330277771,21134.426769139227,6000.0
2025-03-22,Q3_no_adjust,21517.987933280325,21517.987933280325,0.0,0.0,0.0,0.0,19130.71313916666,6000.0
2025-03-22,Q4-2_main,17334.71171723096,17334.71171723096,0.0,0.0,0.0,0.0,19937.669156999997,6000.0
2025-03-22,Q4-2_fixed_strategy,17327.319695929924,17327.319695929924,0.0,0.0,0.0,0.0,19937.669156999997,6000.0
2025-03-22,Q4-3_main,20976.67574449627,16910.9654640191,0.0,0.0,4065.7102804771707,1176.6314316944438,21035.31106934396,6000.0
2025-03-22,Q4-3_no_adjust,16910.9654640191,16910.9654640191,0.0,0.0,0.0,0.0,19130.71313916666,6000.0
2025-03-23,Q2_main,44158.85179457895,40217.73460859961,0.0,0.0,3941.117185979337,1085.4879030833335,5136.621026500001,6000.0
2025-03-23,Q2_baseline,56377.969217231,53436.10805361912,0.0,0.0,2941.8611636118785,706.2158200000006,0.0,
2025-03-23,Q3_main,48739.77198237889,40663.64238860005,26.05475328604053,0.0,8050.074840492793,1883.1477592222218,7027.342687413577,6000.0
2025-03-23,Q3_no_adjust,45760.84025677966,40663.64238860005,0.0,0.0,5097.197868179614,1281.8689117777778,6058.006536027779,6000.0
2025-03-23,Q4-2_main,44888.21933730085,40686.47741006493,0.0,0.0,4201.74192723592,1085.4879030833338,5136.621026500001,6000.0
2025-03-23,Q4-2_fixed_strategy,44978.110372251664,40776.368445015745,0.0,0.0,4201.74192723592,1085.4879030833335,5136.621026500001,6000.0
2025-03-23,Q4-3_main,49554.021264838695,41108.15211037503,25.78796382562519,0.0,8420.081190638044,1883.1477592222218,7027.342687413577,6000.0
2025-03-23,Q4-3_no_adjust,46505.596280452446,41108.15211037503,0.0,0.0,5397.44417007742,1281.868911777778,6058.006536027779,6000.0
2025-03-24,Q2_main,42077.89190981302,40119.61172737177,0.0,0.0,1958.2801824412502,666.7652827499999,5213.656857250001,6000.0
2025-03-24,Q2_baseline,55030.107892225664,53441.20652194671,0.0,0.0,1588.9013702789603,555.6144683333338,0.0,
2025-03-24,Q3_main,48363.94216264487,37912.176421782955,787.6757501626147,0.0,9664.0899906993,2331.867391097223,4768.753220445127,6000.000000000002
2025-03-24,Q3_no_adjust,46359.83788268962,37912.176421782955,0.0,0.0,8447.661460906664,2199.107208722222,3794.357076555556,6000.0
2025-03-24,Q4-2_main,42869.268263119746,40844.42944147387,0.0,0.0,2024.8388216458754,666.7652827499999,5213.656857250001,6000.0
2025-03-24,Q4-2_fixed_strategy,42706.21993695293,40681.38111530706,0.0,0.0,2024.8388216458754,666.7652827499999,5213.656857250001,6000.0
2025-03-24,Q4-3_main,49542.8152387881,38553.73468079233,822.702539665648,0.0,10166.378018330119,2329.434895055556,4765.938244694955,6000.0
2025-03-24,Q4-3_no_adjust,47428.00412495393,38553.73468079233,0.0,0.0,8874.269444161595,2199.107208722222,3794.357076555556,6000.0
2025-03-25,Q2_main,49034.024502532426,39182.91613847676,0.0,0.0,9851.10836405567,2537.2064218333335,2606.928308833333,6000.0
2025-03-25,Q2_baseline,57816.400724574916,52929.269075431366,0.0,0.0,4887.1316491435455,1214.9645820833339,0.0,
2025-03-25,Q3_main,53592.60329183758,42493.741107095346,508.68955733076194,0.0,10590.172627411472,2519.5456394722246,9276.841755361109,6000.000000000002
2025-03-25,Q3_no_adjust,48710.078362201195,42493.741107095346,0.0,0.0,6216.337255105851,1579.4807835000004,7395.508398416667,6000.0
2025-03-25,Q4-2_main,50030.24181555529,39805.01042405762,0.0,0.0,10225.23139149767,2537.2064218333335,2606.9283088333336,6000.0
2025-03-25,Q4-2_fixed_strategy,49981.73591699553,39756.50452549786,0.0,0.0,10225.23139149767,2537.2064218333335,2606.928308833333,6000.0
2025-03-25,Q4-3_main,54592.8319597715,43236.62717216638,442.21795011406994,0.0,10913.986837491055,2541.7264782222246,9174.308003277776,6000.0
2025-03-25,Q4-3_no_adjust,49669.965484312605,43236.62717216638,0.0,0.0,6433.338312146227,1579.4807835000004,7395.508398416667,6000.0
2025-03-26,Q2_main,41418.977092999536,39142.01340046371,0.0,0.0,2276.9636925358295,670.0641508333317,6078.885594000003,6000.0
2025-03-26,Q2_baseline,54417.63305144766,52669.54671938391,0.0,0.0,1748.0863320637436,546.1693424999983,0.0,
2025-03-26,Q3_main,45983.573876350594,36928.04552315439,212.13026160642886,0.0,8843.398091589777,2159.645668708332,3600.2886197186226,6000.000000000001
2025-03-26,Q3_no_adjust,48708.494102416465,36928.04552315439,0.0,0.0,11780.448579262078,2814.107644694442,4143.729444944447,6000.0
2025-03-26,Q4-2_main,41723.83230795078,39363.42656732233,0.0,0.0,2360.4057406284546,670.0641508333317,6078.885594000003,6000.0
2025-03-26,Q4-2_fixed_strategy,41636.22774637441,39275.822005745955,0.0,0.0,2360.4057406284546,670.0641508333317,6078.885594000003,6000.0
2025-03-26,Q4-3_main,46681.75067695318,37330.23015968047,134.83833000432833,0.0,9216.682187268385,2201.2130977222205,3554.4037843748224,6000.0
2025-03-26,Q4-3_no_adjust,49192.51028864778,37330.23015968047,0.0,0.0,11862.280128967315,2814.107644694442,4143.729444944447,6000.0
2025-03-27,Q2_main,43529.24199727483,39337.31813951609,0.0,0.0,4191.923857758742,1183.7515179999984,3833.6070052500027,6000.0
2025-03-27,Q2_baseline,54984.002140285374,52665.86532517308,0.0,0.0,2318.136815112292,744.5338666666669,0.0,
2025-03-27,Q3_main,50994.559001132824,38867.10284961466,0.0,0.0,12127.456151518161,2912.670650999998,5381.547429435526,6000.000000000002
2025-03-27,Q3_no_adjust,45045.607255194394,38867.10284961466,0.0,0.0,6178.504405579733,1628.865526666666,3678.3998910000028,6000.0
2025-03-27,Q4-2_main,43905.29981585026,39522.9484056619,0.0,0.0,4382.351410188367,1183.7515179999984,3833.6070052500027,6000.0
2025-03-27,Q4-2_fixed_strategy,43811.740319038814,39429.388908850444,0.0,0.0,4382.351410188367,1183.7515179999984,3833.6070052500027,6000.0
2025-03-27,Q4-3_main,51533.45189380618,39078.188717110286,0.0,0.0,12455.263176695895,2907.0038897499976,5376.039401587447,6000.0
2025-03-27,Q4-3_no_adjust,45461.4079454193,39078.188717110286,0.0,0.0,6383.219228309011,1628.865526666666,3678.3998910000028,6000.0
2025-03-28,Q2_main,21475.08179379021,21453.253032962293,0.0,0.0,21.82876082791615,6.328094166666517,24182.22328775,6000.0
2025-03-28,Q2_baseline,35020.99314294283,35020.99314294283,0.0,0.0,0.0,0.0,0.0,
2025-03-28,Q3_main,26925.121121934608,20747.052052972642,0.0,0.0,6178.069068961964,1414.3861925833342,25857.59727112414,6000.0
2025-03-28,Q3_no_adjust,20861.086977143364,20747.052052972642,0.0,0.0,114.03492417072331,23.16577300000023,23563.64588963889,6000.0
2025-03-28,Q4-2_main,16737.237588381748,16719.895446317998,0.0,0.0,17.34214206374959,6.328094166666517,24182.22328775,6000.0
2025-03-28,Q4-2_fixed_strategy,16728.121362319205,16710.779220255456,0.0,0.0,17.34214206374959,6.328094166666517,24182.22328775,6000.0
2025-03-28,Q4-3_main,21048.41416941075,16251.94526406961,0.0,0.0,4796.4689053411375,1350.1811079583342,25780.322874256344,6000.0
2025-03-28,Q4-3_no_adjust,16332.179327489597,16251.94526406961,0.0,0.0,80.2340634199869,23.16577300000023,23563.645889638887,6000.0
2025-03-29,Q2_main,21339.12663481241,21339.12663481241,0.0,0.0,0.0,0.0,27201.494338916673,6000.0
2025-03-29,Q2_baseline,34884.3613197045,34864.392666954496,0.0,0.0,19.968652750000256,9.33987500000012,0.0,
2025-03-29,Q3_main,25919.182981520935,19734.068941822385,0.0,0.0,6185.114039698551,1360.0235745833324,27037.748262307956,6000.0
2025-03-29,Q3_no_adjust,19734.068941822385,19734.068941822385,0.0,0.0,0.0,0.0,24986.249520611113,6000.0
2025-03-29,Q4-2_main,16623.704826372123,16623.704826372123,0.0,0.0,0.0,0.0,27201.494338916673,6000.0
2025-03-29,Q4-2_fixed_strategy,16633.302269391672,16633.302269391672,0.0,0.0,0.0,0.0,27201.494338916673,6000.0
2025-03-29,Q4-3_main,20123.084879840542,15405.196984876435,0.0,0.0,4717.8878949641075,1158.643640416666,26821.857535939645,6000.000000000002
2025-03-29,Q4-3_no_adjust,15405.196984876435,15405.196984876435,0.0,0.0,0.0,0.0,24986.249520611113,6000.0
2025-03-30,Q2_main,41079.24168811519,38694.65353465907,0.0,0.0,2384.5881534561204,728.9012541666654,5885.731255000004,6000.0
2025-03-30,Q2_baseline,54541.68284318221,52090.39961561221,0.0,0.0,2451.283227570001,780.6572583333334,0.0,
2025-03-30,Q3_main,50405.47012499215,37866.82094888107,315.00699409352865,0.0,12223.642182017556,2938.206884833331,7953.024262474116,6000.0
2025-03-30,Q3_no_adjust,46373.22707175966,37866.82094888107,0.0,0.0,8506.406122878596,2131.6123364722216,6744.9747198055575,6000.0
2025-03-30,Q4-2_main,40609.75452422817,38203.53883269147,0.0,0.0,2406.2156915367036,728.9012541666654,5885.731255000004,6000.0
2025-03-30,Q4-2_fixed_strategy,40659.09387831907,38252.87818678237,0.0,0.0,2406.2156915367036,728.9012541666654,5885.731255000004,6000.0
2025-03-30,Q4-3_main,49858.33184267949,37338.40324177877,309.5071451631285,0.0,12210.421455737589,2938.206884833331,7953.024262474114,5999.999999999999
2025-03-30,Q4-3_no_adjust,45765.14576571361,37338.40324177877,0.0,0.0,8426.742523934845,2131.6123364722216,6744.9747198055575,6000.0
2025-03-31,Q2_main,43760.04619851867,38099.93071423768,0.0,0.0,5660.115484280996,1400.551655083333,4027.648962999999,6000.0
2025-03-31,Q2_baseline,54273.888803413574,51776.57015519774,0.0,0.0,2497.3186482158353,643.6393183333339,0.0,
2025-03-31,Q3_main,49685.15469130993,33318.17132959574,2917.004767871148,0.0,13449.978593843043,3261.6947306111088,1239.2376935277784,6000.000000000002
2025-03-31,Q3_no_adjust,60909.27536577493,33318.17132959574,0.0,0.0,27591.10403617919,6980.183332305554,982.0828135555556,6000.0
2025-03-31,Q4-2_main,44146.15938990023,38327.197628423404,0.0,0.0,5818.9617614768285,1400.551655083333,4027.6489629999996,6000.0
2025-03-31,Q4-2_fixed_strategy,44184.68664800627,38365.72488652944,0.0,0.0,5818.9617614768285,1400.551655083333,4027.648962999999,6000.0
2025-03-31,Q4-3_main,49949.278773736776,33474.51525793887,2855.444353873401,0.0,13619.319161924514,3265.375988944442,1242.918951861112,6000.0
2025-03-31,Q4-3_no_adjust,61199.61604399212,33474.51525793887,0.0,0.0,27725.100786053255,6980.183332305554,982.0828135555558,6000.0
2025-04-01,Q2_main,47924.891767674584,37805.179732135715,0.0,0.0,10119.712035538869,3472.2035247499994,2370.951724249999,6000.0
2025-04-01,Q2_baseline,55294.11248615883,51736.2184510505,0.0,0.0,3557.8940351083347,1013.432191666667,0.0,
2025-04-01,Q3_main,47844.45123802522,39258.310695032895,700.6031657558706,0.0,7885.537377236456,2038.6844115555582,5906.913341075442,6000.000000000003
2025-04-01,Q3_no_adjust,49617.222284317104,39258.310695032895,0.0,0.0,10358.911589284206,2646.02548286111,5651.006122777777,6000.0
2025-04-01,Q4-2_main,50425.96710642026,39136.79493472331,0.0,0.0,11289.172171696953,3472.2035247499985,2370.951724249999,6000.0
2025-04-01,Q4-2_fixed_strategy,50293.70134451778,39004.529172820825,0.0,0.0,11289.172171696953,3472.2035247499994,2370.951724249999,6000.0
2025-04-01,Q4-3_main,49859.43410334126,41045.766317529524,721.4300419504881,0.0,8092.237743861248,2038.6844115555577,5887.488718370023,6000.000000000001
2025-04-01,Q4-3_no_adjust,51640.37142134149,41045.766317529524,0.0,0.0,10594.605103811968,2646.02548286111,5651.006122777777,6000.0
2025-04-02,Q2_main,57684.60995320058,36770.89682734955,0.0,0.0,20913.713125851034,5465.5024267499975,2401.822704333333,6000.0
2025-04-02,Q2_baseline,60021.204463183574,50951.58485308775,0.0,0.0,9069.619610095826,2086.619304999999,0.0,
2025-04-02,Q3_main,47339.387608380064,37569.4035316747,1162.1121746007743,0.0,8607.871902104582,2123.368596055552,2579.9777368143014,6000.000000000002
2025-04-02,Q3_no_adjust,51601.17009591469,37569.4035316747,0.0,0.0,14031.766564239988,3328.2052273611084,2511.159778277778,6000.0
2025-04-02,Q4-2_main,59400.008561954295,37002.02493596726,0.0,0.0,22397.983625987035,5465.5024267499975,2401.822704333333,6000.0
2025-04-02,Q4-2_fixed_strategy,59498.02268537,37100.039059382965,0.0,0.0,22397.983625987035,5465.5024267499975,2401.822704333333,6000.0
2025-04-02,Q4-3_main,47904.82566414116,38057.79625160631,1229.0249371900504,0.0,8618.004475344798,2123.368596055552,2565.546175564302,6000.000000000002
2025-04-02,Q4-3_no_adjust,51965.04269056273,38057.79625160631,0.0,0.0,13907.24643895642,3328.205227361108,2511.159778277778,6000.0
2025-04-03,Q2_main,43744.96853617575,37875.02865065605,0.0,0.0,5869.939885519701,1373.0839855833315,4923.31133675,6000.0
2025-04-03,Q2_baseline,54397.28147702595,51150.96175439971,0.0,0.0,3246.319722626249,905.441835,0.0,
2025-04-03,Q3_main,46059.00763212466,39146.41242377242,377.78689313362383,0.0,6534.808315218615,1606.408027388888,7499.238197526761,6000.000000000003
2025-04-03,Q3_no_adjust,42968.36392911304,39146.41242377242,0.0,0.0,3821.951505340621,994.3430345833325,6179.238709500003,6000.0
2025-04-03,Q4-2_main,44547.28340234166,38618.793454574334,0.0,0.0,5928.489947767327,1373.0839855833315,4923.31133675,6000.0
2025-04-03,Q4-2_fixed_strategy,44429.622097256164,38501.13214948884,0.0,0.0,5928.489947767327,1373.0839855833315,4923.31133675,6000.0
2025-04-03,Q4-3_main,46827.77765836578,39842.75050724871,348.6185136382734,0.0,6636.408637478802,1606.408027388888,7499.238197526762,6000.000000000002
2025-04-03,Q4-3_no_adjust,43738.78704718453,39842.75050724871,0.0,0.0,3896.0365399358166,994.3430345833327,6179.238709500003,6000.0
2025-04-04,Q2_main,20673.316802616715,20673.316802616715,0.0,0.0,0.0,0.0,27532.989936916667,6000.0
2025-04-04,Q2_baseline,33906.5780799267,33906.5780799267,0.0,0.0,0.0,0.0,0.0,
2025-04-04,Q3_main,25342.991644612266,19364.045354892864,0.0,0.0,5978.946289719402,1310.4998043333342,27780.066453835563,6000.0
2025-04-04,Q3_no_adjust,19395.561191930363,19364.045354892864,0.0,0.0,31.51583703750026,7.5631958333333955,25803.37696880555,6000.0
2025-04-04,Q4-2_main,16040.845791685497,16040.845791685497,0.0,0.0,0.0,0.0,27532.989936916667,6000.0
2025-04-04,Q4-2_fixed_strategy,15979.252464910882,15979.252464910882,0.0,0.0,0.0,0.0,27532.989936916667,6000.0
2025-04-04,Q4-3_main,20026.598223200403,15074.149548253892,0.0,0.0,4952.448674946511,1303.4826548333338,27773.049304335564,6000.000000000002
2025-04-04,Q4-3_no_adjust,15101.84597139556,15074.149548253892,0.0,0.0,27.696423141666898,7.5631958333333955,25803.37696880555,6000.0
2025-04-05,Q2_main,20760.948727660463,20760.948727660463,0.0,0.0,0.0,0.0,22104.68764691666,6000.0
2025-04-05,Q2_baseline,33967.443585408706,33967.443585408706,0.0,0.0,0.0,0.0,0.0,
2025-04-05,Q3_main,26563.816142183852,19072.634435043696,0.0,0.0,7491.181707140157,1783.705604902777,21992.81909774948,6000.0
2025-04-05,Q3_no_adjust,23771.348882242848,19072.634435043696,0.0,0.0,4698.714447199151,1068.6129626944441,20759.040929944436,6000.0
2025-04-05,Q4-2_main,16293.714537289663,16293.714537289663,0.0,0.0,0.0,0.0,22104.68764691666,6000.0
2025-04-05,Q4-2_fixed_strategy,16293.170895385663,16293.170895385663,0.0,0.0,0.0,0.0,22104.68764691666,6000.0
2025-04-05,Q4-3_main,20835.966032623874,15070.875878364403,0.0,0.0,5765.090154259471,1706.3666468611102,21915.480139707815,6000.0
2025-04-05,Q4-3_no_adjust,18459.001541586902,15070.875878364403,0.0,0.0,3388.125663222498,1068.6129626944441,20759.040929944436,6000.0
2025-04-06,Q2_main,39618.73972085068,36614.16115960293,0.0,0.0,3004.5785612477503,834.5805343333326,3913.0160629166676,6000.0
2025-04-06,Q2_baseline,52837.801931743,50443.72161253571,0.0,0.0,2394.0803192072945,621.1215858333337,0.0,
2025-04-06,Q3_main,45109.50948718123,35970.35916875675,1983.7935361395018,0.0,7155.356782284978,1721.5526139305566,6795.585189242629,6000.0
2025-04-06,Q3_no_adjust,44391.8307785389,35970.35916875675,0.0,0.0,8421.471609782142,2004.355053277778,5165.763807277779,6000.0
2025-04-06,Q4-2_main,40147.216910656,37062.96170655717,0.0,0.0,3084.2552040988335,834.5805343333326,3913.0160629166676,6000.0
2025-04-06,Q4-2_fixed_strategy,40011.68088790649,36927.42568380766,0.0,0.0,3084.2552040988335,834.5805343333326,3913.0160629166676,6000.0
2025-04-06,Q4-3_main,45630.52925462329,36441.6384168429,1944.5363619666632,0.0,7244.354475813729,1712.4459660138898,6786.621471350823,6000.000000000001
2025-04-06,Q4-3_no_adjust,45004.23202384353,36441.6384168429,0.0,0.0,8562.593607000626,2004.355053277778,5165.763807277779,6000.0
2025-04-07,Q2_main,38407.16317655976,36303.36204814122,0.0,0.0,2103.8011284185422,774.1826969166666,4359.796982083331,6000.0
2025-04-07,Q2_baseline,51949.31961218429,49946.30860875783,0.0,0.0,2003.011003426462,665.6163100000006,0.0,
2025-04-07,Q3_main,45625.02057825452,32030.188618355714,1954.6869913518774,0.0,11640.14496854693,2733.967511222222,1613.5196364797662,6000.0
2025-04-07,Q3_no_adjust,53929.92564277293,32030.188618355714,0.0,0.0,21899.737024417213,5430.687962277776,2190.05007036111,6000.0
2025-04-07,Q4-2_main,38517.58960336165,36346.27722945603,0.0,0.0,2171.3123739056255,774.1826969166666,4359.796982083332,6000.0
2025-04-07,Q4-2_fixed_strategy,38636.95109851821,36465.63872461259,0.0,0.0,2171.3123739056255,774.1826969166666,4359.796982083331,6000.0
2025-04-07,Q4-3_main,45616.425807880994,32042.966711889036,1988.173959569947,0.0,11585.285136422008,2737.5957430277795,1617.3275897479427,6000.0
2025-04-07,Q4-3_no_adjust,53687.763429296196,32042.966711889036,0.0,0.0,21644.79671740716,5430.687962277776,2190.0500703611106,6000.0
2025-04-08,Q2_main,41976.06351991645,36713.10422170404,0.0,0.0,5262.959298212414,1177.1905247499994,4605.007155416668,6000.0
2025-04-08,Q2_baseline,53058.47359367916,50231.532859451036,0.0,0.0,2826.9407342281183,733.6337941666652,0.0,
2025-04-08,Q3_main,49548.75422681475,37033.877469920844,114.72540322561971,0.0,12400.151353668287,2780.1989259999964,7091.865554893002,6000.000000000002
2025-04-08,Q3_no_adjust,44002.43506643973,37033.877469920844,0.0,0.0,6968.557596518884,1511.269642972221,5507.2951390555545,6000.0
2025-04-08,Q4-2_main,42128.5973828438,36755.029285229015,0.0,0.0,5373.568097614789,1177.1905247499992,4605.007155416668,6000.0
2025-04-08,Q4-2_fixed_strategy,42064.72132380691,36691.153226192124,0.0,0.0,5373.568097614789,1177.1905247499994,4605.007155416668,6000.0
2025-04-08,Q4-3_main,49558.38521693048,37011.8819933802,114.04814734624355,0.0,12432.455076204038,2780.198925999996,7092.41744918312,6000.0
2025-04-08,Q4-3_no_adjust,44121.18390572851,37011.8819933802,0.0,0.0,7109.301912348314,1511.269642972221,5507.2951390555545,6000.0
2025-04-09,Q2_main,52687.68227814534,35959.17107535393,0.0,0.0,16728.511202791404,4523.2659827499965,1728.6466125833324,6000.0
2025-04-09,Q2_baseline,54696.83297005192,50049.869825926915,0.0,0.0,4646.963144125001,1261.0693600000006,0.0,
2025-04-09,Q3_main,48733.736469173,36193.07635829,1079.7140412515766,0.0,11460.94606963142,2719.5472895555536,2005.617366804364,6000.000000000001
2025-04-09,Q3_no_adjust,52529.680396915064,36193.07635829,0.0,0.0,16336.604038625059,4128.468368944443,1942.7373025277766,6000.0
2025-04-09,Q4-2_main,53583.30699174427,36316.595021983616,0.0,0.0,17266.711969760654,4523.265982749997,1728.6466125833326,6000.0
2025-04-09,Q4-2_fixed_strategy,53456.032933340255,36189.3209635796,0.0,0.0,17266.711969760654,4523.2659827499965,1728.6466125833324,6000.0
2025-04-09,Q4-3_main,49503.19330806601,36576.01219275262,1239.7487665296026,0.0,11687.43234878379,2719.5472895555536,2005.6173668043648,6000.0
2025-04-09,Q4-3_no_adjust,53312.8344588734,36576.01219275262,0.0,0.0,16736.822266120784,4128.468368944442,1942.7373025277768,6000.0
2025-04-10,Q2_main,41861.179637779285,36893.561540246956,0.0,0.0,4967.618097532331,1143.8839157499992,4563.940939416669,6000.0
2025-04-10,Q2_baseline,54007.52853263642,50357.923972052464,0.0,0.0,3649.604560583958,936.136735833333,0.0,
2025-04-10,Q3_main,48669.261832512835,36080.133010500365,869.2541051632179,0.0,11719.874716849248,2637.136985138888,5389.981294236819,6000.0
2025-04-10,Q3_no_adjust,44151.490356741066,36080.133010500365,0.0,0.0,8071.357346240701,1845.2656402222206,3291.5250076388897,6000.0
2025-04-10,Q4-2_main,41947.06286892768,36864.24629793643,0.0,0.0,5082.816570991249,1143.8839157499992,4563.940939416669,6000.0
2025-04-10,Q4-2_fixed_strategy,42014.016160409745,36931.199589418495,0.0,0.0,5082.816570991249,1143.8839157499992,4563.940939416669,6000.0
2025-04-10,Q4-3_main,48906.23679034023,36213.3035702923,775.7988785153545,0.0,11917.134341532568,2637.5405345833324,5383.729562014595,6000.000000000001
2025-04-10,Q4-3_no_adjust,44180.12192483511,36213.3035702923,0.0,0.0,7966.818354542813,1845.2656402222206,3291.5250076388897,6000.0
2025-04-11,Q2_main,20167.496039940055,20167.496039940055,0.0,0.0,0.0,0.0,28104.23326283333,6000.0
2025-04-11,Q2_baseline,33143.90813154221,33140.59643429221,0.0,0.0,3.3116972500000785,1.5777500000000373,0.0,
2025-04-11,Q3_main,23716.634048299657,18094.443357643733,0.0,0.0,5622.1906906559225,1249.529781472223,26936.407400193413,6000.000000000001
2025-04-11,Q3_no_adjust,18096.771224796677,18094.443357643733,0.0,0.0,2.327867152945028,0.6032547500001328,25172.466527972225,6000.0
2025-04-11,Q4-2_main,15787.53546979781,15787.53546979781,0.0,0.0,0.0,0.0,28104.233262833324,6000.0
2025-04-11,Q4-2_fixed_strategy,15790.4860377837,15790.4860377837,0.0,0.0,0.0,0.0,28104.23326283333,6000.0
2025-04-11,Q4-3_main,18586.394664085812,14189.664360706018,0.0,0.0,4396.730303379796,1266.2888857222229,26953.121320156373,6000.000000000001
2025-04-11,Q4-3_no_adjust,14191.267988230018,14189.664360706018,0.0,0.0,1.6036275240004811,0.6032547500001328,25172.466527972225,6000.0
2025-04-12,Q2_main,20494.710487473683,20385.30381161985,0.0,0.0,109.40667585383261,48.61639266666634,24697.89973483333,6000.0
2025-04-12,Q2_baseline,33289.464726701706,33275.620998535036,0.0,0.0,13.84372816666675,6.475083333333373,0.0,
2025-04-12,Q3_main,24002.30706232719,19738.86038549512,0.0,0.0,4263.446676832066,992.7295807916671,25185.790559743655,6000.0
2025-04-12,Q3_no_adjust,19738.86038549512,19738.86038549512,0.0,0.0,0.0,0.0,23547.47126158333,6000.0
2025-04-12,Q4-2_main,15781.378253651015,15702.254860739682,0.0,0.0,79.12339291133286,48.61639266666634,24697.89973483333,6000.0
2025-04-12,Q4-2_fixed_strategy,15711.013117249557,15631.889724338223,0.0,0.0,79.12339291133286,48.61639266666634,24697.89973483333,6000.0
2025-04-12,Q4-3_main,18541.05981151321,15145.415098433185,0.0,0.0,3395.6447130800234,963.3269679166672,25147.918129588994,6000.0
2025-04-12,Q4-3_no_adjust,15145.415098433185,15145.415098433185,0.0,0.0,0.0,0.0,23547.47126158333,6000.0
2025-04-13,Q2_main,42406.91332689337,35189.17368713308,0.0,0.0,7217.739639760293,1762.3168223333332,2732.684922166667,6000.0
2025-04-13,Q2_baseline,52198.47017431124,48997.44709570499,0.0,0.0,3201.023078606252,765.2368779166668,0.0,
2025-04-13,Q3_main,46326.54940429637,33649.95978150477,1273.756537946541,0.0,11402.833084845068,2720.372127083334,2762.453172472223,6000.0
2025-04-13,Q3_no_adjust,48770.2527526144,33649.95978150477,0.0,0.0,15120.29297110963,3503.8334957500006,2189.848776416667,6000.0
2025-04-13,Q4-2_main,42802.71090908169,35504.90810462469,0.0,0.0,7297.802804457002,1762.3168223333332,2732.684922166667,6000.0
2025-04-13,Q4-2_fixed_strategy,42817.161657206416,35519.358852749414,0.0,0.0,7297.802804457002,1762.3168223333332,2732.684922166667,6000.0
2025-04-13,Q4-3_main,46664.301586382455,33930.03868984303,1249.4854674339877,0.0,11484.777429105436,2720.372127083334,2762.453172472223,6000.0
2025-04-13,Q4-3_no_adjust,48694.71100506695,33930.03868984303,0.0,0.0,14764.672315223921,3503.8334957500006,2189.8487764166666,6000.0
2025-04-14,Q2_main,40330.502086320594,35108.0211317371,0.0,0.0,5222.480954583496,1316.2659338333322,3790.236709833332,6000.0
2025-04-14,Q2_baseline,52590.91347849541,48579.05893872771,0.0,0.0,4011.8545397677062,1075.7160749999996,0.0,
2025-04-14,Q3_main,48648.21024923568,35949.41444484191,461.15432528794395,0.0,12237.64147910583,2936.7421223333304,7583.863432523147,6000.0
2025-04-14,Q3_no_adjust,40891.42128936552,35949.41444484191,0.0,0.0,4942.006844523609,1352.349854472221,5230.904808388888,6000.0
2025-04-14,Q4-2_main,40188.998229349076,34970.66536908316,0.0,0.0,5218.332860265913,1316.265933833332,3790.2367098333316,6000.0
2025-04-14,Q4-2_fixed_strategy,40216.70703150566,34998.374171239746,0.0,0.0,5218.332860265913,1316.2659338333322,3790.236709833332,6000.0
2025-04-14,Q4-3_main,48098.97715714046,35784.08388147244,424.36997431424913,0.0,11890.523301353775,2936.7421223333304,7569.807098356478,5999.999999999998
2025-04-14,Q4-3_no_adjust,40704.928968441745,35784.08388147244,0.0,0.0,4920.845086969303,1352.349854472221,5230.904808388888,6000.0
2025-04-15,Q2_main,40191.48948191381,36251.80922384569,0.0,0.0,3939.680258068125,867.9001791666665,7803.541545583332,6000.0
2025-04-15,Q2_baseline,51352.56047348275,49464.00169639483,0.0,0.0,1888.5587770879174,448.01164250000016,0.0,
2025-04-15,Q3_main,43262.096337431765,31039.918223141343,1322.9370987339273,0.0,10899.241015556492,2484.7842373611097,2360.606690166669,6000.0
2025-04-15,Q3_no_adjust,49679.3608924293,31039.918223141343,0.0,0.0,18639.442669287957,4313.291955861115,2687.5114360277785,6000.0
2025-04-15,Q4-2_main,39567.401342781646,35638.405464449104,0.0,0.0,3928.995878332541,867.9001791666665,7803.541545583332,6000.0
2025-04-15,Q4-2_fixed_strategy,39716.159980911114,35787.16410257857,0.0,0.0,3928.9958783325415,867.9001791666665,7803.541545583332,6000.0
2025-04-15,Q4-3_main,42781.75145589056,30693.891104440303,1257.356816133868,0.0,10830.503535316393,2487.6462806944432,2363.468733500002,6000.0
2025-04-15,Q4-3_no_adjust,48928.37617319559,30693.891104440303,0.0,0.0,18234.48506875529,4313.291955861115,2687.5114360277785,6000.0
2025-04-16,Q2_main,41627.163763800345,35929.452719361594,0.0,0.0,5697.711044438751,1604.7936425833336,2547.046729083333,6000.0
2025-04-16,Q2_baseline,52224.43999105328,49183.60266680892,0.0,0.0,3040.8373242443736,940.6109937499999,0.0,
2025-04-16,Q3_main,45500.25313108084,34233.317151487645,1403.5819340416688,0.0,9863.354045551529,2312.1388864305527,2810.2439632047335,6000.000000000003
2025-04-16,Q3_no_adjust,46807.8572484091,34233.317151487645,0.0,0.0,12574.540096921457,2977.4519056111103,2174.547652944443,6000.0
2025-04-16,Q4-2_main,42147.47026232444,36313.00322880873,0.0,0.0,5834.46703351571,1604.7936425833336,2547.046729083333,6000.0
2025-04-16,Q4-2_fixed_strategy,42052.49135112978,36218.024317614065,0.0,0.0,5834.46703351571,1604.7936425833336,2547.046729083333,6000.0
2025-04-16,Q4-3_main,45936.51591839062,34604.7667648849,1403.0427906215077,0.0,9928.706362884217,2312.1388864305527,2810.2439632047335,6000.0
2025-04-16,Q4-3_no_adjust,47179.979822888236,34604.7667648849,0.0,0.0,12575.213058003334,2977.4519056111108,2174.5476529444436,6000.0
2025-04-17,Q2_main,37872.52495786031,35694.0238050847,0.0,0.0,2178.501152775617,543.4504679166653,3712.3154109999987,6000.0
2025-04-17,Q2_baseline,50763.86283414345,49141.71747943699,0.0,0.0,1622.1453547064575,412.999760833333,0.0,
2025-04-17,Q3_main,45745.459047634286,32004.531429486353,2819.270623469915,0.0,10921.656994678015,2398.629946916669,2275.9084016666643,6000.0
2025-04-17,Q3_no_adjust,52565.50783264157,32004.531429486353,0.0,0.0,20560.97640315521,5024.837436666668,1280.6769014166666,6000.0
2025-04-17,Q4-2_main,37557.21264327488,35369.713144060304,0.0,0.0,2187.4994992145757,543.4504679166654,3712.3154109999987,6000.0
2025-04-17,Q4-2_fixed_strategy,37691.662749488045,35504.16325027347,0.0,0.0,2187.4994992145753,543.4504679166653,3712.3154109999987,6000.0
2025-04-17,Q4-3_main,45297.02346070628,31784.41027786942,2654.171436482983,0.0,10858.441746353876,2398.629946916669,2275.9084016666643,6000.000000000002
2025-04-17,Q4-3_no_adjust,51947.588471149465,31784.41027786942,0.0,0.0,20163.178193280044,5024.837436666668,1280.676901416667,6000.0
2025-04-18,Q2_main,19638.6310833825,19638.6310833825,0.0,0.0,0.0,0.0,26337.732024583333,6000.0
2025-04-18,Q2_baseline,32334.037898771996,32334.037898771996,0.0,0.0,0.0,0.0,0.0,
2025-04-18,Q3_main,24655.88058746254,18225.787882023076,0.0,0.0,6430.092705439463,1359.1871583194425,26328.86813260956,6000.000000000002
2025-04-18,Q3_no_adjust,19606.04478202945,18225.787882023076,0.0,0.0,1380.2569000063747,354.81632449999995,24722.527899083332,6000.0
2025-04-18,Q4-2_main,15213.32160013829,15213.32160013829,0.0,0.0,0.0,0.0,26337.732024583333,6000.0
2025-04-18,Q4-2_fixed_strategy,15257.241359374675,15257.241359374675,0.0,0.0,0.0,0.0,26337.732024583333,6000.0
2025-04-18,Q4-3_main,19310.187288404417,14116.282411046668,0.0,0.0,5193.90487735775,1323.101264652776,26292.7822389429,6000.000000000001
2025-04-18,Q4-3_no_adjust,14961.8579032095,14116.282411046668,0.0,0.0,845.5754921628331,354.81632449999995,24722.527899083332,6000.0
2025-04-19,Q2_main,19683.72548774803,19683.72548774803,0.0,0.0,0.0,0.0,25873.584002083335,6000.0
2025-04-19,Q2_baseline,32272.00491328412,32242.64678929829,0.0,0.0,29.358123985833725,13.720343333333517,0.0,
2025-04-19,Q3_main,23247.634586677388,17784.624991902703,0.0,0.0,5463.009594774685,1216.563912652776,25697.386032790288,6000.0
2025-04-19,Q3_no_adjust,18178.747967289037,17784.624991902703,0.0,0.0,394.1229753863337,110.81615558333345,23898.504682888888,6000.0
2025-04-19,Q4-2_main,15242.948660872566,15242.948660872566,0.0,0.0,0.0,0.0,25873.584002083335,6000.0
2025-04-19,Q4-2_fixed_strategy,15245.38441100087,15245.38441100087,0.0,0.0,0.0,0.0,25873.584002083335,6000.0
2025-04-19,Q4-3_main,18372.856685292856,13907.186547400379,0.0,0.0,4465.670137892478,1140.6380980277763,25621.460218165288,6000.0
2025-04-19,Q4-3_no_adjust,14158.51056367931,13907.186547400379,0.0,0.0,251.32401627893088,110.81615558333345,23898.50468288889,6000.0
2025-04-20,Q2_main,41253.746862403656,34544.760410524104,0.0,0.0,6708.986451879548,1510.873541916668,3890.0987418333343,6000.0
2025-04-20,Q2_baseline,50611.38633155142,48042.979198566616,0.0,0.0,2568.407132984795,717.1294062500007,0.0,
2025-04-20,Q3_main,42326.83600300856,32256.43512754275,1835.0580523117947,0.0,8235.34282315402,1932.685514152779,2363.7258190694474,6000.0
2025-04-20,Q3_no_adjust,50762.078537393594,32256.43512754275,0.0,0.0,18505.64340985084,4460.543530777779,2912.526248194445,6000.0
2025-04-20,Q4-2_main,41235.880024535865,34559.913678882236,0.0,0.0,6675.966345653632,1510.8735419166683,3890.0987418333343,6000.0
2025-04-20,Q4-2_fixed_strategy,41153.37161092673,34477.405265273104,0.0,0.0,6675.966345653632,1510.873541916668,3890.0987418333343,6000.0
2025-04-20,Q4-3_main,42370.97942632321,32350.90109712133,1795.713336252815,0.0,8224.364992949064,1932.685514152779,2363.725819069447,6000.0
2025-04-20,Q4-3_no_adjust,50355.56045193723,32350.90109712133,0.0,0.0,18004.659354815896,4460.543530777779,2912.5262481944446,6000.0
2025-04-21,Q2_main,37297.31702429741,34519.881743178245,0.0,0.0,2777.4352811191657,765.4389396666663,6680.537755583331,6000.0
2025-04-21,Q2_baseline,50701.95191204729,47636.95684928708,0.0,0.0,3064.995062760206,944.8701066666661,0.0,
2025-04-21,Q3_main,44277.047428629056,33837.03321640802,648.8362885827457,0.0,9791.177923638297,2285.8149501111056,8558.774370925927,6000.000000000002
2025-04-21,Q3_no_adjust,41361.99333221154,33837.03321640802,0.0,0.0,7524.960115803526,1797.9457827777771,7496.185532444441,6000.0
2025-04-21,Q4-2_main,36735.802885615885,34013.16398208663,0.0,0.0,2722.638903529249,765.4389396666663,6680.537755583331,6000.0
2025-04-21,Q4-2_fixed_strategy,36808.96994777376,34086.33104424451,0.0,0.0,2722.6389035292495,765.4389396666663,6680.537755583331,6000.0
2025-04-21,Q4-3_main,43609.81660677679,33309.8099232824,625.4518875786885,0.0,9674.554795915701,2285.8149501111056,8555.54332759259,6000.0
2025-04-21,Q4-3_no_adjust,40833.10628619937,33309.8099232824,0.0,0.0,7523.29636291697,1797.9457827777774,7496.185532444442,6000.0
2025-04-22,Q2_main,39099.12665390165,34992.582224298894,0.0,0.0,4106.5444296027545,1233.5977114166676,4135.317305500001,6000.0
2025-04-22,Q2_baseline,51098.66289544604,48195.20180004,0.0,0.0,2903.461095406045,876.8066045833339,0.0,
2025-04-22,Q3_main,43350.2677446014,30799.20928573829,3237.231033733783,0.0,9313.827425129322,2193.1557783611147,2184.2518211944434,6000.000000000002
2025-04-22,Q3_no_adjust,56102.80312450792,30799.20928573829,0.0,0.0,25303.593838769626,6662.164000583334,2823.756851333334,6000.0
2025-04-22,Q4-2_main,39301.043378941686,35146.01532325373,0.0,0.0,4155.0280556879625,1233.5977114166676,4135.317305500001,6000.0
2025-04-22,Q4-2_fixed_strategy,39297.17007646317,35142.14202077521,0.0,0.0,4155.0280556879625,1233.5977114166676,4135.317305500001,6000.0
2025-04-22,Q4-3_main,43487.99520449121,31015.243972296128,3249.9860631850515,0.0,9222.76516901003,2193.155778361115,2184.2518211944434,6000.0
2025-04-22,Q4-3_no_adjust,56012.340431633645,31015.243972296128,0.0,0.0,24997.096459337517,6662.164000583334,2823.756851333334,6000.0
2025-04-23,Q2_main,36708.87518720527,35222.45458857498,0.0,0.0,1486.4205986302868,413.3134884999993,5084.434385250001,6000.0
2025-04-23,Q2_baseline,50287.30268811678,48037.324588922624,0.0,0.0,2249.978099194163,710.9435937499993,0.0,
2025-04-23,Q3_main,42122.37360471059,29761.060010888013,5075.405977329143,0.0,7285.907616493441,1834.0297378472187,2921.7037075138937,6000.000000000001
2025-04-23,Q3_no_adjust,58094.63028529157,29761.060010888013,0.0,0.0,28333.57027440355,7274.091845083332,2391.559878083333,6000.0
2025-04-23,Q4-2_main,37210.49347418469,35680.28757940853,0.0,0.0,1530.205894776162,413.3134884999995,5084.434385250001,6000.0
2025-04-23,Q4-2_fixed_strategy,37203.647895111826,35673.442000335664,0.0,0.0,1530.2058947761614,413.3134884999993,5084.434385250001,6000.0
2025-04-23,Q4-3_main,42401.15513039286,30001.544971550487,5038.628606138269,0.0,7360.981552704102,1834.029737847219,2921.7037075138933,6000.0
2025-04-23,Q4-3_no_adjust,57687.17770953302,30001.544971550487,0.0,0.0,27685.63273798253,7274.091845083332,2391.559878083333,6000.0
2025-04-24,Q2_main,35775.43832553288,34456.89208697817,0.0,0.0,1318.5462385547098,327.71328400000044,7464.9060077500035,6000.0
2025-04-24,Q2_baseline,49999.55945584809,47924.475227922456,0.0,0.0,2075.084227925623,506.0524479166663,0.0,
2025-04-24,Q3_main,41891.40372534926,30427.26954900197,2706.4431657777345,0.0,8757.691010569553,2073.143031277777,5705.1731585205835,6000.000000000001
2025-04-24,Q3_no_adjust,41694.70005822488,30427.26954900197,0.0,0.0,11267.430509222911,2905.8334601388888,3296.4145608888894,6000.0
2025-04-24,Q4-2_main,35651.055916731464,34307.74619984529,0.0,0.0,1343.3097168861682,327.71328400000044,7464.9060077500035,6000.0
2025-04-24,Q4-2_fixed_strategy,35832.1232317026,34488.81351481643,0.0,0.0,1343.3097168861682,327.71328400000044,7464.9060077500035,6000.0
2025-04-24,Q4-3_main,41707.45246579309,30391.69966314631,2559.3553066165523,0.0,8756.397496030226,2073.143031277777,5705.173158520584,6000.0
2025-04-24,Q4-3_no_adjust,41480.46207002539,30391.69966314631,0.0,0.0,11088.76240687908,2905.8334601388888,3296.41456088889,6000.0
2025-04-25,Q2_main,18819.302108750133,18819.302108750133,0.0,0.0,0.0,0.0,29613.68039108333,6000.0
2025-04-25,Q2_baseline,31323.58838397604,31323.58838397604,0.0,0.0,0.0,0.0,0.0,
2025-04-25,Q3_main,24025.26294365378,17875.247480017108,0.0,0.0,6150.015463636671,1272.3502970277773,29964.29040556052,6000.000000000002
2025-04-25,Q3_no_adjust,17881.32195518526,17875.247480017108,0.0,0.0,6.074475168152762,3.272003861111102,28084.98317597222,6000.0
2025-04-25,Q4-2_main,14454.513393538782,14454.513393538782,0.0,0.0,0.0,0.0,29613.680391083333,6000.0
2025-04-25,Q4-2_fixed_strategy,14276.21456890683,14276.21456890683,0.0,0.0,0.0,0.0,29613.68039108333,6000.0
2025-04-25,Q4-3_main,18780.899186739858,13719.3848961362,0.0,0.0,5061.514290603658,1234.7549920277772,29927.53010459499,6000.0
2025-04-25,Q4-3_no_adjust,13724.088401686548,13719.3848961362,0.0,0.0,4.703505550347209,3.272003861111102,28084.98317597222,6000.0
2025-04-26,Q2_main,18893.332769470784,18893.332769470784,0.0,0.0,0.0,0.0,31577.058866916665,6000.0
2025-04-26,Q2_baseline,31326.64759710829,31326.64759710829,0.0,0.0,0.0,0.0,0.0,
2025-04-26,Q3_main,24368.071578716303,17658.445261529232,0.0,0.0,6709.62631718707,1407.8395729166643,31797.61675082081,6000.0
2025-04-26,Q3_no_adjust,17870.280746502813,17658.445261529232,0.0,0.0,211.83548497358157,42.43183469444409,29815.967182222215,6000.0
2025-04-26,Q4-2_main,14815.826961692326,14815.826961692326,0.0,0.0,0.0,0.0,31577.05886691667,6000.0
2025-04-26,Q4-2_fixed_strategy,14743.385796594866,14743.385796594866,0.0,0.0,0.0,0.0,31577.058866916665,6000.0
2025-04-26,Q4-3_main,19690.254539905596,13841.310246439481,0.0,0.0,5848.944293466115,1480.6147921666645,31870.39197007081,6000.0
2025-04-26,Q4-3_no_adjust,13980.168436477577,13841.310246439481,0.0,0.0,138.85819003809615,42.43183469444409,29815.967182222215,6000.0
2025-04-27,Q2_main,38284.8199769963,33320.197766998346,0.0,0.0,4964.622209997955,1192.284396249999,5215.548950166667,6000.0
2025-04-27,Q2_baseline,50035.61515094888,46912.260215762,0.0,0.0,3123.3549351868787,841.7782100000005,0.0,
2025-04-27,Q3_main,44454.72747765806,29740.318490371075,3102.9048661448314,0.0,11611.504121142154,2657.9142552222193,3871.825637055556,6000.0
2025-04-27,Q3_no_adjust,50367.39653035419,29740.318490371075,0.0,0.0,20627.07803998312,4697.8707913888875,2522.5779480833367,6000.0
2025-04-27,Q4-2_main,37867.317507348234,32876.861445344155,0.0,0.0,4990.45606200408,1192.284396249999,5215.548950166667,6000.0
2025-04-27,Q4-2_fixed_strategy,37789.25079964633,32798.79473764225,0.0,0.0,4990.45606200408,1192.284396249999,5215.548950166667,6000.0
2025-04-27,Q4-3_main,43812.0869233526,29579.80486586431,2715.7373025578945,0.0,11516.544754930404,2655.0455033472194,3868.9568851805557,6000.000000000001
2025-04-27,Q4-3_no_adjust,49883.28702703654,29579.80486586431,0.0,0.0,20303.482161172233,4697.8707913888875,2522.5779480833367,6000.0
2025-04-28,Q2_main,57365.03479042235,32947.62240674444,0.0,0.0,24417.41238367791,6183.667276833332,1584.7044705833353,6000.0
2025-04-28,Q2_baseline,55893.57059305082,46216.73160015854,0.0,0.0,9676.838992892286,2228.7497383333316,0.0,
2025-04-28,Q3_main,44416.60270785146,35230.295848570444,2190.4334686988577,0.0,6995.873390582157,1498.6378245138867,4587.944080026577,6000.000000000002
2025-04-28,Q3_no_adjust,47385.390733297696,35230.295848570444,0.0,0.0,12155.094884727256,2629.389273138888,3142.986248138891,6000.0
2025-04-28,Q4-2_main,58814.61673614246,33127.101190671296,0.0,0.0,25687.51554547116,6183.667276833332,1584.7044705833355,6000.0
2025-04-28,Q4-2_fixed_strategy,58831.82806262057,33144.3125171494,0.0,0.0,25687.51554547116,6183.667276833332,1584.7044705833353,6000.0
2025-04-28,Q4-3_main,45386.97262510953,35733.09922169724,2594.191232863547,0.0,7059.682170548742,1498.6378245138867,4587.944080026576,6000.0
2025-04-28,Q4-3_no_adjust,48147.10223699923,35733.09922169724,0.0,0.0,12414.003015301992,2629.389273138887,3142.986248138891,6000.0
2025-04-29,Q2_main,36423.03812500356,33691.521318273146,0.0,0.0,2731.51680673041,667.1748546666647,6226.839881166666,6000.0
2025-04-29,Q2_baseline,49468.1361148087,46675.32194060683,0.0,0.0,2792.814174201874,695.3646608333332,0.0,
2025-04-29,Q3_main,38329.40837255199,30567.32478837181,1697.224680224862,0.0,6064.8589039553135,1353.4155870416669,3182.425203749998,6000.000000000001
2025-04-29,Q3_no_adjust,45772.375986868225,30567.32478837181,0.0,0.0,15205.051198496418,3353.515702944441,3994.2843456944447,6000.0
2025-04-29,Q4-2_main,35838.52387434933,33144.99200362063,0.0,0.0,2693.5318707287015,667.1748546666649,6226.839881166667,6000.0
2025-04-29,Q4-2_fixed_strategy,35888.13722700538,33194.60535627668,0.0,0.0,2693.531870728701,667.1748546666647,6226.839881166666,6000.0
2025-04-29,Q4-3_main,37690.67451709243,30113.613469302305,1730.5420945563974,0.0,5846.518953233732,1339.2740422500005,3273.648173958332,6000.0
2025-04-29,Q4-3_no_adjust,44804.240574482305,30113.613469302305,0.0,0.0,14690.627105180003,3353.5157029444413,3994.284345694445,6000.0
2025-04-30,Q2_main,36390.49576658698,34293.00786735981,0.0,0.0,2097.4878992271674,554.2254122499996,6833.048376250003,6000.0
2025-04-30,Q2_baseline,49106.25823238587,46799.04531451421,0.0,0.0,2307.2129178716664,625.87349375,0.0,
2025-04-30,Q3_main,44491.07786778515,29593.51934577479,897.1217851076967,0.0,14000.43673690266,3479.217082888886,1598.1110185555574,6000.0
2025-04-30,Q3_no_adjust,48754.482716322396,29593.51934577479,0.0,0.0,19160.963370547608,5002.222151333333,2326.9742628055615,6000.0
2025-04-30,Q4-2_main,35835.65638155179,33757.22814881579,0.0,0.0,2078.4282327360006,554.2254122499996,6833.048376250003,6000.0
2025-04-30,Q4-2_fixed_strategy,35678.65953446261,33600.23130172661,0.0,0.0,2078.4282327360006,554.2254122499996,6833.048376250003,6000.0
2025-04-30,Q4-3_main,43190.61446671444,29024.766312670607,822.0815342254012,0.0,13343.766619818427,3479.097353722219,1597.9912893888895,6000.0
2025-04-30,Q4-3_no_adjust,47404.6601139143,29024.766312670607,0.0,0.0,18379.893801243692,5002.222151333333,2326.9742628055615,6000.0
2025-05-01,Q2_main,48778.58140950185,33117.06832728552,0.0,0.0,15661.513082216334,3342.584695083333,3904.7964336666664,6000.0
2025-05-01,Q2_baseline,61669.99552128021,46678.29162727791,0.0,0.0,14991.70389400229,3327.3906445833327,0.0,
2025-05-01,Q3_main,52499.71311286728,30660.552342228184,3020.09397832961,0.0,18819.066792309477,4158.948888444443,3535.54981572222,6000.0
2025-05-01,Q3_no_adjust,55872.1020928549,30660.552342228184,0.0,0.0,25211.549750626713,5494.711393500001,1728.810541416667,6000.0
2025-05-01,Q4-2_main,49539.073455948084,33555.23943338996,0.0,0.0,15983.834022558127,3342.584695083334,3904.7964336666664,6000.0
2025-05-01,Q4-2_fixed_strategy,50028.594509172115,34044.76048661399,0.0,0.0,15983.834022558127,3342.584695083333,3904.7964336666664,6000.0
2025-05-01,Q4-3_main,53355.092415472354,31124.49546055941,2974.963639334762,0.0,19255.633315578183,4158.948888444443,3535.54981572222,6000.000000000001
2025-05-01,Q4-3_no_adjust,56750.31802660802,31124.49546055941,0.0,0.0,25625.822566048613,5494.711393500001,1728.810541416667,6000.0
2025-05-02,Q2_main,22671.9787775716,18658.98735322701,0.0,0.0,4012.9914243445883,1001.7238032500009,17821.30758958333,6000.0
2025-05-02,Q2_baseline,31368.50741159279,30773.758078007584,0.0,0.0,594.7493335852075,184.0815729166664,0.0,
2025-05-02,Q3_main,31127.404091299853,19130.53683890114,0.0,0.0,11996.867252398717,2393.3112018055544,20523.938753168382,6000.000000000001
2025-05-02,Q3_no_adjust,19428.83415583675,19130.53683890114,0.0,0.0,298.29731693561064,90.19327488888871,17566.323826777774,6000.0
2025-05-02,Q4-2_main,18189.85990545442,15201.412984799417,0.0,0.0,2988.446920655003,1001.7238032500009,17821.30758958333,6000.0
2025-05-02,Q4-2_fixed_strategy,18165.980016312904,15177.533095657902,0.0,0.0,2988.4469206550034,1001.7238032500009,17821.30758958333,6000.0
2025-05-02,Q4-3_main,25928.24374154342,15507.797792701724,0.0,0.0,10420.445948841698,2396.240959472221,20526.868510835047,6000.000000000001
2025-05-02,Q4-3_no_adjust,15759.36946842864,15507.797792701724,0.0,0.0,251.57167572691594,90.1932748888886,17566.323826777774,6000.0
2025-05-03,Q2_main,19043.729730234805,18765.36063220785,0.0,0.0,278.36909802695743,70.00539641666649,22454.495282000003,6000.0
2025-05-03,Q2_baseline,31771.56829711591,30819.88448002633,0.0,0.0,951.6838170895838,218.09674666666677,0.0,
2025-05-03,Q3_main,30766.47385500384,18108.900422157523,0.0,0.0,12657.573432846317,2403.6121031111106,24779.526546567897,6000.000000000002
2025-05-03,Q3_no_adjust,18764.992775376177,18108.900422157523,0.0,0.0,656.092353218652,132.01213013888872,21856.814903611106,6000.0
2025-05-03,Q4-2_main,15314.406597487206,15062.276066252332,0.0,0.0,252.1305312348744,70.0053964166666,22454.495282000003,6000.0
2025-05-03,Q4-2_fixed_strategy,15389.210804389557,15137.080273154683,0.0,0.0,252.13053123487424,70.00539641666649,22454.495282000003,6000.0
2025-05-03,Q4-3_main,25717.511564835695,14527.204098431059,0.0,0.0,11190.307466404636,2480.7807803611113,24856.6952238179,6000.000000000002
2025-05-03,Q4-3_no_adjust,15138.678794166406,14527.204098431059,0.0,0.0,611.4746957353466,132.01213013888884,21856.814903611106,6000.0
2025-05-04,Q2_main,47436.86476743757,33333.38920962806,0.0,0.0,14103.475557809503,3413.982811083334,3905.808267583333,6000.0
2025-05-04,Q2_baseline,59200.630660353374,46617.068535865874,0.0,0.0,12583.5621244875,2883.584887916667,0.0,
2025-05-04,Q3_main,55675.28469531218,32314.37238250554,772.4528669189806,0.0,22588.459445887664,5478.450114097222,5803.685639771433,6000.000000000003
2025-05-04,Q3_no_adjust,48715.03978629297,32314.37238250554,0.0,0.0,16400.667403787433,3653.9641607500002,3244.4783768333323,6000.0
2025-05-04,Q4-2_main,48661.72344698577,34213.30279998598,0.0,0.0,14448.420646999795,3413.982811083335,3905.808267583333,6000.0
2025-05-04,Q4-2_fixed_strategy,48662.171010916856,34213.75036391706,0.0,0.0,14448.420646999793,3413.982811083334,3905.808267583333,6000.0
2025-05-04,Q4-3_main,57869.692845764584,33145.22035032684,745.3203638557586,0.0,23979.152131581985,5739.562530180556,6039.531663910319,6000.0
2025-05-04,Q4-3_no_adjust,49761.19368064766,33145.22035032684,0.0,0.0,16615.97333032082,3653.9641607500002,3244.4783768333323,6000.0
2025-05-05,Q2_main,56467.486849213456,33477.39895331421,0.0,0.0,22990.087895899247,5008.216606666665,2772.88055275,6000.0
2025-05-05,Q2_baseline,64627.78980854262,46017.499612224914,0.0,0.0,18610.290196317706,4128.50846875,0.0,
2025-05-05,Q3_main,52678.986725720606,34036.317336732696,374.6169610826171,0.0,18268.05242790529,4112.740178472217,2414.3156117088383,6000.000000000001
2025-05-05,Q3_no_adjust,51347.348795049256,34036.317336732696,0.0,0.0,17311.031458316564,4366.753497472222,2184.8500402222217,6000.0
2025-05-05,Q4-2_main,57456.78918862717,34163.978784983345,0.0,0.0,23292.810403643827,5008.216606666665,2772.88055275,6000.0
2025-05-05,Q4-2_fixed_strategy,57501.471536593905,34208.661132950074,0.0,0.0,23292.81040364383,5008.216606666665,2772.88055275,6000.0
2025-05-05,Q4-3_main,53692.51079061886,34723.23989561955,377.34657367259314,0.0,18591.92432132672,4112.740178472216,2422.730383313775,6000.000000000001
2025-05-05,Q4-3_no_adjust,52147.68458845116,34723.23989561955,0.0,0.0,17424.444692831607,4366.753497472222,2184.8500402222217,6000.0
2025-05-06,Q2_main,52843.413627496,33296.04463890921,0.0,0.0,19547.368988586786,4277.447350749999,3159.414892833334,6000.0
2025-05-06,Q2_baseline,63767.375882383574,46171.459236932125,0.0,0.0,17595.916645451463,4061.445854583333,0.0,
2025-05-06,Q3_main,49554.159362600585,29913.754810719278,5375.689040002897,0.0,14264.715511878407,3334.7484615972244,1879.2832295138862,5999.999999999999
2025-05-06,Q3_no_adjust,61714.84228788822,29913.754810719278,0.0,0.0,31801.08747716894,7391.874650666665,703.281138027772,6000.0
2025-05-06,Q4-2_main,54105.116113548145,34154.558355528025,0.0,0.0,19950.55775802012,4277.447350749999,3159.414892833334,6000.0
2025-05-06,Q4-2_fixed_strategy,54423.287254233146,34472.729496213025,0.0,0.0,19950.55775802012,4277.447350749999,3159.414892833334,6000.0
2025-05-06,Q4-3_main,50587.82331458214,30898.512525451755,5117.85384119503,0.0,14571.456947935356,3334.748461597225,1879.283229513886,6000.000000000002
2025-05-06,Q4-3_no_adjust,62633.069384368835,30898.512525451755,0.0,0.0,31734.55685891708,7391.874650666664,703.2811380277719,6000.0
2025-05-07,Q2_main,49828.15608198807,34672.664121156384,0.0,0.0,15155.491960831687,3272.4400349166626,2897.691426916669,6000.0
2025-05-07,Q2_baseline,63127.44741277995,46525.66676599912,0.0,0.0,16601.780646780822,3684.157858749998,0.0,
2025-05-07,Q3_main,48561.900303893206,32454.875916389967,4262.062513616094,0.0,11844.961873887143,2544.0045419027747,2233.1687364027784,5999.999999999998
2025-05-07,Q3_no_adjust,60133.9580662756,32454.875916389967,0.0,0.0,27679.08214988563,6543.576687944442,1007.5594889444442,6000.0
2025-05-07,Q4-2_main,50765.19028321,35442.37084124427,0.0,0.0,15322.819441965727,3272.4400349166626,2897.6914269166687,6000.0
2025-05-07,Q4-2_fixed_strategy,50813.936892431746,35491.117450466016,0.0,0.0,15322.819441965728,3272.4400349166626,2897.691426916669,6000.0
2025-05-07,Q4-3_main,49442.87729114083,33290.65441112063,4071.8354615882945,0.0,12080.387418431907,2544.0045419027747,2233.1687364027784,6000.0
2025-05-07,Q4-3_no_adjust,60620.798534723515,33290.65441112063,0.0,0.0,27330.144123602884,6543.576687944442,1007.5594889444446,6000.0
2025-05-08,Q2_main,51714.7475933915,34628.23332728088,0.0,0.0,17086.51426611062,4546.182080666666,2049.4191824166655,6000.0
2025-05-08,Q2_baseline,59326.427587849364,47361.07394395646,0.0,0.0,11965.353643892915,2710.283151666666,0.0,
2025-05-08,Q3_main,47455.93463784138,34902.76171795244,1891.9634562917208,0.0,10661.209463597224,2352.779882888888,4287.887574916669,5999.999999999999
2025-05-08,Q3_no_adjust,47722.69733732008,34902.76171795244,0.0,0.0,12819.935619367641,2838.365106166667,2948.8924075000014,6000.0
2025-05-08,Q4-2_main,52715.04050554415,35386.31370697591,0.0,0.0,17328.72679856824,4546.182080666666,2049.4191824166655,6000.0
2025-05-08,Q4-2_fixed_strategy,52811.8048426493,35483.078044081056,0.0,0.0,17328.72679856824,4546.182080666666,2049.4191824166655,6000.0
2025-05-08,Q4-3_main,48820.02556496607,35785.34455400173,2178.26588551205,0.0,10856.415125452288,2352.779882888888,4515.206209021602,6000.0000000000055
2025-05-08,Q4-3_no_adjust,48853.021447672436,35785.34455400173,0.0,0.0,13067.67689367071,2838.365106166667,2948.8924075000014,6000.0
2025-05-09,Q2_main,20293.37221735481,20293.37221735481,0.0,0.0,0.0,0.0,24502.773027711934,6000.0
2025-05-09,Q2_baseline,31729.95406326462,31712.13660977337,0.0,0.0,17.81745349125012,8.343457500000056,0.0,
2025-05-09,Q3_main,25146.648717865395,19268.191910230416,0.0,0.0,5878.456807634979,1063.852132236111,24884.528602465703,6000.000000000001
2025-05-09,Q3_no_adjust,19273.520526705415,19268.191910230416,0.0,0.0,5.328616474999992,1.394195833333331,23337.90531491666,6000.0
2025-05-09,Q4-2_main,16157.058945371033,16157.058945371033,0.0,0.0,0.0,0.0,24502.773027711934,6000.0
2025-05-09,Q4-2_fixed_strategy,16290.000556473657,16290.000556473657,0.0,0.0,0.0,0.0,24502.773027711934,6000.0
2025-05-09,Q4-3_main,20501.62145415346,15326.290698839815,0.0,0.0,5175.330755313646,1148.771489319444,24969.44795954903,6000.000000000002
2025-05-09,Q4-3_no_adjust,15329.952554196065,15326.290698839815,0.0,0.0,3.661855356249994,1.394195833333331,23337.905314916658,6000.0
2025-05-10,Q2_main,20202.838057244426,20067.516051780134,0.0,0.0,135.32200546429155,34.46603674999998,20620.064284250002,6000.0
2025-05-10,Q2_baseline,31604.39753851183,31403.406683996,0.0,0.0,200.9908545158325,69.23645749999969,0.0,
2025-05-10,Q3_main,25659.614234797355,18934.10464154379,0.0,0.0,6725.509593253565,1409.4730620555547,21587.469840199246,6000.0
2025-05-10,Q3_no_adjust,19059.517930766207,18934.10464154379,0.0,0.0,125.41328922241782,42.061496055555914,19531.81546861111,6000.0
2025-05-10,Q4-2_main,16408.4024696794,16306.796670874734,0.0,0.0,101.60579880466653,34.46603674999998,20620.064284250002,6000.0
2025-05-10,Q4-2_fixed_strategy,16449.59562172709,16347.989822922425,0.0,0.0,101.60579880466653,34.46603674999998,20620.064284250002,6000.0
2025-05-10,Q4-3_main,21600.162622104366,15498.624990304364,0.0,0.0,6101.537631800001,1423.0163883055557,21620.77867240295,6000.000000000001
2025-05-10,Q4-3_no_adjust,15591.882526618365,15498.624990304364,0.0,0.0,93.25753631400084,42.061496055555914,19531.81546861111,6000.0
2025-05-11,Q2_main,49424.024053615445,35063.925338643574,0.0,0.0,14360.098714971871,3392.171391666665,2487.463994083332,6000.0
2025-05-11,Q2_baseline,58735.45067089501,47059.1349062225,0.0,0.0,11676.315764672503,2638.1941237500005,0.0,
2025-05-11,Q3_main,46181.11881431205,33973.792575152045,1767.5071086668886,0.0,10439.819130493113,2340.9614613194426,2720.6624775416703,6000.000000000001
2025-05-11,Q3_no_adjust,49215.26213022288,33973.792575152045,0.0,0.0,15241.469555070838,3309.4132563888897,2164.2121092222224,6000.0
2025-05-11,Q4-2_main,50145.155620586,35881.851597110006,0.0,0.0,14263.304023475996,3392.171391666665,2487.4639940833317,6000.0
2025-05-11,Q4-2_fixed_strategy,50081.356106676656,35818.052083200666,0.0,0.0,14263.304023475994,3392.171391666665,2487.463994083332,6000.0
2025-05-11,Q4-3_main,47098.96827245274,34803.42758684163,1763.7248452739973,0.0,10531.815840337113,2340.9614613194426,2720.6624775416703,6000.0
2025-05-11,Q4-3_no_adjust,49989.48572895066,34803.42758684163,0.0,0.0,15186.05814210903,3309.4132563888893,2164.2121092222224,6000.0
2025-05-12,Q2_main,44349.96282278485,35321.069470033435,0.0,0.0,9028.893352751416,2563.0256098333334,5953.304867083334,6000.0
2025-05-12,Q2_baseline,55006.5011801427,46914.77712784646,0.0,0.0,8091.724052296247,1814.4050445833332,0.0,
2025-05-12,Q3_main,44565.72396492686,30713.02817224456,5382.838552915409,0.0,8469.857239766894,1816.153081958332,3516.7447683750033,6000.0
2025-05-12,Q3_no_adjust,54119.2043297353,30713.02817224456,0.0,0.0,23406.17615749074,5585.39733272222,1184.3278124722228,6000.0
2025-05-12,Q4-2_main,45951.75575240363,36290.42638702663,0.0,0.0,9661.329365377002,2563.0256098333334,5953.304867083334,6000.0
2025-05-12,Q4-2_fixed_strategy,45885.97213141475,36224.642766037745,0.0,0.0,9661.329365376998,2563.0256098333334,5953.304867083334,6000.0
2025-05-12,Q4-3_main,45687.385877993554,31480.176537840416,5705.870186405515,0.0,8501.339153747627,1816.1530819583318,3516.7447683750033,6000.0
2025-05-12,Q4-3_no_adjust,54814.23413761919,31480.176537840416,0.0,0.0,23334.05759977877,5585.39733272222,1184.3278124722233,6000.0
2025-05-13,Q2_main,43155.51299645669,34960.79618705769,0.0,0.0,8194.716809398997,1995.0838269166654,2907.0217841666677,6000.0
2025-05-13,Q2_baseline,54766.51061050408,46693.712458037,0.0,0.0,8072.798152467081,1653.6950916666663,0.0,
2025-05-13,Q3_main,46008.15411675922,35350.22389352202,2023.975631016859,0.0,8633.954592220338,1839.139292833335,7831.482096202162,6000.0
2025-05-13,Q3_no_adjust,46196.961249826214,35350.22389352202,0.0,0.0,10846.737356304187,2418.9285124722205,5967.194442638891,6000.0
2025-05-13,Q4-2_main,43773.49318348842,35451.62590976959,0.0,0.0,8321.86727371883,1995.0838269166654,2907.021784166668,6000.0
2025-05-13,Q4-2_fixed_strategy,43548.61991709411,35226.75264337528,0.0,0.0,8321.867273718832,1995.0838269166654,2907.0217841666677,6000.0
2025-05-13,Q4-3_main,46494.88357199993,35939.936379068226,1961.150810545626,0.0,8593.796382386088,1820.935452208335,7813.278255577164,6000.0
2025-05-13,Q4-3_no_adjust,46710.15762489881,35939.936379068226,0.0,0.0,10770.221245830591,2418.92851247222,5967.194442638891,6000.0
2025-05-14,Q2_main,40273.157718497976,35877.81843418215,0.0,0.0,4395.339284315828,1085.380317416665,4223.760731416667,6000.0
2025-05-14,Q2_baseline,54421.18682515499,46558.289313444584,0.0,0.0,7862.897511710416,1793.351355,0.0,
2025-05-14,Q3_main,45599.70651184686,35379.13351778628,1358.914392691256,0.0,8861.65860136932,1979.435752476853,5969.274552363007,6000.000000000001
2025-05-14,Q3_no_adjust,45713.848147291625,35379.13351778628,0.0,0.0,10334.714629505346,2481.4981575555553,4452.412913222222,6000.0
2025-05-14,Q4-2_main,40599.36485776565,36201.644940192695,0.0,0.0,4397.719917572953,1085.380317416665,4223.760731416666,6000.0
2025-05-14,Q4-2_fixed_strategy,40492.26560658849,36094.54568901553,0.0,0.0,4397.719917572953,1085.380317416665,4223.760731416667,6000.0
2025-05-14,Q4-3_main,45869.130834563635,35718.024746057315,1406.288782825896,0.0,8744.817305680426,1979.4357524768527,5968.850479660676,6000.000000000002
2025-05-14,Q4-3_no_adjust,45918.88749784804,35718.024746057315,0.0,0.0,10200.86275179072,2481.4981575555553,4452.412913222222,6000.0
2025-05-15,Q2_main,42752.38350355217,35955.176245615716,0.0,0.0,6797.207257936454,1752.3851221666657,4469.488029416666,6000.0
2025-05-15,Q2_baseline,55235.68899506403,46865.25914823133,0.0,0.0,8370.429846832709,2157.620660833333,0.0,
2025-05-15,Q3_main,43410.94085404196,35831.179030394575,1819.4949129146767,0.0,5760.266910732709,1447.812536166665,5051.854134352875,6000.0
2025-05-15,Q3_no_adjust,44786.33523686425,35831.179030394575,0.0,0.0,8955.156206469681,2514.902939999996,3586.008441416665,6000.0
2025-05-15,Q4-2_main,43388.5827999225,36546.50329770596,0.0,0.0,6842.079502216538,1752.3851221666657,4469.488029416666,6000.0
2025-05-15,Q4-2_fixed_strategy,43537.17549286659,36695.09599065005,0.0,0.0,6842.079502216538,1752.3851221666657,4469.488029416666,6000.0
2025-05-15,Q4-3_main,44175.27433568362,36498.24820951753,1899.1800121124547,0.0,5777.84611405364,1447.812536166665,5365.900173959874,6000.000000000002
2025-05-15,Q4-3_no_adjust,45059.67629897241,36498.24820951753,0.0,0.0,8561.428089454876,2514.902939999996,3586.008441416665,6000.0
2025-05-16,Q2_main,20946.388579704177,20946.388579704177,0.0,0.0,0.0,0.0,30744.79272983333,6000.0
2025-05-16,Q2_baseline,31784.351328489538,31589.631794123914,0.0,0.0,194.71953436562552,65.28285750000015,0.0,
2025-05-16,Q3_main,24065.19161227691,20177.043469952812,0.0,0.0,3888.1481423241,991.6449300833337,30896.213850282234,6000.0
2025-05-16,Q3_no_adjust,20260.632055806647,20177.043469952812,0.0,0.0,83.58858585383324,21.40706869444442,29414.117408472222,6000.0
2025-05-16,Q4-2_main,16680.2898919575,16680.2898919575,0.0,0.0,0.0,0.0,30744.79272983333,6000.0
2025-05-16,Q4-2_fixed_strategy,16754.20669955154,16754.20669955154,0.0,0.0,0.0,0.0,30744.79272983333,6000.0
2025-05-16,Q4-3_main,19377.147170924593,16086.801372213286,0.0,0.0,3290.345798711306,1003.1503474722226,30879.456017522974,6000.0
2025-05-16,Q4-3_no_adjust,16146.239395027147,16086.801372213286,0.0,0.0,59.43802281386104,21.40706869444442,29414.117408472222,6000.0
2025-05-17,Q2_main,21031.30277182413,20846.47725781009,0.0,0.0,184.82551401404078,74.12715224999963,23018.255120249996,6000.0
2025-05-17,Q2_baseline,31661.569051127,31465.913642522624,0.0,0.0,195.65540860437562,83.92919041666676,0.0,
2025-05-17,Q3_main,26302.574616145233,19971.23515072972,0.0,0.0,6331.339465415512,1328.1821181111104,23478.52134613906,5999.999999999998
2025-05-17,Q3_no_adjust,19971.23515072972,19971.23515072972,0.0,0.0,0.0,0.0,21633.367373083332,6000.0
2025-05-17,Q4-2_main,16993.34728519519,16879.18509962819,0.0,0.0,114.16218556699943,74.12715224999963,23018.255120249996,6000.0
2025-05-17,Q4-2_fixed_strategy,17070.19711671044,16956.03493114344,0.0,0.0,114.16218556699943,74.12715224999963,23018.255120249996,6000.0
2025-05-17,Q4-3_main,21131.150988626192,16134.435303044618,0.0,0.0,4996.715685581576,1130.6062674166674,23259.26054621296,5999.999999999998
2025-05-17,Q4-3_no_adjust,16134.435303044618,16134.435303044618,0.0,0.0,0.0,0.0,21633.367373083332,6000.0
2025-05-18,Q2_main,42462.06336555656,35840.32878294177,0.0,0.0,6621.73458261479,1972.9154307499998,3769.7647867500027,6000.0
2025-05-18,Q2_baseline,54172.662821518206,46361.06257780279,0.0,0.0,7811.600243715413,2001.3384483333327,0.0,
2025-05-18,Q3_main,40758.18532581166,37284.23387453081,819.6485394809181,0.0,2654.3029117999304,783.2556418194429,6986.984039122259,6000.0
2025-05-18,Q3_no_adjust,40842.437863823674,37284.23387453081,0.0,0.0,3558.2039892928674,979.6940789722206,6498.629452472223,6000.0
2025-05-18,Q4-2_main,43143.65460678499,36200.78047463483,0.0,0.0,6942.874132150167,1972.9154307499998,3769.7647867500027,6000.0
2025-05-18,Q4-2_fixed_strategy,43113.55025848347,36170.6761263333,0.0,0.0,6942.874132150167,1972.9154307499998,3769.7647867500027,6000.0
2025-05-18,Q4-3_main,41375.55834523574,37966.84137897885,802.3882158404838,0.0,2606.328750416409,783.2556418194429,6986.984039122259,6000.0
2025-05-18,Q4-3_no_adjust,41463.869294493226,37966.84137897885,0.0,0.0,3497.0279155143808,979.6940789722205,6498.629452472223,6000.0
2025-05-19,Q2_main,38530.34959659474,36174.68351498115,0.0,0.0,2355.6660816135864,453.1920935833339,9302.518782750001,6000.0
2025-05-19,Q2_baseline,52139.65796078545,46277.53121114671,0.0,0.0,5862.126749638751,1242.9825170833333,0.0,
2025-05-19,Q3_main,39252.746283655215,33910.08541476411,1006.3311403126553,0.0,4336.329728578452,908.7208158333335,7517.059076033438,6000.0
2025-05-19,Q3_no_adjust,39897.97479391923,33910.08541476411,0.0,0.0,5987.889379155124,1313.983551972222,6964.796240305557,6000.0
2025-05-19,Q4-2_main,38744.65263945894,36390.081376251685,0.0,0.0,2354.5712632072527,453.192093583334,9302.518782750001,6000.0
2025-05-19,Q4-2_fixed_strategy,38453.22183208415,36098.650568876896,0.0,0.0,2354.5712632072523,453.1920935833339,9302.518782750001,6000.0
2025-05-19,Q4-3_main,39533.41714005274,34282.213875066496,951.6125733150513,0.0,4299.590691671194,908.7208158333335,7517.059076033438,6000.0
2025-05-19,Q4-3_no_adjust,40174.14078892083,34282.213875066496,0.0,0.0,5891.926913854333,1313.983551972222,6964.796240305557,6000.0
2025-05-20,Q2_main,45133.62667784637,35567.32296339208,0.0,0.0,9566.30371445429,2398.6237411666666,2876.6479232500005,6000.0
2025-05-20,Q2_baseline,54413.30959981613,46126.25928728716,0.0,0.0,8287.05031252896,1894.9470883333333,0.0,
2025-05-20,Q3_main,43159.2771193582,33826.66431869028,3334.2657873885255,0.0,5998.3470132793955,1335.0852785138875,3669.5133322638903,6000.0
2025-05-20,Q3_no_adjust,49780.00014743261,33826.66431869028,0.0,0.0,15953.335828742333,3912.897832722222,2061.450678138889,6000.0
2025-05-20,Q4-2_main,45684.08297319047,35813.696098133594,0.0,0.0,9870.386875056874,2398.6237411666666,2876.647923250001,6000.0
2025-05-20,Q4-2_fixed_strategy,45633.137862365176,35762.7509873083,0.0,0.0,9870.386875056874,2398.6237411666666,2876.6479232500005,6000.0
2025-05-20,Q4-3_main,43482.43967697564,34077.556587047424,3523.298282376937,0.0,5881.584807551284,1335.0852785138873,3669.51333226389,6000.0
2025-05-20,Q4-3_no_adjust,50264.60979636488,34077.556587047424,0.0,0.0,16187.053209317457,3912.897832722222,2061.450678138889,6000.0
2025-05-21,Q2_main,43672.459161306564,35981.28703730557,0.0,0.0,7691.172124000994,1885.2372479166654,6539.748296666667,6000.0
2025-05-21,Q2_baseline,56013.755788541865,45925.53407535041,0.0,0.0,10088.221713191451,2518.7249116666653,0.0,
2025-05-21,Q3_main,41813.00330361532,32437.91935316436,5190.074608771885,0.0,4185.00934167907,1071.5658173611112,4885.434694861111,6000.000000000001
2025-05-21,Q3_no_adjust,49930.21401130261,32437.91935316436,0.0,0.0,17492.294658138253,4242.464712777775,2182.693334444445,6000.0
2025-05-21,Q4-2_main,44181.64273740176,36568.85587728451,0.0,0.0,7612.786860117244,1885.2372479166652,6539.748296666667,6000.0
2025-05-21,Q4-2_fixed_strategy,44161.68235631023,36548.895496192985,0.0,0.0,7612.786860117245,1885.2372479166654,6539.748296666667,6000.0
2025-05-21,Q4-3_main,42164.65651570612,33058.08954098116,4938.650894365724,0.0,4167.916080359236,1071.565817361111,4885.434694861111,6000.000000000001
2025-05-21,Q4-3_no_adjust,50051.81711590908,33058.08954098116,0.0,0.0,16993.72757492792,4242.464712777775,2182.693334444445,6000.0
2025-05-22,Q2_main,38206.01388846265,36395.85427549915,0.0,0.0,1810.1596129635018,422.55704100000065,5569.132941083332,6000.0
2025-05-22,Q2_baseline,50389.89518963221,46521.66591592824,0.0,0.0,3868.22927370396,882.7907854166672,0.0,
2025-05-22,Q3_main,40565.6403272926,34701.139961213776,1946.6268764798936,0.0,3917.873489598932,927.9752633472211,5397.2686184305585,6000.0
2025-05-22,Q3_no_adjust,43475.07798860838,34701.139961213776,0.0,0.0,8773.938027394604,2685.4352694444424,4288.629682027778,6000.0
2025-05-22,Q4-2_main,38316.26879998379,36557.46583050599,0.0,0.0,1758.8029694777936,422.55704100000065,5569.132941083331,6000.0
2025-05-22,Q4-2_fixed_strategy,38492.13594415567,36733.332974677876,0.0,0.0,1758.8029694777936,422.55704100000065,5569.132941083332,6000.0
2025-05-22,Q4-3_main,40656.916642173965,34867.91742821635,1984.8315897230939,0.0,3804.167624234523,927.9752633472211,5397.268618430557,6000.0
2025-05-22,Q4-3_no_adjust,43398.503952162246,34867.91742821635,0.0,0.0,8530.586523945896,2685.4352694444424,4288.629682027777,6000.0
2025-05-23,Q2_main,21247.702234528897,21247.702234528897,0.0,0.0,0.0,0.0,27256.880813249998,6000.0
2025-05-23,Q2_baseline,31547.220217170245,31547.220217170245,0.0,0.0,0.0,0.0,0.0,
2025-05-23,Q3_main,22176.64881281391,19985.299064902676,391.37835214359393,0.0,1799.9713957676393,442.1786964583317,27231.101639980963,6000.000000000001
2025-05-23,Q3_no_adjust,19985.299064902676,19985.299064902676,0.0,0.0,0.0,0.0,25738.356046499994,6000.0
2025-05-23,Q4-2_main,16873.938192785547,16873.938192785547,0.0,0.0,0.0,0.0,27256.880813249998,6000.0
2025-05-23,Q4-2_fixed_strategy,16893.127059806517,16893.127059806517,0.0,0.0,0.0,0.0,27256.880813249998,6000.0
2025-05-23,Q4-3_main,17938.276232339656,15948.133181458043,171.46123118670238,0.0,1818.681819694911,469.01905424999836,27257.197792011317,6000.000000000001
2025-05-23,Q4-3_no_adjust,15948.133181458043,15948.133181458043,0.0,0.0,0.0,0.0,25738.356046499994,6000.0
2025-05-24,Q2_main,21543.211389033575,21543.211389033575,0.0,0.0,0.0,0.0,30209.032372416663,6000.0
2025-05-24,Q2_baseline,31763.930227844998,31763.930227844998,0.0,0.0,0.0,0.0,0.0,
2025-05-24,Q3_main,22602.565410084804,20682.05512052527,0.0,0.0,1920.5102895595353,557.2670312083318,29992.92405104218,6000.0
2025-05-24,Q3_no_adjust,20682.05512052527,20682.05512052527,0.0,0.0,0.0,0.0,28929.137011166666,6000.0
2025-05-24,Q4-2_main,17392.17447575167,17392.17447575167,0.0,0.0,0.0,0.0,30209.032372416663,6000.0
2025-05-24,Q4-2_fixed_strategy,17456.227681004257,17456.227681004257,0.0,0.0,0.0,0.0,30209.032372416663,6000.0
2025-05-24,Q4-3_main,18243.18477691756,16738.66381157071,0.0,0.0,1504.5209653468487,494.8649502499986,29925.59066277932,6000.0
2025-05-24,Q4-3_no_adjust,16738.66381157071,16738.66381157071,0.0,0.0,0.0,0.0,28929.137011166666,6000.0
2025-05-25,Q2_main,38430.32919111368,36541.28157952809,0.0,0.0,1889.047611585583,451.41456100000016,8294.04076175,6000.0
2025-05-25,Q2_baseline,50956.83335724146,46355.17590624209,0.0,0.0,4601.657450999377,1053.2753770833338,0.0,
2025-05-25,Q3_main,39107.64156732272,35127.93942199622,1115.1494237953111,0.0,2864.552721531187,735.205308388889,7974.389550401741,6000.000000000001
2025-05-25,Q3_no_adjust,39503.904258268456,35127.93942199622,0.0,0.0,4375.9648362722355,1069.8375721666666,7439.5792175,6000.0
2025-05-25,Q4-2_main,38804.96321758938,36906.415427855085,0.0,0.0,1898.5477897342912,451.41456100000016,8294.04076175,6000.0
2025-05-25,Q4-2_fixed_strategy,38918.93727384331,37020.389484109015,0.0,0.0,1898.5477897342912,451.41456100000016,8294.04076175,6000.0
2025-05-25,Q4-3_main,39524.37024136813,35554.74722438815,1066.4772625969042,0.0,2903.1457543830757,735.205308388889,7974.389550401741,5999.999999999999
2025-05-25,Q4-3_no_adjust,39920.71895693405,35554.74722438815,0.0,0.0,4365.971732545901,1069.8375721666666,7439.5792175,6000.0
2025-05-26,Q2_main,45447.20688211552,36509.79086542519,0.0,0.0,8937.416016690331,2444.9359629166665,4154.177230666667,6000.0
2025-05-26,Q2_baseline,53060.44933850391,46264.64144199496,0.0,0.0,6795.807896508952,1630.350242083332,0.0,
2025-05-26,Q3_main,43409.061799941526,34426.00800774776,5962.308511345309,0.0,3020.745280848456,847.5844051249996,6285.612489541667,6000.0
2025-05-26,Q3_no_adjust,50428.3150165742,34426.00800774776,0.0,0.0,16002.307008826432,4417.290942472219,2410.8744893888897,6000.0
2025-05-26,Q4-2_main,45891.986658904796,36629.844042846045,0.0,0.0,9262.142616058749,2444.9359629166665,4154.177230666667,6000.0
2025-05-26,Q4-2_fixed_strategy,45855.60008083276,36593.45746477401,0.0,0.0,9262.142616058749,2444.9359629166665,4154.177230666667,6000.0
2025-05-26,Q4-3_main,44049.944260954144,34500.8860676328,6557.358339025619,0.0,2991.6998542957263,847.5844051249995,6285.612489541669,6000.000000000001
2025-05-26,Q4-3_no_adjust,50712.0433382752,34500.8860676328,0.0,0.0,16211.157270642403,4417.290942472219,2410.8744893888897,6000.0
2025-05-27,Q2_main,38848.099012434424,36215.366226697886,0.0,0.0,2632.732785736539,696.3123105833331,6847.627094333333,6000.0
2025-05-27,Q2_baseline,50751.188899037705,46248.50336010958,0.0,0.0,4502.685538928124,1205.16406375,0.0,
2025-05-27,Q3_main,40794.34779804275,32749.82201350318,4423.830092725024,0.0,3620.6956918145447,929.5326511250025,6299.15881279166,6000.000000000002
2025-05-27,Q3_no_adjust,44543.13389217826,32749.82201350318,0.0,0.0,11793.311878675075,2795.297015305554,2623.0680553055563,6000.0
2025-05-27,Q4-2_main,38982.12689590965,36374.62467585203,0.0,0.0,2607.5022200576223,696.3123105833329,6847.627094333333,6000.0
2025-05-27,Q4-2_fixed_strategy,38892.42633372925,36284.92411367163,0.0,0.0,2607.5022200576227,696.3123105833331,6847.627094333333,6000.0
2025-05-27,Q4-3_main,40468.557100894664,33003.27231863403,3890.565376566777,0.0,3574.719405693864,929.5326511250025,6299.15881279166,6000.000000000001
2025-05-27,Q4-3_no_adjust,44496.649852763636,33003.27231863403,0.0,0.0,11493.377534129604,2795.297015305554,2623.0680553055563,6000.0
2025-05-28,Q2_main,43497.3801693178,36339.19164026243,0.0,0.0,7158.188529055374,2005.953566083334,5573.86199825,6000.0
2025-05-28,Q2_baseline,52377.18033906495,46220.80750723808,0.0,0.0,6156.372831826873,1494.159043333333,0.0,
2025-05-28,Q3_main,39086.79722737552,36513.33170108842,1515.2752134480972,0.0,1058.190312839005,374.1705314166679,6602.545989069443,6000.0
2025-05-28,Q3_no_adjust,39560.69913338024,36513.33170108842,0.0,0.0,3047.3674322918214,830.409324944445,5617.985777527778,6000.0
2025-05-28,Q4-2_main,44045.68236696927,36693.12576295181,0.0,0.0,7352.556604017459,2005.953566083334,5573.86199825,6000.0
2025-05-28,Q4-2_fixed_strategy,44054.86952619685,36702.31292217939,0.0,0.0,7352.556604017458,2005.953566083334,5573.86199825,6000.0
2025-05-28,Q4-3_main,39618.32777072577,37016.578749607084,1538.142730615363,0.0,1063.606290503324,374.17053141666787,6602.545989069444,6000.000000000002
2025-05-28,Q4-3_no_adjust,40063.87156722717,37016.578749607084,0.0,0.0,3047.292817620085,830.4093249444448,5617.985777527778,6000.0
2025-05-29,Q2_main,45446.41964486461,36853.43014638558,0.0,0.0,8592.989498479034,2153.292311916665,4636.555290083334,6000.0
2025-05-29,Q2_baseline,55793.65531715266,46610.321501356826,0.0,0.0,9183.333815795833,2015.1708504166663,0.0,
2025-05-29,Q3_main,44473.13536530122,36402.5750265118,4210.573017499892,0.0,3859.9873212895363,1018.3548545277763,8456.470054388885,6000.0
2025-05-29,Q3_no_adjust,46660.36928815467,36402.5750265118,0.0,0.0,10257.794261642868,2492.8039816666646,4839.5365415000015,6000.0
2025-05-29,Q4-2_main,46054.92835566505,37212.878217271806,0.0,0.0,8842.050138393242,2153.292311916665,4636.5552900833345,6000.0
2025-05-29,Q4-2_fixed_strategy,46019.00743655445,37176.95729816121,0.0,0.0,8842.050138393242,2153.292311916665,4636.555290083334,6000.0
2025-05-29,Q4-3_main,45280.234940937924,36877.025380301086,4573.432907243845,0.0,3829.7766533929953,1018.3548545277765,8456.470054388885,5999.999999999999
2025-05-29,Q4-3_no_adjust,46794.8939163022,36877.025380301086,0.0,0.0,9917.868536001119,2492.8039816666646,4839.5365415000015,6000.0
2025-05-30,Q2_main,21531.069131078726,21488.901476792475,0.0,0.0,42.167654286249935,19.374065833333304,27416.223719,6000.0
2025-05-30,Q2_baseline,31789.4990300977,31717.39216862645,0.0,0.0,72.10686147124993,33.12514749999997,0.0,
2025-05-30,Q3_main,21763.017574846126,21190.13171848792,0.0,0.0,572.8858563582088,255.12232866666665,27672.148369633065,6000.0
2025-05-30,Q3_no_adjust,21232.29786192042,21190.13171848792,0.0,0.0,42.166143432499915,19.37337166666663,26918.77753777778,6000.0
2025-05-30,Q4-2_main,17536.212534431266,17496.44726430835,0.0,0.0,39.765270122916604,19.374065833333304,27416.223719,6000.0
2025-05-30,Q4-2_fixed_strategy,17531.96379974355,17492.198529620633,0.0,0.0,39.765270122916604,19.374065833333304,27416.223719,6000.0
2025-05-30,Q4-3_main,17856.80468669202,17244.62587820152,0.0,0.0,612.1788084904995,309.3259434166664,27726.723403107342,6000.0
2025-05-30,Q4-3_no_adjust,17284.389723547356,17244.62587820152,0.0,0.0,39.76384534583325,19.37337166666663,26918.77753777778,6000.0
2025-05-31,Q2_main,21822.653973018198,21629.1201819182,0.0,0.0,193.53379109999992,90.52094999999997,25795.382168841556,6000.0
2025-05-31,Q2_baseline,32104.238604711878,31806.203102271873,0.0,0.0,298.03550243999996,139.42386333333332,0.0,
2025-05-31,Q3_main,25141.917973860847,23152.522980065245,0.0,0.0,1989.3949937956008,622.9101323749993,29248.32430384602,6000.0
2025-05-31,Q3_no_adjust,23346.056771165244,23152.522980065245,0.0,0.0,193.53379109999992,90.52094999999997,28025.03741386111,6000.0
2025-05-31,Q4-2_main,17253.741427029257,17013.951430479257,0.0,0.0,239.78999654999993,90.52094999999997,25795.382168841556,6000.0
2025-05-31,Q4-2_fixed_strategy,17112.04451645479,16872.25451990479,0.0,0.0,239.78999654999993,90.52094999999997,25795.382168841556,6000.0
2025-05-31,Q4-3_main,19343.669116951896,17928.447536143627,0.0,0.0,1415.2215808082683,466.346997791666,29088.417354962276,6000.0
2025-05-31,Q4-3_no_adjust,18168.237532693627,17928.447536143627,0.0,0.0,239.78999654999993,90.52094999999997,28025.03741386111,6000.0
2025-06-01,Q2_main,94469.46626906923,36778.96789084663,0.0,0.0,57690.498378222605,14509.030289833328,201.52147366666665,6000.0
2025-06-01,Q2_baseline,98389.45390643744,46316.19588324454,0.0,0.0,52073.2580231929,12487.433831666665,0.0,
2025-06-01,Q3_main,67643.05713989015,46280.32456074274,4330.643165809097,0.0,17032.08941333831,4470.668354624999,9012.424317180052,6000.0
2025-06-01,Q3_no_adjust,62807.324582959074,46280.32456074274,0.0,0.0,16527.000022216333,4316.555391166665,5287.426541250001,6000.0
2025-06-01,Q4-2_main,104378.3507884942,40510.16942899035,0.0,0.0,63868.18135950384,14509.030289833328,201.52147366666676,6000.0
2025-06-01,Q4-2_fixed_strategy,104404.68041226767,40536.499052763815,0.0,0.0,63868.181359503855,14509.030289833328,201.52147366666665,6000.0
2025-06-01,Q4-3_main,74277.01139273969,52165.18150928516,4313.554249899984,0.0,17798.275633554542,4357.517496624999,9045.382846371404,6000.0
2025-06-01,Q4-3_no_adjust,69895.44875885094,52165.18150928516,0.0,0.0,17730.267249565775,4316.555391166663,5287.426541250001,6000.0
2025-06-02,Q2_main,85373.39257964166,37838.666198775085,0.0,0.0,47534.726380866574,11423.095293916664,1520.8548515833331,6000.0
2025-06-02,Q2_baseline,100422.06515706457,46697.4253532475,0.0,0.0,53724.63980381707,12831.428795416665,0.0,
2025-06-02,Q3_main,62117.036579339096,48250.74299148815,2030.2316747650216,0.0,11836.06191308593,3351.246533222222,10646.333797873636,6000.0
2025-06-02,Q3_no_adjust,65318.593967780245,48250.74299148815,0.0,0.0,17067.850976292095,4507.849638055555,10021.693415305557,6000.0
2025-06-02,Q4-2_main,93756.88870425371,41378.28533653948,0.0,0.0,52378.60336771423,11423.095293916664,1520.8548515833334,6000.0
2025-06-02,Q4-2_fixed_strategy,93792.2389784411,41413.63561072688,0.0,0.0,52378.60336771423,11423.095293916664,1520.8548515833331,6000.0
2025-06-02,Q4-3_main,67856.64046099104,52834.70031308674,2144.541191606014,0.0,12877.39895629829,3306.915027388889,10746.003033885296,6000.0
2025-06-02,Q4-3_no_adjust,71392.83683444414,52834.70031308674,0.0,0.0,18558.136521357403,4507.849638055555,10021.693415305557,6000.0
2025-06-03,Q2_main,78043.27521817264,38189.97578826253,0.0,0.0,39853.29942991012,9525.691742666666,496.9844888333339,6000.0
2025-06-03,Q2_baseline,95150.18128056616,46910.888344791165,0.0,0.0,48239.292935774996,11274.814560833333,0.0,
2025-06-03,Q3_main,61028.93742435709,44489.317549286236,5628.008014983183,0.0,10911.611860087676,2960.634904361113,8323.23314947771,6000.0
2025-06-03,Q3_no_adjust,63305.34063056426,44489.317549286236,0.0,0.0,18816.02308127802,4742.817428666668,5333.467534416668,6000.0
2025-06-03,Q4-2_main,83879.14255833687,41773.06428347042,0.0,0.0,42106.07827486646,9525.691742666664,496.984488833334,6000.0
2025-06-03,Q4-2_fixed_strategy,83824.61055833686,41718.53228347041,0.0,0.0,42106.07827486646,9525.691742666666,496.9844888333339,6000.0
2025-06-03,Q4-3_main,65515.47735476078,48398.238181189685,5337.281348377467,0.0,11779.957825193622,2960.6349043611126,7799.905956516807,6000.0
2025-06-03,Q4-3_no_adjust,68597.68547779991,48398.238181189685,0.0,0.0,20199.44729661023,4742.817428666667,5333.467534416668,6000.0
2025-06-04,Q2_main,71611.71289327383,39873.867236483,0.0,0.0,31737.84565679083,8481.694378749999,550.5594710000005,6000.0
2025-06-04,Q2_baseline,87553.35846942387,47910.36655590616,0.0,0.0,39642.991913517704,9885.06763458333,0.0,
2025-06-04,Q3_main,63228.44982116543,52488.85875457621,3945.6641393649247,0.0,6793.926927224293,2454.001290847221,16745.856423236113,6000.0
2025-06-04,Q3_no_adjust,63981.169401718354,52488.85875457621,0.0,0.0,11492.310647142142,3472.152715472223,13904.32104313889,6000.0
2025-06-04,Q4-2_main,79217.11279091184,43814.415401440136,0.0,0.0,35402.6973894717,8481.694378749999,550.5594710000005,6000.0
2025-06-04,Q4-2_fixed_strategy,79358.66124688432,43955.96385741263,0.0,0.0,35402.6973894717,8481.694378749999,550.5594710000005,6000.0
2025-06-04,Q4-3_main,69525.56249779911,57727.819934597115,4221.920121071173,0.0,7575.822442130819,2450.6489500138873,16721.165540736114,6000.0
2025-06-04,Q4-3_no_adjust,70400.94917094841,57727.819934597115,0.0,0.0,12673.129236351293,3472.1527154722226,13904.32104313889,6000.0
2025-06-05,Q2_main,68870.02244880659,41984.923431764386,0.0,0.0,26885.099017042194,6657.493209499998,455.89051866666665,6000.0
2025-06-05,Q2_baseline,92619.1464139692,49032.3109949765,0.0,0.0,43586.8354189927,10382.565066666666,0.0,
2025-06-05,Q3_main,58862.40081200899,45924.26753211487,7130.157120795736,0.0,5807.976159098382,1791.5708690138877,7790.021649222224,6000.0
2025-06-05,Q3_no_adjust,62810.59751564845,45924.26753211487,0.0,0.0,16886.329983533575,4260.0680524166655,4671.773566583336,6000.0
2025-06-05,Q4-2_main,75979.4672763164,46502.71421330724,0.0,0.0,29476.75306300915,6657.493209499997,455.89051866666665,6000.0
2025-06-05,Q4-2_fixed_strategy,75878.50673972313,46401.75367671398,0.0,0.0,29476.75306300915,6657.493209499998,455.89051866666665,6000.0
2025-06-05,Q4-3_main,65009.08890325792,51052.62525948351,7641.150416832637,0.0,6315.3132269417765,1791.5708690138877,7790.021649222224,6000.0
2025-06-05,Q4-3_no_adjust,69525.65518027959,51052.62525948351,0.0,0.0,18473.029920796078,4260.0680524166655,4671.773566583336,6000.0
2025-06-06,Q2_main,31633.30969909829,24510.968567744632,0.0,0.0,7122.341131353657,1797.0199480833307,8961.703544666665,6000.0
2025-06-06,Q2_baseline,39174.92515623116,33560.088379971785,0.0,0.0,5614.836776259374,1580.150137083333,0.0,
2025-06-06,Q3_main,33653.121363962,31075.909088025397,0.0,0.0,2577.212275936596,658.9116981738719,20620.921891822367,6000.0
2025-06-06,Q3_no_adjust,31134.503491699354,31075.909088025397,0.0,0.0,58.59440367395837,27.260002083333347,19494.13064691667,6000.0
2025-06-06,Q4-2_main,28109.117062645222,21888.505174783397,0.0,0.0,6220.6118878618245,1797.0199480833307,8961.703544666665,6000.0
2025-06-06,Q4-2_fixed_strategy,28262.42509648391,22041.813208622083,0.0,0.0,6220.611887861825,1797.0199480833307,8961.703544666665,6000.0
2025-06-06,Q4-3_main,29674.299371179317,27340.14961075591,0.0,0.0,2334.1497604234055,614.8268023076132,20574.89408762277,6000.0
2025-06-06,Q4-3_no_adjust,27398.59643394341,27340.14961075591,0.0,0.0,58.446823187500016,27.260002083333347,19494.13064691667,6000.0
2025-06-07,Q2_main,26423.757441242655,25143.067638379238,0.0,0.0,1280.689802863416,408.4111891666662,8868.817121333333,6000.0
2025-06-07,Q2_baseline,36023.851885036165,33679.75207843491,0.0,0.0,2344.0998066012517,750.0318029166671,0.0,
2025-06-07,Q3_main,36289.830891314414,33977.74833416637,0.0,0.0,2312.082557148043,598.4038455000002,27150.20460082476,6000.0
2025-06-07,Q3_no_adjust,34097.21567144795,33977.74833416637,0.0,0.0,119.46733728158372,59.300271750000206,25319.06733308333,6000.0
2025-06-07,Q4-2_main,23658.968435936746,22493.413602726247,0.0,0.0,1165.554833210499,408.4111891666663,8868.817121333333,6000.0
2025-06-07,Q4-2_fixed_strategy,23608.689407863534,22443.134574653035,0.0,0.0,1165.5548332104988,408.4111891666662,8868.817121333333,6000.0
2025-06-07,Q4-3_main,32169.905097394785,29764.669706202076,0.0,0.0,2405.2353911927084,625.8444741666667,27178.969124861796,6000.0
2025-06-07,Q4-3_no_adjust,29882.68736089974,29764.669706202076,0.0,0.0,118.01765469766698,59.300271750000206,25319.067333083334,6000.0
2025-06-08,Q2_main,51752.23358403348,45904.587850150936,0.0,0.0,5847.645733882544,1502.3421768333335,7238.400667250001,6000.0
2025-06-08,Q2_baseline,73393.28792325383,50567.94209016925,0.0,0.0,22825.345833084582,5586.728854166666,0.0,
2025-06-08,Q3_main,53261.458695568086,46907.291813295175,3431.543215476389,0.0,2922.6236667965177,802.4472914166656,11472.974743035154,6000.0
2025-06-08,Q3_no_adjust,54210.78008478521,46907.291813295175,0.0,0.0,7303.488271490039,1871.995348694444,9308.024775361111,6000.0
2025-06-08,Q4-2_main,56181.751447181094,50039.301805385716,0.0,0.0,6142.449641795378,1502.3421768333333,7238.40066725,6000.0
2025-06-08,Q4-2_fixed_strategy,56092.34483420817,49949.89519241279,0.0,0.0,6142.449641795378,1502.3421768333335,7238.400667250001,6000.0
2025-06-08,Q4-3_main,58459.871021140556,51102.80275146065,4264.576532256947,0.0,3092.4917374229544,802.4472914166657,12036.070305422678,6000.0
2025-06-08,Q4-3_no_adjust,58845.76492134311,51102.80275146065,0.0,0.0,7742.962169882456,1871.995348694444,9308.024775361111,6000.0
2025-06-09,Q2_main,60558.93737796639,45355.896368261354,0.0,0.0,15203.041009705035,3766.8803289999987,2831.580218750001,6000.0
2025-06-09,Q2_baseline,88229.99593256006,50227.44569082842,0.0,0.0,38002.55024173167,8891.482236666667,0.0,
2025-06-09,Q3_main,57266.861003111015,53773.45745138901,1224.4237239339227,0.0,2268.979827788084,844.3401466666653,12249.846274876892,6000.0
2025-06-09,Q3_no_adjust,56705.620986077214,53773.45745138901,0.0,0.0,2932.163534688203,980.1346410277766,11262.789440777779,6000.0
2025-06-09,Q4-2_main,66775.47837497704,50008.211024210585,0.0,0.0,16767.267350766455,3766.8803289999987,2831.580218750001,6000.0
2025-06-09,Q4-2_fixed_strategy,66998.4548281916,50231.18747742515,0.0,0.0,16767.26735076645,3766.8803289999987,2831.580218750001,6000.0
2025-06-09,Q4-3_main,63145.11303724969,59320.772602284436,1290.4902721519063,0.0,2533.850162813354,844.3401466666652,12249.84627487689,6000.0
2025-06-09,Q4-3_no_adjust,62516.13128330264,59320.772602284436,0.0,0.0,3195.358681018203,980.1346410277766,11262.789440777779,6000.0
2025-06-10,Q2_main,58683.19992092223,46243.12758587873,0.0,0.0,12440.072335043496,3156.9773659999996,2648.600305666666,6000.0
2025-06-10,Q2_baseline,88776.10098643304,50169.304896094705,0.0,0.0,38606.79609033834,9182.95623291667,0.0,
2025-06-10,Q3_main,57513.64854756919,50032.073447579736,5574.779738466397,0.0,1906.7953615230526,713.8722900833329,9918.915251208331,6000.0
2025-06-10,Q3_no_adjust,53915.32335659644,50032.073447579736,0.0,0.0,3883.249909016705,1197.044099333333,5903.645269833332,6000.0
2025-06-10,Q4-2_main,64688.86721948302,50864.752833081526,0.0,0.0,13824.114386401496,3156.977365999999,2648.6003056666655,6000.0
2025-06-10,Q4-2_fixed_strategy,64849.9525203463,51025.8381339448,0.0,0.0,13824.114386401496,3156.9773659999996,2648.600305666666,6000.0
2025-06-10,Q4-3_main,63249.58440605556,55139.621509943376,5978.497599832053,0.0,2131.4652962801356,713.8722900833328,9918.915251208331,6000.0
2025-06-10,Q4-3_no_adjust,59424.41410307556,55139.621509943376,0.0,0.0,4284.792593132191,1197.0440993333327,5903.645269833332,6000.0
2025-06-11,Q2_main,72091.48692587299,46892.98173303479,0.0,0.0,25198.5051928382,5757.115625166665,1898.4292404166686,6000.0
2025-06-11,Q2_baseline,106954.81617548637,50392.88478015137,0.0,0.0,56561.93139533499,12931.271971249998,0.0,
2025-06-11,Q3_main,61268.827307678315,55175.182348843446,4952.278680621795,0.0,1141.3662782130777,438.84589266666694,10545.832674791673,6000.0
2025-06-11,Q3_no_adjust,59724.816057529,55175.182348843446,0.0,0.0,4549.633708685559,1214.0447071666672,7210.017639083338,6000.0
2025-06-11,Q4-2_main,80043.05739483343,51560.56365094041,0.0,0.0,28482.493743893032,5757.115625166665,1898.4292404166686,6000.0
2025-06-11,Q4-2_fixed_strategy,80111.90739483343,51629.4136509404,0.0,0.0,28482.493743893032,5757.115625166665,1898.4292404166686,6000.0
2025-06-11,Q4-3_main,67578.96721484268,60918.58388535258,5387.44206243493,0.0,1272.941267055161,438.84589266666694,10460.733886319449,6000.0
2025-06-11,Q4-3_no_adjust,66006.41947970788,60918.58388535258,0.0,0.0,5087.83559435531,1214.0447071666672,7210.017639083337,6000.0
2025-06-12,Q2_main,56203.51741309468,48383.544922329565,0.0,0.0,7819.972490765118,1935.853917666665,3364.385881916669,6000.0
2025-06-12,Q2_baseline,89532.12407026233,51058.31096426754,0.0,0.0,38473.81310599479,8914.671723749998,0.0,
2025-06-12,Q3_main,57314.290272623104,54151.65091434474,2219.3888631830337,0.0,943.250495095331,356.0568795416659,11201.784207125007,6000.0
2025-06-12,Q3_no_adjust,55643.537463850975,54151.65091434474,0.0,0.0,1491.8865495062328,478.6115448611103,9284.685641611115,6000.0
2025-06-12,Q4-2_main,62180.06402342301,53286.546017599016,0.0,0.0,8893.518005823993,1935.853917666665,3364.3858819166694,6000.0
2025-06-12,Q4-2_fixed_strategy,62433.90261345391,53540.384607629916,0.0,0.0,8893.518005823991,1935.853917666665,3364.385881916669,6000.0
2025-06-12,Q4-3_main,63197.02259228988,59618.843111833776,2542.9718272627833,0.0,1035.2076531933303,356.0568795416658,11201.784207125007,6000.0
2025-06-12,Q4-3_no_adjust,61255.96177124919,59618.843111833776,0.0,0.0,1637.1186594154137,478.6115448611103,9284.685641611115,6000.0
2025-06-13,Q2_main,28736.72653582741,27859.913501566323,0.0,0.0,876.8130342610842,181.72034316666688,15282.828252166666,6000.0
2025-06-13,Q2_baseline,34986.20830330612,34384.637144249034,0.0,0.0,601.5711590570836,192.50141083333335,0.0,
2025-06-13,Q3_main,33829.10113118361,32690.02150314449,0.0,0.0,1139.0796280391244,264.6790925720127,25121.391359105797,5999.999999999999
2025-06-13,Q3_no_adjust,32690.02150314449,32690.02150314449,0.0,0.0,0.0,0.0,24284.97204316667,6000.0
2025-06-13,Q4-2_main,25159.292457579846,24439.598595296222,0.0,0.0,719.6938622836258,181.72034316666688,15282.828252166666,6000.0
2025-06-13,Q4-2_fixed_strategy,25060.781023615495,24341.08716133187,0.0,0.0,719.6938622836258,181.72034316666688,15282.828252166666,6000.0
2025-06-13,Q4-3_main,29411.38062047447,28238.256150568264,0.0,0.0,1173.1244699062051,290.1089175833323,25154.10769394942,6000.0
2025-06-13,Q4-3_no_adjust,28238.256150568264,28238.256150568264,0.0,0.0,0.0,0.0,24284.97204316667,6000.0
2025-06-14,Q2_main,28735.017541226665,28710.69026355533,0.0,0.0,24.32727767133299,11.447490999999843,19339.775191,6000.0
2025-06-14,Q2_baseline,35908.35062555437,34429.792537958536,0.0,0.0,1478.5580875958344,550.631221666667,0.0,
2025-06-14,Q3_main,34835.05092405874,33418.65966195707,0.0,0.0,1416.3912621016743,418.31956238888756,29026.62230260871,6000.0
2025-06-14,Q3_no_adjust,33442.21072979115,33418.65966195707,0.0,0.0,23.55106783408312,11.106374833333234,28070.95798275,6000.0
2025-06-14,Q4-2_main,25606.06119590045,25578.74340850595,0.0,0.0,27.317787394499653,11.447490999999843,19339.775191,6000.0
2025-06-14,Q4-2_fixed_strategy,25734.807094578187,25707.48930718369,0.0,0.0,27.317787394499653,11.447490999999843,19339.775191,6000.0
2025-06-14,Q4-3_main,30930.106984868828,29425.489581817223,0.0,0.0,1504.6174030516054,467.11099947222084,29075.41373969204,5999.999999999999
2025-06-14,Q4-3_no_adjust,29452.16709416689,29425.489581817223,0.0,0.0,26.67751234966643,11.106374833333234,28070.95798275,6000.0
2025-06-15,Q2_main,54633.2003077643,50325.18412160447,0.0,0.0,4308.016186159829,966.8000109999984,6978.910068333335,6000.0
2025-06-15,Q2_baseline,77204.88498974775,52040.40433623546,0.0,0.0,25164.480653512288,5596.498500416666,0.0,
2025-06-15,Q3_main,57607.365198498745,51866.077054147645,5542.620066818501,0.0,198.66807753259997,40.08130155555614,12845.606143472229,6000.0
2025-06-15,Q3_no_adjust,54823.30394158477,51866.077054147645,0.0,0.0,2957.2268874371252,794.40468375,8321.332970250001,6000.0
2025-06-15,Q4-2_main,60098.11117654007,55375.16093330887,0.0,0.0,4722.950243231203,966.8000109999984,6978.9100683333345,6000.0
2025-06-15,Q4-2_fixed_strategy,60201.4089323941,55478.4586891629,0.0,0.0,4722.950243231203,966.8000109999984,6978.910068333335,6000.0
2025-06-15,Q4-3_main,63214.4613059415,56926.38430027681,6073.149729691869,0.0,214.92727597282237,40.08130155555614,12843.803243472228,6000.0
2025-06-15,Q4-3_no_adjust,60329.53541394906,56926.38430027681,0.0,0.0,3403.15111367225,794.40468375,8321.332970250001,6000.0
2025-06-16,Q2_main,54596.53279663177,51823.816275724894,0.0,0.0,2772.7165209068753,715.9229304166668,6318.722387333332,6000.0
2025-06-16,Q2_baseline,81871.50938054433,53160.47557447558,0.0,0.0,28711.033806068754,6725.549851250002,0.0,
2025-06-16,Q3_main,59514.79876875741,54212.32826031989,4783.03836244028,0.0,519.4321459972444,202.66601543055594,13098.978125329055,6000.0
2025-06-16,Q3_no_adjust,55588.118622243004,54212.32826031989,0.0,0.0,1375.790361923112,383.954728777778,9050.915902361112,6000.0
2025-06-16,Q4-2_main,60074.7917304982,57115.262633092614,0.0,0.0,2959.5290974055843,715.922930416667,6318.722387333331,6000.0
2025-06-16,Q4-2_fixed_strategy,60279.85643863266,57320.32734122708,0.0,0.0,2959.5290974055833,715.9229304166668,6318.722387333332,6000.0
2025-06-16,Q4-3_main,65299.51755364675,60014.269586063616,4766.348832195905,0.0,518.8991353872304,202.66601543055594,12784.702303458334,6000.0
2025-06-16,Q4-3_no_adjust,61433.35298377248,60014.269586063616,0.0,0.0,1419.0833977088628,383.9547287777781,9050.915902361112,6000.0
2025-06-17,Q2_main,57836.88625487164,51667.28785897085,0.0,0.0,6169.598395900791,1553.7276261666664,5184.739354,6000.0
2025-06-17,Q2_baseline,87571.92793291158,52878.49806929741,0.0,0.0,34693.429863614176,8179.887312500001,0.0,
2025-06-17,Q3_main,60694.20573374145,55461.529695361976,4463.470684541647,0.0,769.2053538378327,257.81943320833295,12728.34497135031,6000.0
2025-06-17,Q3_no_adjust,56941.51537671272,55461.529695361976,0.0,0.0,1479.9856813507395,403.51923675000046,9108.534063750001,6000.0
2025-06-17,Q4-2_main,64576.65385142105,56782.60508915222,0.0,0.0,7794.048762268833,1553.7276261666661,5184.739354000001,6000.0
2025-06-17,Q4-2_fixed_strategy,64959.84935688407,57165.80059461524,0.0,0.0,7794.048762268833,1553.7276261666664,5184.739354,6000.0
2025-06-17,Q4-3_main,66892.52366324415,61666.225903508755,4391.891811671496,0.0,834.4059480639029,257.8194332083333,12407.916094097223,6000.0
2025-06-17,Q4-3_no_adjust,63230.61475848975,61666.225903508755,0.0,0.0,1564.38885498099,403.5192367500006,9108.534063750001,6000.0
2025-06-18,Q2_main,53193.771088554735,52412.784607563066,0.0,0.0,780.9864809916685,204.9546402500004,8739.558609666667,6000.0
2025-06-18,Q2_baseline,72381.80906903472,52962.86499776304,0.0,0.0,19418.944071271675,4499.502378750001,0.0,
2025-06-18,Q3_main,60050.15787561785,55967.399864152205,3621.3857917319556,0.0,461.37221973369265,167.91391699999946,16784.415403283434,6000.0
2025-06-18,Q3_no_adjust,56975.82310595125,55967.399864152205,0.0,0.0,1008.4232417990419,303.1217964999999,13615.686598000002,6000.0
2025-06-18,Q4-2_main,58659.409865511276,57840.81411091661,0.0,0.0,818.5957545946685,204.9546402500004,8739.558609666667,6000.0
2025-06-18,Q4-2_fixed_strategy,58743.248970967696,57924.65321637303,0.0,0.0,818.5957545946685,204.9546402500004,8739.558609666667,6000.0
2025-06-18,Q4-3_main,66200.55246723158,62124.097135217,3609.476418671459,0.0,466.9789133431227,167.91391699999923,16536.63193379921,6000.0
2025-06-18,Q4-3_no_adjust,63136.73293923549,62124.097135217,0.0,0.0,1012.6358040184857,303.1217964999997,13615.686598000002,6000.0
2025-06-19,Q2_main,53753.95416274831,52697.58377017798,0.0,0.0,1056.370392570333,249.9155404999998,11565.322273333335,6000.0
2025-06-19,Q2_baseline,70191.07101226866,53429.46870664158,0.0,0.0,16761.60230562708,3876.080409166666,0.0,
2025-06-19,Q3_main,59610.46008573682,52978.35484868378,6156.832149260728,0.0,475.27308779231316,156.40250470833303,17222.890296884947,6000.0
2025-06-19,Q3_no_adjust,55015.85691718421,52978.35484868378,0.0,0.0,2037.5020685004274,493.8752782499991,12253.986850666666,6000.0
2025-06-19,Q4-2_main,58216.07211541445,57090.12140355278,0.0,0.0,1125.9507118616655,249.91554049999957,11565.322273333335,6000.0
2025-06-19,Q4-2_fixed_strategy,58565.38845447498,57439.437742613314,0.0,0.0,1125.9507118616662,249.9155404999998,11565.322273333335,6000.0
2025-06-19,Q4-3_main,64545.65311973925,57138.355485391556,6914.656919664245,0.0,492.64071468344514,156.40250470833303,17409.3962412608,6000.0
2025-06-19,Q4-3_no_adjust,59364.10221224386,57138.355485391556,0.0,0.0,2225.7467268523023,493.8752782499991,12253.986850666666,6000.0
2025-06-20,Q2_main,31793.591436126153,31793.591436126153,0.0,0.0,0.0,0.0,28059.946775916662,6000.0
2025-06-20,Q2_baseline,36433.24816390854,36225.0727680625,0.0,0.0,208.17539584604225,97.47038458333361,0.0,
2025-06-20,Q3_main,33458.49279394264,33044.45703129943,0.0,0.0,414.0357626432079,179.29447733333308,31230.51792434738,6000.000000000002
2025-06-20,Q3_no_adjust,33044.45703129943,33044.45703129943,0.0,0.0,0.0,0.0,30485.106092583334,6000.0
2025-06-20,Q4-2_main,27494.96316445271,27494.96316445271,0.0,0.0,0.0,0.0,28059.946775916662,6000.0
2025-06-20,Q4-2_fixed_strategy,27564.737616819846,27564.737616819846,0.0,0.0,0.0,0.0,28059.946775916662,6000.0
2025-06-20,Q4-3_main,28797.080259814782,28511.731423344783,0.0,0.0,285.3488364699991,130.17999824999953,31184.0216035631,5999.999999999998
2025-06-20,Q4-3_no_adjust,28511.731423344783,28511.731423344783,0.0,0.0,0.0,0.0,30485.106092583334,6000.0
2025-06-21,Q2_main,31280.834393136254,31280.834393136254,0.0,0.0,0.0,0.0,30524.322028833332,6000.0
2025-06-21,Q2_baseline,35944.29979753054,35787.08880568783,0.0,0.0,157.21099184270872,59.085855416666845,0.0,
2025-06-21,Q3_main,31320.955837375303,30583.440294628843,0.0,0.0,737.5155427464596,170.21943700000026,29504.2419992085,6000.0
2025-06-21,Q3_no_adjust,30583.440294628843,30583.440294628843,0.0,0.0,0.0,0.0,28725.695212583334,6000.0
2025-06-21,Q4-2_main,26760.27328311184,26760.27328311184,0.0,0.0,0.0,0.0,30524.322028833332,6000.0
2025-06-21,Q4-2_fixed_strategy,26970.127013482743,26970.127013482743,0.0,0.0,0.0,0.0,30524.322028833332,6000.0
2025-06-21,Q4-3_main,26986.845113364147,26238.06734490119,0.0,0.0,748.7777684629593,196.91055116666683,29531.184473080248,6000.0
2025-06-21,Q4-3_no_adjust,26238.06734490119,26238.06734490119,0.0,0.0,0.0,0.0,28725.695212583334,6000.0
2025-06-22,Q2_main,53911.42292935539,53844.86376408901,0.0,0.0,66.55916526637526,30.721335500000123,13749.239120583334,6000.0
2025-06-22,Q2_baseline,65656.15410918457,53834.875190287494,0.0,0.0,11821.278918897084,2852.74733375,0.0,
2025-06-22,Q3_main,56158.76615532777,52499.70847337939,3317.1024413080386,0.0,341.9552406403453,117.46990281944402,15367.526183433469,6000.000000000001
2025-06-22,Q3_no_adjust,52939.07836049283,52499.70847337939,0.0,0.0,439.3698871134425,140.55521772222176,12548.002538638888,6000.0
2025-06-22,Q4-2_main,59003.18781150959,58923.11106132872,0.0,0.0,80.07675018087505,30.72133550000001,13749.239120583334,6000.0
2025-06-22,Q4-2_fixed_strategy,59089.42128023003,59009.34453004916,0.0,0.0,80.07675018087534,30.721335500000123,13749.239120583334,6000.0
2025-06-22,Q4-3_main,61684.991049337914,57607.46269036482,3727.6517581656753,0.0,349.8766008074214,117.46990281944385,15457.45400392387,6000.000000000001
2025-06-22,Q4-3_no_adjust,58051.19227050133,57607.46269036482,0.0,0.0,443.72958013651163,140.55521772222158,12548.002538638888,6000.0
2025-06-23,Q2_main,55504.19916638689,55343.33236876727,0.0,0.0,160.86679761962472,74.11091974999988,15874.586057750003,6000.0
2025-06-23,Q2_baseline,65177.52088190558,55670.45139769746,0.0,0.0,9507.069484208125,2183.01286875,0.0,
2025-06-23,Q3_main,55575.11891349078,54345.16684200903,982.2653875432702,0.0,247.68668393848483,97.11912248611065,14733.61550402778,6000.0
2025-06-23,Q3_no_adjust,54531.20023804844,54345.16684200903,0.0,0.0,186.03339603941612,85.80359266666642,13657.276846500003,6000.0
2025-06-23,Q4-2_main,59907.563879652414,59725.17363565704,0.0,0.0,182.39024399537425,74.11091974999965,15874.586057750003,6000.0
2025-06-23,Q4-2_fixed_strategy,59827.38979752967,59644.9995535343,0.0,0.0,182.39024399537476,74.11091974999988,15874.586057750003,6000.0
2025-06-23,Q4-3_main,60009.14820077882,58588.547002107654,1156.1570753330561,0.0,264.444123338117,97.11912248611077,14757.13803152778,6000.0
2025-06-23,Q4-3_no_adjust,58796.493582400944,58588.547002107654,0.0,0.0,207.9465802932914,85.80359266666653,13657.276846500003,6000.0
2025-06-24,Q2_main,60824.81425506787,54440.68390396416,0.0,0.0,6384.130351103705,1497.5473814166658,7083.396222833333,6000.0
2025-06-24,Q2_baseline,88009.07814681475,55080.16914243142,0.0,0.0,32928.909004383335,7542.600580416666,0.0,
2025-06-24,Q3_main,64071.873915397104,61937.35903283587,1833.2998340637628,0.0,301.2150484974717,110.37340549999976,16874.526644922495,6000.0
2025-06-24,Q3_no_adjust,62259.159747152094,61937.35903283587,0.0,0.0,321.8007143162215,115.31357008333305,15408.114593166665,6000.0
2025-06-24,Q4-2_main,68262.459104046,60866.27895793055,0.0,0.0,7396.180146115454,1497.5473814166655,7083.396222833333,6000.0
2025-06-24,Q4-2_fixed_strategy,68396.25863738816,61000.0784912727,0.0,0.0,7396.180146115455,1497.5473814166658,7083.396222833333,6000.0
2025-06-24,Q4-3_main,71552.36172728344,69372.45280258302,1866.2683997728423,0.0,313.6405249275694,110.37340549999999,16827.306833415292,6000.0
2025-06-24,Q4-3_no_adjust,69706.47891666372,69372.45280258302,0.0,0.0,334.02611408069424,115.31357008333327,15408.114593166669,6000.0
2025-06-25,Q2_main,56620.02662948355,55251.45252033156,0.0,0.0,1368.5741091519974,463.90159208333256,13010.856242833335,6000.0
2025-06-25,Q2_baseline,69128.93811530195,55106.669191577996,0.0,0.0,14022.268923723954,3389.675379583333,0.0,
2025-06-25,Q3_main,59167.113682625306,55020.922423924654,4013.46779072398,0.0,132.7234679766662,39.571620611110916,16029.47033497737,6000.0
2025-06-25,Q3_no_adjust,56116.197284059526,55020.922423924654,0.0,0.0,1095.274860134873,229.1609239999994,12880.46696516667,6000.0
2025-06-25,Q4-2_main,62057.56265241233,60296.522560246,0.0,0.0,1761.0400921663306,463.9015920833327,13010.856242833335,6000.0
2025-06-25,Q4-2_fixed_strategy,62110.459496687465,60349.41940452113,0.0,0.0,1761.0400921663304,463.90159208333256,13010.856242833335,6000.0
2025-06-25,Q4-3_main,64679.864664288914,59918.688790406006,4638.833850476978,0.0,122.3420234059294,36.51778308333303,16213.903299164273,6000.0
2025-06-25,Q4-3_no_adjust,61116.038054380035,59918.688790406006,0.0,0.0,1197.349263974026,229.1609239999995,12880.46696516667,6000.0
2025-06-26,Q2_main,54804.04078279688,54776.763266428716,0.0,0.0,27.27751636816496,7.116774999999649,14682.196424833333,6000.0
2025-06-26,Q2_baseline,65794.30322261626,55321.98073535437,0.0,0.0,10472.322487261878,2383.2103950000005,0.0,
2025-06-26,Q3_main,56735.037528204615,53482.30407693671,3245.71330950287,0.0,7.020141765041865,3.1940937500000928,15525.986457750014,6000.000000000001
2025-06-26,Q3_no_adjust,53624.64278751703,53482.30407693671,0.0,0.0,142.33871058031997,49.85131972222237,12194.182956222221,6000.0
2025-06-26,Q4-2_main,58525.3060772369,58495.87208856024,0.0,0.0,29.43398867666429,7.116774999999421,14682.196424833333,6000.0
2025-06-26,Q4-2_fixed_strategy,58863.76133344232,58834.327344765654,0.0,0.0,29.433988676664818,7.116774999999649,14682.196424833333,6000.0
2025-06-26,Q4-3_main,60618.439040041536,56830.11728151979,3780.892197161046,0.0,7.429561360695165,3.19409375000032,15525.98645775001,6000.0
2025-06-26,Q4-3_no_adjust,56988.11795474317,56830.11728151979,0.0,0.0,158.00067322337617,49.8513197222226,12194.182956222221,6000.0
2025-06-27,Q2_main,33744.066632503775,33744.066632503775,0.0,0.0,0.0,0.0,33798.877513333326,6000.0
2025-06-27,Q2_baseline,37220.1650235755,37196.43493675988,0.0,0.0,23.730086815625167,11.180252916666745,0.0,
2025-06-27,Q3_main,34514.79258876212,33964.090573786045,0.0,0.0,550.7020149760696,177.00777375,34193.58938220576,6000.0
2025-06-27,Q3_no_adjust,33964.090573786045,33964.090573786045,0.0,0.0,0.0,0.0,32811.40074041666,6000.0
2025-06-27,Q4-2_main,28182.99409548421,28182.99409548421,0.0,0.0,0.0,0.0,33798.877513333326,6000.0
2025-06-27,Q4-2_fixed_strategy,28431.7933905932,28431.7933905932,0.0,0.0,0.0,0.0,33798.877513333326,6000.0
2025-06-27,Q4-3_main,28773.58547477039,28315.825278012104,0.0,0.0,457.76019675828525,156.86809995833352,34173.44970841409,6000.000000000002
2025-06-27,Q4-3_no_adjust,28315.825278012104,28315.825278012104,0.0,0.0,0.0,0.0,32811.40074041666,6000.0
2025-06-28,Q2_main,32858.946543787446,32858.946543787446,0.0,0.0,0.0,0.0,30368.326393083335,6000.0
2025-06-28,Q2_baseline,36897.11376830674,36834.301828438416,0.0,0.0,62.81193986833321,29.19139333333328,0.0,
2025-06-28,Q3_main,33629.07031872035,33301.17583344676,0.0,0.0,327.8944852735841,130.8910212500001,31098.89154084825,6000.0
2025-06-28,Q3_no_adjust,33301.17583344676,33301.17583344676,0.0,0.0,0.0,0.0,30385.14344766666,6000.0
2025-06-28,Q4-2_main,28276.458580016242,28276.458580016242,0.0,0.0,0.0,0.0,30368.326393083335,6000.0
2025-06-28,Q4-2_fixed_strategy,28616.410610784507,28616.410610784507,0.0,0.0,0.0,0.0,30368.326393083335,6000.0
2025-06-28,Q4-3_main,28932.77732803739,28614.803915130808,0.0,0.0,317.9734129065841,130.8910212500001,31098.89154084825,6000.0
2025-06-28,Q4-3_no_adjust,28614.803915130808,28614.803915130808,0.0,0.0,0.0,0.0,30385.14344766666,6000.0
2025-06-29,Q2_main,55814.13049734865,55100.42713091869,0.0,0.0,713.7033664299586,189.85780483333332,13635.98922625,6000.0
2025-06-29,Q2_baseline,66993.42970256117,55057.44520244471,0.0,0.0,11935.984500116465,2848.0995720833353,0.0,
2025-06-29,Q3_main,58480.44899634935,52173.517835361694,6087.650946829316,0.0,219.28021415833996,89.60026412499988,14919.269009132204,6000.000000000002
2025-06-29,Q3_no_adjust,54402.666798497696,52173.517835361694,0.0,0.0,2229.1489631359987,559.6701743888882,10341.008336638888,6000.0
2025-06-29,Q4-2_main,61182.90442681503,60449.60189515074,0.0,0.0,733.3025316642924,189.85780483333352,13635.98922625,6000.0
2025-06-29,Q4-2_fixed_strategy,61396.169741175814,60662.867209511525,0.0,0.0,733.3025316642918,189.85780483333332,13635.98922625,6000.0
2025-06-29,Q4-3_main,64721.51549979557,56917.68262245927,7544.744537721394,0.0,259.0883396149021,89.60026412499977,15569.81899066341,6000.0
2025-06-29,Q4-3_no_adjust,59362.40217960923,56917.68262245927,0.0,0.0,2444.7195571499565,559.6701743888881,10341.008336638888,6000.0
2025-06-30,Q2_main,57432.704664499615,55277.520971405494,0.0,0.0,2155.1836930941236,542.3940529166664,13239.348590500002,6000.0
2025-06-30,Q2_baseline,65783.91749893187,56626.57589434125,0.0,0.0,9157.341604590625,2241.732710833334,0.0,
2025-06-30,Q3_main,58151.94152478372,56140.63671137414,1432.0744023443767,0.0,579.2304110651933,190.66820406944424,15660.456813287725,6000.000000000001
2025-06-30,Q3_no_adjust,56701.513607088855,56140.63671137414,0.0,0.0,560.8768957147076,185.48107886111103,14257.772432694444,6000.0
2025-06-30,Q4-2_main,62010.80481786182,59704.45214327582,0.0,0.0,2306.3526745859986,542.3940529166663,13239.3485905,6000.0
2025-06-30,Q4-2_fixed_strategy,62146.259879048586,59839.90720446259,0.0,0.0,2306.352674585999,542.3940529166664,13239.348590500002,6000.0
2025-06-30,Q4-3_main,62800.9051093809,60630.36379765037,1524.5373578991384,0.0,646.0039538313943,182.34749031944415,15660.162007980281,6000.0
2025-06-30,Q4-3_no_adjust,61276.21501087846,60630.36379765037,0.0,0.0,645.8512132280962,185.48107886111092,14257.772432694444,6000.0
2025-07-01,Q2_main,69657.12913803819,56158.13003557836,0.0,0.0,13498.999102459831,4195.628382583333,9541.451194833335,6000.0
2025-07-01,Q2_baseline,89861.78531945216,57120.58795074175,0.0,0.0,32741.19736871042,9094.701164583334,0.0,
2025-07-01,Q3_main,71848.90131598967,48676.71920163918,17266.75653256989,0.0,5905.425581780618,2621.2052210833335,11976.619940000002,6000.0
2025-07-01,Q3_no_adjust,73487.19376289591,48676.71920163918,0.0,0.0,24810.47456125673,7330.4672345555555,2231.310622638888,6000.0
2025-07-01,Q4-2_main,82274.91901742927,66055.42204541649,0.0,0.0,16219.49697201279,4195.628382583333,9541.451194833335,6000.0
2025-07-01,Q4-2_fixed_strategy,82332.40415506986,66112.90718305708,0.0,0.0,16219.496972012788,4195.628382583333,9541.451194833335,6000.0
2025-07-01,Q4-3_main,84007.80482492744,57381.64946602819,19695.82031047868,0.0,6930.3350484205785,2621.2052210833335,11976.619940000004,6000.0
2025-07-01,Q4-3_no_adjust,86811.47248621729,57381.64946602819,0.0,0.0,29429.823020189102,7330.4672345555555,2231.310622638888,6000.0
2025-07-02,Q2_main,68444.50828081343,54789.81141513307,0.0,0.0,13654.69686568037,4236.408997999998,13739.214052416666,6000.0
2025-07-02,Q2_baseline,86405.17700528342,56217.27582657196,0.0,0.0,30187.901178711458,8493.971230416666,0.0,
2025-07-02,Q3_main,64476.26239574116,45952.19848411312,12565.073260887973,0.0,5958.990650740066,2635.760971777776,10659.705364527781,6000.0
2025-07-02,Q3_no_adjust,63738.708817798,45952.19848411312,0.0,0.0,17786.510333684877,5329.81153072222,2107.8674659722233,6000.0
2025-07-02,Q4-2_main,80693.79393045009,63984.13771888806,0.0,0.0,16709.656211562033,4236.408997999998,13739.214052416666,6000.0
2025-07-02,Q4-2_fixed_strategy,80544.82713597032,63835.17092440829,0.0,0.0,16709.656211562033,4236.408997999998,13739.214052416666,6000.0
2025-07-02,Q4-3_main,75696.56854938665,54485.04983554433,14061.037772504693,0.0,7150.4809413376415,2635.7609717777764,10659.705364527781,6000.0
2025-07-02,Q4-3_no_adjust,75837.80903607147,54485.04983554433,0.0,0.0,21352.75920052714,5329.81153072222,2107.8674659722237,6000.0
2025-07-03,Q2_main,70528.47670925304,53824.29218589248,0.0,0.0,16704.18452336055,4827.207574750001,6043.559257750001,6000.0
2025-07-03,Q2_baseline,97595.44833676738,56119.883761976744,0.0,0.0,41475.56457479063,10843.281930833335,0.0,
2025-07-03,Q3_main,73405.59844114285,51517.34529073307,15135.187298179535,0.0,6753.065852230238,2787.410594500001,13245.836152916669,6000.0
2025-07-03,Q3_no_adjust,70120.66128475522,51517.34529073307,0.0,0.0,18603.315994022152,5314.4995606111115,3400.6801923611115,6000.0
2025-07-03,Q4-2_main,84250.83396942167,64260.67486107133,0.0,0.0,19990.159108350337,4827.20757475,6043.559257750001,6000.0
2025-07-03,Q4-2_fixed_strategy,84295.12595427144,64304.966845921095,0.0,0.0,19990.159108350337,4827.207574750001,6043.559257750001,6000.0
2025-07-03,Q4-3_main,86887.35476914418,61636.72755796726,17264.815359291206,0.0,7985.811851885725,2787.410594500001,13245.836152916669,6000.0
2025-07-03,Q4-3_no_adjust,83757.67944448412,61636.72755796726,0.0,0.0,22120.95188651686,5314.4995606111115,3400.6801923611115,6000.0
2025-07-04,Q2_main,34092.16722479339,32857.85756833585,0.0,0.0,1234.3096564575405,533.9401759166665,23679.47755808333,6000.0
2025-07-04,Q2_baseline,46135.36489530341,38278.99197145758,0.0,0.0,7856.372923845836,2727.300027083334,0.0,
2025-07-04,Q3_main,32640.18110308045,27982.133698639067,1781.5217734193407,0.0,2876.525631022042,951.7304560000001,17429.672551804528,6000.0
2025-07-04,Q3_no_adjust,29707.29865523833,27982.133698639067,0.0,0.0,1725.1649565992614,669.688315222222,14865.394239555551,6000.0
2025-07-04,Q4-2_main,32898.06491082284,31588.65710171434,0.0,0.0,1309.4078091084987,533.9401759166665,23679.47755808333,6000.0
2025-07-04,Q4-2_fixed_strategy,33274.27254740044,31964.86473829194,0.0,0.0,1309.4078091084987,533.9401759166665,23679.47755808333,6000.0
2025-07-04,Q4-3_main,31737.503651998653,27515.817933809365,1154.1641838790854,0.0,3067.521534310202,948.1685503750002,18374.097551762858,6000.000000000001
2025-07-04,Q4-3_no_adjust,29287.96297009985,27515.817933809365,0.0,0.0,1772.1450362904834,669.688315222222,14865.394239555551,6000.0
2025-07-05,Q2_main,33490.08698523292,32372.395861314086,0.0,0.0,1117.6911239188335,508.69385499999987,23060.729113499998,6000.0
2025-07-05,Q2_baseline,44296.50859561879,37956.526664649,0.0,0.0,6339.9819309697905,2399.80840875,0.0,
2025-07-05,Q3_main,31048.98019839057,28430.809781739543,534.0073335062239,0.0,2084.1630831448047,803.0263293194439,16286.442858669932,6000.0
2025-07-05,Q3_no_adjust,30141.331558481295,28430.809781739543,0.0,0.0,1710.5217767417507,754.1068197500001,15719.528683370367,6000.0
2025-07-05,Q4-2_main,31998.523466434002,30913.06729916142,0.0,0.0,1085.4561672725836,508.6938549999999,23060.729113499998,6000.0
2025-07-05,Q4-2_fixed_strategy,32280.816915989035,31195.36074871645,0.0,0.0,1085.4561672725833,508.69385499999987,23060.729113499998,6000.0
2025-07-05,Q4-3_main,29919.297105701084,27494.040846387757,416.00685768233916,0.0,2009.2494016309852,773.4099905277775,16258.134336270581,6000.0
2025-07-05,Q4-3_no_adjust,29044.71643367173,27494.040846387757,0.0,0.0,1550.6755872839728,754.1068197500001,15719.528683370367,6000.0
2025-07-06,Q2_main,70525.6796206531,52200.78344465874,0.0,0.0,18324.89617599437,4889.905563666665,4385.410999416667,6000.0
2025-07-06,Q2_baseline,105590.52208292396,54734.67160150458,0.0,0.0,50855.85048141937,12766.385858333335,0.0,
2025-07-06,Q3_main,73531.98946565719,48077.399612752735,20696.49635921382,0.0,4758.093493690633,2057.7719378333336,12670.641057750003,6000.0
2025-07-06,Q3_no_adjust,81229.64924747375,48077.399612752735,0.0,0.0,33152.24963472102,8488.083248944442,869.094620527777,6000.0
2025-07-06,Q4-2_main,84000.44533746666,62092.793953777495,0.0,0.0,21907.65138368916,4889.905563666665,4385.410999416667,6000.0
2025-07-06,Q4-2_fixed_strategy,84206.30670348197,62298.6553197928,0.0,0.0,21907.65138368916,4889.905563666665,4385.410999416667,6000.0
2025-07-06,Q4-3_main,86681.17341473655,57498.52948560266,23580.00135777332,0.0,5602.64257136057,2057.7719378333336,12670.641057750003,6000.0
2025-07-06,Q4-3_no_adjust,96091.54151163356,57498.52948560266,0.0,0.0,38593.012026030905,8488.083248944442,869.094620527777,6000.0
2025-07-07,Q2_main,61208.870074164995,55845.46807523658,0.0,0.0,5363.401998928416,1840.4676594999992,12203.374105083334,6000.0
2025-07-07,Q2_baseline,78200.34334958924,58071.0983459932,0.0,0.0,20129.245003596043,5934.238357916666,0.0,
2025-07-07,Q3_main,62330.84997197859,50774.668430342266,8493.911096203447,0.0,3062.270445432879,1364.7408601111101,11902.042293611124,6000.0
2025-07-07,Q3_no_adjust,59352.207630207464,50774.668430342266,0.0,0.0,8577.539199865196,2548.530811722222,6006.431411055556,6000.0
2025-07-07,Q4-2_main,71676.16674014757,65063.702027092404,0.0,0.0,6612.464713055166,1840.4676594999992,12203.374105083334,6000.0
2025-07-07,Q4-2_fixed_strategy,71756.97765388417,65144.51294082901,0.0,0.0,6612.464713055166,1840.4676594999992,12203.374105083334,6000.0
2025-07-07,Q4-3_main,73044.21256861313,59665.68562744757,9688.951768647874,0.0,3689.575172517677,1364.7408601111101,11902.042293611124,6000.0
2025-07-07,Q4-3_no_adjust,69637.29728096486,59665.68562744757,0.0,0.0,9971.611653517291,2548.5308117222216,6006.431411055556,6000.0
2025-07-08,Q2_main,61763.274799891195,57145.969305756444,0.0,0.0,4617.305494134747,1190.183676166666,11586.287906083337,6000.0
2025-07-08,Q2_baseline,84477.11256470365,59304.13608142054,0.0,0.0,25172.976483283124,6515.507831250001,0.0,
2025-07-08,Q3_main,61700.71626591015,54207.411154787085,6369.48237173384,0.0,1123.82273938922,511.156262499999,11295.267960602027,6000.0
2025-07-08,Q3_no_adjust,60062.89095914055,54207.411154787085,0.0,0.0,5855.479804353469,1495.3608759722215,7543.275607138892,6000.0
2025-07-08,Q4-2_main,72268.15310890025,66832.94435074792,0.0,0.0,5435.208758152331,1190.183676166666,11586.287906083337,6000.0
2025-07-08,Q4-2_fixed_strategy,72377.7591231119,66942.55036495958,0.0,0.0,5435.20875815233,1190.183676166666,11586.287906083337,6000.0
2025-07-08,Q4-3_main,72142.9621206623,63576.38926522335,7236.575282265239,0.0,1329.9975731737056,499.486043749999,11198.588816666328,6000.0
2025-07-08,Q4-3_no_adjust,70427.1245599427,63576.38926522335,0.0,0.0,6850.735294719358,1495.3608759722215,7543.275607138892,6000.0
2025-07-09,Q2_main,59384.522576885276,55917.85914266491,0.0,0.0,3466.663434220372,900.6751204999991,11049.428569916672,6000.0
2025-07-09,Q2_baseline,79005.54115061415,58308.288973288334,0.0,0.0,20697.252177325834,5470.805674583333,0.0,
2025-07-09,Q3_main,60525.412518380464,53633.530215793304,5685.674854929008,0.0,1206.2074476581524,453.2403312083329,12257.380470014577,6000.0
2025-07-09,Q3_no_adjust,58908.34439388433,53633.530215793304,0.0,0.0,5274.814178091023,1253.8703732499985,8617.852777250004,6000.0
2025-07-09,Q4-2_main,69319.84146229649,65221.432979805744,0.0,0.0,4098.408482490745,900.6751204999988,11049.428569916672,6000.0
2025-07-09,Q4-2_fixed_strategy,69625.62042252491,65527.21194003416,0.0,0.0,4098.408482490746,900.6751204999991,11049.428569916672,6000.0
2025-07-09,Q4-3_main,70683.94891650332,62765.944044519216,6500.747738163473,0.0,1417.2571338206315,453.2403312083329,12279.235638070131,6000.0
2025-07-09,Q4-3_no_adjust,68892.72241768421,62765.944044519216,0.0,0.0,6126.778373164993,1253.8703732499985,8617.852777250004,6000.0
2025-07-10,Q2_main,58123.00555745258,54516.18673857629,0.0,0.0,3606.8188188762924,1061.0947863333338,10448.440586833338,6000.0
2025-07-10,Q2_baseline,78083.78122344511,58150.52798337805,0.0,0.0,19933.253240067083,5393.580742916665,0.0,
2025-07-10,Q3_main,59314.30496782403,49119.26852035354,8824.59043531725,0.0,1370.4460121532425,575.3610051805556,9084.935207763894,6000.0
2025-07-10,Q3_no_adjust,57732.69715342912,49119.26852035354,0.0,0.0,8613.42863307559,2246.7626497222204,3236.70528855556,6000.0
2025-07-10,Q4-2_main,68047.92339759276,63513.75510929252,0.0,0.0,4534.16828830025,1061.0947863333336,10448.440586833338,6000.0
2025-07-10,Q4-2_fixed_strategy,68520.4767576149,63986.30846931465,0.0,0.0,4534.168288300251,1061.0947863333338,10448.440586833338,6000.0
2025-07-10,Q4-3_main,69254.52494836837,57869.77215992821,9669.749796340766,0.0,1715.002992099402,575.3610051805554,9059.992215263894,6000.0
2025-07-10,Q4-3_no_adjust,67884.69938234234,57869.77215992821,0.0,0.0,10014.927222414128,2246.76264972222,3236.7052885555595,6000.0
2025-07-11,Q2_main,32994.58691668022,32963.78463334372,0.0,0.0,30.80228333650003,13.905821083333393,18656.79211483333,6000.0
2025-07-11,Q2_baseline,41945.39885545346,39816.81650153825,0.0,0.0,2128.582353915209,921.6452712500005,0.0,
2025-07-11,Q3_main,33853.64301496257,33252.89538190632,0.0,0.0,600.7476330562467,235.827786916666,19605.166037181585,6000.000000000003
2025-07-11,Q3_no_adjust,33282.581322256316,33252.89538190632,0.0,0.0,29.685940350000244,13.629908333333447,19074.57523833333,6000.0
2025-07-11,Q4-2_main,32243.42045384715,32212.54781593594,0.0,0.0,30.872637911208397,13.905821083333393,18656.792114833333,6000.0
2025-07-11,Q4-2_fixed_strategy,32186.72409275307,32155.85145484186,0.0,0.0,30.872637911208397,13.905821083333393,18656.79211483333,6000.0
2025-07-11,Q4-3_main,32848.113759587504,32464.090804786214,0.0,0.0,384.0229548012882,113.49030829166611,19482.828558556586,6000.000000000003
2025-07-11,Q4-3_no_adjust,32494.015268532046,32464.090804786214,0.0,0.0,29.92446374583358,13.629908333333447,19074.57523833333,6000.0
2025-07-12,Q2_main,32511.878724328217,32484.354530028217,0.0,0.0,27.524194300000353,13.078733333333503,19116.867538083337,6000.0
2025-07-12,Q2_baseline,41559.58323865279,39880.67626814362,0.0,0.0,1678.9069705091674,753.7954750000001,0.0,
2025-07-12,Q3_main,32312.307532029117,30869.2258069789,1062.7679618400334,0.0,380.3137632101867,178.53861345833297,17934.24003681944,6000.000000000001
2025-07-12,Q3_no_adjust,31119.090899738523,30869.2258069789,0.0,0.0,249.8650927596255,105.22607391666679,16357.01500875,6000.0
2025-07-12,Q4-2_main,31505.417407600697,31470.693370600697,0.0,0.0,34.72403700000045,13.078733333333503,19116.867538083337,6000.0
2025-07-12,Q4-2_fixed_strategy,31641.5299514492,31606.8059144492,0.0,0.0,34.72403700000045,13.078733333333503,19116.867538083337,6000.0
2025-07-12,Q4-3_main,31179.44864182501,30152.767384430146,733.7949184055936,0.0,292.88633898927026,110.94524208333303,17866.646665444445,6000.000000000001
2025-07-12,Q4-3_no_adjust,30344.177725299982,30152.767384430146,0.0,0.0,191.41034086983396,105.22607391666679,16357.01500875,6000.0
2025-07-13,Q2_main,56950.37147006818,53809.888015627854,0.0,0.0,3140.4834544403284,704.0252311666657,12967.38393575,6000.0
2025-07-13,Q2_baseline,77057.16497829182,57747.51321066183,0.0,0.0,19309.65176763,4981.31972625,0.0,
2025-07-13,Q3_main,56182.06705474222,52557.67388223849,2774.7296667832456,0.0,849.6635057204868,271.03634227777786,11329.715059839855,6000.0
2025-07-13,Q3_no_adjust,55329.81653697087,52557.67388223849,0.0,0.0,2772.1426547323854,695.6323135833329,9439.815151916668,6000.0
2025-07-13,Q4-2_main,64858.883092435084,61206.201874771716,0.0,0.0,3652.68121766337,704.0252311666657,12967.38393575,6000.0
2025-07-13,Q4-2_fixed_strategy,65102.635232868386,61449.95401520502,0.0,0.0,3652.6812176633694,704.0252311666657,12967.38393575,6000.0
2025-07-13,Q4-3_main,64066.94283278487,60192.84341653634,2903.832186501949,0.0,970.267229746584,271.03634227777786,10925.467929627233,6000.0
2025-07-13,Q4-3_no_adjust,63506.458114941146,60192.84341653634,0.0,0.0,3313.6146984048023,695.6323135833327,9439.815151916668,6000.0
2025-07-14,Q2_main,56244.030505920484,53279.14146203303,0.0,0.0,2964.8890438874523,658.6340826666657,9414.433822666666,6000.0
2025-07-14,Q2_baseline,77833.98864413846,57846.07079606179,0.0,0.0,19987.91784807667,5285.437842083334,0.0,
2025-07-14,Q3_main,56919.80821758109,48287.58520763349,7379.235638255508,0.0,1252.9873716920888,435.5983078333333,8263.105850194454,6000.0
2025-07-14,Q3_no_adjust,57452.82941033687,48287.58520763349,0.0,0.0,9165.244202703376,2060.962911194445,4201.976353277778,6000.0
2025-07-14,Q4-2_main,65252.570830300996,61759.701107339795,0.0,0.0,3492.8697229612008,658.6340826666656,9414.433822666666,6000.0
2025-07-14,Q4-2_fixed_strategy,65526.23531951624,62033.36559655504,0.0,0.0,3492.869722961201,658.6340826666657,9414.433822666666,6000.0
2025-07-14,Q4-3_main,66279.47011596347,56411.78717327722,8442.070371939042,0.0,1425.6125707472136,435.5983078333331,8263.105850194454,6000.0
2025-07-14,Q4-3_no_adjust,66761.65496806242,56411.78717327722,0.0,0.0,10349.867794785196,2060.9629111944446,4201.976353277778,6000.0
2025-07-15,Q2_main,57043.77329877932,55988.54963268507,0.0,0.0,1055.22366609425,420.73379958333345,11941.245515749999,6000.0
2025-07-15,Q2_baseline,70074.5992955445,60556.98224995387,0.0,0.0,9517.617045590629,2576.564045000001,0.0,
2025-07-15,Q3_main,56854.439098887204,52860.81864783671,2064.5661780197315,0.0,1929.0542730307538,557.9559423888901,9959.795206697181,6000.0
2025-07-15,Q3_no_adjust,54958.47961924056,52860.81864783671,0.0,0.0,2097.6609714038473,530.6922772222229,8258.625342138888,6000.0
2025-07-15,Q4-2_main,66466.5467960914,65122.91953498969,0.0,0.0,1343.6272611017084,420.73379958333345,11941.245515749999,6000.0
2025-07-15,Q4-2_fixed_strategy,66801.0849261958,65457.457665094094,0.0,0.0,1343.6272611017084,420.73379958333345,11941.245515749999,6000.0
2025-07-15,Q4-3_main,66869.27865667245,61816.18829737161,2469.5058255676427,0.0,2583.584533733197,649.7048427222232,10048.798818605093,6000.0
2025-07-15,Q4-3_no_adjust,64188.92377697436,61816.18829737161,0.0,0.0,2372.7354796027503,530.692277222223,8258.625342138888,6000.0
2025-07-16,Q2_main,56656.70529272102,53179.5115432811,0.0,0.0,3477.1937494399144,927.313046083332,9417.405641166668,6000.0
2025-07-16,Q2_baseline,73553.60904900971,58359.867109985746,0.0,0.0,15193.741939023957,4193.791914583333,0.0,
2025-07-16,Q3_main,57105.36046026169,51251.73940159893,3366.668072230314,0.0,2486.9529864324513,791.0895911944416,8347.582798344656,6000.0
2025-07-16,Q3_no_adjust,62048.91943825285,51251.73940159893,0.0,0.0,10797.180036653921,3250.9240076944416,7340.442949861112,6000.0
2025-07-16,Q4-2_main,66949.74199270373,62895.15264436639,0.0,0.0,4054.58934833733,927.313046083332,9417.405641166668,6000.0
2025-07-16,Q4-2_fixed_strategy,67258.36449787456,63203.77514953723,0.0,0.0,4054.58934833733,927.313046083332,9417.405641166668,6000.0
2025-07-16,Q4-3_main,67673.01024368429,60622.18519127939,4108.549582741327,0.0,2942.275469663561,789.8912002499973,8337.598277341913,6000.0
2025-07-16,Q4-3_no_adjust,73464.50033753912,60622.18519127939,0.0,0.0,12842.315146259738,3250.9240076944416,7340.442949861112,6000.0
2025-07-17,Q2_main,55410.06818480973,53140.11937094927,0.0,0.0,2269.9488138604606,540.9878987500006,7985.083610833332,6000.0
2025-07-17,Q2_baseline,75210.57387326928,59008.817449924914,0.0,0.0,16201.756423344377,4272.975694583334,0.0,
2025-07-17,Q3_main,56826.562773159094,49191.74376887896,6425.297230693233,0.0,1209.5217735869028,293.24554474999997,7172.997087666665,6000.0
2025-07-17,Q3_no_adjust,62812.466864743736,49191.74376887896,0.0,0.0,13620.723095864778,3230.7995074166674,4386.673537000001,6000.0
2025-07-17,Q4-2_main,64736.39399152274,62132.202379594775,0.0,0.0,2604.1916119279604,540.9878987500003,7985.083610833332,6000.0
2025-07-17,Q4-2_fixed_strategy,65022.94346942872,62418.751857500756,0.0,0.0,2604.1916119279613,540.9878987500006,7985.083610833332,6000.0
2025-07-17,Q4-3_main,66620.91603102935,57897.57580897758,7319.169465672437,0.0,1404.1707563793332,293.24554474999985,7310.27442108333,6000.0
2025-07-17,Q4-3_no_adjust,73765.98069937684,57897.57580897758,0.0,0.0,15868.404890399263,3230.799507416667,4386.673537000001,6000.0
2025-07-18,Q2_main,33193.8446472898,33193.8446472898,0.0,0.0,0.0,0.0,19147.00867608333,6000.0
2025-07-18,Q2_baseline,41239.71402383245,41023.08062750995,0.0,0.0,216.63339632250066,102.63872583333364,0.0,
2025-07-18,Q3_main,36641.03387452455,35516.691277104896,0.0,0.0,1124.3425974196562,319.4010088763771,23855.57469996605,6000.000000000001
2025-07-18,Q3_no_adjust,35516.691277104896,35516.691277104896,0.0,0.0,0.0,0.0,23089.000675666663,6000.0
2025-07-18,Q4-2_main,31899.589646270422,31899.589646270422,0.0,0.0,0.0,0.0,19147.00867608333,6000.0
2025-07-18,Q4-2_fixed_strategy,31979.341821089132,31979.341821089132,0.0,0.0,0.0,0.0,19147.00867608333,6000.0
2025-07-18,Q4-3_main,34724.77670028407,33774.236469550044,0.0,0.0,950.5402307340253,250.4575739861109,23786.631265075786,6000.000000000002
2025-07-18,Q4-3_no_adjust,33774.236469550044,33774.236469550044,0.0,0.0,0.0,0.0,23089.000675666663,6000.0
2025-07-19,Q2_main,33324.14390352075,33320.51947683742,0.0,0.0,3.624426683333351,1.695241666666675,23489.67472733333,6000.0
2025-07-19,Q2_baseline,42015.37750855458,41142.182427349166,0.0,0.0,873.1950812054176,383.0392220833337,0.0,
2025-07-19,Q3_main,36005.570976135976,35190.96749495785,0.0,0.0,814.603481178125,301.34393499999976,26201.811352308298,6000.0
2025-07-19,Q3_no_adjust,35194.59192164118,35190.96749495785,0.0,0.0,3.624426683333351,1.695241666666675,25500.092382833333,6000.0
2025-07-19,Q4-2_main,32175.78875483765,32170.810677683483,0.0,0.0,4.978077154166691,1.695241666666675,23489.67472733333,6000.0
2025-07-19,Q4-2_fixed_strategy,32235.47807520197,32230.499998047802,0.0,0.0,4.978077154166691,1.695241666666675,23489.67472733333,6000.0
2025-07-19,Q4-3_main,34119.27980316748,33516.777530923544,0.0,0.0,602.5022722439381,145.4269759583334,26045.89439326663,6000.0
2025-07-19,Q4-3_no_adjust,33521.755608077714,33516.777530923544,0.0,0.0,4.978077154166691,1.695241666666675,25500.092382833333,6000.0
2025-07-20,Q2_main,54766.273479976575,52726.7499277255,0.0,0.0,2039.5235522510798,606.0159760833326,8237.59261016667,6000.0
2025-07-20,Q2_baseline,69517.50564055062,58451.200460837295,0.0,0.0,11066.30517971333,2908.3947108333323,0.0,
2025-07-20,Q3_main,56589.72809766005,51740.32073613229,2752.6456590342755,0.0,2096.7617024934825,499.7595968611103,9511.552431546987,6000.0
2025-07-20,Q3_no_adjust,56198.870726684334,51740.32073613229,0.0,0.0,4458.549990552039,1027.4626840555547,8111.020826472222,6000.0
2025-07-20,Q4-2_main,63455.65031781157,61125.23641340399,0.0,0.0,2330.4139044075796,606.0159760833328,8237.59261016667,6000.0
2025-07-20,Q4-2_fixed_strategy,63797.561310174446,61467.14740576687,0.0,0.0,2330.4139044075796,606.0159760833326,8237.59261016667,6000.0
2025-07-20,Q4-3_main,65841.55998928988,60041.197546469644,3464.8797216576677,0.0,2335.4827211625657,505.14075568055483,9847.084014201482,6000.0
2025-07-20,Q4-3_no_adjust,64902.91360569098,60041.197546469644,0.0,0.0,4861.7160592213295,1027.4626840555547,8111.020826472222,6000.0
2025-07-21,Q2_main,58198.36502579525,51586.60039494891,0.0,0.0,6611.764630846337,1854.885485416668,5801.1768785,6000.0
2025-07-21,Q2_baseline,74672.35280373908,57716.15591707304,0.0,0.0,16956.196886666046,4247.7449095833335,0.0,
2025-07-21,Q3_main,58974.203527589736,52671.00622173498,5085.801548030831,0.0,1217.395757823928,379.7293225277772,10350.325624333671,6000.0
2025-07-21,Q3_no_adjust,56456.77966831545,52671.00622173498,0.0,0.0,3785.7734465804733,922.3315654166672,6525.959994749999,6000.0
2025-07-21,Q4-2_main,68762.6297953782,61242.5864161482,0.0,0.0,7520.043379230005,1854.885485416668,5801.1768785,6000.0
2025-07-21,Q4-2_fixed_strategy,68682.8201801132,61162.776800883184,0.0,0.0,7520.043379230004,1854.885485416668,5801.1768785,6000.0
2025-07-21,Q4-3_main,69499.38201159559,62493.49023073724,5605.999129955198,0.0,1399.8926509031494,379.7293225277771,10065.193784381681,6000.0
2025-07-21,Q4-3_no_adjust,66732.51565603307,62493.49023073724,0.0,0.0,4239.02542529582,922.331565416667,6525.959994749999,6000.0
2025-07-22,Q2_main,59539.77328954512,55042.28815510117,0.0,0.0,4497.485134443956,1053.4704783333327,10303.015465749999,6000.0
2025-07-22,Q2_baseline,68995.6718985672,60747.051457446374,0.0,0.0,8248.620441120833,2234.160311666667,0.0,
2025-07-22,Q3_main,58827.31280973216,52683.29227306195,4408.980572718945,0.0,1735.0399639512716,413.4007497638891,10484.96187593056,6000.0
2025-07-22,Q3_no_adjust,59082.51474492147,52683.29227306195,0.0,0.0,6399.222471859528,1702.6294476388891,6985.465242972223,6000.0
2025-07-22,Q4-2_main,69823.83643199188,64496.48366246004,0.0,0.0,5327.352769531831,1053.4704783333327,10303.015465749999,6000.0
2025-07-22,Q4-2_fixed_strategy,70126.97202166986,64799.61925213803,0.0,0.0,5327.352769531831,1053.4704783333327,10303.015465749999,6000.0
2025-07-22,Q4-3_main,68810.67902165462,62115.64700709205,4712.98301753474,0.0,1982.0489970278268,413.4007497638891,10484.96187593056,6000.0
2025-07-22,Q4-3_no_adjust,69171.5384393172,62115.64700709205,0.0,0.0,7055.891432225153,1702.6294476388891,6985.465242972222,6000.0
2025-07-23,Q2_main,60450.281462611165,52857.158498539255,0.0,0.0,7593.122964071913,1848.8550667499992,7336.319607249998,6000.0
2025-07-23,Q2_baseline,72743.07942178354,59408.83134619354,0.0,0.0,13334.248075590003,3064.194192500001,0.0,
2025-07-23,Q3_main,65473.64935675821,59042.353678812186,465.4027641031072,0.0,5965.892913842916,1218.6116756111107,16397.648585018174,6000.0
2025-07-23,Q3_no_adjust,59261.24980623093,59042.353678812186,0.0,0.0,218.8961274187487,59.81652499999968,14172.390259666665,6000.0
2025-07-23,Q4-2_main,70421.56034812292,61659.757060902506,0.0,0.0,8761.803287220413,1848.8550667499992,7336.319607249998,6000.0
2025-07-23,Q4-2_fixed_strategy,70749.1418944039,61987.33860718348,0.0,0.0,8761.803287220413,1848.8550667499992,7336.319607249998,6000.0
2025-07-23,Q4-3_main,75987.39453241194,68352.46598501489,953.3856060075072,0.0,6681.542941389545,1218.6116756111105,16846.325955222215,6000.0
2025-07-23,Q4-3_no_adjust,68603.75072645239,68352.46598501489,0.0,0.0,251.2847414374982,59.816524999999565,14172.390259666663,6000.0
2025-07-24,Q2_main,61835.58987682114,53778.31363901964,0.0,0.0,8057.2762378015,2003.697608416667,9209.02994741667,6000.0
2025-07-24,Q2_baseline,71024.51100960022,60511.84174680875,0.0,0.0,10512.669262791467,2712.7785775000016,0.0,
2025-07-24,Q3_main,60483.922690857384,58528.367819969906,603.3277354634913,0.0,1352.2271354239874,300.5942904861114,14992.96505647634,6000.0
2025-07-24,Q3_no_adjust,58631.79182303649,58528.367819969906,0.0,0.0,103.4240030665832,26.35328141666662,13818.847188750002,6000.0
2025-07-24,Q4-2_main,72587.50231298235,62969.771902534936,0.0,0.0,9617.730410447419,2003.697608416667,9209.02994741667,6000.0
2025-07-24,Q4-2_fixed_strategy,73018.80726097192,63401.07685052451,0.0,0.0,9617.730410447419,2003.697608416667,9209.02994741667,6000.0
2025-07-24,Q4-3_main,70785.13748519456,68444.82835360088,730.4493796617458,0.0,1609.859751931925,300.5942904861113,14978.503861085894,6000.0
2025-07-24,Q4-3_no_adjust,68551.95746115793,68444.82835360088,0.0,0.0,107.12910755705514,26.353281416666505,13818.847188750002,6000.0
2025-07-25,Q2_main,34922.3152934839,34922.3152934839,0.0,0.0,0.0,0.0,26507.849195916664,6000.0
2025-07-25,Q2_baseline,42712.16165801771,42701.55678830312,0.0,0.0,10.60486971458308,3.0743208333332603,0.0,
2025-07-25,Q3_main,35001.78213208981,34629.08391003256,0.0,0.0,372.69822205724927,134.30405508333325,26435.850841318752,6000.0
2025-07-25,Q3_no_adjust,34666.8547278992,34629.08391003256,0.0,0.0,37.77081786663877,10.949650055555523,25867.435993499996,6000.0
2025-07-25,Q4-2_main,33673.31401310791,33673.31401310791,0.0,0.0,0.0,0.0,26507.849195916668,6000.0
2025-07-25,Q4-2_fixed_strategy,33667.1031136918,33667.1031136918,0.0,0.0,0.0,0.0,26507.849195916664,6000.0
2025-07-25,Q4-3_main,33703.6658027736,33395.91426380386,0.0,0.0,307.7515389697354,120.63393004166647,26422.180716277086,6000.0
2025-07-25,Q4-3_no_adjust,33425.0129588265,33395.91426380386,0.0,0.0,29.0986950226388,10.949650055555523,25867.4359935,6000.0
2025-07-26,Q2_main,35436.23828249967,35203.30212943042,0.0,0.0,232.93615306924994,95.74873841666664,24878.0421795,6000.0
2025-07-26,Q2_baseline,42988.33634071391,42901.85529680141,0.0,0.0,86.48104391249977,39.9997699999999,0.0,
2025-07-26,Q3_main,35464.615326657105,35141.42789808296,0.0,0.0,323.18742857414605,151.84828016666677,26352.541582241938,6000.000000000002
2025-07-26,Q3_no_adjust,35141.42789808296,35141.42789808296,0.0,0.0,0.0,0.0,25696.169521416665,6000.0
2025-07-26,Q4-2_main,34132.514751903065,33941.060110843355,0.0,0.0,191.45464105970825,95.74873841666664,24878.0421795,6000.0
2025-07-26,Q4-2_fixed_strategy,34094.23371478699,33902.77907372728,0.0,0.0,191.45464105970825,95.74873841666664,24878.0421795,6000.0
2025-07-26,Q4-3_main,34087.478028709644,33898.189991744955,0.0,0.0,189.2880369646877,64.94700187500007,26265.64030395027,6000.0
2025-07-26,Q4-3_no_adjust,33898.189991744955,33898.189991744955,0.0,0.0,0.0,0.0,25696.169521416665,6000.0
2025-07-27,Q2_main,60127.112807442136,53437.60876786827,0.0,0.0,6689.504039573871,1401.834305166666,8296.905501166668,6000.0
2025-07-27,Q2_baseline,72625.38071039392,59735.47901030474,0.0,0.0,12889.901700089169,3176.9550149999995,0.0,
2025-07-27,Q3_main,58586.869942569894,52970.55313763286,3143.008999449592,0.0,2473.307805487445,571.5694837222225,9677.565444350821,6000.0
2025-07-27,Q3_no_adjust,63576.19758016534,52970.55313763286,0.0,0.0,10605.644442532483,2440.0220160277777,8803.30099036111,6000.0
2025-07-27,Q4-2_main,69939.89676422713,62562.389695044796,0.0,0.0,7377.5070691823275,1401.8343051666657,8296.905501166666,6000.0
2025-07-27,Q4-2_fixed_strategy,69964.0755630311,62586.56849384877,0.0,0.0,7377.507069182328,1401.834305166666,8296.905501166668,6000.0
2025-07-27,Q4-3_main,68419.30117617299,61813.17726357541,3549.50535853477,0.0,3056.618554062805,571.5694837222223,9682.031429975821,6000.0
2025-07-27,Q4-3_no_adjust,74483.19960676538,61813.17726357541,0.0,0.0,12670.022343189967,2440.022016027777,8803.300990361111,6000.0
2025-07-28,Q2_main,68941.16304193682,53082.39992533979,0.0,0.0,15858.76311659703,4056.1439842499976,6042.654143000002,6000.0
2025-07-28,Q2_baseline,77038.84191701908,59514.756161470956,0.0,0.0,17524.08575554812,3902.1843591666657,0.0,
2025-07-28,Q3_main,60436.8680897017,55002.10967439212,1844.8654062487124,0.0,3589.893009060861,983.4722757381666,7608.302534541672,6000.0
2025-07-28,Q3_no_adjust,63704.311211278284,55002.10967439212,0.0,0.0,8702.20153688616,2144.017520111109,7277.044589277779,6000.0
2025-07-28,Q4-2_main,81262.75346879748,62643.67248070542,0.0,0.0,18619.080988092068,4056.1439842499976,6042.654143000001,6000.0
2025-07-28,Q4-2_fixed_strategy,81387.50981187522,62768.42882378315,0.0,0.0,18619.080988092068,4056.1439842499976,6042.654143000002,6000.0
2025-07-28,Q4-3_main,71472.27495355708,64862.85403516851,1957.221878665798,0.0,4652.19903972277,1042.5730067638888,7581.365227250005,6000.0
2025-07-28,Q4-3_no_adjust,75134.09311616252,64862.85403516851,0.0,0.0,10271.239080994019,2144.017520111109,7277.044589277779,6000.0
2025-07-29,Q2_main,63722.3350995639,54482.889173778065,0.0,0.0,9239.445925785834,2735.2721647500002,8752.273688083336,6000.0
2025-07-29,Q2_baseline,69873.80026649033,60588.27954590491,0.0,0.0,9285.520720585417,2104.6876091666663,0.0,
2025-07-29,Q3_main,59440.33475301783,54031.71594116033,4925.7946963053855,0.0,482.82411555211786,127.28274866666686,10630.923077299207,6000.000000000002
2025-07-29,Q3_no_adjust,64930.679888056664,54031.71594116033,0.0,0.0,10898.96394689634,2907.290113277776,8258.05838452778,6000.0
2025-07-29,Q4-2_main,75068.48307043556,63774.04539678092,0.0,0.0,11294.437673654626,2735.2721647500002,8752.273688083336,6000.0
2025-07-29,Q4-2_fixed_strategy,75440.28270032318,64145.845026668554,0.0,0.0,11294.437673654626,2735.2721647500002,8752.273688083336,6000.0
2025-07-29,Q4-3_main,69343.87945038715,63287.47347707194,5486.645977909648,0.0,569.7599954055692,127.28274866666686,10630.923077299212,6000.0
2025-07-29,Q4-3_no_adjust,76471.55130174868,63287.47347707194,0.0,0.0,13184.07782467674,2907.290113277776,8258.058384527778,6000.0
2025-07-30,Q2_main,61429.52675094166,53677.5521504685,0.0,0.0,7751.974600473159,1744.7608812499982,8489.070752499998,6000.0
2025-07-30,Q2_baseline,71538.57501479112,60203.970097734666,0.0,0.0,11334.604917056458,2601.3662145833337,0.0,
2025-07-30,Q3_main,59502.98526044123,49896.610152093315,9068.007552949297,0.0,538.3675553986207,162.96581886111173,9974.688369694439,6000.0
2025-07-30,Q3_no_adjust,71747.15174090333,49896.610152093315,0.0,0.0,21850.54158881001,5852.1636413333335,6044.392642999999,6000.0
2025-07-30,Q4-2_main,72174.4386516417,63552.64686649384,0.0,0.0,8621.791785147867,1744.7608812499982,8489.0707525,6000.0
2025-07-30,Q4-2_fixed_strategy,72479.83109105851,63858.03930591065,0.0,0.0,8621.791785147867,1744.7608812499982,8489.070752499998,6000.0
2025-07-30,Q4-3_main,70023.8130893395,59107.061974095566,10308.408414627778,0.0,608.3427006161489,162.96581886111173,9974.688369694439,6000.0
2025-07-30,Q4-3_no_adjust,83965.13957220751,59107.061974095566,0.0,0.0,24858.077598111944,5852.1636413333335,6044.392642999999,6000.0
2025-07-31,Q2_main,58548.619672283734,54111.64655579574,0.0,0.0,4436.973116487994,1091.4511332499985,7776.450496750003,6000.0
2025-07-31,Q2_baseline,68793.7803238075,60904.8433643202,0.0,0.0,7888.936959487285,1797.207392499999,0.0,
2025-07-31,Q3_main,57952.55537410935,51924.68995402052,3766.1998207752326,0.0,2261.665599313604,523.8915025277778,8014.203279361116,6000.000000000004
2025-07-31,Q3_no_adjust,62711.52736408904,51924.68995402052,0.0,0.0,10786.837410068514,2732.817226305555,6505.119552722225,6000.0
2025-07-31,Q4-2_main,68073.97490735553,62989.462731785905,0.0,0.0,5084.512175569617,1091.4511332499985,7776.450496750003,6000.0
2025-07-31,Q4-2_fixed_strategy,68327.4985538538,63242.98637828418,0.0,0.0,5084.512175569617,1091.4511332499985,7776.450496750003,6000.0
2025-07-31,Q4-3_main,67340.11276464151,60527.085226856354,4191.086747365589,0.0,2621.9407904195627,523.8915025277778,8014.203279361115,6000.000000000004
2025-07-31,Q4-3_no_adjust,73136.08072704973,60527.085226856354,0.0,0.0,12608.995500193376,2732.817226305555,6505.119552722225,6000.0
2025-08-01,Q2_main,34176.69408126465,34176.69408126465,0.0,0.0,0.0,0.0,30694.552038166665,6000.0
2025-08-01,Q2_baseline,43042.455908411706,42957.518753599,0.0,0.0,84.93715481270817,39.433332916666586,0.0,
2025-08-01,Q3_main,34423.41633441115,34199.52105110436,0.0,0.0,223.89528330679045,86.98696474999952,30756.667108285492,6000.000000000002
2025-08-01,Q3_no_adjust,34199.52105110436,34199.52105110436,0.0,0.0,0.0,0.0,30232.888239833334,6000.0
2025-08-01,Q4-2_main,32906.16221354538,32906.16221354538,0.0,0.0,0.0,0.0,30694.552038166665,6000.0
2025-08-01,Q4-2_fixed_strategy,32934.43426160183,32934.43426160183,0.0,0.0,0.0,0.0,30694.552038166665,6000.0
2025-08-01,Q4-3_main,32887.529789807464,32784.75098567517,0.0,0.0,102.77880413229049,24.130989874999614,30693.81113341049,6000.000000000002
2025-08-01,Q4-3_no_adjust,32784.75098567517,32784.75098567517,0.0,0.0,0.0,0.0,30232.888239833334,6000.0
2025-08-02,Q2_main,34398.92454615372,34398.92454615372,0.0,0.0,0.0,0.0,31150.839476166664,6000.0
2025-08-02,Q2_baseline,43207.92716409729,43105.28855443063,0.0,0.0,102.63860966666648,48.00683333333325,0.0,
2025-08-02,Q3_main,37290.95363465856,36394.605182319814,0.0,0.0,896.3484523387438,306.0565240972208,35900.2595202181,6000.000000000002
2025-08-02,Q3_no_adjust,36394.605182319814,36394.605182319814,0.0,0.0,0.0,0.0,34920.054052249994,6000.0
2025-08-02,Q4-2_main,32547.31203449743,32547.31203449743,0.0,0.0,0.0,0.0,31150.839476166664,6000.0
2025-08-02,Q4-2_fixed_strategy,32576.408774174233,32576.408774174233,0.0,0.0,0.0,0.0,31150.839476166664,6000.0
2025-08-02,Q4-3_main,34744.06369688601,33693.51407038237,0.0,0.0,1050.5496265036384,335.1334147222206,35929.336410843105,6000.000000000002
2025-08-02,Q4-3_no_adjust,33693.51407038237,33693.51407038237,0.0,0.0,0.0,0.0,34920.054052249994,6000.0
2025-08-03,Q2_main,52678.39297137655,52674.32478651538,0.0,0.0,4.068184861166663,1.6959992499999998,16450.415113333336,6000.0
2025-08-03,Q2_baseline,64548.44883817797,60118.491725242966,0.0,0.0,4429.957112935001,1088.978646666667,0.0,
2025-08-03,Q3_main,49606.01873004133,45795.62598979489,308.23317461100004,0.0,3502.1595656354393,835.4978889722208,5699.485431440312,6000.0
2025-08-03,Q3_no_adjust,49736.47564370556,45795.62598979489,0.0,0.0,3940.849653910671,1042.1219265833338,5441.4133506666685,6000.0
2025-08-03,Q4-2_main,59630.024584097424,59625.315685383175,0.0,0.0,4.708898714249997,1.6959992499999998,16450.415113333333,6000.0
2025-08-03,Q4-2_fixed_strategy,59754.40995211576,59749.70105340151,0.0,0.0,4.708898714249997,1.6959992499999998,16450.415113333336,6000.0
2025-08-03,Q4-3_main,56966.56292888351,52627.492026519205,662.7265450529791,0.0,3676.3443573113277,835.4978889722208,6251.860889634756,5999.999999999999
2025-08-03,Q4-3_no_adjust,56761.054945623655,52627.492026519205,0.0,0.0,4133.562919104449,1042.1219265833338,5441.413350666669,6000.0
2025-08-04,Q2_main,52125.23307325989,52021.91378228385,0.0,0.0,103.31929097604159,42.641941666666526,13013.560089166669,6000.0
2025-08-04,Q2_baseline,62023.86116327088,59788.65757330691,0.0,0.0,2235.203589963961,657.5156466666667,0.0,
2025-08-04,Q3_main,54815.888024667736,48897.87405153453,1001.6893070673718,0.0,4916.324666065839,1126.9354179722236,8748.744568592949,6000.0
2025-08-04,Q3_no_adjust,54521.81299973788,48897.87405153453,0.0,0.0,5623.938948203348,1304.7249693055523,7577.315290972225,6000.0
2025-08-04,Q4-2_main,59849.38978592764,59726.357288413055,0.0,0.0,123.0324975145831,42.641941666666526,13013.560089166669,6000.0
2025-08-04,Q4-2_fixed_strategy,59869.60413459011,59746.571637075525,0.0,0.0,123.0324975145831,42.641941666666526,13013.560089166669,6000.0
2025-08-04,Q4-3_main,63126.984353106476,56667.25451076336,1082.8904392042373,0.0,5376.839403138874,1126.9354179722236,8809.419695134438,6000.0
2025-08-04,Q4-3_no_adjust,62730.429512193645,56667.25451076336,0.0,0.0,6063.175001430278,1304.7249693055523,7577.315290972225,6000.0
2025-08-05,Q2_main,51269.08567607102,51244.71265891244,0.0,0.0,24.373017158584368,4.172390166666844,12006.481447250004,6000.0
2025-08-05,Q2_baseline,61709.46765892321,59306.280296348414,0.0,0.0,2403.187362574789,682.1391387499996,0.0,
2025-08-05,Q3_main,50803.9920097337,47279.111083522235,1332.7256742074835,0.0,2192.1552520039822,477.2251815972213,6833.794272813948,6000.000000000001
2025-08-05,Q3_no_adjust,56070.89417421262,47279.111083522235,0.0,0.0,8791.783090690387,2499.322193111111,6876.636731027779,6000.0
2025-08-05,Q4-2_main,58636.74267762452,58611.777181062265,0.0,0.0,24.96549656225106,4.172390166666844,12006.481447250002,6000.0
2025-08-05,Q4-2_fixed_strategy,58814.9822149174,58790.016718355146,0.0,0.0,24.96549656225106,4.172390166666844,12006.481447250004,6000.0
2025-08-05,Q4-3_main,58580.53274006453,54725.77156180533,1528.5140522789143,0.0,2326.2471259802874,477.2251815972213,7116.619351839671,6000.0
2025-08-05,Q4-3_no_adjust,64207.41875787123,54725.77156180533,0.0,0.0,9481.6471960659,2499.322193111111,6876.636731027778,6000.0
2025-08-06,Q2_main,54900.62514025321,50215.840372540624,0.0,0.0,4684.78476771258,1135.6780478333326,8461.910801500004,6000.0
2025-08-06,Q2_baseline,66667.91874422312,59349.00144060333,0.0,0.0,7318.917303619786,1935.3402216666655,0.0,
2025-08-06,Q3_main,54555.26866489242,52072.74824711955,3.6393472887557965,0.0,2478.8810704841144,560.9975906388865,8718.659914548358,6000.000000000004
2025-08-06,Q3_no_adjust,58443.10280860582,52072.74824711955,0.0,0.0,6370.354561486271,1366.253719777776,9373.685350944448,6000.0
2025-08-06,Q4-2_main,63893.41782408825,58338.09515716446,0.0,0.0,5555.322666923788,1135.6780478333326,8461.910801500004,6000.0
2025-08-06,Q4-2_fixed_strategy,64039.50229465564,58484.17962773185,0.0,0.0,5555.322666923788,1135.6780478333326,8461.910801500004,6000.0
2025-08-06,Q4-3_main,63501.19730096494,60859.96157102458,4.272159168069304,0.0,2636.9635707722937,552.3551152222196,8710.017439131694,6000.000000000004
2025-08-06,Q4-3_no_adjust,67446.11383747519,60859.96157102458,0.0,0.0,6586.152266450606,1366.253719777776,9373.685350944448,6000.0
2025-08-07,Q2_main,50849.26358581518,49839.24431387938,0.0,0.0,1010.0192719357922,272.77249333333367,11687.196627833331,6000.0
2025-08-07,Q2_baseline,63217.49506357771,59208.880768341456,0.0,0.0,4008.6142952362543,1133.1047820833342,0.0,
2025-08-07,Q3_main,54022.05907997579,50850.8865574971,1189.7346727970803,0.0,1981.437849681613,458.8474201805563,16042.213562720335,6000.0
2025-08-07,Q3_no_adjust,52038.860412800765,50850.8865574971,0.0,0.0,1187.973855303669,315.8067496388897,14643.547414555554,6000.0
2025-08-07,Q4-2_main,58015.06245152621,56957.74919940221,0.0,0.0,1057.3132521239995,272.77249333333344,11687.196627833331,6000.0
2025-08-07,Q4-2_fixed_strategy,58443.41989380165,57386.106641677645,0.0,0.0,1057.3132521240009,272.77249333333367,11687.196627833331,6000.0
2025-08-07,Q4-3_main,61047.17433582526,57781.440347480784,1269.9596477659138,0.0,1995.7743405785573,415.6932042222229,15993.40040215552,6000.0
2025-08-07,Q4-3_no_adjust,59117.319301914285,57781.440347480784,0.0,0.0,1335.8789544335016,315.8067496388896,14643.547414555554,6000.0
2025-08-08,Q2_main,31670.817940058,31670.817940058,0.0,0.0,0.0,0.0,32625.36055591666,6000.0
2025-08-08,Q2_baseline,41999.07512605983,41999.07512605983,0.0,0.0,0.0,0.0,0.0,
2025-08-08,Q3_main,32333.40517221434,31381.518704408547,0.0,0.0,951.8864678057938,181.18118291666735,33251.39559988408,6000.000000000002
2025-08-08,Q3_no_adjust,31381.518704408547,31381.518704408547,0.0,0.0,0.0,0.0,32484.82074577778,6000.0
2025-08-08,Q4-2_main,29770.171394018755,29770.171394018755,0.0,0.0,0.0,0.0,32625.36055591666,6000.0
2025-08-08,Q4-2_fixed_strategy,29962.639827416388,29962.639827416388,0.0,0.0,0.0,0.0,32625.36055591666,6000.0
2025-08-08,Q4-3_main,30780.505498334816,29601.468727838605,0.0,0.0,1179.036770496211,237.58040141666743,33307.79481838408,6000.000000000002
2025-08-08,Q4-3_no_adjust,29601.468727838605,29601.468727838605,0.0,0.0,0.0,0.0,32484.82074577778,6000.0
2025-08-09,Q2_main,31906.161573039222,31906.161573039222,0.0,0.0,0.0,0.0,29576.474647999996,6000.0
2025-08-09,Q2_baseline,42237.76378078508,42168.21852953966,0.0,0.0,69.54525124541682,17.51329541666675,0.0,
2025-08-09,Q3_main,33577.48141575139,31632.594916175807,0.0,0.0,1944.8864995755825,554.6741845833333,30248.591941116258,5999.999999999998
2025-08-09,Q3_no_adjust,31632.594916175807,31632.594916175807,0.0,0.0,0.0,0.0,29180.964928333335,6000.0
2025-08-09,Q4-2_main,30242.42761817253,30242.42761817253,0.0,0.0,0.0,0.0,29576.474647999996,6000.0
2025-08-09,Q4-2_fixed_strategy,30442.499811229078,30442.499811229078,0.0,0.0,0.0,0.0,29576.474647999996,6000.0
2025-08-09,Q4-3_main,32359.640531262346,30053.68376534018,0.0,0.0,2305.956765922166,624.7163654166666,30318.634121949588,6000.000000000002
2025-08-09,Q4-3_no_adjust,30053.68376534018,30053.68376534018,0.0,0.0,0.0,0.0,29180.964928333335,6000.0
2025-08-10,Q2_main,52898.077060656135,47590.83386207218,0.0,0.0,5307.243198583957,1538.5826051666656,7371.477804333334,6000.0
2025-08-10,Q2_baseline,61107.97445795091,57998.17072580237,0.0,0.0,3109.803732148545,833.6030125000005,0.0,
2025-08-10,Q3_main,51711.49504772655,47861.541469552845,1.5523660893664535,0.0,3848.40121208434,968.9461020138872,6617.621497557439,6000.0
2025-08-10,Q3_no_adjust,54398.75903956608,47861.541469552845,0.0,0.0,6537.217570013235,1389.183885916666,6890.957034250002,6000.0
2025-08-10,Q4-2_main,61268.76028001039,55446.44814742177,0.0,0.0,5822.312132588624,1538.5826051666659,7371.4778043333345,6000.0
2025-08-10,Q4-2_fixed_strategy,61670.502486341,55848.190353752376,0.0,0.0,5822.312132588623,1538.5826051666656,7371.477804333334,6000.0
2025-08-10,Q4-3_main,58251.387257565904,55786.24064955201,207.81266003774357,0.0,2257.333947976152,545.9877285833312,6468.058295873798,6000.0
2025-08-10,Q4-3_no_adjust,62555.99038119668,55786.24064955201,0.0,0.0,6769.749731644665,1389.1838859166662,6890.957034250002,6000.0
2025-08-11,Q2_main,51380.93115031325,48446.34900713958,0.0,0.0,2934.582143173666,672.5409623333333,9040.906559083336,6000.0
2025-08-11,Q2_baseline,63968.16455258695,58148.941335133415,0.0,0.0,5819.223217453544,1404.4131462500002,0.0,
2025-08-11,Q3_main,50495.51715015758,45999.44069005773,1782.1558803580033,0.0,2713.920579741849,635.5865884444449,6928.003823819276,6000.0
2025-08-11,Q3_no_adjust,51420.85268191259,45999.44069005773,0.0,0.0,5421.41199185486,1371.4851030000002,6072.313345583335,6000.0
2025-08-11,Q4-2_main,58107.00801501787,54910.70730020183,0.0,0.0,3196.3007148160405,672.5409623333331,9040.906559083336,6000.0
2025-08-11,Q4-2_fixed_strategy,58517.83801501786,55321.53730020182,0.0,0.0,3196.3007148160405,672.5409623333333,9040.906559083336,6000.0
2025-08-11,Q4-3_main,57329.76036456774,52394.19884599714,1860.9259558414067,0.0,3074.635562729195,636.5294684444448,6928.946703819275,6000.0
2025-08-11,Q4-3_no_adjust,58354.81863899177,52394.19884599714,0.0,0.0,5960.619792994625,1371.485103,6072.313345583335,6000.0
2025-08-12,Q2_main,52835.805120883415,48098.301384733626,0.0,0.0,4737.503736149791,1114.987519666667,5982.698540833337,6000.0
2025-08-12,Q2_baseline,64769.16205251984,57756.18826087358,0.0,0.0,7012.9737916462545,1708.3606033333344,0.0,
2025-08-12,Q3_main,52831.01385525686,49457.55504800177,899.719970930001,0.0,2473.7388363250884,635.6069060833316,8883.984635039782,6000.000000000003
2025-08-12,Q3_no_adjust,52346.151784068,49457.55504800177,0.0,0.0,2888.5967360662307,749.5823602777768,8151.08196477778,6000.0
2025-08-12,Q4-2_main,61136.18491331351,55658.2499347323,0.0,0.0,5477.934978581206,1114.9875196666667,5982.698540833337,6000.0
2025-08-12,Q4-2_fixed_strategy,61264.33524317112,55786.40026458991,0.0,0.0,5477.934978581206,1114.987519666667,5982.698540833337,6000.0
2025-08-12,Q4-3_main,60922.291581153004,57056.17104977611,1009.4552009677511,0.0,2856.665330409143,635.6069060833316,8871.005397744175,6000.000000000003
2025-08-12,Q4-3_no_adjust,60340.63206867398,57056.17104977611,0.0,0.0,3284.4610188978695,749.5823602777768,8151.081964777779,6000.0
2025-08-13,Q2_main,52081.437007253146,48321.89048034848,0.0,0.0,3759.5465269046704,867.2685985833343,7239.3141853333345,6000.0
2025-08-13,Q2_baseline,62579.238297418255,58591.638870782,0.0,0.0,3987.599426636255,1018.1381733333346,0.0,
2025-08-13,Q3_main,51135.88361322704,44976.338632409956,2386.579938727559,0.0,3772.965042089518,860.1664852777775,5104.273315494855,6000.000000000002
2025-08-13,Q3_no_adjust,57157.420712790445,44976.338632409956,0.0,0.0,12181.082080380487,2760.5524292500004,4169.941047250001,6000.0
2025-08-13,Q4-2_main,60044.0134722138,55461.91958430009,0.0,0.0,4582.093887913713,867.2685985833343,7239.314185333334,6000.0
2025-08-13,Q4-2_fixed_strategy,60167.203197264826,55585.109309351115,0.0,0.0,4582.093887913714,867.2685985833343,7239.3141853333345,6000.0
2025-08-13,Q4-3_main,59034.03358634047,51975.77054703795,2501.807314015111,0.0,4556.455725287407,860.1664852777777,5129.883707717074,6000.000000000001
2025-08-13,Q4-3_no_adjust,66224.42992302841,51975.77054703795,0.0,0.0,14248.65937599046,2760.552429250001,4169.941047250001,6000.0
2025-08-14,Q2_main,53075.69037219043,48156.149190129145,0.0,0.0,4919.541182061286,1059.9969625833326,7471.336736916667,6000.0
2025-08-14,Q2_baseline,67557.91146730521,58310.825819842714,0.0,0.0,9247.085647462496,2047.5594362499996,0.0,
2025-08-14,Q3_main,51791.867428281636,46621.57179871337,3104.8785496759647,0.0,2065.417079892298,466.3437091388888,7198.868468299034,6000.0
2025-08-14,Q3_no_adjust,54677.44588107917,46621.57179871337,0.0,0.0,8055.8740823658045,1904.2349606944447,4802.83915086111,6000.0
2025-08-14,Q4-2_main,60806.678164906625,55381.97103655997,0.0,0.0,5424.70712834666,1059.9969625833323,7471.336736916668,6000.0
2025-08-14,Q4-2_fixed_strategy,60982.34563778918,55557.63850944252,0.0,0.0,5424.70712834666,1059.9969625833326,7471.336736916667,6000.0
2025-08-14,Q4-3_main,59085.0091150644,53856.98012517532,2820.947429788896,0.0,2407.0815601001786,466.3437091388886,6885.363400066863,6000.0
2025-08-14,Q4-3_no_adjust,62845.392881869186,53856.98012517532,0.0,0.0,8988.41275669386,1904.2349606944447,4802.83915086111,6000.0
2025-08-15,Q2_main,30467.23738928028,30467.23738928028,0.0,0.0,0.0,0.0,29296.48008333333,6000.0
2025-08-15,Q2_baseline,41597.75924396862,41564.0794379107,0.0,0.0,33.67980605791692,17.67718250000013,0.0,
2025-08-15,Q3_main,35282.42320671487,32170.749108850752,0.0,0.0,3111.6740978641174,797.6374919999984,32807.32308067421,6000.000000000001
2025-08-15,Q3_no_adjust,32170.749108850752,32170.749108850752,0.0,0.0,0.0,0.0,31468.552558166666,6000.0
2025-08-15,Q4-2_main,29078.60861302429,29078.60861302429,0.0,0.0,0.0,0.0,29296.48008333333,6000.0
2025-08-15,Q4-2_fixed_strategy,28953.385508197072,28953.385508197072,0.0,0.0,0.0,0.0,29296.48008333333,6000.0
2025-08-15,Q4-3_main,33358.094977400586,30349.529195574592,0.0,0.0,3008.5657818259915,606.6174714999985,32616.30306017421,6000.0
2025-08-15,Q4-3_no_adjust,30349.529195574592,30349.529195574592,0.0,0.0,0.0,0.0,31468.552558166666,6000.0
2025-08-16,Q2_main,30649.24991056196,30649.24991056196,0.0,0.0,0.0,0.0,29662.62217133333,6000.0
2025-08-16,Q2_baseline,41725.917326777664,41725.917326777664,0.0,0.0,0.0,0.0,0.0,
2025-08-16,Q3_main,36468.16710009677,33459.92155968916,0.0,0.0,3008.245540407609,705.9943739583347,33909.27771788684,6000.0
2025-08-16,Q3_no_adjust,33459.92155968916,33459.92155968916,0.0,0.0,0.0,0.0,32755.372901749997,6000.0
2025-08-16,Q4-2_main,29147.26029657171,29147.26029657171,0.0,0.0,0.0,0.0,29662.62217133333,6000.0
2025-08-16,Q4-2_fixed_strategy,29292.54795028833,29292.54795028833,0.0,0.0,0.0,0.0,29662.62217133333,6000.0
2025-08-16,Q4-3_main,34649.41587922009,31138.945664342173,0.0,0.0,3510.4702148779206,794.5660426250012,33997.849386553506,6000.0
2025-08-16,Q4-3_no_adjust,31138.945664342173,31138.945664342173,0.0,0.0,0.0,0.0,32755.372901749997,6000.0
2025-08-17,Q2_main,49605.51745390374,46710.55942492736,0.0,0.0,2894.958028976373,637.8247291666664,7564.382637500003,6000.0
2025-08-17,Q2_baseline,63668.289927867576,57315.18536631737,0.0,0.0,6353.104561550211,1507.7661083333337,0.0,
2025-08-17,Q3_main,51454.11387228994,47510.546437195335,542.0987938731747,0.0,3401.4686412214314,685.1733016944452,10300.04982381448,6000.0
2025-08-17,Q3_no_adjust,50786.9393449473,47510.546437195335,0.0,0.0,3276.392907751968,664.2876542499994,9664.083241333334,6000.0
2025-08-17,Q4-2_main,56874.62709078223,53630.902869058446,0.0,0.0,3243.724221723789,637.8247291666664,7564.382637500003,6000.0
2025-08-17,Q4-2_fixed_strategy,57080.502160489144,53836.77793876536,0.0,0.0,3243.724221723789,637.8247291666664,7564.382637500003,6000.0
2025-08-17,Q4-3_main,58788.093284123206,54312.90821646775,599.396044186593,0.0,3875.789023468862,666.5452066944451,10276.252606081282,6000.0
2025-08-17,Q4-3_no_adjust,58089.36310598609,54312.90821646775,0.0,0.0,3776.4548895183425,664.2876542499994,9664.083241333334,6000.0
2025-08-18,Q2_main,51598.23270293531,47227.31390349103,0.0,0.0,4370.918799444286,983.2216713333324,7383.417653083338,6000.0
2025-08-18,Q2_baseline,64580.060501088665,57995.31554067449,0.0,0.0,6584.744960414165,1566.4851291666662,0.0,
2025-08-18,Q3_main,50864.73673849374,46722.328193870926,480.2950471813466,0.0,3662.1134974414654,899.0738783888888,6441.583942932622,5999.999999999999
2025-08-18,Q3_no_adjust,49813.15323974012,46722.328193870926,0.0,0.0,3090.8250458691937,861.4279568333329,5607.772475250004,6000.0
2025-08-18,Q4-2_main,59314.679851847555,54214.72823067652,0.0,0.0,5099.951621171036,983.2216713333323,7383.417653083339,6000.0
2025-08-18,Q4-2_fixed_strategy,59478.92501744931,54378.97339627828,0.0,0.0,5099.951621171036,983.2216713333324,7383.417653083338,6000.0
2025-08-18,Q4-3_main,58229.91690077202,53829.47523910334,106.68577855841221,0.0,4293.755883110265,863.2726915694448,5912.811556613182,5999.999999999999
2025-08-18,Q4-3_no_adjust,57465.0717431037,53829.47523910334,0.0,0.0,3635.59650400036,861.4279568333329,5607.772475250005,6000.0
2025-08-19,Q2_main,50214.85785923698,46978.22816497028,0.0,0.0,3236.629694266705,815.7978124166654,6980.203652416665,6000.0
2025-08-19,Q2_baseline,62681.14470934563,57593.71259903604,0.0,0.0,5087.432110309587,1213.840319166667,0.0,
2025-08-19,Q3_main,50627.24692818728,45617.18628116495,424.0081571493797,0.0,4586.052489872959,1046.2791822222214,5150.746417900207,6000.0
2025-08-19,Q3_no_adjust,50672.932110667396,45617.18628116495,0.0,0.0,5055.745829502451,1397.7266218888858,4805.347040222222,6000.0
2025-08-19,Q4-2_main,57838.4235635187,54034.601499222495,0.0,0.0,3803.822064296205,815.7978124166655,6980.203652416665,6000.0
2025-08-19,Q4-2_fixed_strategy,58018.459627941156,54214.63756364495,0.0,0.0,3803.822064296204,815.7978124166654,6980.203652416665,6000.0
2025-08-19,Q4-3_main,59149.192118438325,52671.24176146457,1156.6650056032845,0.0,5321.285351370474,1034.258270055555,5902.874797223265,6000.0
2025-08-19,Q4-3_no_adjust,58472.74231548375,52671.24176146457,0.0,0.0,5801.500554019187,1397.7266218888858,4805.347040222222,6000.0
2025-08-20,Q2_main,60744.422501147645,47105.63168659477,0.0,0.0,13638.79081455288,3455.4180882500013,3309.794611500003,6000.0
2025-08-20,Q2_baseline,73465.82064093137,58192.394663872416,0.0,0.0,15273.425977058962,3344.3694108333334,0.0,
2025-08-20,Q3_main,56997.011627370586,50020.544928796924,1386.9271060685646,0.0,5589.539592505097,1294.0127591805556,8145.236670170092,6000.000000000001
2025-08-20,Q3_no_adjust,55505.74757936368,50020.544928796924,0.0,0.0,5485.2026505667545,1236.3599473333343,6573.990594333336,6000.0
2025-08-20,Q4-2_main,69440.99575254347,54706.897587985586,0.0,0.0,14734.098164557885,3455.4180882500013,3309.7946115000027,6000.0
2025-08-20,Q4-2_fixed_strategy,69715.22320077226,54981.12503621438,0.0,0.0,14734.098164557883,3455.4180882500013,3309.794611500003,6000.0
2025-08-20,Q4-3_main,65685.36305590674,57849.25085999392,1380.9426775710792,0.0,6455.169518341737,1278.532403763889,8129.7563147534265,6000.0
2025-08-20,Q4-3_no_adjust,63982.268236074604,57849.25085999392,0.0,0.0,6133.017376080686,1236.3599473333343,6573.990594333335,6000.0
2025-08-21,Q2_main,51165.48057278911,46567.17515315486,0.0,0.0,4598.305419634248,1213.0844599166658,5070.797957166669,6000.0
2025-08-21,Q2_baseline,61932.381874932165,57877.962673264876,0.0,0.0,4054.419201667286,920.1316466666652,0.0,
2025-08-21,Q3_main,51943.60532573886,47610.2252212101,1111.2637143567247,0.0,3222.1163901720365,743.3495361805558,8308.759030885807,6000.0
2025-08-21,Q3_no_adjust,49827.43431690207,47610.2252212101,0.0,0.0,2217.209095691972,502.9015236944444,6625.627302194446,6000.0
2025-08-21,Q4-2_main,58763.01586691788,53484.50541564788,0.0,0.0,5278.510451269998,1213.084459916666,5070.797957166669,6000.0
2025-08-21,Q4-2_fixed_strategy,58927.94808148305,53649.437630213055,0.0,0.0,5278.510451269998,1213.0844599166658,5070.797957166669,6000.0
2025-08-21,Q4-3_main,59362.86197691056,54492.5206442162,1087.753455730196,0.0,3782.5878769641567,788.0213001805562,8413.99195634414,6000.0
2025-08-21,Q4-3_no_adjust,57035.550364641706,54492.5206442162,0.0,0.0,2543.0297204255007,502.9015236944445,6625.627302194447,6000.0
2025-08-22,Q2_main,29796.618670312415,29767.326949887414,0.0,0.0,29.291720425000133,13.38132500000006,24259.907905916676,6000.0
2025-08-22,Q2_baseline,41531.99780128653,41372.44160869779,0.0,0.0,159.55619258874896,76.8192949999995,0.0,
2025-08-22,Q3_main,34884.67006140749,31027.792108815665,0.0,0.0,3856.8779525918235,818.7115725555535,26926.82492313906,6000.000000000004
2025-08-22,Q3_no_adjust,31063.9227116639,31027.792108815665,0.0,0.0,36.13060284823598,16.690186694444378,25663.451269351848,6000.0
2025-08-22,Q4-2_main,28506.071716622744,28474.505170947745,0.0,0.0,31.566545675000143,13.38132500000006,24259.907905916672,6000.0
2025-08-22,Q4-2_fixed_strategy,28583.637558099785,28552.071012424785,0.0,0.0,31.566545675000143,13.38132500000006,24259.907905916676,6000.0
2025-08-22,Q4-3_main,33681.334274052504,29385.01090526328,0.0,0.0,4296.323368789225,878.2470860555534,26986.360436639057,6000.000000000004
2025-08-22,Q4-3_no_adjust,29422.70778647592,29385.01090526328,0.0,0.0,37.69688121263871,16.69018669444432,25663.451269351848,6000.0
2025-08-23,Q2_main,29799.742626577725,29799.742626577725,0.0,0.0,0.0,0.0,22900.861526333334,6000.0
2025-08-23,Q2_baseline,41405.40279278817,41391.14556510796,0.0,0.0,14.257227680208247,7.679627083333287,0.0,
2025-08-23,Q3_main,33058.928374790805,29574.82088265045,0.0,0.0,3484.1074921403524,897.6129649999997,24667.064970189815,6000.0
2025-08-23,Q3_no_adjust,29754.90972174556,29574.82088265045,0.0,0.0,180.0888390951108,55.07643522222213,23172.51297980555,6000.0
2025-08-23,Q4-2_main,27905.852073068494,27905.852073068494,0.0,0.0,0.0,0.0,22900.861526333334,6000.0
2025-08-23,Q4-2_fixed_strategy,28118.695046298068,28118.695046298068,0.0,0.0,0.0,0.0,22900.861526333334,6000.0
2025-08-23,Q4-3_main,31509.668807352107,27768.67257076815,0.0,0.0,3740.996236583955,911.6847474999994,24681.136752689818,6000.0
2025-08-23,Q4-3_no_adjust,27905.95177207854,27768.67257076815,0.0,0.0,137.27920131038866,55.07643522222213,23172.51297980555,6000.0
2025-08-24,Q2_main,53038.16168064169,45243.14359617086,0.0,0.0,7795.018084470828,1841.8503334166655,5614.823069416669,6000.0
2025-08-24,Q2_baseline,68824.9645700285,56915.82420253162,0.0,0.0,11909.140367496873,2754.6376929166663,0.0,
2025-08-24,Q3_main,52072.48898831377,45861.44568770315,3978.5256699547513,0.0,2232.5176306558715,553.5890818888898,8037.593373940839,6000.0
2025-08-24,Q3_no_adjust,51478.99878717308,45861.44568770315,0.0,0.0,5617.553099469931,1399.7425254722225,4739.358719388892,6000.0
2025-08-24,Q4-2_main,60783.210658947966,52145.888256327686,0.0,0.0,8637.322402620284,1841.8503334166655,5614.823069416669,6000.0
2025-08-24,Q4-2_fixed_strategy,60942.86403099279,52305.5416283725,0.0,0.0,8637.322402620284,1841.8503334166655,5614.823069416669,6000.0
2025-08-24,Q4-3_main,59858.59250544252,53084.33151963451,4250.112350157488,0.0,2524.1486356505175,550.0292393888899,8251.860237899176,6000.0
2025-08-24,Q4-3_no_adjust,59179.38293780141,53084.33151963451,0.0,0.0,6095.051418166903,1399.7425254722223,4739.358719388891,6000.0
2025-08-25,Q2_main,65707.72558360631,45650.315984881236,0.0,0.0,20057.40959872507,5327.566419666663,2617.456537416668,6000.0
2025-08-25,Q2_baseline,72037.01844004037,57445.02976996205,0.0,0.0,14591.988670078326,3545.8580579166655,0.0,
2025-08-25,Q3_main,61752.035046463156,59029.39898106101,0.0,0.0,2722.6360654021482,714.227836013888,19568.4698261665,6000.000000000005
2025-08-25,Q3_no_adjust,60269.485247327364,59029.39898106101,0.0,0.0,1240.0862662663571,411.6963446388885,18282.110291138888,6000.0
2025-08-25,Q4-2_main,75432.44962959766,52809.09596951454,0.0,0.0,22623.353660083107,5327.566419666662,2617.456537416668,6000.0
2025-08-25,Q4-2_fixed_strategy,75577.6564609503,52954.30280086719,0.0,0.0,22623.353660083107,5327.566419666663,2617.456537416668,6000.0
2025-08-25,Q4-3_main,70207.9645004353,67040.05763890296,0.0,0.0,3167.9068615323276,725.2626353888878,19609.91762734054,6000.000000000003
2025-08-25,Q4-3_no_adjust,68514.76242498285,67040.05763890296,0.0,0.0,1474.7047860798964,411.6963446388879,18282.110291138888,6000.0
2025-08-26,Q2_main,52828.08610502459,46104.45614621088,0.0,0.0,6723.6299588137035,1652.2219025833324,4994.974697166668,6000.0
2025-08-26,Q2_baseline,66726.59451647749,57328.108831839374,0.0,0.0,9398.485684638126,2184.4389804166667,0.0,
2025-08-26,Q3_main,51319.776984754455,46387.40173547612,452.1547761361478,0.0,4480.220473142181,1175.8089076944443,3869.434340209181,6000.0
2025-08-26,Q3_no_adjust,55127.315953899306,46387.40173547612,0.0,0.0,8739.914218423179,2382.3532275,4474.897829166666,6000.0
2025-08-26,Q4-2_main,59896.63859264403,52618.02826627503,0.0,0.0,7278.610326368995,1652.2219025833322,4994.974697166667,6000.0
2025-08-26,Q4-2_fixed_strategy,59954.80619298822,52676.19586661922,0.0,0.0,7278.610326368995,1652.2219025833324,4994.974697166668,6000.0
2025-08-26,Q4-3_main,58726.559641076514,53242.7019795094,654.0647163650578,0.0,4829.792945202054,1168.817116527778,4238.101281542515,6000.0
2025-08-26,Q4-3_no_adjust,62640.03981415808,53242.7019795094,0.0,0.0,9397.33783464868,2382.3532275,4474.897829166666,6000.0
2025-08-27,Q2_main,53532.01858141402,46922.013127471146,0.0,0.0,6610.005453942877,1415.3472461666674,3753.9955710833347,6000.0
2025-08-27,Q2_baseline,69632.03208268058,58104.03354411622,0.0,0.0,11527.998538564381,2507.193736666668,0.0,
2025-08-27,Q3_main,52509.72219463494,46807.413489537794,3217.3339923722806,0.0,2484.97471272486,543.8737270452693,5454.921101861113,6000.000000000002
2025-08-27,Q3_no_adjust,62394.29300108449,46807.413489537794,0.0,0.0,15586.879511546693,4007.6588530277777,5016.225468777778,6000.0
2025-08-27,Q4-2_main,61070.07371361577,53665.7683530411,0.0,0.0,7404.30536057467,1415.3472461666674,3753.995571083334,6000.0
2025-08-27,Q4-2_fixed_strategy,61049.73986260333,53645.434502028664,0.0,0.0,7404.305360574669,1415.3472461666674,3753.9955710833347,6000.0
2025-08-27,Q4-3_main,59791.10073127009,53532.30704006209,3328.0234773217526,0.0,2930.770213886244,549.667011961934,5364.9378655277815,6000.000000000001
2025-08-27,Q4-3_no_adjust,71221.87463981292,53532.30704006209,0.0,0.0,17689.56759975083,4007.6588530277777,5016.225468777778,6000.0
2025-08-28,Q2_main,66240.64696215055,45928.53316697055,0.0,0.0,20312.113795179997,5303.152976833333,2857.252142666669,6000.0
2025-08-28,Q2_baseline,69922.75940018045,57647.34683612817,0.0,0.0,12275.412564052293,2853.6629900000003,0.0,
2025-08-28,Q3_main,58201.65887054071,45082.03907895021,5117.422800111486,0.0,8002.196991479016,2056.7043450972214,4175.087879750003,6000.000000000004
2025-08-28,Q3_no_adjust,67283.03357203072,45082.03907895021,0.0,0.0,22200.9944930805,5589.433056555556,2540.7614361388887,6000.0
2025-08-28,Q4-2_main,77426.00473040529,52704.65791312588,0.0,0.0,24721.346817279416,5303.152976833333,2857.252142666668,6000.0
2025-08-28,Q4-2_fixed_strategy,77439.74060322206,52718.393785942644,0.0,0.0,24721.346817279416,5303.152976833333,2857.252142666669,6000.0
2025-08-28,Q4-3_main,66896.15591219324,51831.177872572574,5578.261089266896,0.0,9486.716950353759,2026.5807953055548,4183.995729750002,6000.000000000004
2025-08-28,Q4-3_no_adjust,76739.59077125454,51831.177872572574,0.0,0.0,24908.41289868197,5589.433056555556,2540.7614361388883,6000.0
2025-08-29,Q2_main,30220.806525795142,30120.455637840267,0.0,0.0,100.3508879548757,24.93257558333351,23330.472008166667,6000.0
2025-08-29,Q2_baseline,42173.984697228916,41594.46415586475,0.0,0.0,579.5205413641671,149.7986329166668,0.0,
2025-08-29,Q3_main,36355.95221266472,32626.328458459368,0.0,0.0,3729.623754205352,934.5836229305567,28316.922413628945,5999.999999999999
2025-08-29,Q3_no_adjust,32626.328458459368,32626.328458459368,0.0,0.0,0.0,0.0,26769.042533,6000.0
2025-08-29,Q4-2_main,28646.912179629828,28568.021314890328,0.0,0.0,78.89086473950053,24.93257558333351,23330.472008166667,6000.0
2025-08-29,Q4-2_fixed_strategy,28572.265826681214,28493.374961941714,0.0,0.0,78.89086473950053,24.93257558333351,23330.472008166667,6000.0
2025-08-29,Q4-3_main,34495.843583942675,30580.87877920233,0.0,0.0,3914.9648047403443,889.7049386805563,28272.043729378944,5999.999999999999
2025-08-29,Q4-3_no_adjust,30580.87877920233,30580.87877920233,0.0,0.0,0.0,0.0,26769.042533,6000.0
2025-08-30,Q2_main,30131.976852873424,30122.49053904009,0.0,0.0,9.486313833333433,4.495883333333381,27305.899043749996,6000.0
2025-08-30,Q2_baseline,41627.75806337742,41569.41536866741,0.0,0.0,58.34269471000006,29.91346500000003,0.0,
2025-08-30,Q3_main,36670.61857715659,32105.665084371092,0.0,0.0,4564.953492785494,1115.4836869166654,31666.540419033434,6000.000000000001
2025-08-30,Q3_no_adjust,32115.151398204427,32105.665084371092,0.0,0.0,9.486313833333433,4.495883333333381,29923.09389775,6000.0
2025-08-30,Q4-2_main,28654.510046527295,28643.106238452296,0.0,0.0,11.403808075000121,4.495883333333381,27305.899043749996,6000.0
2025-08-30,Q4-2_fixed_strategy,28670.495042433573,28659.091234358573,0.0,0.0,11.403808075000121,4.495883333333381,27305.899043749996,6000.0
2025-08-30,Q4-3_main,35400.50709823938,30234.34291557826,0.0,0.0,5166.1641826611185,1151.474762583332,31702.531494700102,6000.000000000001
2025-08-30,Q4-3_no_adjust,30245.74672365326,30234.34291557826,0.0,0.0,11.403808075000121,4.495883333333381,29923.093897750005,6000.0
2025-08-31,Q2_main,58689.65856921824,45059.06765312061,0.0,0.0,13630.590916097632,3665.972923833334,3453.805772833334,6000.0
2025-08-31,Q2_baseline,67281.40212294208,57357.64091792499,0.0,0.0,9923.761205017083,2437.0288591666667,0.0,
2025-08-31,Q3_main,54197.183716630025,46091.262712274096,1060.9286281461782,0.0,7044.992376209756,1761.1929396250016,4150.462269458338,6000.000000000001
2025-08-31,Q3_no_adjust,60853.01135517769,46091.262712274096,0.0,0.0,14761.748642903594,3432.1441318055577,4336.091274138891,6000.0
2025-08-31,Q4-2_main,66024.6893952526,51189.44749746114,0.0,0.0,14835.241897791464,3665.972923833334,3453.8057728333333,6000.0
2025-08-31,Q4-2_fixed_strategy,66174.07096023712,51338.82906244565,0.0,0.0,14835.241897791464,3665.972923833334,3453.805772833334,6000.0
2025-08-31,Q4-3_main,61475.20239288276,52372.38432332524,1393.9417240510215,0.0,7708.876345506501,1767.1196700416683,4220.621995638891,6000.0
2025-08-31,Q4-3_no_adjust,67816.91370774209,52372.38432332524,0.0,0.0,15444.529384416848,3432.1441318055577,4336.091274138891,6000.0
2025-09-01,Q2_main,48564.15507862938,45778.51715124176,0.0,0.0,2785.637927387625,827.2751270000001,15263.932548250003,6000.0
2025-09-01,Q2_baseline,57634.3779782442,57453.18710559378,0.0,0.0,181.19087265041713,46.35274041666685,0.0,
2025-09-01,Q3_main,52643.58583038915,51058.106756281864,0.0,0.0,1585.4790741072884,328.47829219444384,25416.413533058472,6000.0
2025-09-01,Q3_no_adjust,51058.106756281864,51058.106756281864,0.0,0.0,0.0,0.0,23942.931660416667,6000.0
2025-09-01,Q4-2_main,49293.347160517544,46635.06177652342,0.0,0.0,2658.2853839941254,827.2751270000001,15263.932548250003,6000.0
2025-09-01,Q4-2_fixed_strategy,49408.78670941928,46750.50132542515,0.0,0.0,2658.2853839941254,827.2751270000001,15263.932548250003,6000.0
2025-09-01,Q4-3_main,53278.5037436982,51709.2980499441,0.0,0.0,1569.2056937541083,328.47829219444384,25416.41353305847,6000.0
2025-09-01,Q4-3_no_adjust,51709.2980499441,51709.2980499441,0.0,0.0,0.0,0.0,23942.931660416667,6000.0
2025-09-02,Q2_main,47871.81716285458,45531.02009230754,0.0,0.0,2340.797070547045,496.89459283333406,14117.789890166669,6000.0
2025-09-02,Q2_baseline,61511.99351563504,56882.79159421107,0.0,0.0,4629.201921423962,1033.244247083334,0.0,
2025-09-02,Q3_main,48350.98203473127,45084.685961022566,0.0,0.0,3266.2960737087033,656.5671111527798,14509.822787031548,6000.0
2025-09-02,Q3_no_adjust,45373.26187710394,45084.685961022566,0.0,0.0,288.57591608137227,71.83534008333268,13390.570902833335,6000.0
2025-09-02,Q4-2_main,48605.02152813281,46302.988145019684,0.0,0.0,2302.0333831131284,496.89459283333406,14117.789890166669,6000.0
2025-09-02,Q4-2_fixed_strategy,48719.96233694437,46417.928953831244,0.0,0.0,2302.0333831131284,496.89459283333406,14117.789890166669,6000.0
2025-09-02,Q4-3_main,49139.71518434145,45853.539031973974,0.0,0.0,3286.176152367474,656.5671111527798,14509.822787031546,6000.0
2025-09-02,Q4-3_no_adjust,46123.71122569789,45853.539031973974,0.0,0.0,270.17219372391406,71.83534008333268,13390.570902833335,6000.0
2025-09-03,Q2_main,44678.66695907492,44236.37273394409,0.0,0.0,442.29422513083335,120.7449159166666,10995.389366916666,6000.0
2025-09-03,Q2_baseline,57080.45281656887,55607.29881360533,0.0,0.0,1473.154002963542,376.4118058333334,0.0,
2025-09-03,Q3_main,47435.28554081938,46107.308483271554,313.7887405916304,0.0,1014.1883169561951,229.81942109722226,15256.610680892489,5999.999999999999
2025-09-03,Q3_no_adjust,46182.23008906734,46107.308483271554,0.0,0.0,74.92160579579202,17.9668039722223,14177.908466222221,6000.0
2025-09-03,Q4-2_main,46708.83365462568,46219.075597990515,0.0,0.0,489.75805663516667,120.7449159166666,10995.389366916666,6000.0
2025-09-03,Q4-2_fixed_strategy,47075.25330281857,46585.495246183404,0.0,0.0,489.75805663516667,120.7449159166666,10995.389366916666,6000.0
2025-09-03,Q4-3_main,49223.93323784818,48090.3628657842,205.20511205358284,0.0,928.3652600103967,213.8790864444446,15105.83166458419,6000.0
2025-09-03,Q4-3_no_adjust,48166.225470250545,48090.3628657842,0.0,0.0,75.86260446634759,17.9668039722223,14177.908466222223,6000.0
2025-09-04,Q2_main,44363.38660733536,43177.55086219415,0.0,0.0,1185.835745141209,282.81937441666696,11055.69466366667,6000.0
2025-09-04,Q2_baseline,58262.67994528354,54861.43999901478,0.0,0.0,3401.2399462687504,790.1748279166668,0.0,
2025-09-04,Q3_main,48200.56649681556,45287.44115217265,0.0,0.0,2913.1253446429096,687.2701663055556,14157.223060766464,6000.0
2025-09-04,Q3_no_adjust,45812.995592062136,45287.44115217265,0.0,0.0,525.5544398894878,105.16475211111137,13066.54317094445,6000.0
2025-09-04,Q4-2_main,45685.12345433379,44472.42506864379,0.0,0.0,1212.6983856900008,282.81937441666696,11055.69466366667,6000.0
2025-09-04,Q4-2_fixed_strategy,45591.11724328371,44378.41885759371,0.0,0.0,1212.6983856900008,282.81937441666696,11055.69466366667,6000.0
2025-09-04,Q4-3_main,49544.70021240901,46663.94594452596,276.1095686584033,0.0,2604.64469922464,555.1236859722228,14504.658965022463,6000.0
2025-09-04,Q4-3_no_adjust,47179.573444649046,46663.94594452596,0.0,0.0,515.6275001230848,105.16475211111137,13066.54317094445,6000.0
2025-09-05,Q2_main,27729.054502802413,27729.054502802413,0.0,0.0,0.0,0.0,35859.85163175,6000.0
2025-09-05,Q2_baseline,39329.25222250767,39329.25222250767,0.0,0.0,0.0,0.0,0.0,
2025-09-05,Q3_main,31415.202648087088,28767.65293559768,0.0,0.0,2647.5497124894073,676.0315876666646,38285.22587637139,6000.000000000002
2025-09-05,Q3_no_adjust,28818.813698794514,28767.65293559768,0.0,0.0,51.16076319683276,18.008012388888687,36899.56142872222,6000.0
2025-09-05,Q4-2_main,22797.586174361222,22797.586174361222,0.0,0.0,0.0,0.0,35859.85163175,6000.0
2025-09-05,Q4-2_fixed_strategy,22747.12703661999,22747.12703661999,0.0,0.0,0.0,0.0,35859.85163175,6000.0
2025-09-05,Q4-3_main,25724.837827488314,23539.66727919195,0.0,0.0,2185.170548296367,603.1825495833314,38212.37683828806,6000.000000000002
2025-09-05,Q4-3_no_adjust,23571.811581306116,23539.66727919195,0.0,0.0,32.14430211416631,18.008012388888687,36899.56142872222,6000.0
2025-09-06,Q2_main,27580.056023812016,27580.056023812016,0.0,0.0,0.0,0.0,34671.427950083336,6000.0
2025-09-06,Q2_baseline,39121.618045853254,39108.93801896575,0.0,0.0,12.680026887499775,3.5704437499999386,0.0,
2025-09-06,Q3_main,30066.515184135864,28601.860207872283,0.0,0.0,1464.6549762635802,456.9156379166657,37256.223670157065,6000.000000000001
2025-09-06,Q3_no_adjust,28601.860207872283,28601.860207872283,0.0,0.0,0.0,0.0,36073.33328508333,6000.0
2025-09-06,Q4-2_main,22712.746152968935,22712.746152968935,0.0,0.0,0.0,0.0,34671.427950083336,6000.0
2025-09-06,Q4-2_fixed_strategy,22692.565641258734,22692.565641258734,0.0,0.0,0.0,0.0,34671.427950083336,6000.0
2025-09-06,Q4-3_main,24677.066253175974,23448.016980606975,0.0,0.0,1229.0492725689978,412.9558763333326,37212.26390857373,6000.000000000001
2025-09-06,Q4-3_no_adjust,23448.016980606975,23448.016980606975,0.0,0.0,0.0,0.0,36073.33328508333,6000.0
2025-09-07,Q2_main,47407.505151696314,42595.45540572915,0.0,0.0,4812.049745967163,1141.0194114166661,9513.423469833335,6000.0
2025-09-07,Q2_baseline,58419.136526872324,54683.36994655087,0.0,0.0,3735.766580321456,716.5444087499995,0.0,
2025-09-07,Q3_main,46532.66652987431,42920.81473120913,1196.4246969702938,0.0,2415.4271016948824,519.3121892499987,11073.460654120037,6000.0
2025-09-07,Q3_no_adjust,46584.129882170586,42920.81473120913,0.0,0.0,3663.3151509614545,770.6791321111104,9547.779984277782,6000.0
2025-09-07,Q4-2_main,48418.42532108127,43561.03225742394,0.0,0.0,4857.39306365733,1141.0194114166661,9513.423469833335,6000.0
2025-09-07,Q4-2_fixed_strategy,48251.300551761036,43393.90748810371,0.0,0.0,4857.39306365733,1141.0194114166661,9513.423469833335,6000.0
2025-09-07,Q4-3_main,47552.41791124475,43918.488647160266,1181.188113051409,0.0,2452.7411510330767,519.3121892499987,11083.764314015954,6000.0
2025-09-07,Q4-3_no_adjust,47599.99624514663,43918.488647160266,0.0,0.0,3681.5075979863577,770.6791321111104,9547.77998427778,6000.0
2025-09-08,Q2_main,53279.07576967419,42214.80334502624,0.0,0.0,11064.272424647952,2604.159357999998,6302.585214416667,6000.0
2025-09-08,Q2_baseline,61692.21658725124,54071.75674536104,0.0,0.0,7620.459841890206,1878.6143620833327,0.0,
2025-09-08,Q3_main,49428.550204338135,46769.91412483575,2071.0542104615024,0.0,587.5818690408844,195.4617114583325,14155.93685507854,6000.0
2025-09-08,Q3_no_adjust,48540.04968509771,46769.91412483575,0.0,0.0,1770.135560261958,443.60861647222214,11918.358368722222,6000.0
2025-09-08,Q4-2_main,55454.77114744548,44110.05790900857,0.0,0.0,11344.71323843691,2604.159357999998,6302.585214416667,6000.0
2025-09-08,Q4-2_fixed_strategy,55187.0881522185,43842.37491378159,0.0,0.0,11344.71323843691,2604.159357999998,6302.585214416667,6000.0
2025-09-08,Q4-3_main,51365.12842597237,48587.06105700765,2255.031732853655,0.0,523.0356361110642,156.78837541666564,14117.263519036875,6000.0
2025-09-08,Q4-3_no_adjust,50401.348663358316,48587.06105700765,0.0,0.0,1814.2876063506658,443.608616472222,11918.358368722224,6000.0
2025-09-09,Q2_main,43577.97508179121,42466.15117687742,0.0,0.0,1111.8239049137956,268.3373725833342,10705.649068833334,6000.0
2025-09-09,Q2_baseline,58745.76483849688,54226.449347387286,0.0,0.0,4519.315491109588,1084.5808541666677,0.0,
2025-09-09,Q3_main,44035.62802924922,41043.924253580146,717.595900833998,0.0,2274.10787483508,503.1188053194468,8662.721740416335,6000.000000000002
2025-09-09,Q3_no_adjust,44898.05363190263,41043.924253580146,0.0,0.0,3854.1293783224846,1041.914567583333,8282.49097972222,6000.0
2025-09-09,Q4-2_main,45001.432138628894,43888.626383224015,0.0,0.0,1112.8057554048787,268.3373725833342,10705.649068833336,6000.0
2025-09-09,Q4-2_fixed_strategy,44909.98397123576,43797.17821583088,0.0,0.0,1112.8057554048787,268.3373725833342,10705.649068833334,6000.0
2025-09-09,Q4-3_main,45645.282658684,42777.98420667407,730.5145978962032,0.0,2136.7838541137326,503.1188053194468,8662.721740416338,6000.0
2025-09-09,Q4-3_no_adjust,46462.509654841844,42777.98420667407,0.0,0.0,3684.5254481677766,1041.914567583333,8282.49097972222,6000.0
2025-09-10,Q2_main,55937.267224567564,43138.59579945345,0.0,0.0,12798.671425114117,2931.0373788333313,6246.930443833334,6000.0
2025-09-10,Q2_baseline,65399.3143338042,54879.18135544461,0.0,0.0,10520.13297835958,2253.578440833332,0.0,
2025-09-10,Q3_main,53759.73613916385,47664.754428601664,3782.082906452007,0.0,2312.898804110176,479.6535398472226,15319.029420045263,6000.0
2025-09-10,Q3_no_adjust,47818.65100871208,47664.754428601664,0.0,0.0,153.89658011041598,40.80550624999984,11081.315166249999,6000.0
2025-09-10,Q4-2_main,58308.12144326088,44970.58249842264,0.0,0.0,13337.538944838243,2931.0373788333313,6246.930443833335,6000.0
2025-09-10,Q4-2_fixed_strategy,58413.37700082646,45075.83805598822,0.0,0.0,13337.538944838243,2931.0373788333313,6246.930443833334,6000.0
2025-09-10,Q4-3_main,55813.721487461764,49544.63951392773,3828.2388970193074,0.0,2440.8430765147245,479.6535398472226,15319.029420045263,6000.000000000001
2025-09-10,Q4-3_no_adjust,49699.60971730065,49544.63951392773,0.0,0.0,154.97020337291596,40.80550624999984,11081.31516625,6000.0
2025-09-11,Q2_main,44217.606300150524,42862.93872423902,0.0,0.0,1354.667575911499,253.96661124999986,11005.333211500003,6000.0
2025-09-11,Q2_baseline,59114.83001744721,54657.48336353866,0.0,0.0,4457.34665390854,925.0583204166667,0.0,
2025-09-11,Q3_main,49894.4742183361,47841.30859378553,0.0,0.0,2053.165624550571,388.83232850000024,19218.376309923864,6000.000000000001
2025-09-11,Q3_no_adjust,50569.65550950731,47841.30859378553,0.0,0.0,2728.3469157217874,503.65427172222144,18850.610371138893,6000.0
2025-09-11,Q4-2_main,45432.0730167404,43999.37541974728,0.0,0.0,1432.6975969931236,253.96661124999986,11005.333211500003,6000.0
2025-09-11,Q4-2_fixed_strategy,45596.879547961755,44164.18195096863,0.0,0.0,1432.6975969931236,253.96661124999986,11005.333211500003,6000.0
2025-09-11,Q4-3_main,50957.839484246855,48756.43577775029,0.0,0.0,2201.4037064965705,410.2182641666668,19239.762245590537,6000.000000000001
2025-09-11,Q4-3_no_adjust,51607.72946648549,48756.43577775029,0.0,0.0,2851.2936887352043,503.65427172222144,18850.61037113889,6000.0
2025-09-12,Q2_main,27060.200063678865,27032.598273405656,0.0,0.0,27.601790273207534,8.001678583333103,30107.700645749996,6000.0
2025-09-12,Q2_baseline,39531.84961723017,39187.7192239385,0.0,0.0,344.1303932916667,95.68570833333334,0.0,
2025-09-12,Q3_main,29443.99285856175,28432.073486091882,0.0,0.0,1011.9193724698675,337.2110097638889,33254.728467996225,6000.0
2025-09-12,Q3_no_adjust,28463.78458410959,28432.073486091882,0.0,0.0,31.711098017708412,14.210664583333369,32121.642382305552,6000.0
2025-09-12,Q4-2_main,22444.69416424265,22422.39748687019,0.0,0.0,22.296677372457694,8.001678583333103,30107.700645749996,6000.0
2025-09-12,Q4-2_fixed_strategy,22452.1299584978,22429.833281125342,0.0,0.0,22.296677372457694,8.001678583333103,30107.700645749996,6000.0
2025-09-12,Q4-3_main,24493.689890647147,23459.93451982428,0.0,0.0,1033.755370822867,370.3421699305554,33287.755926996906,6000.000000000001
2025-09-12,Q4-3_no_adjust,23472.12016470449,23459.93451982428,0.0,0.0,12.185644880208365,14.210664583333369,32121.642382305552,6000.0
2025-09-13,Q2_main,26968.623064009123,26968.623064009123,0.0,0.0,0.0,0.0,33501.741068,6000.0
2025-09-13,Q2_baseline,39035.95197251325,39035.95197251325,0.0,0.0,0.0,0.0,0.0,
2025-09-13,Q3_main,29004.536423026144,28203.377274376584,0.0,0.0,801.1591486495585,302.26267879166556,36407.63999352092,6000.000000000001
2025-09-13,Q3_no_adjust,28203.377274376584,28203.377274376584,0.0,0.0,0.0,0.0,35320.284644527776,6000.0
2025-09-13,Q4-2_main,22243.372260816766,22243.372260816766,0.0,0.0,0.0,0.0,33501.741068,6000.0
2025-09-13,Q4-2_fixed_strategy,22274.203970910265,22274.203970910265,0.0,0.0,0.0,0.0,33501.741068,6000.0
2025-09-13,Q4-3_main,23933.692057743643,23159.74728453919,0.0,0.0,773.9447732044551,341.9054023333324,36447.28271706258,6000.000000000001
2025-09-13,Q4-3_no_adjust,23159.74728453919,23159.74728453919,0.0,0.0,0.0,0.0,35320.284644527776,6000.0
2025-09-14,Q2_main,51615.45716293795,42479.880560343576,0.0,0.0,9135.576602594372,2262.765508083333,5528.617634083334,6000.0
2025-09-14,Q2_baseline,61634.123424317746,54906.55549838254,0.0,0.0,6727.567925935205,1384.7564033333324,0.0,
2025-09-14,Q3_main,52085.632737888474,50858.652348258445,731.6351021006349,0.0,495.34528752939264,164.6908153333327,17466.463283495883,6000.000000000001
2025-09-14,Q3_no_adjust,51074.41665185865,50858.652348258445,0.0,0.0,215.76430360020709,92.9550511666663,15815.918558833335,6000.0
2025-09-14,Q4-2_main,53478.889109084426,44275.708711362684,0.0,0.0,9203.180397721746,2262.765508083333,5528.617634083335,6000.0
2025-09-14,Q4-2_fixed_strategy,53577.93131369265,44374.7509159709,0.0,0.0,9203.180397721746,2262.765508083333,5528.617634083334,6000.0
2025-09-14,Q4-3_main,53700.54375151641,52441.018570847285,732.5612138997319,0.0,526.9639667693928,172.2532788749994,17469.21960208333,6000.000000000002
2025-09-14,Q4-3_no_adjust,52665.206869091744,52441.018570847285,0.0,0.0,224.188298244457,92.9550511666663,15815.918558833333,6000.0
2025-09-15,Q2_main,45023.31114877426,41315.911996090465,0.0,0.0,3707.39915268379,924.3369172499998,8473.583600166668,6000.0
2025-09-15,Q2_baseline,61543.96171849946,53099.65146698466,0.0,0.0,8444.310251514793,1965.4901225000003,0.0,
2025-09-15,Q3_main,42612.33426060663,39987.18328393795,610.2607728989353,0.0,2014.8902037697426,526.6504784444434,5392.082674575444,6000.0
2025-09-15,Q3_no_adjust,43657.842428080214,39987.18328393795,0.0,0.0,3670.659144142263,997.5495245277781,4998.093289333336,6000.0
2025-09-15,Q4-2_main,46646.91719831001,42772.01209601618,0.0,0.0,3874.90510229383,924.3369172499995,8473.583600166668,6000.0
2025-09-15,Q4-2_fixed_strategy,46703.64689912497,42828.74179683114,0.0,0.0,3874.905102293831,924.3369172499998,8473.583600166668,6000.0
2025-09-15,Q4-3_main,44448.939796239836,41916.28793526191,526.951545614123,0.0,2005.7003153637975,526.6504784444431,5392.082674575444,6000.0
2025-09-15,Q4-3_no_adjust,45427.031369888966,41916.28793526191,0.0,0.0,3510.743434627054,997.5495245277779,4998.093289333336,6000.0
2025-09-16,Q2_main,47291.758853028645,40040.58346793137,0.0,0.0,7251.175385097278,2405.7062643333297,2942.157622,6000.0
2025-09-16,Q2_baseline,59388.53742306716,53093.1600846832,0.0,0.0,6295.377338383955,1524.2057754166658,0.0,
2025-09-16,Q3_main,49233.919477749936,47475.33827625327,0.0,0.0,1758.581201496668,530.2544332916667,13613.37459628806,6000.000000000001
2025-09-16,Q3_no_adjust,48936.994145174394,47475.33827625327,0.0,0.0,1461.6558689211245,483.2627317499997,13109.19157775,6000.0
2025-09-16,Q4-2_main,49495.868218447715,42140.30636911344,0.0,0.0,7355.561849334277,2405.7062643333293,2942.1576220000006,6000.0
2025-09-16,Q4-2_fixed_strategy,49535.65369282057,42180.09184348629,0.0,0.0,7355.561849334277,2405.7062643333297,2942.157622,6000.0
2025-09-16,Q4-3_main,51526.40991891377,49773.193203749855,0.0,0.0,1753.2167151639173,502.2175166249998,13550.309341827497,6000.000000000001
2025-09-16,Q4-3_no_adjust,51306.51269504281,49773.193203749855,0.0,0.0,1533.319491292957,483.2627317499994,13109.191577750002,6000.0
2025-09-17,Q2_main,46057.41161403209,42351.122682109635,0.0,0.0,3706.2889319224582,886.3780383333333,4883.898324416668,6000.0
2025-09-17,Q2_baseline,59537.13315257328,54499.878688682875,0.0,0.0,5037.254463890416,1109.89755375,0.0,
2025-09-17,Q3_main,47191.36151961711,45856.88184098859,99.18979338760235,0.0,1235.2898852409094,383.82946305555515,9174.285816456275,6000.0
2025-09-17,Q3_no_adjust,47665.09750676719,45856.88184098859,0.0,0.0,1808.2156657785983,623.0477488611116,8946.806866194445,6000.0
2025-09-17,Q4-2_main,48007.6149631284,44141.01863123194,0.0,0.0,3866.596331896458,886.3780383333332,4883.8983244166675,6000.0
2025-09-17,Q4-2_fixed_strategy,47988.5485070548,44121.952175158345,0.0,0.0,3866.5963318964587,886.3780383333333,4883.898324416668,6000.0
2025-09-17,Q4-3_main,49073.63455298379,47684.77696349632,90.41919343834638,0.0,1298.4383960491248,370.1486707222218,9160.605024122946,6000.0
2025-09-17,Q4-3_no_adjust,49638.042985033986,47684.77696349632,0.0,0.0,1953.2660215376682,623.0477488611114,8946.806866194445,6000.0
2025-09-18,Q2_main,46357.28106417139,40537.40461448394,0.0,0.0,5819.876449687448,1281.5574645833317,3492.099816750001,6000.0
2025-09-18,Q2_baseline,61354.25227293274,53268.92179598191,0.0,0.0,8085.330476950832,1778.2789479166668,0.0,
2025-09-18,Q3_main,46964.32934352683,40379.796630710945,4052.942329062704,0.0,2531.5903837531773,553.5280470555551,6785.044690179014,6000.0
2025-09-18,Q3_no_adjust,50578.11813205074,40379.796630710945,0.0,0.0,10198.321501339793,2674.579518916665,3550.1958765,6000.0
2025-09-18,Q4-2_main,47665.10282803505,41692.78220482585,0.0,0.0,5972.320623209199,1281.5574645833317,3492.099816750001,6000.0
2025-09-18,Q4-2_fixed_strategy,47500.94099106603,41528.620367856834,0.0,0.0,5972.320623209198,1281.5574645833317,3492.099816750001,6000.0
2025-09-18,Q4-3_main,47960.821698137835,41697.771171515924,3688.474375456332,0.0,2574.576151165581,531.6099933055555,6763.126636429013,6000.0
2025-09-18,Q4-3_no_adjust,51618.523538546564,41697.771171515924,0.0,0.0,9920.752367030644,2674.579518916665,3550.1958765,6000.0
2025-09-19,Q2_main,24761.4642051772,24761.4642051772,0.0,0.0,0.0,0.0,22563.30149783333,6000.0
2025-09-19,Q2_baseline,37817.05955789183,37817.05955789183,0.0,0.0,0.0,0.0,0.0,
2025-09-19,Q3_main,29062.921601930262,26307.47467520197,0.0,0.0,2755.4469267282925,701.7327562500005,25805.850476399177,6000.0
2025-09-19,Q3_no_adjust,26307.47467520197,26307.47467520197,0.0,0.0,0.0,0.0,24474.976294166663,6000.0
2025-09-19,Q4-2_main,20587.6650927063,20587.6650927063,0.0,0.0,0.0,0.0,22563.30149783333,6000.0
2025-09-19,Q4-2_fixed_strategy,20664.32417096554,20664.32417096554,0.0,0.0,0.0,0.0,22563.30149783333,6000.0
2025-09-19,Q4-3_main,24085.546773676313,21765.242706480312,0.0,0.0,2320.3040671960007,644.1918050833335,25748.309525232507,6000.0
2025-09-19,Q4-3_no_adjust,21765.242706480312,21765.242706480312,0.0,0.0,0.0,0.0,24474.976294166663,6000.0
2025-09-20,Q2_main,24673.06477500271,24655.475043973085,0.0,0.0,17.589731029625337,8.048378416666822,22847.64921158333,6000.0
2025-09-20,Q2_baseline,38195.025615484585,37681.58521537646,0.0,0.0,513.4404001081255,133.69184916666677,0.0,
2025-09-20,Q3_main,30786.086954742754,26669.6247170441,0.0,0.0,4116.4622376986545,941.8701581666644,27090.009334761315,6000.000000000002
2025-09-20,Q3_no_adjust,26687.214448073722,26669.6247170441,0.0,0.0,17.589731029625337,8.048378416666822,25507.71896466666,6000.0
2025-09-20,Q4-2_main,20158.38169690546,20142.111899936168,0.0,0.0,16.26979696929198,8.048378416666822,22847.64921158333,6000.0
2025-09-20,Q4-2_fixed_strategy,20071.16503023879,20054.895233269497,0.0,0.0,16.26979696929198,8.048378416666822,22847.64921158333,6000.0
2025-09-20,Q4-3_main,24885.22304587862,21666.337786327465,0.0,0.0,3218.8852595511567,731.0594901666648,26879.198666761316,6000.000000000002
2025-09-20,Q4-3_no_adjust,21682.607583296758,21666.337786327465,0.0,0.0,16.26979696929198,8.048378416666822,25507.71896466666,6000.0
2025-09-21,Q2_main,44334.53017044337,41291.22442323442,0.0,0.0,3043.3057472089577,977.2708975833336,5238.474278166667,6000.0
2025-09-21,Q2_baseline,57928.398973641335,53692.714854076534,0.0,0.0,4235.684119564793,996.4443387500004,0.0,
2025-09-21,Q3_main,46159.74487063182,44571.817492720154,0.0,0.0,1587.9273779116602,442.5246693194447,9935.311279921472,6000.0
2025-09-21,Q3_no_adjust,45696.65415721028,44571.817492720154,0.0,0.0,1124.8366644901225,374.8375199166664,9447.671616333333,6000.0
2025-09-21,Q4-2_main,46577.11336437201,43336.33321681884,0.0,0.0,3240.780147553167,977.2708975833336,5238.474278166667,6000.0
2025-09-21,Q4-2_fixed_strategy,46548.949999361255,43308.16985180809,0.0,0.0,3240.780147553167,977.2708975833336,5238.474278166667,6000.0
2025-09-21,Q4-3_main,48247.37421458308,46690.14864710672,0.0,0.0,1557.2255674763546,418.51160327777814,9911.298213879807,6000.0
2025-09-21,Q4-3_no_adjust,47843.96394197067,46690.14864710672,0.0,0.0,1153.815294863956,374.8375199166666,9447.671616333333,6000.0
2025-09-22,Q2_main,50269.14066918473,39384.04951233894,0.0,0.0,10885.091156845787,2896.7680965833324,2549.440954666668,6000.0
2025-09-22,Q2_baseline,64725.11008618174,51829.08929421591,0.0,0.0,12896.020791965833,3014.756785,0.0,
2025-09-22,Q3_main,52297.42663838044,44972.82460133258,169.08977351220767,0.0,7155.512263535658,2050.160541402774,9925.422914187246,6000.0
2025-09-22,Q3_no_adjust,51344.493771726615,44972.82460133258,0.0,0.0,6371.66917039404,1886.9257846666655,9368.498189000002,6000.0
2025-09-22,Q4-2_main,53139.38654297938,41673.75348201188,0.0,0.0,11465.633060967495,2896.7680965833324,2549.4409546666684,6000.0
2025-09-22,Q4-2_fixed_strategy,53125.26344433382,41659.63038336632,0.0,0.0,11465.633060967495,2896.7680965833324,2549.440954666668,6000.0
2025-09-22,Q4-3_main,55030.22079172842,47404.807925754474,167.87592157375,0.0,7457.536944400193,2054.0808872361104,9917.904439326136,6000.000000000002
2025-09-22,Q4-3_no_adjust,53971.85143608539,47404.807925754474,0.0,0.0,6567.043510330915,1886.925784666666,9368.498189000002,6000.0
2025-09-23,Q2_main,56667.55785147428,38769.634858972626,0.0,0.0,17897.92299250166,4231.235092499997,919.4569997499997,6000.0
2025-09-23,Q2_baseline,68277.83723580992,52111.36482247658,0.0,0.0,16166.472413333337,3633.2937900000006,0.0,
2025-09-23,Q3_main,51011.59944532582,43903.71223119652,0.0,0.0,7107.887214129298,1689.6155568827207,6093.944706858367,6000.0
2025-09-23,Q3_no_adjust,50441.327715947606,43903.71223119652,0.0,0.0,6537.615484751084,1576.9512308333333,5873.4699897499995,6000.0
2025-09-23,Q4-2_main,59231.52822462831,40657.65577908694,0.0,0.0,18573.87244554137,4231.235092499997,919.4569997499995,6000.0
2025-09-23,Q4-2_fixed_strategy,59237.2069725361,40663.33452699473,0.0,0.0,18573.87244554137,4231.235092499997,919.4569997499997,6000.0
2025-09-23,Q4-3_main,53384.07039502484,46043.83145554949,0.0,0.0,7340.238939475356,1689.615556882713,6093.9447068583595,6000.000000000001
2025-09-23,Q4-3_no_adjust,52794.43264271249,46043.83145554949,0.0,0.0,6750.601187163,1576.9512308333328,5873.4699897499995,6000.0
2025-09-24,Q2_main,50219.030603382234,40290.43959774366,0.0,0.0,9928.591005638576,2949.205079333332,3195.5306635833363,6000.0
2025-09-24,Q2_baseline,63555.221583090286,52795.221071168,0.0,0.0,10760.00051192229,2519.1769374999994,0.0,
2025-09-24,Q3_main,49487.25313770493,38485.13173814653,5516.240162742959,0.0,5485.881236815445,1660.3673482638878,4138.889988347225,6000.000000000001
2025-09-24,Q3_no_adjust,57998.501678781286,38485.13173814653,0.0,0.0,19513.36994063476,6258.65951325,2182.5349358055573,6000.0
2025-09-24,Q4-2_main,52612.87391676595,42233.96579126591,0.0,0.0,10378.908125500038,2949.2050793333324,3195.5306635833363,6000.0
2025-09-24,Q4-2_fixed_strategy,52340.86841563809,41961.96029013806,0.0,0.0,10378.908125500036,2949.205079333332,3195.5306635833363,6000.0
2025-09-24,Q4-3_main,51828.97145342766,40419.940977316364,5714.921358478869,0.0,5694.109117632424,1660.3673482638878,4138.889988347226,6000.0
2025-09-24,Q4-3_no_adjust,60045.18215966753,40419.940977316364,0.0,0.0,19625.241182351165,6258.65951325,2182.534935805558,6000.0
2025-09-25,Q2_main,50989.61923776139,39529.65860187256,0.0,0.0,11459.960635888838,3104.215172833334,2706.3738360833345,6000.0
2025-09-25,Q2_baseline,65419.63321302963,52438.9299873967,0.0,0.0,12980.703225632922,3170.757766250001,0.0,
2025-09-25,Q3_main,51882.047639341006,41873.10539703,2454.17406666445,0.0,7554.768175646559,2126.43846052778,7640.383148279333,6000.0
2025-09-25,Q3_no_adjust,51935.64106452257,41873.10539703,0.0,0.0,10062.53566749257,2682.1198813611113,5515.87046836111,6000.0
2025-09-25,Q4-2_main,53167.343381355604,41155.76507806439,0.0,0.0,12011.578303291211,3104.215172833334,2706.373836083335,6000.0
2025-09-25,Q4-2_fixed_strategy,53214.84822476459,41203.26992147338,0.0,0.0,12011.578303291211,3104.215172833334,2706.3738360833345,6000.0
2025-09-25,Q4-3_main,53870.49968296932,43595.81524877075,2311.19188414875,0.0,7963.492550049821,2145.49784426235,7659.442532013894,6000.000000000002
2025-09-25,Q4-3_no_adjust,53879.850081869205,43595.81524877075,0.0,0.0,10284.034833098458,2682.119881361111,5515.87046836111,6000.0
2025-09-26,Q2_main,23251.64627787526,23251.64627787526,0.0,0.0,0.0,0.0,19251.68580341667,6000.0
2025-09-26,Q2_baseline,36572.013263260116,36572.013263260116,0.0,0.0,0.0,0.0,0.0,
2025-09-26,Q3_main,33671.479758902715,26305.801768242025,0.0,0.0,7365.677990660689,1615.7241713333337,26227.6255669784,6000.000000000002
2025-09-26,Q3_no_adjust,26305.801768242025,26305.801768242025,0.0,0.0,0.0,0.0,23870.85315241667,6000.0
2025-09-26,Q4-2_main,18864.889137218284,18864.889137218284,0.0,0.0,0.0,0.0,19251.68580341667,6000.0
2025-09-26,Q4-2_fixed_strategy,18758.660701194138,18758.660701194138,0.0,0.0,0.0,0.0,19251.68580341667,6000.0
2025-09-26,Q4-3_main,26886.351257656883,21023.282393698402,0.0,0.0,5863.06886395848,1482.8074347083334,26084.21714402109,6000.000000000002
2025-09-26,Q4-3_no_adjust,21023.282393698402,21023.282393698402,0.0,0.0,0.0,0.0,23870.85315241667,6000.0
2025-09-27,Q2_main,23806.04096944117,23375.479347259294,0.0,0.0,430.5616221818741,181.21041316666629,19413.003935166664,6000.0
2025-09-27,Q2_baseline,36709.650987886576,36676.506218001996,0.0,0.0,33.1447698845831,9.03673458333327,0.0,
2025-09-27,Q3_main,32618.134087116843,24284.563460890782,0.0,0.0,8333.570626226061,1882.1857300000001,22803.506145464504,6000.000000000001
2025-09-27,Q3_no_adjust,26771.592874395865,24284.563460890782,0.0,0.0,2487.029413505082,721.6634657777772,21097.793308194443,6000.0
2025-09-27,Q4-2_main,19872.20334232405,19522.963433223216,0.0,0.0,349.2399091008332,181.2104131666664,19413.003935166664,6000.0
2025-09-27,Q4-2_fixed_strategy,19822.956600190548,19473.716691089714,0.0,0.0,349.23990910083296,181.21041316666629,19413.003935166664,6000.0
2025-09-27,Q4-3_main,27451.898723758306,20229.426308724203,0.0,0.0,7222.472415034102,1741.5836272916667,22662.904042756174,6000.0
2025-09-27,Q4-3_no_adjust,22038.70085395273,20229.426308724203,0.0,0.0,1809.2745452285271,721.6634657777774,21097.793308194443,6000.0
2025-09-28,Q2_main,55443.424981000615,39739.390822569956,0.0,0.0,15704.034158430655,3813.788014416664,1049.3200690833346,6000.0
2025-09-28,Q2_baseline,68620.93933226605,52106.343442675614,0.0,0.0,16514.59588959042,3728.56769875,0.0,
2025-09-28,Q3_main,51694.8048901783,41996.77591184548,3990.0112376544403,0.0,5708.017740678374,1653.8090625138873,6154.450403800927,6000.0
2025-09-28,Q3_no_adjust,51156.35260881205,41996.77591184548,0.0,0.0,9159.576696966571,2564.972158777775,2709.926579694445,6000.0
2025-09-28,Q4-2_main,58009.301117236435,41856.33777777149,0.0,0.0,16152.963339464946,3813.7880144166647,1049.3200690833348,6000.0
2025-09-28,Q4-2_fixed_strategy,58043.42052263989,41890.45718317494,0.0,0.0,16152.963339464946,3813.788014416664,1049.3200690833346,6000.0
2025-09-28,Q4-3_main,54432.67052532571,44341.74013939075,4206.309865443165,0.0,5884.620520491797,1647.9605600138875,6148.601901300928,6000.0
2025-09-28,Q4-3_no_adjust,53689.3487258182,44341.74013939075,0.0,0.0,9347.608586427446,2564.9721587777753,2709.926579694445,6000.0
2025-09-29,Q2_main,53159.49341621195,40009.34079012433,0.0,0.0,13150.152626087618,3254.446570249999,1641.3985605833348,6000.0
2025-09-29,Q2_baseline,67994.73990949284,52315.89838104054,0.0,0.0,15678.841528452296,3547.1481329166677,0.0,
2025-09-29,Q3_main,53424.465182440006,44201.091195911504,1284.4344082564878,0.0,7938.939578272017,2099.6731600416647,7545.0698024713665,5999.999999999999
2025-09-29,Q3_no_adjust,52570.60190904917,44201.091195911504,0.0,0.0,8369.510713137663,2206.6281948333326,6134.236360166667,6000.0
2025-09-29,Q4-2_main,55854.49383399106,42197.79593822532,0.0,0.0,13656.697895765741,3254.446570249999,1641.398560583335,6000.0
2025-09-29,Q4-2_fixed_strategy,55621.668977241774,41964.97108147603,0.0,0.0,13656.697895765741,3254.446570249999,1641.3985605833348,6000.0
2025-09-29,Q4-3_main,56161.644171307664,46644.9036448472,1356.2192142667373,0.0,8160.52131219373,2099.6731600416642,7545.792187553672,6000.000000000002
2025-09-29,Q4-3_no_adjust,55224.450434926686,46644.9036448472,0.0,0.0,8579.546790079481,2206.6281948333326,6134.2363601666675,6000.0
2025-09-30,Q2_main,59867.28985228836,40598.087153618115,0.0,0.0,19269.20269867025,4650.181061416666,839.4831932500014,6000.0
2025-09-30,Q2_baseline,74458.34002702194,52753.516943472576,0.0,0.0,21704.823083549374,4877.85663375,0.0,
2025-09-30,Q3_main,53003.53499687481,44162.84435068522,2971.335188482557,0.0,5869.355457707037,1664.3697086527777,4966.267673819443,6000.0
2025-09-30,Q3_no_adjust,59255.53546902987,44162.84435068522,0.0,0.0,15092.691118344654,4334.952360166667,4683.1331119999995,6000.0
2025-09-30,Q4-2_main,62645.34107985653,42514.20063328311,0.0,0.0,20131.14044657342,4650.181061416666,839.4831932500014,6000.0
2025-09-30,Q4-2_fixed_strategy,62504.70522484702,42373.564778273605,0.0,0.0,20131.140446573416,4650.181061416666,839.4831932500014,6000.0
2025-09-30,Q4-3_main,55492.23739565219,46446.439633899616,3071.243463011231,0.0,5974.554298741344,1664.3697086527786,4952.34727923611,6000.0
2025-09-30,Q4-3_no_adjust,62132.966942319494,46446.439633899616,0.0,0.0,15686.527308419876,4334.952360166667,4683.133112,6000.0
2025-10-01,Q2_main,42887.79245141962,42077.959409532705,0.0,0.0,809.8330418869139,368.5945826666655,14774.672793083337,6000.0
2025-10-01,Q2_baseline,54712.34551485907,53206.038786829915,0.0,0.0,1506.3067280291618,442.03587124999893,0.0,
2025-10-01,Q3_main,42392.24789325826,41419.81692345128,131.22956445764342,0.0,841.2014053493324,377.9150849999995,13979.292894297323,6000.000000000001
2025-10-01,Q3_no_adjust,42229.3339486532,41419.81692345128,0.0,0.0,809.5170252019143,368.4517401666657,13789.362214750001,6000.0
2025-10-01,Q4-2_main,42873.1464077929,42066.29368579565,0.0,0.0,806.8527219972468,368.59458266666536,14774.672793083333,6000.0
2025-10-01,Q4-2_fixed_strategy,42601.96406987666,41795.111347879414,0.0,0.0,806.8527219972472,368.5945826666655,14774.672793083337,6000.0
2025-10-01,Q4-3_main,42374.98442437949,41429.475495467464,133.7121796901894,0.0,811.7967492218307,370.9185087083323,13972.296318005661,6000.000000000003
2025-10-01,Q4-3_no_adjust,42236.00076031575,41429.475495467464,0.0,0.0,806.5252648482889,368.45174016666556,13789.362214750001,6000.0
2025-10-02,Q2_main,41830.09310521099,40854.08624974024,0.0,0.0,976.0068554707493,435.474090833333,10780.291771083332,6000.0
2025-10-02,Q2_baseline,55684.32990693912,52476.61747986558,0.0,0.0,3207.712427073544,875.2376612500003,0.0,
2025-10-02,Q3_main,47184.84360175097,46223.78350470279,51.26362278221869,0.0,909.7964742659567,419.7044591666661,19015.9077274417,6000.000000000003
2025-10-02,Q3_no_adjust,47135.18242871875,46223.78350470279,0.0,0.0,911.3989240159568,420.5349591666661,18342.177696500003,6000.0
2025-10-02,Q4-2_main,41765.25569628568,40788.99246234135,0.0,0.0,976.2632339443326,435.4740908333331,10780.291771083332,6000.0
2025-10-02,Q4-2_fixed_strategy,41709.291241598425,40733.028007654095,0.0,0.0,976.2632339443326,435.474090833333,10780.291771083332,6000.0
2025-10-02,Q4-3_main,46813.16989058393,45859.91392714521,50.50858582459236,0.0,902.7473776141234,419.7044591666662,19005.671338766464,6000.000000000001
2025-10-02,Q4-3_no_adjust,46764.37504150933,45859.91392714521,0.0,0.0,904.4611143641234,420.5349591666662,18342.177696500003,6000.0
2025-10-03,Q2_main,23236.181342135034,23236.181342135034,0.0,0.0,0.0,0.0,29572.487866083327,6000.0
2025-10-03,Q2_baseline,35808.818800085166,35808.818800085166,0.0,0.0,0.0,0.0,0.0,
2025-10-03,Q3_main,25392.772276135605,22835.8833371249,0.0,0.0,2556.888939010705,714.657332916666,30330.016518846707,6000.000000000001
2025-10-03,Q3_no_adjust,22835.8833371249,22835.8833371249,0.0,0.0,0.0,0.0,29003.358946083332,6000.0
2025-10-03,Q4-2_main,17957.19571839614,17957.19571839614,0.0,0.0,0.0,0.0,29572.487866083327,6000.0
2025-10-03,Q4-2_fixed_strategy,17878.808840060556,17878.808840060556,0.0,0.0,0.0,0.0,29572.487866083327,6000.0
2025-10-03,Q4-3_main,19530.412098170695,17685.935845158237,0.0,0.0,1844.4762530124565,630.8590054999996,30230.25639784568,6000.000000000001
2025-10-03,Q4-3_no_adjust,17685.935845158237,17685.935845158237,0.0,0.0,0.0,0.0,29003.358946083332,6000.0
2025-10-04,Q2_main,23596.889335722153,23596.889335722153,0.0,0.0,0.0,0.0,24728.491184416667,6000.0
2025-10-04,Q2_baseline,36188.19264808375,36188.19264808375,0.0,0.0,0.0,0.0,0.0,
2025-10-04,Q3_main,29400.96167396098,26863.967545812575,0.0,0.0,2536.9941281484066,792.845434499998,32684.517360060694,6000.0
2025-10-04,Q3_no_adjust,26863.967545812575,26863.967545812575,0.0,0.0,0.0,0.0,30942.580175249997,6000.0
2025-10-04,Q4-2_main,18772.59200269449,18772.59200269449,0.0,0.0,0.0,0.0,24728.491184416667,6000.0
2025-10-04,Q4-2_fixed_strategy,18742.23944561011,18742.23944561011,0.0,0.0,0.0,0.0,24728.491184416667,6000.0
2025-10-04,Q4-3_main,22509.909675150615,20786.223148731,0.0,0.0,1723.6865264196176,620.8460689999985,32541.109273746908,6000.0
2025-10-04,Q4-3_no_adjust,20786.223148731,20786.223148731,0.0,0.0,0.0,0.0,30942.580175249997,6000.0
2025-10-05,Q2_main,41860.31695452563,40698.66207072326,0.0,0.0,1161.6548838023741,498.4836287499995,8215.96633441667,6000.0
2025-10-05,Q2_baseline,56083.25509679004,51790.60206558234,0.0,0.0,4292.653031207708,1197.292629583333,0.0,
2025-10-05,Q3_main,47161.51876149074,44801.836303237564,1201.8171276859302,0.0,1157.8653305672483,494.5599370833328,15934.554333326303,6000.000000000002
2025-10-05,Q3_no_adjust,45959.14665129932,44801.836303237564,0.0,0.0,1157.3103480617608,494.33573980555457,14337.972790472224,6000.0
2025-10-05,Q4-2_main,42369.8953937185,41145.27729848017,0.0,0.0,1224.6180952383327,498.48362874999964,8215.96633441667,6000.0
2025-10-05,Q4-2_fixed_strategy,42198.874130971686,40974.25603573336,0.0,0.0,1224.6180952383327,498.4836287499995,8215.96633441667,6000.0
2025-10-05,Q4-3_main,47494.21487263625,45040.39551860606,1229.425533662521,0.0,1224.3938203676644,494.55993708333256,15893.92784217198,6000.0
2025-10-05,Q4-3_no_adjust,46263.791035784896,45040.39551860606,0.0,0.0,1223.3955171788302,494.3357398055547,14337.972790472224,6000.0
2025-10-06,Q2_main,41908.55223025708,40708.259871203256,0.0,0.0,1200.29235905383,423.771782499999,4981.5097196666675,6000.0
2025-10-06,Q2_baseline,57057.20707103296,52175.86356139816,0.0,0.0,4881.343509634791,1175.1686804166663,0.0,
2025-10-06,Q3_main,43642.02097415691,38422.96051658365,3917.699438218742,0.0,1301.3610193545273,442.6198993749999,5056.9183421589505,6000.000000000001
2025-10-06,Q3_no_adjust,50253.11343238754,38422.96051658365,0.0,0.0,11830.15291580389,3447.666148916666,3113.1041633333357,6000.0
2025-10-06,Q4-2_main,43226.07500349355,42017.73596952268,0.0,0.0,1208.3390339708717,423.7717824999989,4981.5097196666675,6000.0
2025-10-06,Q4-2_fixed_strategy,42985.13309471222,41776.79406074135,0.0,0.0,1208.339033970872,423.771782499999,4981.5097196666675,6000.0
2025-10-06,Q4-3_main,45061.29751560962,39758.80368402424,3998.975553893981,0.0,1303.518277691402,440.59816854166644,5054.896611325618,6000.0
2025-10-06,Q4-3_no_adjust,51275.89140754759,39758.80368402424,0.0,0.0,11517.087723523346,3447.666148916666,3113.104163333336,6000.0
2025-10-07,Q2_main,42532.36027220181,40802.54283706531,0.0,0.0,1729.817435136503,496.44628916666744,5045.0199879166685,6000.0
2025-10-07,Q2_baseline,61057.046109766874,52311.65267705041,0.0,0.0,8745.393432716459,1948.4176470833331,0.0,
2025-10-07,Q3_main,44039.6635496396,40824.39367203884,2625.5497275601556,0.0,589.7201500405981,268.272941819445,7287.2239467817235,6000.0
2025-10-07,Q3_no_adjust,42770.72865229178,40824.39367203884,0.0,0.0,1946.3349802529433,616.8587498055556,5282.531130638892,6000.0
2025-10-07,Q4-2_main,43414.22689779192,41584.83641351346,0.0,0.0,1829.3904842784623,496.4462891666678,5045.019987916669,6000.0
2025-10-07,Q4-2_fixed_strategy,43342.12788957981,41512.73740530135,0.0,0.0,1829.3904842784616,496.44628916666744,5045.0199879166685,6000.0
2025-10-07,Q4-3_main,44826.53118394671,41535.56832694674,2669.2776766319244,0.0,621.6851803680502,268.27294181944524,7287.223946781727,6000.0
2025-10-07,Q4-3_no_adjust,43574.42157149649,41535.56832694674,0.0,0.0,2038.85324454975,616.8587498055558,5282.531130638892,6000.0
2025-10-08,Q2_main,41937.06222772393,40109.332263073346,0.0,0.0,1827.729964650583,663.0925842500005,5651.205127916668,6000.0
2025-10-08,Q2_baseline,58173.49550807162,51736.277335207036,0.0,0.0,6437.218172864581,1576.6744866666663,0.0,
2025-10-08,Q3_main,41171.33080096413,39303.75932542198,1315.7894929601862,0.0,551.781982581964,211.12555443055555,5013.674032657409,6000.000000000004
2025-10-08,Q3_no_adjust,41231.27919183127,39303.75932542198,0.0,0.0,1927.5198664092861,493.1744043333325,3964.0220255000004,6000.0
2025-10-08,Q4-2_main,42971.311278610934,41073.627909026975,0.0,0.0,1897.6833695839578,663.0925842500004,5651.205127916668,6000.0
2025-10-08,Q4-2_fixed_strategy,42829.206197413514,40931.522827829554,0.0,0.0,1897.683369583958,663.0925842500005,5651.205127916668,6000.0
2025-10-08,Q4-3_main,42179.1090302879,40221.240987260826,1380.828259614465,0.0,577.0397834126095,211.12555443055544,5013.674032657411,6000.0
2025-10-08,Q4-3_no_adjust,42059.31269001707,40221.240987260826,0.0,0.0,1838.0717027562441,493.1744043333324,3964.0220255000004,6000.0
2025-10-09,Q2_main,40954.362148295004,39186.9090630793,0.0,0.0,1767.453085215704,541.8323725833322,4516.169340250002,6000.0
2025-10-09,Q2_baseline,59892.439632057336,51458.13749548275,0.0,0.0,8434.302136574584,2033.3142224999997,0.0,
2025-10-09,Q3_main,46432.22346169046,45619.79187177452,3.7252612109999808,0.0,808.7063287049423,265.96602931944415,14629.392982330766,6000.000000000001
2025-10-09,Q3_no_adjust,46229.168664838726,45619.79187177452,0.0,0.0,609.3767930642059,225.50272191666625,14084.541319166667,6000.0
2025-10-09,Q4-2_main,41522.52976559894,39703.96961786253,0.0,0.0,1818.5601477364125,541.8323725833325,4516.169340250001,6000.0
2025-10-09,Q4-2_fixed_strategy,41653.58537775226,39835.025230015846,0.0,0.0,1818.560147736412,541.8323725833322,4516.169340250002,6000.0
2025-10-09,Q4-3_main,47288.4706360571,46140.3359408464,321.8484086933793,0.0,826.2862865173172,265.1219703611108,14956.075376160497,6000.000000000001
2025-10-09,Q4-3_no_adjust,46763.887062150374,46140.3359408464,0.0,0.0,623.5511213039696,225.50272191666625,14084.541319166667,6000.0
2025-10-10,Q2_main,23180.373353469702,23180.373353469702,0.0,0.0,0.0,0.0,28190.575779666666,6000.0
2025-10-10,Q2_baseline,35837.103110914075,35660.371562283246,0.0,0.0,176.73154863083343,43.91413291666669,0.0,
2025-10-10,Q3_main,27466.316797329215,24802.950708722346,0.0,0.0,2663.366088606867,793.261341666665,32134.354437084356,6000.0
2025-10-10,Q3_no_adjust,24802.950708722346,24802.950708722346,0.0,0.0,0.0,0.0,30531.28175525,6000.0
2025-10-10,Q4-2_main,18246.566282297368,18246.566282297368,0.0,0.0,0.0,0.0,28190.575779666666,6000.0
2025-10-10,Q4-2_fixed_strategy,18270.032809898163,18270.032809898163,0.0,0.0,0.0,0.0,28190.575779666666,6000.0
2025-10-10,Q4-3_main,21598.766134071142,19469.50023116544,0.0,0.0,2129.265902905702,794.8075269166652,32126.631703579216,6000.0
2025-10-10,Q4-3_no_adjust,19469.50023116544,19469.50023116544,0.0,0.0,0.0,0.0,30531.28175525,6000.0
2025-10-11,Q2_main,23802.74927879135,23784.185757321433,0.0,0.0,18.563521469916548,8.686576499999944,24257.177863666664,6000.0
2025-10-11,Q2_baseline,36315.41953552462,36315.41953552462,0.0,0.0,0.0,0.0,0.0,
2025-10-11,Q3_main,30480.271556877313,24929.24162145087,0.0,0.0,5551.0299354264425,1290.4873362499975,28312.934975299373,6000.0
2025-10-11,Q3_no_adjust,24947.805142920788,24929.24162145087,0.0,0.0,18.563521469916548,8.686576499999944,26135.660761888885,6000.0
2025-10-11,Q4-2_main,18787.040468477542,18769.324188020044,0.0,0.0,17.716280457499884,8.686576499999944,24257.177863666664,6000.0
2025-10-11,Q4-2_fixed_strategy,18934.64658293916,18916.93030248166,0.0,0.0,17.716280457499884,8.686576499999944,24257.177863666664,6000.0
2025-10-11,Q4-3_main,24063.449974458534,19665.170283076503,0.0,0.0,4398.279691382029,1143.6812251666643,28187.475891211925,6000.0
2025-10-11,Q4-3_no_adjust,19682.886563534,19665.170283076503,0.0,0.0,17.716280457499884,8.686576499999944,26135.66076188888,6000.0
2025-10-12,Q2_main,42346.743959859115,40606.09338691512,0.0,0.0,1740.6505729439968,507.50233108333265,4237.1250641666675,6000.0
2025-10-12,Q2_baseline,58268.54815541712,52021.30613389461,0.0,0.0,6247.242021522501,1474.9981245833337,0.0,
2025-10-12,Q3_main,43958.99696036726,41388.45413602986,185.49185001775527,0.0,2385.050974319647,643.043788833335,6037.242024670439,6000.0
2025-10-12,Q3_no_adjust,44221.41730003743,41388.45413602986,0.0,0.0,2832.9631640075645,729.0688854166655,5738.785470166667,6000.0
2025-10-12,Q4-2_main,42849.32914220735,41122.62140040794,0.0,0.0,1726.707741799415,507.5023310833332,4237.1250641666675,6000.0
2025-10-12,Q4-2_fixed_strategy,42684.955453049624,40958.24771125021,0.0,0.0,1726.707741799414,507.50233108333265,4237.1250641666675,6000.0
2025-10-12,Q4-3_main,44583.30082221223,41954.47314464784,169.04607446331454,0.0,2459.7816031010725,648.3414592500022,6011.7434113868285,6000.000000000002
2025-10-12,Q4-3_no_adjust,44803.13136105974,41954.47314464784,0.0,0.0,2848.6582164118995,729.0688854166661,5738.785470166667,6000.0
2025-10-13,Q2_main,41800.05710173497,40967.29080944344,0.0,0.0,832.7662922915358,241.77816349999884,5787.974976500002,6000.0
2025-10-13,Q2_baseline,58164.90855504221,52569.680555072206,0.0,0.0,5595.227999969997,1278.4253749999991,0.0,
2025-10-13,Q3_main,46721.5735062926,42693.52442573511,1433.831081705724,0.0,2594.217998851776,591.4483034999982,10420.634744375182,6000.0
2025-10-13,Q3_no_adjust,43692.40216952317,42693.52442573511,0.0,0.0,998.8777437880651,270.87356008333245,8674.430114333336,6000.0
2025-10-13,Q4-2_main,42584.400688621216,41728.96529657318,0.0,0.0,855.4353920480364,241.77816349999895,5787.9749765000015,6000.0
2025-10-13,Q4-2_fixed_strategy,42523.28696477744,41667.85157272941,0.0,0.0,855.4353920480362,241.77816349999884,5787.974976500002,6000.0
2025-10-13,Q4-3_main,47342.54983889347,43411.67749695988,1479.9041865740971,0.0,2450.968155359499,586.3757409999985,10415.562181875175,6000.000000000001
2025-10-13,Q4-3_no_adjust,44444.57773275372,43411.67749695988,0.0,0.0,1032.9002357938434,270.87356008333256,8674.430114333334,6000.0
2025-10-14,Q2_main,44839.8705617579,41824.305340414736,0.0,0.0,3015.5652213431686,798.7715650000005,3738.1311563333356,6000.0
2025-10-14,Q2_baseline,63429.16306281308,53303.617515267244,0.0,0.0,10125.545547545833,2405.2593425000005,0.0,
2025-10-14,Q3_main,49571.382478103944,44992.67929747295,3570.9022067479627,0.0,1007.8009738830388,354.12856366666625,11350.734334875171,5999.999999999998
2025-10-14,Q3_no_adjust,47368.04195516652,44992.67929747295,0.0,0.0,2375.3626576935685,628.300582638889,8221.795971055555,6000.0
2025-10-14,Q4-2_main,45933.93844949107,42810.85761279549,0.0,0.0,3123.0808366955853,798.7715650000005,3738.1311563333356,6000.0
2025-10-14,Q4-2_fixed_strategy,45773.436836652996,42650.35599995741,0.0,0.0,3123.0808366955853,798.7715650000005,3738.1311563333356,6000.0
2025-10-14,Q4-3_main,50891.264036868,46105.9292953334,3750.5975447354763,0.0,1034.737196799122,354.12856366666625,11329.571006980452,6000.000000000002
2025-10-14,Q4-3_no_adjust,48605.88080999447,46105.9292953334,0.0,0.0,2499.9515146610684,628.300582638889,8221.795971055555,6000.0
2025-10-15,Q2_main,49416.87344194293,39872.965077434346,0.0,0.0,9543.908364508583,2345.736913999999,1636.5367889166678,6000.0
2025-10-15,Q2_baseline,62480.27474675946,51754.46081841612,0.0,0.0,10725.81392834334,2522.5762833333347,0.0,
2025-10-15,Q3_main,49153.122350968784,45938.16111069333,1403.7235412399864,0.0,1811.2376990354696,468.66098944444366,10294.718413566525,6000.000000000001
2025-10-15,Q3_no_adjust,47643.892777600995,45938.16111069333,0.0,0.0,1705.7316669076656,446.5299234166663,8746.169241250002,6000.0
2025-10-15,Q4-2_main,50279.32089493297,40754.860063717184,0.0,0.0,9524.46083121579,2345.736913999999,1636.5367889166678,6000.0
2025-10-15,Q4-2_fixed_strategy,50350.885979770916,40826.42514855512,0.0,0.0,9524.46083121579,2345.736913999999,1636.5367889166678,6000.0
2025-10-15,Q4-3_main,50191.2050767691,46932.98920773312,1429.9788651692163,0.0,1828.2370038667746,466.8426219444434,10269.521403614195,6000.000000000002
2025-10-15,Q4-3_no_adjust,48645.41024337756,46932.98920773312,0.0,0.0,1712.4210356444435,446.5299234166662,8746.169241250002,6000.0
2025-10-16,Q2_main,55550.72326563748,39746.28420019911,0.0,0.0,15804.439065438371,3725.0594219999994,1538.0641085000018,6000.0
2025-10-16,Q2_baseline,72090.93048644438,51712.73146928646,0.0,0.0,20378.199017157916,4776.142110416667,0.0,
2025-10-16,Q3_main,47926.56401626874,43789.11831362216,2211.7063446570164,0.0,1925.7393579895647,495.80735369444346,6170.526598538583,6000.000000000001
2025-10-16,Q3_no_adjust,47127.051666794156,43789.11831362216,0.0,0.0,3337.933353171996,909.1808683888871,4485.74076613889,6000.0
2025-10-16,Q4-2_main,57781.53135789132,40921.60726092612,0.0,0.0,16859.924096965206,3725.0594219999994,1538.064108500002,6000.0
2025-10-16,Q4-2_fixed_strategy,57795.42870070698,40935.50460374178,0.0,0.0,16859.924096965206,3725.0594219999994,1538.0641085000018,6000.0
2025-10-16,Q4-3_main,49755.262428981245,45453.50961691128,2324.7227134140444,0.0,1977.0300986559255,495.80735369444346,6165.675891208336,6000.000000000001
2025-10-16,Q4-3_no_adjust,48779.9186558379,45453.50961691128,0.0,0.0,3326.409038926621,909.1808683888873,4485.74076613889,6000.0
2025-10-17,Q2_main,23283.79903890879,23283.79903890879,0.0,0.0,0.0,0.0,21986.001195916666,6000.0
2025-10-17,Q2_baseline,35610.07232197367,35610.07232197367,0.0,0.0,0.0,0.0,0.0,
2025-10-17,Q3_main,27802.882685230376,22625.345202195414,0.0,0.0,5177.537483034961,1206.6045373750003,22765.651142379455,6000.0
2025-10-17,Q3_no_adjust,24326.484501865027,22625.345202195414,0.0,0.0,1701.1392996696109,349.17349474999986,21453.75071586111,6000.0
2025-10-17,Q4-2_main,18730.214841130135,18730.214841130135,0.0,0.0,0.0,0.0,21986.001195916666,6000.0
2025-10-17,Q4-2_fixed_strategy,18587.95525316064,18587.95525316064,0.0,0.0,0.0,0.0,21986.001195916666,6000.0
2025-10-17,Q4-3_main,22473.85763996558,18220.588295448473,0.0,0.0,4253.269344517108,1180.7584133750004,22739.805018379455,6000.0
2025-10-17,Q4-3_no_adjust,19501.690171983944,18220.588295448473,0.0,0.0,1281.101876535472,349.17349474999986,21453.75071586111,6000.0
2025-10-18,Q2_main,23855.949343036715,23855.949343036715,0.0,0.0,0.0,0.0,22675.698474,6000.0
2025-10-18,Q2_baseline,36246.51687472254,36246.51687472254,0.0,0.0,0.0,0.0,0.0,
2025-10-18,Q3_main,29953.833707965743,25654.184635916205,0.0,0.0,4299.649072049537,1095.060337166666,26693.10691958334,6000.0
2025-10-18,Q3_no_adjust,25654.184635916205,25654.184635916205,0.0,0.0,0.0,0.0,24919.96930675,6000.0
2025-10-18,Q4-2_main,18873.77600709509,18873.77600709509,0.0,0.0,0.0,0.0,22675.698474,6000.0
2025-10-18,Q4-2_fixed_strategy,18881.77589078827,18881.77589078827,0.0,0.0,0.0,0.0,22675.698474,6000.0
2025-10-18,Q4-3_main,23436.19391195771,20177.734550040965,0.0,0.0,3258.4593619167463,934.342708416666,26524.476038546818,6000.0
2025-10-18,Q4-3_no_adjust,20177.734550040965,20177.734550040965,0.0,0.0,0.0,0.0,24919.96930675,6000.0
2025-10-19,Q2_main,53435.406368252356,41187.77490318052,0.0,0.0,12247.63146507183,2828.3820746666665,2316.6064389166686,6000.0
2025-10-19,Q2_baseline,72134.22684810875,52137.39726187667,0.0,0.0,19996.829586232085,4691.8675554166675,0.0,
2025-10-19,Q3_main,47966.21972496551,45313.14434180729,0.0,0.0,2653.075383158218,600.1385057638856,5521.103836912889,6000.000000000002
2025-10-19,Q3_no_adjust,47744.93740589566,45313.14434180729,0.0,0.0,2431.7930640883683,551.9609451111098,5331.087743944446,6000.0
2025-10-19,Q4-2_main,55852.90622976338,42710.37493217159,0.0,0.0,13142.53129759179,2828.3820746666665,2316.6064389166686,6000.0
2025-10-19,Q4-2_fixed_strategy,55979.557754240086,42837.026456648295,0.0,0.0,13142.53129759179,2828.3820746666665,2316.6064389166686,6000.0
2025-10-19,Q4-3_main,50067.268713731515,47351.78848022259,0.0,0.0,2715.480233508927,600.2243472222192,5521.189678371223,6000.0
2025-10-19,Q4-3_no_adjust,49805.67388180368,47351.78848022259,0.0,0.0,2453.8854015810903,551.9609451111098,5331.087743944446,6000.0
2025-10-20,Q2_main,52284.49703431192,42102.74350585884,0.0,0.0,10181.75352845308,2263.8777893333327,2249.585038333334,6000.0
2025-10-20,Q2_baseline,68295.65349426329,52890.35696225871,0.0,0.0,15405.29653200458,3450.520092083332,0.0,
2025-10-20,Q3_main,50522.85375346783,48748.10625099911,0.0,0.0,1774.7475024687237,459.55509163889076,9606.63567026303,6000.000000000001
2025-10-20,Q3_no_adjust,50204.9577502171,48748.10625099911,0.0,0.0,1456.8514992179882,425.03549005555556,9143.59331238889,6000.0
2025-10-20,Q4-2_main,54196.378481276406,43436.458237080406,0.0,0.0,10759.920244195997,2263.8777893333327,2249.5850383333336,6000.0
2025-10-20,Q4-2_fixed_strategy,54225.382998609726,43465.46275441373,0.0,0.0,10759.920244195997,2263.8777893333327,2249.585038333334,6000.0
2025-10-20,Q4-3_main,52445.57106101177,50645.585515541796,0.0,0.0,1799.9855454699734,458.2478416388909,9472.352075533438,6000.000000000003
2025-10-20,Q4-3_no_adjust,52071.89510662137,50645.585515541796,0.0,0.0,1426.3095910795714,425.03549005555556,9143.59331238889,6000.0
2025-10-21,Q2_main,51078.81131856041,43262.82070212358,0.0,0.0,7815.990616436832,2294.985889333333,1933.9465501666677,6000.0
2025-10-21,Q2_baseline,66786.94086115315,53712.420171305246,0.0,0.0,13074.520689847915,3006.249871249999,0.0,
2025-10-21,Q3_main,49442.39339106911,47697.20963539081,647.3148292316039,0.0,1097.8689264466955,371.6376084722219,6849.017147791843,6000.0
2025-10-21,Q3_no_adjust,50312.90011733823,47697.20963539081,0.0,0.0,2615.690481947413,800.5192974722211,6691.878337888889,6000.0
2025-10-21,Q4-2_main,53664.97510797558,45243.488429641206,0.0,0.0,8421.486678334373,2294.9858893333326,1933.9465501666673,6000.0
2025-10-21,Q4-2_fixed_strategy,53758.37014868515,45336.883470350775,0.0,0.0,8421.486678334375,2294.985889333333,1933.9465501666677,6000.0
2025-10-21,Q4-3_main,52025.53886293985,50125.09129924771,716.5856107737269,0.0,1183.8619529184175,371.6376084722217,6829.961768493145,6000.0
2025-10-21,Q4-3_no_adjust,52926.174473861385,50125.09129924771,0.0,0.0,2801.083174613677,800.519297472221,6691.878337888889,6000.0
2025-10-22,Q2_main,56765.37672704419,41516.66914012852,0.0,0.0,15248.70758691567,3256.8849425000003,1928.4208326666685,6000.0
2025-10-22,Q2_baseline,73633.65819108434,52102.88967222559,0.0,0.0,21530.76851885875,4695.548051666667,0.0,
2025-10-22,Q3_main,52156.67510033988,45232.31304327393,3026.271134942105,0.0,3898.0909221238444,792.8036974166658,7142.467598504118,6000.000000000004
2025-10-22,Q3_no_adjust,51082.968125587475,45232.31304327393,0.0,0.0,5850.655082313551,1433.0735545833318,4704.204076416669,6000.0
2025-10-22,Q4-2_main,59495.608519407215,43161.84890218754,0.0,0.0,16333.75961721967,3256.8849425000003,1928.4208326666683,6000.0
2025-10-22,Q4-2_fixed_strategy,59529.46043070455,43195.70081348488,0.0,0.0,16333.75961721967,3256.8849425000003,1928.4208326666685,6000.0
2025-10-22,Q4-3_main,54350.13513699387,47293.41188040112,3134.8893586438635,0.0,3921.8338979488863,792.803697416666,7135.673065170783,6000.0
2025-10-22,Q4-3_no_adjust,53269.80050082337,47293.41188040112,0.0,0.0,5976.3886204222445,1433.0735545833318,4704.204076416668,6000.0
2025-10-23,Q2_main,49736.82434000388,41677.755752260666,0.0,0.0,8059.06858774321,1861.6396770833337,2504.6157225000006,6000.0
2025-10-23,Q2_baseline,68169.57118704834,52412.70163776083,0.0,0.0,15756.869549287503,3456.3337733333346,0.0,
2025-10-23,Q3_main,55844.726841995696,52427.591667902096,489.15156824164825,0.0,2927.983605851954,590.0138981250007,18326.524629388026,6000.000000000001
2025-10-23,Q3_no_adjust,55534.45187168196,52427.591667902096,0.0,0.0,3106.86020377986,630.0169894166665,16927.918023583334,6000.0
2025-10-23,Q4-2_main,51286.74614043377,42903.03022204293,0.0,0.0,8383.715918390837,1861.639677083334,2504.6157225000006,6000.0
2025-10-23,Q4-2_fixed_strategy,51119.99714945744,42736.281231066605,0.0,0.0,8383.715918390835,1861.6396770833337,2504.6157225000006,6000.0
2025-10-23,Q4-3_main,59013.119215303755,54293.356869685755,1782.1259031493707,0.0,2937.6364424686353,595.7004783333342,18926.169948190836,6000.0
2025-10-23,Q4-3_no_adjust,57397.52892584402,54293.356869685755,0.0,0.0,3104.1720561582642,630.016989416667,16927.918023583334,6000.0
2025-10-24,Q2_main,23308.490676597066,23299.7219226304,0.0,0.0,8.768753966666457,4.139133333333234,19842.747033416665,6000.0
2025-10-24,Q2_baseline,35950.97761864988,35604.02431866904,0.0,0.0,346.95329998083366,94.62992666666676,0.0,
2025-10-24,Q3_main,32188.61962416753,24323.730924746145,0.0,0.0,7864.888699421386,1563.1996072916681,23812.695483507698,6000.000000000001
2025-10-24,Q3_no_adjust,24332.49967871281,24323.730924746145,0.0,0.0,8.768753966666457,4.139133333333234,21458.87878466666,6000.0
2025-10-24,Q4-2_main,18571.81347085432,18565.134979220984,0.0,0.0,6.678491633333264,4.139133333333291,19842.747033416665,6000.0
2025-10-24,Q4-2_fixed_strategy,18530.768829869296,18524.09033823596,0.0,0.0,6.678491633333173,4.139133333333234,19842.747033416665,6000.0
2025-10-24,Q4-3_main,25912.869164991436,19376.417987037115,0.0,0.0,6536.451177954321,1584.502237208335,23833.998113424364,6000.000000000001
2025-10-24,Q4-3_no_adjust,19383.09647867045,19376.417987037115,0.0,0.0,6.678491633333264,4.139133333333291,21458.87878466666,6000.0
2025-10-25,Q2_main,23763.920653493362,23763.920653493362,0.0,0.0,0.0,0.0,19573.67255683333,6000.0
2025-10-25,Q2_baseline,36130.98932710883,36119.768719358835,0.0,0.0,11.220607750000035,5.244500000000016,0.0,
2025-10-25,Q3_main,34614.548406678965,26707.29112205092,0.0,0.0,7907.257284628042,1628.5516920833331,28081.092321830252,6000.0
2025-10-25,Q3_no_adjust,26707.29112205092,26707.29112205092,0.0,0.0,0.0,0.0,25455.80245433333,6000.0
2025-10-25,Q4-2_main,18947.18618437853,18947.18618437853,0.0,0.0,0.0,0.0,19573.67255683333,6000.0
2025-10-25,Q4-2_fixed_strategy,18954.07814508573,18954.07814508573,0.0,0.0,0.0,0.0,19573.67255683333,6000.0
2025-10-25,Q4-3_main,26856.63608958929,20683.440283247874,0.0,0.0,6173.195806341417,1510.6297411666667,27948.047377131697,6000.0
2025-10-25,Q4-3_no_adjust,20683.440283247874,20683.440283247874,0.0,0.0,0.0,0.0,25455.80245433333,6000.0
2025-10-26,Q2_main,46574.795334101014,43258.87340118672,0.0,0.0,3315.921932914295,862.1260591666669,2763.0444571666662,6000.0
2025-10-26,Q2_baseline,64532.216971348455,53067.519106963875,0.0,0.0,11464.697864384585,2665.6932820833335,0.0,
2025-10-26,Q3_main,52785.07425348303,48791.6828861674,1746.4666255924449,0.0,2246.9247417231823,503.4004016944416,12269.141295914094,6000.0
2025-10-26,Q3_no_adjust,51564.86274701403,48791.6828861674,0.0,0.0,2773.1798608466256,610.5309223333331,10233.784433666666,6000.0
2025-10-26,Q4-2_main,48450.05898500433,44963.246302564374,0.0,0.0,3486.812682439961,862.1260591666667,2763.0444571666662,6000.0
2025-10-26,Q4-2_fixed_strategy,48458.110164597994,44971.297482158036,0.0,0.0,3486.8126824399615,862.1260591666669,2763.0444571666662,6000.0
2025-10-26,Q4-3_main,55159.08345523917,50959.82885539817,1867.821225227422,0.0,2331.4333746135776,503.4004016944415,11971.296763503602,6000.0
2025-10-26,Q4-3_no_adjust,53844.12110185471,50959.82885539817,0.0,0.0,2884.292246456542,610.530922333333,10233.784433666666,6000.0
2025-10-27,Q2_main,50536.36692829789,43034.67495044101,0.0,0.0,7501.691977856879,1808.2478277500002,4357.793974333335,6000.0
2025-10-27,Q2_baseline,69980.08053255134,53182.22091405758,0.0,0.0,16797.85961849375,3993.0541175,0.0,
2025-10-27,Q3_main,50178.67706062575,44418.43279995896,3277.9034962153396,0.0,2482.340764451453,564.2179996666682,7664.318424166668,6000.000000000002
2025-10-27,Q3_no_adjust,48423.63143663403,44418.43279995896,0.0,0.0,4005.198636675073,950.697109777778,4780.118839277779,6000.0
2025-10-27,Q4-2_main,52605.926801928224,44508.21110375426,0.0,0.0,8097.715698173959,1808.2478277499997,4357.793974333335,6000.0
2025-10-27,Q4-2_fixed_strategy,52300.95302800539,44203.23732983143,0.0,0.0,8097.715698173959,1808.2478277500002,4357.793974333335,6000.0
2025-10-27,Q4-3_main,52112.829237303034,46223.52012682122,3423.695202948461,0.0,2465.6139075333544,564.2179996666679,7664.318424166668,6000.000000000002
2025-10-27,Q4-3_no_adjust,50380.998400182696,46223.52012682122,0.0,0.0,4157.478273361474,950.6971097777775,4780.118839277779,6000.0
2025-10-28,Q2_main,49657.54333364603,44056.791243075946,0.0,0.0,5600.752090570079,1376.7174453333323,2928.960054250001,6000.0
2025-10-28,Q2_baseline,66944.85541727333,53928.12332522459,0.0,0.0,13016.732092048747,2996.9423074999995,0.0,
2025-10-28,Q3_main,50096.359846910185,44313.115301953214,3865.773319301796,0.0,1917.4712256551684,425.31941300000034,5595.366326430558,6000.0
2025-10-28,Q3_no_adjust,53546.02819253068,44313.115301953214,0.0,0.0,9232.912890577463,2391.568018916664,3618.750113249999,6000.0
2025-10-28,Q4-2_main,52039.123101175916,45970.61291038242,0.0,0.0,6068.510190793495,1376.7174453333325,2928.960054250002,6000.0
2025-10-28,Q4-2_fixed_strategy,52127.48321397328,46058.97302317979,0.0,0.0,6068.510190793495,1376.7174453333323,2928.960054250001,6000.0
2025-10-28,Q4-3_main,52473.01249521834,46251.393058545524,4333.63234178933,0.0,1887.9870948834882,425.31941300000057,5595.366326430558,6000.000000000002
2025-10-28,Q4-3_no_adjust,56111.97477961696,46251.393058545524,0.0,0.0,9860.581721071438,2391.568018916664,3618.750113249999,6000.0
2025-10-29,Q2_main,63546.30481475536,42403.752504803044,0.0,0.0,21142.55230995232,5000.025209999998,1017.1417509999995,6000.0
2025-10-29,Q2_baseline,77751.59583261587,52864.58543722233,0.0,0.0,24887.01039539354,5447.073883749999,0.0,
2025-10-29,Q3_main,54171.9583377936,48851.77346433617,847.3285626853013,0.0,4472.856310772126,929.316577291667,6778.009985884604,6000.0
2025-10-29,Q3_no_adjust,54913.08944718047,48851.77346433617,0.0,0.0,6061.315982844302,1248.9313824444437,6387.760659277779,6000.0
2025-10-29,Q4-2_main,67488.16348555515,44670.68558317934,0.0,0.0,22817.47790237582,5000.025209999998,1017.141751,6000.0
2025-10-29,Q4-2_fixed_strategy,67443.66704069535,44626.18913831953,0.0,0.0,22817.47790237582,5000.025209999998,1017.1417509999995,6000.0
2025-10-29,Q4-3_main,58085.36295383022,51936.26376339911,1620.9936952580272,0.0,4528.105495173084,929.316577291667,7274.246448149523,6000.0
2025-10-29,Q4-3_no_adjust,58157.41738826041,51936.26376339911,0.0,0.0,6221.153624861301,1248.9313824444437,6387.76065927778,6000.0
2025-10-30,Q2_main,48343.21542355031,43111.05330866069,0.0,0.0,5232.162114889625,1306.711555416666,2410.3596899166687,6000.0
2025-10-30,Q2_baseline,68182.81005030574,53455.782490995116,0.0,0.0,14727.02755931062,3381.444470416666,0.0,
2025-10-30,Q3_main,50638.664260335725,43956.5586020629,2193.4119892825775,0.0,4488.693668990252,1073.3294848055536,5139.600521350136,6000.000000000001
2025-10-30,Q3_no_adjust,50974.38097996858,43956.5586020629,0.0,0.0,7017.822377905677,1901.571144666665,3797.5455483333344,6000.0
2025-10-30,Q4-2_main,51129.25947442293,45618.25892850826,0.0,0.0,5511.000545914667,1306.711555416666,2410.3596899166687,6000.0
2025-10-30,Q4-2_fixed_strategy,51170.810713817424,45659.81016790276,0.0,0.0,5511.000545914665,1306.711555416666,2410.3596899166687,6000.0
2025-10-30,Q4-3_main,53588.20183018717,46576.012839013674,2420.6219025988175,0.0,4591.567088574684,1073.3294848055539,5138.026207556582,6000.000000000001
2025-10-30,Q4-3_no_adjust,54008.8784433525,46576.012839013674,0.0,0.0,7432.865604338829,1901.571144666665,3797.5455483333353,6000.0
2025-10-31,Q2_main,24501.1356173245,24092.05541719275,0.0,0.0,409.0802001317506,179.0400627500003,15494.880194500001,6000.0
2025-10-31,Q2_baseline,36133.50004523291,36124.24650995687,0.0,0.0,9.253535276041635,2.6825729166666576,0.0,
2025-10-31,Q3_main,35459.39103667134,28362.87357962317,0.0,0.0,7096.51745704817,1435.1794313750006,24879.811665764923,6000.000000000001
2025-10-31,Q3_no_adjust,28362.87357962317,28362.87357962317,0.0,0.0,0.0,0.0,22585.900834750002,6000.0
2025-10-31,Q4-2_main,19494.865536455436,19233.255957721434,0.0,0.0,261.6095787340004,179.0400627500003,15494.880194500001,6000.0
2025-10-31,Q4-2_fixed_strategy,19430.52697790476,19168.917399170758,0.0,0.0,261.6095787340004,179.0400627500003,15494.880194500001,6000.0
2025-10-31,Q4-3_main,28100.32091212122,22408.877610349424,0.0,0.0,5691.443301771795,1338.9305117500005,24774.54291156945,6000.000000000003
2025-10-31,Q4-3_no_adjust,22408.877610349424,22408.877610349424,0.0,0.0,0.0,0.0,22585.90083475,6000.0
2025-11-01,Q2_main,24534.74574529032,24532.54055864032,0.0,0.0,2.2051866500000274,1.031425000000013,17401.169741749996,6000.0
2025-11-01,Q2_baseline,36696.41169515733,36573.62569500545,0.0,0.0,122.78600015187477,40.57302958333324,0.0,
2025-11-01,Q3_main,30832.695967347434,26001.147510938223,0.0,0.0,4831.548456409209,1135.4780768333333,21686.70952700034,6000.000000000001
2025-11-01,Q3_no_adjust,26003.352697588223,26001.147510938223,0.0,0.0,2.2051866500000274,1.031425000000013,19814.64644225,6000.0
2025-11-01,Q4-2_main,19353.06529769637,19350.803898383867,0.0,0.0,2.261399312500028,1.031425000000013,17401.169741749996,6000.0
2025-11-01,Q4-2_fixed_strategy,19336.42185490802,19334.16045559552,0.0,0.0,2.261399312500028,1.031425000000013,17401.169741749996,6000.0
2025-11-01,Q4-3_main,24347.32747894028,20462.537167929528,0.0,0.0,3884.790311010751,1022.5985815833335,21604.329663391287,6000.0
2025-11-01,Q4-3_no_adjust,20464.79856724203,20462.537167929528,0.0,0.0,2.261399312500028,1.031425000000013,19814.64644225,6000.0
2025-11-02,Q2_main,54052.55677321012,44454.026504229914,0.0,0.0,9598.530268980205,2200.1141540833323,1425.701508416667,6000.0
2025-11-02,Q2_baseline,74548.13960980755,53853.56344289733,0.0,0.0,20694.57616691021,4607.81556625,0.0,
2025-11-02,Q3_main,54512.68357849247,48415.24731479757,2901.092697112781,0.0,3196.3435665821253,693.4148806666667,7591.324267119346,6000.000000000002
2025-11-02,Q3_no_adjust,53811.25722194075,48415.24731479757,0.0,0.0,5396.0099071431805,1387.300311916666,5376.650015833335,6000.0
2025-11-02,Q4-2_main,57004.85469934803,46973.792832355735,0.0,0.0,10031.061866992288,2200.1141540833323,1425.7015084166665,6000.0
2025-11-02,Q4-2_fixed_strategy,56952.10488733808,46921.043020345795,0.0,0.0,10031.061866992288,2200.1141540833323,1425.701508416667,6000.0
2025-11-02,Q4-3_main,57742.28156715179,51450.52103240531,3176.2959524468947,0.0,3115.4645822995835,693.4148806666669,7563.084293456793,6000.000000000004
2025-11-02,Q4-3_no_adjust,56852.1991334707,51450.52103240531,0.0,0.0,5401.678101065389,1387.3003119166663,5376.650015833335,6000.0
2025-11-03,Q2_main,55086.74076776244,44872.25321090978,0.0,0.0,10214.487556852659,3146.8221459166652,2000.0732770833329,6000.0
2025-11-03,Q2_baseline,70728.15957965779,54153.255265463624,0.0,0.0,16574.904314194166,3954.038950416666,0.0,
2025-11-03,Q3_main,53452.054828944034,51702.96834348323,346.3273205889485,0.0,1402.7591648718553,444.0950105416656,9832.283364949068,6000.0
2025-11-03,Q3_no_adjust,53671.377182666314,51702.96834348323,0.0,0.0,1968.4088391830796,570.4963525277772,9444.767526611111,6000.0
2025-11-03,Q4-2_main,59094.059044061905,47689.42525824091,0.0,0.0,11404.633785820994,3146.8221459166652,2000.0732770833329,6000.0
2025-11-03,Q4-2_fixed_strategy,59104.380426319476,47699.74664049848,0.0,0.0,11404.633785820992,3146.8221459166652,2000.0732770833329,6000.0
2025-11-03,Q4-3_main,57358.35276013226,55550.91093969649,367.00561867463324,0.0,1440.4362017611336,444.09501054166594,9711.469798102362,6000.0
2025-11-03,Q4-3_no_adjust,57573.95516564999,55550.91093969649,0.0,0.0,2023.0442259534964,570.4963525277773,9444.767526611111,6000.0
2025-11-04,Q2_main,50778.40483119036,46462.752182755576,0.0,0.0,4315.652648434786,1012.8015404999992,4218.160770583331,6000.0
2025-11-04,Q2_baseline,68412.51698613091,54808.542472529036,0.0,0.0,13603.974513601876,3100.3527437500006,0.0,
2025-11-04,Q3_main,54331.535623540425,48297.88838916767,1412.0508513404845,0.0,4621.596383032274,976.0294292916648,7764.8396354166625,6000.000000000002
2025-11-04,Q3_no_adjust,52504.201198188806,48297.88838916767,0.0,0.0,4206.312809021136,907.4527309999995,6406.027638999999,6000.0
2025-11-04,Q4-2_main,53500.70845970142,49156.21875174571,0.0,0.0,4344.489707955703,1012.8015404999994,4218.160770583331,6000.0
2025-11-04,Q4-2_fixed_strategy,53586.64263344039,49242.15292548468,0.0,0.0,4344.489707955702,1012.8015404999992,4218.160770583331,6000.0
2025-11-04,Q4-3_main,57374.73038912157,51251.50220708478,1512.8727321159954,0.0,4610.355449920799,948.4261539583338,7737.236360083332,6000.0
2025-11-04,Q4-3_no_adjust,55517.37671165537,51251.50220708478,0.0,0.0,4265.874504570595,907.4527309999997,6406.027638999999,6000.0
2025-11-05,Q2_main,50628.52114828869,47262.52222687831,0.0,0.0,3365.998921410379,965.1207203333338,3164.2524773333316,6000.0
2025-11-05,Q2_baseline,72275.8938168403,55054.885613365914,0.0,0.0,17221.008203474383,4058.096984583334,0.0,
2025-11-05,Q3_main,56950.579663915654,54009.36400321344,1692.857415641065,0.0,1248.3582450611486,406.76014570833365,13841.565224897975,6000.000000000002
2025-11-05,Q3_no_adjust,55555.783750471186,54009.36400321344,0.0,0.0,1546.4197472577403,480.93272805555625,12094.764841305554,6000.0
2025-11-05,Q4-2_main,54271.19373914938,50602.37844345858,0.0,0.0,3668.8152956907966,965.1207203333341,3164.2524773333316,6000.0
2025-11-05,Q4-2_fixed_strategy,54391.201999376215,50722.38670368542,0.0,0.0,3668.815295690796,965.1207203333338,3164.2524773333316,6000.0
2025-11-05,Q4-3_main,61316.75515475741,58221.476126655914,1772.327508138746,0.0,1322.951519962753,406.76014570833377,13624.714556907576,6000.000000000003
2025-11-05,Q4-3_no_adjust,59844.14847851618,58221.476126655914,0.0,0.0,1622.6723518602682,480.9327280555565,12094.764841305554,6000.0
2025-11-06,Q2_main,58610.38966974868,46967.3949673523,0.0,0.0,11642.994702396374,2884.196941416666,2812.4866138333346,6000.0
2025-11-06,Q2_baseline,75335.27010523339,55272.53954235879,0.0,0.0,20062.73056287458,4398.6876625,0.0,
2025-11-06,Q3_main,55249.30018100974,50575.52791566595,2392.940326413846,0.0,2280.831938929946,613.7163555833336,7597.024328208334,6000.000000000002
2025-11-06,Q3_no_adjust,53203.29168711091,50575.52791566595,0.0,0.0,2627.7637714449584,687.6220379722218,5722.019619555556,6000.0
2025-11-06,Q4-2_main,63665.719771418735,50720.785714707774,0.0,0.0,12944.934056710958,2884.196941416666,2812.486613833334,6000.0
2025-11-06,Q4-2_fixed_strategy,63613.782216845124,50668.84816013416,0.0,0.0,12944.93405671096,2884.196941416666,2812.4866138333346,6000.0
2025-11-06,Q4-3_main,59947.32611036563,54920.882710581645,2689.5241763369463,0.0,2336.919223447042,613.7163555833333,7597.024328208334,6000.0
2025-11-06,Q4-3_no_adjust,57619.14723385795,54920.882710581645,0.0,0.0,2698.264523276305,687.622037972222,5722.019619555555,6000.0
2025-11-07,Q2_main,26136.722553179276,26136.722553179276,0.0,0.0,0.0,0.0,19195.665534666667,6000.0
2025-11-07,Q2_baseline,37596.786817869914,37236.498547221374,0.0,0.0,360.2882706485421,87.48190583333341,0.0,
2025-11-07,Q3_main,33183.13635900263,27927.068594133172,0.0,0.0,5256.067764869458,1143.554217375,24168.884573775205,6000.0
2025-11-07,Q3_no_adjust,27927.068594133172,27927.068594133172,0.0,0.0,0.0,0.0,22347.075811749997,6000.0
2025-11-07,Q4-2_main,20587.129907491326,20587.129907491326,0.0,0.0,0.0,0.0,19195.665534666667,6000.0
2025-11-07,Q4-2_fixed_strategy,20652.809337906256,20652.809337906256,0.0,0.0,0.0,0.0,19195.665534666667,6000.0
2025-11-07,Q4-3_main,26308.814645935447,22032.453226274905,0.0,0.0,4276.361419660541,1134.9587215000001,24147.709121506174,6000.0
2025-11-07,Q4-3_no_adjust,22032.453226274905,22032.453226274905,0.0,0.0,0.0,0.0,22347.075811749997,6000.0
2025-11-08,Q2_main,26393.70495165466,26390.833421671327,0.0,0.0,2.871529983333241,1.3430916666666235,19289.64987008333,6000.0
2025-11-08,Q2_baseline,37237.43818377125,37215.36905220458,0.0,0.0,22.06913156666669,10.349329166666678,0.0,
2025-11-08,Q3_main,33710.52437807533,30084.068769438167,0.0,0.0,3626.4556086371636,849.4012938333326,27850.393785300406,6000.0
2025-11-08,Q3_no_adjust,30086.9402994215,30084.068769438167,0.0,0.0,2.871529983333241,1.3430916666666235,25952.066680916665,6000.0
2025-11-08,Q4-2_main,21178.40243228661,21175.351599565776,0.0,0.0,3.0508327208332355,1.3430916666666235,19289.64987008333,6000.0
2025-11-08,Q4-2_fixed_strategy,21096.123656149786,21093.072823428953,0.0,0.0,3.0508327208332355,1.3430916666666235,19289.64987008333,6000.0
2025-11-08,Q4-3_main,27068.746716540343,23968.82552804539,0.0,0.0,3099.921188494956,885.6155170833329,27885.38065069444,6000.0
2025-11-08,Q4-3_no_adjust,23971.876360766222,23968.82552804539,0.0,0.0,3.0508327208332355,1.3430916666666235,25952.066680916665,6000.0
2025-11-09,Q2_main,51714.992344927625,48155.61888922721,0.0,0.0,3559.373455700417,1006.87937025,2622.729425333331,6000.0
2025-11-09,Q2_baseline,75509.51240649141,55533.962819951834,0.0,0.0,19975.54958653959,4502.070667916668,0.0,
2025-11-09,Q3_main,54886.91604508556,52628.87101113496,1427.4270878754978,0.0,830.6179460751066,257.03826541666695,9102.980656350488,6000.000000000002
2025-11-09,Q3_no_adjust,54157.574834728846,52628.87101113496,0.0,0.0,1528.7038235938912,395.61215066666693,8015.54573033333,6000.0
2025-11-09,Q4-2_main,55627.05917784419,51691.40212709498,0.0,0.0,3935.657050749208,1006.87937025,2622.729425333331,6000.0
2025-11-09,Q4-2_fixed_strategy,55418.904774480754,51483.24772373155,0.0,0.0,3935.657050749208,1006.87937025,2622.729425333331,6000.0
2025-11-09,Q4-3_main,59412.12252471905,56728.61976777153,1818.409333194253,0.0,865.0934237532731,257.03826541666695,9235.719787005492,6000.0
2025-11-09,Q4-3_no_adjust,58305.72220457845,56728.61976777153,0.0,0.0,1577.1024368069188,395.61215066666693,8015.54573033333,6000.0
2025-11-10,Q2_main,57038.93312994659,48388.8380192498,0.0,0.0,8650.095110696791,2610.8295829166673,1834.064760833333,6000.0
2025-11-10,Q2_baseline,79592.59006569487,55856.66690881029,0.0,0.0,23735.923156884583,5250.46361625,0.0,
2025-11-10,Q3_main,58221.57018440484,53412.347052743855,3233.094996964749,0.0,1576.1281346962364,404.1306184027777,9518.18447629372,6000.000000000002
2025-11-10,Q3_no_adjust,56455.45545355271,53412.347052743855,0.0,0.0,3043.108400808861,752.3779628888888,6847.018564555555,6000.0
2025-11-10,Q4-2_main,62551.656681850014,52636.17436290576,0.0,0.0,9915.482318944252,2610.8295829166673,1834.0647608333334,6000.0
2025-11-10,Q4-2_fixed_strategy,62341.360225535085,52425.87790659083,0.0,0.0,9915.48231894425,2610.8295829166673,1834.064760833333,6000.0
2025-11-10,Q4-3_main,64185.4180926738,58511.85260906363,4043.50015725928,0.0,1630.0653263508893,404.1306184027778,9691.266699615915,6000.000000000001
2025-11-10,Q4-3_no_adjust,61693.13244580778,58511.85260906363,0.0,0.0,3181.279836744153,752.377962888889,6847.018564555556,6000.0
2025-11-11,Q2_main,50953.90640487836,49645.70149111982,0.0,0.0,1308.2049137585393,364.06043216666626,3753.9447214999996,6000.0
2025-11-11,Q2_baseline,73595.831200154,56292.720580364,0.0,0.0,17303.110619789994,3959.829315416666,0.0,
2025-11-11,Q3_main,56757.05828970258,55635.560687978694,229.15617744828907,0.0,892.3414242755975,254.9248302777778,12030.150168061724,5999.999999999999
2025-11-11,Q3_no_adjust,56839.42679320332,55635.560687978694,0.0,0.0,1203.8661052246212,325.02944099999934,11513.3855045,6000.0
2025-11-11,Q4-2_main,54730.567953601465,53369.23758673488,0.0,0.0,1361.3303668665808,364.06043216666626,3753.944721499999,6000.0
2025-11-11,Q4-2_fixed_strategy,54506.08253610118,53144.7521692346,0.0,0.0,1361.3303668665808,364.06043216666626,3753.9447214999996,6000.0
2025-11-11,Q4-3_main,61262.93554254886,60101.82657197543,230.53381515811867,0.0,930.5751554153196,254.9248302777778,11908.733832493479,6000.0
2025-11-11,Q4-3_no_adjust,61339.118773852046,60101.82657197543,0.0,0.0,1237.2922018766212,325.02944099999934,11513.385504499998,6000.0
2025-11-12,Q2_main,52145.76668625959,50732.85847492721,0.0,0.0,1412.9082113323775,303.42883183333413,5777.098264249999,6000.0
2025-11-12,Q2_baseline,70760.58555189584,57156.98069758479,0.0,0.0,13603.604854311043,2993.6807570833334,0.0,
2025-11-12,Q3_main,56121.238415454114,52969.80851240601,1827.8256868650344,0.0,1323.604216183067,284.42536462500107,10334.504601697361,6000.0
2025-11-12,Q3_no_adjust,54241.94743076918,52969.80851240601,0.0,0.0,1272.1389183631686,274.32664663888966,8715.415881138888,6000.0
2025-11-12,Q4-2_main,55820.37177002414,54395.80191196222,0.0,0.0,1424.5698580619196,303.42883183333424,5777.09826425,6000.0
2025-11-12,Q4-2_fixed_strategy,55927.68838694994,54503.11852888802,0.0,0.0,1424.5698580619194,303.42883183333413,5777.098264249999,6000.0
2025-11-12,Q4-3_main,60499.230663873626,56923.162271947724,2244.80641220671,0.0,1331.2619797191917,284.0164529583344,10558.988520695992,6000.000000000001
2025-11-12,Q4-3_no_adjust,58202.1517234632,56923.162271947724,0.0,0.0,1278.9894515154747,274.32664663888977,8715.41588113889,6000.0
2025-11-13,Q2_main,52971.14301640114,49695.728428238675,0.0,0.0,3275.414588162461,1005.306539416667,3449.479827583334,6000.0
2025-11-13,Q2_baseline,71723.72599824933,56724.345688128706,0.0,0.0,14999.380310120623,3488.0715458333325,0.0,
2025-11-13,Q3_main,56083.65303759284,51535.885314179344,3579.507912028379,0.0,968.2598113851186,271.126167013889,8189.088263375,6000.0
2025-11-13,Q3_no_adjust,57402.96829236831,51535.885314179344,0.0,0.0,5867.08297818896,1521.5739244444444,6260.214921361114,6000.0
2025-11-13,Q4-2_main,57655.49871181441,53986.13540387712,0.0,0.0,3669.363307937293,1005.3065394166667,3449.4798275833346,6000.0
2025-11-13,Q4-2_fixed_strategy,57788.35806239603,54118.994754458734,0.0,0.0,3669.363307937294,1005.306539416667,3449.479827583334,6000.0
2025-11-13,Q4-3_main,61186.98186188869,56015.48444998397,4192.630977804986,0.0,978.866434099744,271.126167013889,8189.088263374999,6000.0
2025-11-13,Q4-3_no_adjust,62490.47426519258,56015.48444998397,0.0,0.0,6474.9898152086125,1521.5739244444444,6260.214921361112,6000.0
2025-11-14,Q2_main,28056.90653401795,28056.90653401795,0.0,0.0,0.0,0.0,18071.6819185,6000.0
2025-11-14,Q2_baseline,38422.94714333979,38422.94714333979,0.0,0.0,0.0,0.0,0.0,
2025-11-14,Q3_main,34556.779808804036,30315.346669137663,0.0,0.0,4241.433139666373,925.0712252499993,23805.524637731472,6000.0
2025-11-14,Q3_no_adjust,30315.346669137663,30315.346669137663,0.0,0.0,0.0,0.0,22119.97701475,6000.0
2025-11-14,Q4-2_main,22301.552529702727,22301.552529702727,0.0,0.0,0.0,0.0,18071.6819185,6000.0
2025-11-14,Q4-2_fixed_strategy,22275.480899227703,22275.480899227703,0.0,0.0,0.0,0.0,18071.6819185,6000.0
2025-11-14,Q4-3_main,27165.115510142547,24065.44940247209,0.0,0.0,3099.666107670456,799.1057889999995,23669.239074740217,6000.0
2025-11-14,Q4-3_no_adjust,24065.44940247209,24065.44940247209,0.0,0.0,0.0,0.0,22119.97701475,6000.0
2025-11-15,Q2_main,28245.96782975662,28245.96782975662,0.0,0.0,0.0,0.0,18023.604679333333,6000.0
2025-11-15,Q2_baseline,38239.13124331779,38103.74291168779,0.0,0.0,135.38833163000112,31.851761250000262,0.0,
2025-11-15,Q3_main,37934.31703100998,34114.223277440484,0.0,0.0,3820.093753569501,849.6789123333335,29427.84303327521,6000.0
2025-11-15,Q3_no_adjust,34114.223277440484,34114.223277440484,0.0,0.0,0.0,0.0,27453.042177249998,6000.0
2025-11-15,Q4-2_main,22712.542887176627,22712.542887176627,0.0,0.0,0.0,0.0,18023.60467933333,6000.0
2025-11-15,Q4-2_fixed_strategy,22835.554918731854,22835.554918731854,0.0,0.0,0.0,0.0,18023.604679333333,6000.0
2025-11-15,Q4-3_main,30485.191950769986,27444.808644103567,0.0,0.0,3040.3833066664174,731.1951077500001,29282.070435902788,6000.0
2025-11-15,Q4-3_no_adjust,27444.808644103567,27444.808644103567,0.0,0.0,0.0,0.0,27453.042177249998,6000.0
2025-11-16,Q2_main,55919.69087263581,51073.7113652804,0.0,0.0,4845.979507355412,1311.7737987499988,3663.08868975,6000.0
2025-11-16,Q2_baseline,78859.96069035312,57434.12580311104,0.0,0.0,21425.83488724208,4861.158197499999,0.0,
2025-11-16,Q3_main,58227.747488202855,53300.78545736477,3631.4431475867746,0.0,1295.5188832513095,343.84062411111006,8622.34220719445,6000.000000000001
2025-11-16,Q3_no_adjust,55025.98381102563,53300.78545736477,0.0,0.0,1725.19835366086,437.7590831666662,5774.491813750001,6000.0
2025-11-16,Q4-2_main,60944.31372319657,55458.15238302161,0.0,0.0,5486.161340174955,1311.7737987499988,3663.0886897500004,6000.0
2025-11-16,Q4-2_fixed_strategy,60896.119672299836,55409.95833212488,0.0,0.0,5486.161340174955,1311.7737987499988,3663.08868975,6000.0
2025-11-16,Q4-3_main,63468.663111888716,58085.2434598067,4050.2802225333685,0.0,1333.1394295486564,343.84062411111006,8622.34220719445,6000.000000000002
2025-11-16,Q4-3_no_adjust,59855.61717662418,58085.2434598067,0.0,0.0,1770.373716817485,437.7590831666662,5774.491813750001,6000.0
2025-11-17,Q2_main,53029.18269087766,51724.339217283996,0.0,0.0,1304.8434735936623,395.51969599999916,5456.008030250002,6000.0
2025-11-17,Q2_baseline,71994.49974307345,57847.790211419706,0.0,0.0,14146.709531653745,3203.8193883333324,0.0,
2025-11-17,Q3_main,58068.25965497951,51358.37139977119,5799.97014404021,0.0,909.9181111681129,312.06392747222264,9883.938625888884,6000.0
2025-11-17,Q3_no_adjust,53103.15983506388,51358.37139977119,0.0,0.0,1744.7884352926897,521.5067526111102,4687.780782694446,6000.0
2025-11-17,Q4-2_main,57404.99709838535,55967.89521411406,0.0,0.0,1437.101884271287,395.51969599999916,5456.008030250002,6000.0
2025-11-17,Q4-2_fixed_strategy,57408.874092539736,55971.77220826845,0.0,0.0,1437.1018842712872,395.51969599999916,5456.008030250002,6000.0
2025-11-17,Q4-3_main,63003.39647463491,55582.74758030726,6470.594781614351,0.0,950.054112713293,307.0016871388891,9878.876385555548,6000.0
2025-11-17,Q4-3_no_adjust,57452.77455770917,55582.74758030726,0.0,0.0,1870.0269774019114,521.5067526111102,4687.780782694446,6000.0
2025-11-18,Q2_main,54785.28510425295,51400.40719447892,0.0,0.0,3384.877909774033,1081.2748034999977,3486.603633083333,6000.0
2025-11-18,Q2_baseline,74946.26051249121,57631.457002613286,0.0,0.0,17314.803509877915,4021.9861649999993,0.0,
2025-11-18,Q3_main,57522.88138575993,53601.94414451947,3222.323612078319,0.0,698.6136291621444,257.9841385416662,8508.782557116778,6000.000000000002
2025-11-18,Q3_no_adjust,54557.286996251285,53601.94414451947,0.0,0.0,955.342851731814,332.5232443333317,5742.288960583335,6000.0
2025-11-18,Q4-2_main,60329.75108272576,56340.947045142144,0.0,0.0,3988.8040375836163,1081.274803499998,3486.603633083333,6000.0
2025-11-18,Q4-2_fixed_strategy,60071.904977919374,56083.10094033576,0.0,0.0,3988.804037583616,1081.2748034999977,3486.603633083333,6000.0
2025-11-18,Q4-3_main,63494.888562207656,59047.14175464269,3735.020864851904,0.0,712.7259427130614,257.9841385416663,8499.32713938735,6000.0
2025-11-18,Q4-3_no_adjust,60032.97062624505,59047.14175464269,0.0,0.0,985.8288716023562,332.52324433333206,5742.288960583335,6000.0
2025-11-19,Q2_main,53886.31708171817,52099.86707918767,0.0,0.0,1786.4500025304962,533.9307573333327,3378.383882916666,6000.0
2025-11-19,Q2_baseline,77216.40546785608,58281.90230297587,0.0,0.0,18934.503164880203,4362.542089583333,0.0,
2025-11-19,Q3_main,60909.49994201971,53066.99952198629,6647.4235046783015,0.0,1195.076915355122,398.9292012499993,10186.887636416668,6000.000000000002
2025-11-19,Q3_no_adjust,54736.52673965339,53066.99952198629,0.0,0.0,1669.5272176670958,504.9000644722221,4604.264806305556,6000.0
2025-11-19,Q4-2_main,59494.698345062265,57594.357331924686,0.0,0.0,1900.34101313758,533.9307573333328,3378.3838829166666,6000.0
2025-11-19,Q4-2_fixed_strategy,59579.32584411964,57678.98483098206,0.0,0.0,1900.3410131375795,533.9307573333327,3378.383882916666,6000.0
2025-11-19,Q4-3_main,67543.82435637873,58743.54626607269,7550.549177914249,0.0,1249.7289123917892,398.92920124999944,10186.887636416666,5999.999999999999
2025-11-19,Q4-3_no_adjust,60480.788986644744,58743.54626607269,0.0,0.0,1737.242720572055,504.9000644722222,4604.264806305557,6000.0
2025-11-20,Q2_main,54890.03905795319,51362.41173421944,0.0,0.0,3527.627323733754,849.9328939166671,3370.514062416665,6000.0
2025-11-20,Q2_baseline,76621.03092711804,57683.51544452221,0.0,0.0,18937.515482595845,4291.1527979166685,0.0,
2025-11-20,Q3_main,57842.602677136,52662.25253382715,4251.253162866429,0.0,929.0969804424152,274.08916754166626,8284.872511458334,6000.0
2025-11-20,Q3_no_adjust,54750.31106122457,52662.25253382715,0.0,0.0,2088.058527397419,542.3028285555555,4858.823430805556,6000.0
2025-11-20,Q4-2_main,59569.510737433215,55725.02279561117,0.0,0.0,3844.487941822046,849.9328939166674,3370.5140624166656,6000.0
2025-11-20,Q4-2_fixed_strategy,59710.921715202654,55866.43377338061,0.0,0.0,3844.487941822046,849.9328939166671,3370.514062416665,6000.0
2025-11-20,Q4-3_main,63131.471936329406,57234.33776862582,4942.402236296672,0.0,954.7319314069152,274.08916754166626,8268.532940625,6000.000000000001
2025-11-20,Q4-3_no_adjust,59499.43124593757,57234.33776862582,0.0,0.0,2265.0934773117524,542.3028285555557,4858.823430805556,6000.0
2025-11-21,Q2_main,29755.57889317214,29755.57889317214,0.0,0.0,0.0,0.0,19817.83468766667,6000.0
2025-11-21,Q2_baseline,39329.80151909337,39323.23693634337,0.0,0.0,6.564582749999916,3.0140416666666283,0.0,
2025-11-21,Q3_main,32997.965477170445,30525.04839751151,34.925042637583715,0.0,2437.992037021354,647.064938333333,22224.396983190338,6000.000000000001
2025-11-21,Q3_no_adjust,30525.04839751151,30525.04839751151,0.0,0.0,0.0,0.0,20876.24238475,6000.0
2025-11-21,Q4-2_main,24246.312309876517,24246.312309876517,0.0,0.0,0.0,0.0,19817.834687666666,6000.0
2025-11-21,Q4-2_fixed_strategy,24092.1670516694,24092.1670516694,0.0,0.0,0.0,0.0,19817.83468766667,6000.0
2025-11-21,Q4-3_main,26807.96877703557,24953.973765953415,40.32426031444613,0.0,1813.670750767709,586.4092255416666,22166.8253392567,6000.0
2025-11-21,Q4-3_no_adjust,24953.973765953415,24953.973765953415,0.0,0.0,0.0,0.0,20876.24238475,6000.0
2025-11-22,Q2_main,29682.725874875963,29682.725874875963,0.0,0.0,0.0,0.0,18541.74290558333,6000.0
2025-11-22,Q2_baseline,39046.68262771916,39025.76713926374,0.0,0.0,20.91548845541661,6.063339166666651,0.0,
2025-11-22,Q3_main,39515.88895251068,34758.674998913484,0.0,0.0,4757.213953597191,1083.6523000000007,28705.480960262,6000.0
2025-11-22,Q3_no_adjust,34758.674998913484,34758.674998913484,0.0,0.0,0.0,0.0,26604.726188916662,6000.0
2025-11-22,Q4-2_main,24076.141818842938,24076.141818842938,0.0,0.0,0.0,0.0,18541.74290558333,6000.0
2025-11-22,Q4-2_fixed_strategy,24051.293467332278,24051.293467332278,0.0,0.0,0.0,0.0,18541.74290558333,6000.0
2025-11-22,Q4-3_main,32382.578525451634,28330.40031481436,0.0,0.0,4052.178210637274,1138.4564321250004,28742.315510613502,6000.000000000001
2025-11-22,Q4-3_no_adjust,28330.40031481436,28330.40031481436,0.0,0.0,0.0,0.0,26604.726188916666,6000.0
2025-11-23,Q2_main,56847.747665908675,52698.76828912701,0.0,0.0,4148.979376781666,1009.889110833333,4893.625446,6000.0
2025-11-23,Q2_baseline,77053.28391224537,58813.446415517246,0.0,0.0,18239.837496728127,4094.550416666668,0.0,
2025-11-23,Q3_main,58595.0223337743,53356.00240604539,4007.8151723264527,0.0,1231.2047554024596,345.9952047500002,8282.348154916664,6000.000000000002
2025-11-23,Q3_no_adjust,54911.47224852609,53356.00240604539,0.0,0.0,1555.4698424807068,411.6430041944441,5077.706044361112,6000.0
2025-11-23,Q4-2_main,62336.30238992367,57668.870800066295,0.0,0.0,4667.431589857375,1009.889110833333,4893.625446,6000.0
2025-11-23,Q4-2_fixed_strategy,62331.56552810876,57664.13393825138,0.0,0.0,4667.431589857375,1009.889110833333,4893.625446,6000.0
2025-11-23,Q4-3_main,64396.29665936452,58482.808662526004,4643.113412825053,0.0,1270.3745840134598,345.9952047500003,8282.348154916664,6000.0
2025-11-23,Q4-3_no_adjust,60114.82745800883,58482.808662526004,0.0,0.0,1632.0187954828323,411.6430041944442,5077.706044361113,6000.0
2025-11-24,Q2_main,54874.14367053544,53278.9401723887,0.0,0.0,1595.2034981467468,411.7357822499993,6280.792212416669,6000.0
2025-11-24,Q2_baseline,71181.22503385379,58996.7040943567,0.0,0.0,12184.52093949708,2870.128836666666,0.0,
2025-11-24,Q3_main,56897.23973390578,52796.9794129418,2740.50217494987,0.0,1359.7581460141062,358.90113877777685,7660.078546861112,6000.0
2025-11-24,Q3_no_adjust,54770.2270136857,52796.9794129418,0.0,0.0,1973.2476007438995,497.2214608055549,5378.313880555555,6000.0
2025-11-24,Q4-2_main,60003.07329298896,58343.24322215546,0.0,0.0,1659.8300708334962,411.7357822499991,6280.792212416669,6000.0
2025-11-24,Q4-2_fixed_strategy,59700.223873609306,58040.39380277581,0.0,0.0,1659.8300708334968,411.7357822499993,6280.792212416669,6000.0
2025-11-24,Q4-3_main,62326.768567265266,57789.96170508651,3135.4702937012958,0.0,1401.336568477453,358.90113877777674,7660.078546861112,6000.0
2025-11-24,Q4-3_no_adjust,59883.687509674026,57789.96170508651,0.0,0.0,2093.72580458751,497.22146080555467,5378.313880555556,6000.0
2025-11-25,Q2_main,54908.45821935981,52856.06662111902,0.0,0.0,2052.391598240795,568.0922075000009,3649.711724000002,6000.0
2025-11-25,Q2_baseline,76480.70024529278,58829.27444852279,0.0,0.0,17651.425796770003,4069.7070883333345,0.0,
2025-11-25,Q3_main,61848.63562096628,60865.75995402778,46.20112755399841,0.0,936.6745393844997,310.754177625,14367.393451348937,6000.0
2025-11-25,Q3_no_adjust,61822.43496880076,60865.75995402778,0.0,0.0,956.6750147729744,316.1719735277784,14023.487106277778,6000.0
2025-11-25,Q4-2_main,59793.53013528713,57488.08069494638,0.0,0.0,2305.4494403407534,568.0922075000009,3649.711724000002,6000.0
2025-11-25,Q4-2_fixed_strategy,59917.906598846894,57612.45715850614,0.0,0.0,2305.449440340753,568.0922075000009,3649.711724000002,6000.0
2025-11-25,Q4-3_main,67753.82950226185,66755.86086502127,44.69068823986726,0.0,953.2779490007288,310.754177625,14234.688091226344,6000.0
2025-11-25,Q4-3_no_adjust,67729.77202747065,66755.86086502127,0.0,0.0,973.9111624493771,316.1719735277784,14023.487106277778,6000.0
2025-11-26,Q2_main,55553.700928926286,53699.92006327408,0.0,0.0,1853.7808656522052,528.546161916666,4107.309136000002,6000.0
2025-11-26,Q2_baseline,76170.02463500845,59594.49487562033,0.0,0.0,16575.52975938812,3791.7148316666653,0.0,
2025-11-26,Q3_main,60101.56234859324,57035.80176121846,2226.2583070666856,0.0,839.5022803080899,252.47085183333309,10323.8141594429,5999.999999999999
2025-11-26,Q3_no_adjust,57876.476733823394,57035.80176121846,0.0,0.0,840.6749726049306,260.3246588333334,8667.441637500002,6000.0
2025-11-26,Q4-2_main,61348.27192091871,59245.0471273413,0.0,0.0,2103.224793577413,528.546161916666,4107.309136000002,6000.0
2025-11-26,Q4-2_fixed_strategy,61238.907946406216,59135.6831528288,0.0,0.0,2103.224793577413,528.546161916666,4107.309136000002,6000.0
2025-11-26,Q4-3_main,66584.84571951146,63278.913631720476,2378.9656731961873,0.0,926.9664145948117,252.47085183333297,10222.162915257377,6000.0
2025-11-26,Q4-3_no_adjust,64199.23639541185,63278.913631720476,0.0,0.0,920.3227636913748,260.3246588333333,8667.441637500002,6000.0
2025-11-27,Q2_main,55243.4871357852,53549.99167789845,0.0,0.0,1693.4954578867541,429.8159627500012,4931.151573583335,6000.0
2025-11-27,Q2_baseline,73912.23547987637,59452.30502689471,0.0,0.0,14459.930452981664,3434.8580933333324,0.0,
2025-11-27,Q3_main,58461.562045950384,55104.06640351645,2690.5842501873512,0.0,666.9113922465876,171.20275190277744,9017.160398569453,6000.000000000002
2025-11-27,Q3_no_adjust,55884.19687570058,55104.06640351645,0.0,0.0,780.1304721841263,198.81622916666709,6761.5704000000005,6000.0
2025-11-27,Q4-2_main,61038.4709652268,59054.392148288585,0.0,0.0,1984.0788169382135,429.8159627500012,4931.1515735833345,6000.0
2025-11-27,Q4-2_fixed_strategy,61087.95906071945,59103.880243781234,0.0,0.0,1984.0788169382135,429.8159627500012,4931.151573583335,6000.0
2025-11-27,Q4-3_main,64771.20855474055,60995.723495205224,3065.347975042349,0.0,710.1370844929767,171.20275190277744,9017.160398569453,6000.000000000001
2025-11-27,Q4-3_no_adjust,61843.05457841239,60995.723495205224,0.0,0.0,847.3310832071686,198.8162291666672,6761.570400000001,6000.0
2025-11-28,Q2_main,31179.97898859976,31179.97898859976,0.0,0.0,0.0,0.0,20252.712095916664,6000.0
2025-11-28,Q2_baseline,40096.541806537585,40096.541806537585,0.0,0.0,0.0,0.0,0.0,
2025-11-28,Q3_main,36439.47948909225,32464.550485900414,0.0,0.0,3974.9290031918335,839.7527418333332,23604.028285322012,6000.0
2025-11-28,Q3_no_adjust,32464.550485900414,32464.550485900414,0.0,0.0,0.0,0.0,22039.103548416664,6000.0
2025-11-28,Q4-2_main,24931.847560044807,24931.847560044807,0.0,0.0,0.0,0.0,20252.712095916664,6000.0
2025-11-28,Q4-2_fixed_strategy,24949.529252441687,24949.529252441687,0.0,0.0,0.0,0.0,20252.712095916664,6000.0
2025-11-28,Q4-3_main,29250.023090689552,26116.92154387251,0.0,0.0,3133.1015468170417,836.8261457083331,23589.893201671293,6000.0
2025-11-28,Q4-3_no_adjust,26116.92154387251,26116.92154387251,0.0,0.0,0.0,0.0,22039.103548416664,6000.0
2025-11-29,Q2_main,31004.711100955046,31002.22966688838,0.0,0.0,2.4814340666665826,1.160633333333294,16059.223043166667,6000.0
2025-11-29,Q2_baseline,40038.228154238204,39938.73572724362,0.0,0.0,99.4924269945836,41.85381000000008,0.0,
2025-11-29,Q3_main,43586.78342211951,38995.98522822671,0.0,0.0,4590.798193892797,1139.892730333334,30987.029629673525,6000.000000000002
2025-11-29,Q3_no_adjust,38998.46666229337,38995.98522822671,0.0,0.0,2.4814340666665826,1.160633333333294,28506.803393583334,6000.0
2025-11-29,Q4-2_main,25256.81311307575,25254.284093042417,0.0,0.0,2.529020033333248,1.160633333333294,16059.223043166665,6000.0
2025-11-29,Q4-2_fixed_strategy,25238.248729404862,25235.71970937153,0.0,0.0,2.529020033333248,1.160633333333294,16059.223043166667,6000.0
2025-11-29,Q4-3_main,36364.25510454994,32554.465742275275,0.0,0.0,3809.789362274669,1140.6059404166672,30934.546757034288,6000.000000000001
2025-11-29,Q4-3_no_adjust,32556.99476230861,32554.465742275275,0.0,0.0,2.529020033333248,1.160633333333294,28506.803393583334,6000.0
2025-11-30,Q2_main,59158.37359844354,54242.66352010084,0.0,0.0,4915.710078342704,1384.7379097499988,2288.7624870833347,6000.0
2025-11-30,Q2_baseline,84426.31529346303,60298.18171788595,0.0,0.0,24128.133575577078,5801.404054999999,0.0,
2025-11-30,Q3_main,61656.002947692665,57083.48787716382,3546.614451250126,0.0,1025.9006192787192,290.26995458333363,8258.39572795833,6000.0
2025-11-30,Q3_no_adjust,59101.96343970608,57083.48787716382,0.0,0.0,2018.475562542262,518.6410090277773,5757.766881777778,6000.0
2025-11-30,Q4-2_main,66067.50259354491,60163.37797117371,0.0,0.0,5904.124622371204,1384.737909749999,2288.762487083335,6000.0
2025-11-30,Q4-2_fixed_strategy,66114.61532289941,60210.4907005282,0.0,0.0,5904.124622371203,1384.7379097499988,2288.7624870833347,6000.0
2025-11-30,Q4-3_main,68975.8405562172,63752.42905785725,4157.381183235509,0.0,1066.0303151244484,290.2699545833335,8258.39572795833,6000.0
2025-11-30,Q4-3_no_adjust,65947.53687982578,63752.42905785725,0.0,0.0,2195.1078219685387,518.6410090277773,5757.7668817777785,6000.0
2025-12-01,Q2_main,75724.05620336556,54554.64196426653,0.0,0.0,21169.41423909904,5722.644603333332,1145.8037397500002,6000.0
2025-12-01,Q2_baseline,105872.5311896264,60365.81290442558,0.0,0.0,45506.718285200826,11414.419473333332,0.0,
2025-12-01,Q3_main,73019.09896646139,60172.32271684802,7391.63733285697,0.0,5455.138916756396,2221.640420402778,10164.414075361117,6000.0
2025-12-01,Q3_no_adjust,68995.97466553851,60172.32271684802,0.0,0.0,8823.651948690484,3020.6389645277773,5382.6488759444455,6000.0
2025-12-01,Q4-2_main,90252.72728815205,63813.91565558114,0.0,0.0,26438.81163257091,5722.64460333333,1145.80373975,6000.0
2025-12-01,Q4-2_fixed_strategy,89488.7265484756,63049.914915904694,0.0,0.0,26438.81163257091,5722.644603333332,1145.8037397500002,6000.0
2025-12-01,Q4-3_main,86319.72298000175,71377.75304999176,8667.753381026801,0.0,6274.2165489831805,2221.6404204027776,10164.414075361117,6000.0
2025-12-01,Q4-3_no_adjust,81768.10502271174,71377.75304999176,0.0,0.0,10390.35197271997,3020.6389645277773,5382.6488759444455,6000.0
2025-12-02,Q2_main,80723.34862538861,54991.63692537577,0.0,0.0,25731.711700012835,6865.826168,441.425534916667,6000.0
2025-12-02,Q2_baseline,113928.56660234733,60605.64601500296,0.0,0.0,53322.92058734437,13391.063412916668,0.0,
2025-12-02,Q3_main,74573.91892663427,62302.45323248201,7594.456258909166,0.0,4677.009435243088,1934.5949271666677,11031.364575125008,6000.000000000002
2025-12-02,Q3_no_adjust,71363.36020180526,62302.45323248201,0.0,0.0,9060.906969323258,2874.6382426111127,6418.012932027777,6000.0
2025-12-02,Q4-2_main,98362.7052767034,65333.92104458285,0.0,0.0,33028.784232120546,6865.826168,441.425534916667,6000.0
2025-12-02,Q4-2_fixed_strategy,97332.87891380748,64304.094681686925,0.0,0.0,33028.784232120546,6865.826168,441.425534916667,6000.0
2025-12-02,Q4-3_main,89693.19295245703,75483.16263315067,8908.151804023957,0.0,5301.878515282399,1934.5949271666677,11031.364575125008,6000.0
2025-12-02,Q4-3_no_adjust,85922.78632087364,75483.16263315067,0.0,0.0,10439.623687722968,2874.6382426111127,6418.012932027777,6000.0
2025-12-03,Q2_main,70694.21947067743,56183.635570424725,0.0,0.0,14510.58390025271,4627.506210666667,1102.4958769166653,6000.0
2025-12-03,Q2_baseline,102947.79922380266,61488.43796250433,0.0,0.0,41459.36126129834,11106.361030416667,0.0,
2025-12-03,Q3_main,75629.37379103963,56039.70399215986,15758.246825177393,0.0,3831.422973702376,1636.0670630277777,11109.143635944447,6000.0
2025-12-03,Q3_no_adjust,71819.49425646095,56039.70399215986,0.0,0.0,15779.790264301086,4980.516214694444,1136.0092709444439,6000.0
2025-12-03,Q4-2_main,85126.31301575448,66542.64061939965,0.0,0.0,18583.672396354836,4627.506210666667,1102.4958769166656,6000.0
2025-12-03,Q4-2_fixed_strategy,84250.35949737483,65666.68710101998,0.0,0.0,18583.672396354836,4627.506210666667,1102.4958769166653,6000.0
2025-12-03,Q4-3_main,91155.8116402413,66280.65226255452,20448.825730937744,0.0,4426.333646749029,1636.0670630277777,11109.143635944445,6000.000000000001
2025-12-03,Q4-3_no_adjust,86667.15774674228,66280.65226255452,0.0,0.0,20386.505484187765,4980.516214694444,1136.0092709444443,6000.0
2025-12-04,Q2_main,71429.48982443205,57145.328445970925,0.0,0.0,14284.161378461127,3840.209857083333,2185.322541916668,6000.0
2025-12-04,Q2_baseline,102095.51970369979,61867.42340792854,0.0,0.0,40228.09629577125,10232.737132916665,0.0,
2025-12-04,Q3_main,73998.45667791727,62209.24110516576,7671.785783824234,0.0,4117.429788927293,1691.8892152222224,11965.023096093795,6000.0
2025-12-04,Q3_no_adjust,72447.2539098635,62209.24110516576,0.0,0.0,10238.012804697748,2979.903516861111,7610.233684611112,6000.0
2025-12-04,Q4-2_main,84439.95080172605,66936.29715429067,0.0,0.0,17503.653647435374,3840.209857083333,2185.3225419166683,6000.0
2025-12-04,Q4-2_fixed_strategy,83729.48210686442,66225.82845942905,0.0,0.0,17503.653647435374,3840.209857083333,2185.322541916668,6000.0
2025-12-04,Q4-3_main,87374.34275052394,73606.14231472946,9051.666962868574,0.0,4716.533472925905,1691.8892152222224,11676.442530720855,6000.0
2025-12-04,Q4-3_no_adjust,86026.77510973821,73606.14231472946,0.0,0.0,12420.632795008762,2979.903516861111,7610.233684611111,6000.0
2025-12-05,Q2_main,35080.68088665157,34987.04214322436,0.0,0.0,93.63874342720794,42.80186341666649,16057.412466,6000.0
2025-12-05,Q2_baseline,43350.45208707787,42130.650308264754,0.0,0.0,1219.8017788131242,407.0403395833333,0.0,
2025-12-05,Q3_main,39047.19088165477,38234.64307691794,0.0,0.0,812.5478047368317,263.98856691666634,21121.917630012,6000.0
2025-12-05,Q3_no_adjust,38328.28182034515,38234.64307691794,0.0,0.0,93.63874342720794,42.80186341666649,20470.429703916663,6000.0
2025-12-05,Q4-2_main,30361.55747802666,30273.862117169912,0.0,0.0,87.69536085674966,42.80186341666649,16057.412466,6000.0
2025-12-05,Q4-2_fixed_strategy,30293.67600159008,30205.98064073333,0.0,0.0,87.69536085674966,42.80186341666649,16057.412466,6000.0
2025-12-05,Q4-3_main,34115.82438681499,33354.366199505115,0.0,0.0,761.4581873098739,332.30284516666626,21169.052168460217,6000.000000000003
2025-12-05,Q4-3_no_adjust,33442.061560361864,33354.366199505115,0.0,0.0,87.69536085674966,42.80186341666649,20470.429703916663,6000.0
2025-12-06,Q2_main,35361.150435288066,35337.73338360198,0.0,0.0,23.417051686082477,10.826218083332947,14130.043207249999,6000.0
2025-12-06,Q2_baseline,43473.19843611633,42292.70854072028,0.0,0.0,1180.4898953960392,379.31612833333253,0.0,
2025-12-06,Q3_main,41034.780347962616,40091.78816540699,0.0,0.0,942.9921825556248,338.22293308333303,21696.272652018808,6000.0
2025-12-06,Q3_no_adjust,40110.89995784474,40091.78816540699,0.0,0.0,19.11179243774999,8.883411416666661,20910.450720583332,6000.0
2025-12-06,Q4-2_main,31415.891899813974,31394.4974711226,0.0,0.0,21.394428691374184,10.826218083332947,14130.043207249999,6000.0
2025-12-06,Q4-2_fixed_strategy,31467.234146245573,31445.839717554198,0.0,0.0,21.394428691374184,10.826218083332947,14130.043207249999,6000.0
2025-12-06,Q4-3_main,36817.89224234231,35977.60886712935,0.0,0.0,840.2833752129586,317.1641364999998,21674.16131870678,6000.0
2025-12-06,Q4-3_no_adjust,35994.970983391555,35977.60886712935,0.0,0.0,17.36211626220832,8.883411416666661,20910.450720583332,6000.0
2025-12-07,Q2_main,66166.44967450555,59109.75896297116,0.0,0.0,7056.6907115343865,1974.924783666669,2052.996594833335,6000.0
2025-12-07,Q2_baseline,96364.87947345371,63878.182508784754,0.0,0.0,32486.69696466896,8490.422567083335,0.0,
2025-12-07,Q3_main,71761.90685028641,64990.20859997619,4816.7827580058065,0.0,1954.9154923044155,821.7812709999997,12459.784522552814,6000.000000000002
2025-12-07,Q3_no_adjust,69195.89072200723,64990.20859997619,0.0,0.0,4205.682122031036,1279.4471872777794,9327.450354277778,6000.0
2025-12-07,Q4-2_main,77729.45490524785,69215.20306224443,0.0,0.0,8514.251843003429,1974.9247836666689,2052.996594833335,6000.0
2025-12-07,Q4-2_fixed_strategy,77724.41746085096,69210.16561784754,0.0,0.0,8514.25184300343,1974.924783666669,2052.996594833335,6000.0
2025-12-07,Q4-3_main,84803.21994053134,77020.6155966488,5553.533977887334,0.0,2229.070365995207,821.7812709999996,12455.627312813103,6000.000000000002
2025-12-07,Q4-3_no_adjust,81759.98400587372,77020.6155966488,0.0,0.0,4739.368409224911,1279.4471872777792,9327.450354277778,6000.0
2025-12-08,Q2_main,65466.193555021404,59385.08272610503,0.0,0.0,6081.110828916375,1696.6709370833335,2187.0116951666655,6000.0
2025-12-08,Q2_baseline,97344.50187908253,63839.237111087954,0.0,0.0,33505.26476799459,8827.096950416668,0.0,
2025-12-08,Q3_main,71001.01576956644,65251.53433217165,4443.574409487601,0.0,1305.907027907186,542.9570769166662,12387.84684819444,6000.0
2025-12-08,Q3_no_adjust,67420.74832713444,65251.53433217165,0.0,0.0,2169.2139949627895,725.1158913333328,9123.217945249999,6000.0
2025-12-08,Q4-2_main,77333.96515785335,69522.37507058485,0.0,0.0,7811.5900872685,1696.6709370833332,2187.0116951666655,6000.0
2025-12-08,Q4-2_fixed_strategy,77257.67925954255,69446.08917227405,0.0,0.0,7811.590087268501,1696.6709370833335,2187.0116951666655,6000.0
2025-12-08,Q4-3_main,84176.04590589568,77563.25809377916,5112.686491362677,0.0,1500.101320753832,542.9570769166662,12387.84684819444,6000.0
2025-12-08,Q4-3_no_adjust,80081.83044550571,77563.25809377916,0.0,0.0,2518.5723517265387,725.1158913333327,9123.217945249999,6000.0
2025-12-09,Q2_main,65260.965416413994,60143.301348770205,0.0,0.0,5117.6640676437855,1214.8572864166654,3322.2251545000036,6000.0
2025-12-09,Q2_baseline,95444.79136499124,64406.38449706688,0.0,0.0,31038.406867924365,7493.810634166664,0.0,
2025-12-09,Q3_main,69362.85940692338,64729.150276247776,3792.261692871415,0.0,841.4474378041953,356.13552043055574,11261.533839763895,6000.000000000002
2025-12-09,Q3_no_adjust,67636.90152460583,64729.150276247776,0.0,0.0,2907.751248358054,757.1702202499996,8873.78629916667,6000.0
2025-12-09,Q4-2_main,75841.92444035607,69747.5799136208,0.0,0.0,6094.344526735284,1214.8572864166654,3322.2251545000036,6000.0
2025-12-09,Q4-2_fixed_strategy,75756.03482787868,69661.6903011434,0.0,0.0,6094.344526735284,1214.8572864166654,3322.2251545000036,6000.0
2025-12-09,Q4-3_main,80893.68356804199,75734.73712622008,4216.899157452177,0.0,942.0472843697299,356.13552043055574,11261.533839763895,6000.000000000002
2025-12-09,Q4-3_no_adjust,78967.70334829844,75734.73712622008,0.0,0.0,3232.9662220783594,757.1702202499997,8873.78629916667,6000.0
2025-12-10,Q2_main,64710.44936372087,60516.46879216862,0.0,0.0,4193.980571552251,1272.819496416666,2695.536966333335,6000.0
2025-12-10,Q2_baseline,95585.4756029222,64667.82827840012,0.0,0.0,30917.64732452208,8411.580119583334,0.0,
2025-12-10,Q3_main,70643.12576849145,62145.39860494033,7704.023731871345,0.0,793.7034316797611,359.16864119444335,10396.63310611111,6000.000000000002
2025-12-10,Q3_no_adjust,65487.92290803125,62145.39860494033,0.0,0.0,3342.524303090915,1007.2399865277769,4524.169683111113,6000.0
2025-12-10,Q4-2_main,76838.26724108231,71423.98412030611,0.0,0.0,5414.28312077621,1272.8194964166664,2695.536966333335,6000.0
2025-12-10,Q4-2_fixed_strategy,76702.89339066039,71288.61026988419,0.0,0.0,5414.283120776208,1272.819496416666,2695.536966333335,6000.0
2025-12-10,Q4-3_main,84188.92735825355,73464.85553650836,9800.807908531995,0.0,923.2639132132049,359.16864119444324,10396.63310611111,6000.000000000002
2025-12-10,Q4-3_no_adjust,77766.05888644191,73464.85553650836,0.0,0.0,4301.203349933554,1007.2399865277769,4524.169683111113,6000.0
2025-12-11,Q2_main,62902.7785122939,60502.781798617114,0.0,0.0,2399.996713676791,707.1762557499997,4621.431851750001,6000.0
2025-12-11,Q2_baseline,88844.94193482425,64403.43930731341,0.0,0.0,24441.502627510832,6354.525469583334,0.0,
2025-12-11,Q3_main,69205.98409577888,64478.822539749955,4169.996320558188,0.0,557.1652354707286,219.78986141666633,12705.962169335398,6000.0
2025-12-11,Q3_no_adjust,66017.85634158611,64478.822539749955,0.0,0.0,1539.0338018361651,444.93692433333285,9803.97788075,6000.0
2025-12-11,Q4-2_main,72490.02645215378,69613.1226603432,0.0,0.0,2876.9037918105814,707.1762557499994,4621.431851750001,6000.0
2025-12-11,Q4-2_fixed_strategy,72509.68706336533,69632.78327155476,0.0,0.0,2876.9037918105823,707.1762557499997,4621.431851750001,6000.0
2025-12-11,Q4-3_main,79731.6897909146,74889.11490907689,4247.465718239149,0.0,595.1091635985616,219.7898614166662,12304.245716603917,6000.0
2025-12-11,Q4-3_no_adjust,76561.27681808852,74889.11490907689,0.0,0.0,1672.1619090116228,444.9369243333326,9803.97788075,6000.0
2025-12-12,Q2_main,36934.717663972886,36934.717663972886,0.0,0.0,0.0,0.0,16703.998314833334,6000.0
2025-12-12,Q2_baseline,43430.161769815575,42927.83674614204,0.0,0.0,502.3250236735416,149.71893666666668,0.0,
2025-12-12,Q3_main,40561.632497474326,39994.18161149483,65.98802653250006,0.0,501.4628594469998,169.88066649999985,21805.367863160325,6000.000000000002
2025-12-12,Q3_no_adjust,39994.18161149483,39994.18161149483,0.0,0.0,0.0,0.0,21278.0630615,6000.0
2025-12-12,Q4-2_main,32777.13248265491,32777.13248265491,0.0,0.0,0.0,0.0,16703.998314833334,6000.0
2025-12-12,Q4-2_fixed_strategy,32649.165770816704,32649.165770816704,0.0,0.0,0.0,0.0,16703.998314833334,6000.0
2025-12-12,Q4-3_main,36320.977407646315,35846.36905562267,117.5919308334376,0.0,357.0164211902079,117.61369208333298,21797.79872589386,6000.0
2025-12-12,Q4-3_no_adjust,35846.36905562267,35846.36905562267,0.0,0.0,0.0,0.0,21278.063061499997,6000.0
2025-12-13,Q2_main,38037.442361564514,38034.12717876452,0.0,0.0,3.315182799999824,1.5505999999999176,18221.54919525,6000.0
2025-12-13,Q2_baseline,43453.7907532705,43385.80060799821,0.0,0.0,67.9901452722916,27.95174874999998,0.0,
2025-12-13,Q3_main,41983.53170803733,41093.93280290024,0.0,0.0,889.5989051370849,262.0636658333335,23199.736626951828,6000.0
2025-12-13,Q3_no_adjust,41097.24798570024,41093.93280290024,0.0,0.0,3.315182799999824,1.5505999999999176,22362.187909416665,6000.0
2025-12-13,Q4-2_main,34153.30909738676,34150.04043258676,0.0,0.0,3.2686647999998257,1.5505999999999176,18221.54919525,6000.0
2025-12-13,Q4-2_fixed_strategy,34255.45524548511,34252.186580685106,0.0,0.0,3.2686647999998257,1.5505999999999176,18221.54919525,6000.0
2025-12-13,Q4-3_main,38039.76196007896,37168.571151116004,0.0,0.0,871.1908089629596,287.01029208333347,23232.377409490407,6000.0
2025-12-13,Q4-3_no_adjust,37171.839815916006,37168.571151116004,0.0,0.0,3.2686647999998257,1.5505999999999176,22362.187909416665,6000.0
2025-12-14,Q2_main,64026.94371898451,61919.92836551614,0.0,0.0,2107.0153534683714,525.7105306666657,3466.777711333338,6000.0
2025-12-14,Q2_baseline,93628.31424076043,65756.23647475525,0.0,0.0,27872.077766005194,7280.651649166663,0.0,
2025-12-14,Q3_main,71226.49756722683,61517.25706485077,9391.94301270064,0.0,317.2974896754373,126.57103529166636,10514.203710541675,6000.0
2025-12-14,Q3_no_adjust,64677.79380240612,61517.25706485077,0.0,0.0,3160.536737555357,804.0591835277771,3223.087677111116,6000.0
2025-12-14,Q4-2_main,76066.73399352147,73399.48888721269,0.0,0.0,2667.2451063087856,525.7105306666655,3466.777711333338,6000.0
2025-12-14,Q4-2_fixed_strategy,75947.11645360236,73279.87134729356,0.0,0.0,2667.245106308787,525.7105306666657,3466.777711333338,6000.0
2025-12-14,Q4-3_main,85274.36446022015,72755.07586477377,12158.197542566471,0.0,361.0910528799164,126.57103529166636,10514.203710541673,6000.0
2025-12-14,Q4-3_no_adjust,77024.01440984034,72755.07586477377,0.0,0.0,4268.938545066565,804.0591835277769,3223.087677111116,6000.0
2025-12-15,Q2_main,65669.67693553705,62605.94170920318,0.0,0.0,3063.735226333873,939.9152846666657,4208.3410757500005,6000.0
2025-12-15,Q2_baseline,92390.63083852254,66423.55787155629,0.0,0.0,25967.072966966254,7153.712880833335,0.0,
2025-12-15,Q3_main,70930.51026381957,62397.775828004844,8398.221214627134,0.0,134.51322118758344,55.91959716666645,10490.528302000002,6000.0
2025-12-15,Q3_no_adjust,65158.789665296026,62397.775828004844,0.0,0.0,2761.0138372911797,833.138894916666,3909.9002655833337,6000.0
2025-12-15,Q4-2_main,78330.05645007973,73937.43482594936,0.0,0.0,4392.621624130372,939.9152846666657,4208.3410757500005,6000.0
2025-12-15,Q4-2_fixed_strategy,78477.08097951673,74084.45935538635,0.0,0.0,4392.621624130372,939.9152846666657,4208.3410757500005,6000.0
2025-12-15,Q4-3_main,84864.270306394,73677.13206381087,11044.05814983941,0.0,143.08009274370858,55.91959716666645,10490.528302000002,6000.0
2025-12-15,Q4-3_no_adjust,77590.80192001353,73677.13206381087,0.0,0.0,3913.669856202665,833.138894916666,3909.9002655833337,6000.0
2025-12-16,Q2_main,64684.51121844748,63555.72566390382,0.0,0.0,1128.7855545436632,333.17357308333226,4953.860074000002,6000.0
2025-12-16,Q2_baseline,89472.05950275878,67260.70487086546,0.0,0.0,22211.35463189333,6028.294251249999,0.0,
2025-12-16,Q3_main,69488.2555791758,66632.44919038613,2776.455375472546,0.0,79.3510133171231,32.64801616666614,10625.799406111115,6000.000000000002
2025-12-16,Q3_no_adjust,67263.65610751646,66632.44919038613,0.0,0.0,631.2069171303315,168.19349433333264,8480.228400250002,6000.0
2025-12-16,Q4-2_main,76352.45814501753,74929.96256743553,0.0,0.0,1422.4955775819953,333.17357308333226,4953.860074000002,6000.0
2025-12-16,Q4-2_fixed_strategy,76195.4317936249,74772.9362160429,0.0,0.0,1422.4955775819953,333.17357308333226,4953.860074000002,6000.0
2025-12-16,Q4-3_main,82367.57510527501,78967.6058224859,3309.0676271824095,0.0,90.90165560670637,32.64801616666625,10625.799406111117,6000.000000000002
2025-12-16,Q4-3_no_adjust,79662.08824077868,78967.6058224859,0.0,0.0,694.4824182927895,168.19349433333264,8480.228400250002,6000.0
2025-12-17,Q2_main,64777.67100704753,63588.84845473162,0.0,0.0,1188.822552315914,309.118637666666,6399.571495,6000.0
2025-12-17,Q2_baseline,84586.00647372879,67284.99722401379,0.0,0.0,17301.009249715004,4677.192039583334,0.0,
2025-12-17,Q3_main,69201.51734272807,66735.31569476238,2012.9892500711846,0.0,453.21239789450107,157.69880375000014,12082.470240006522,6000.000000000001
2025-12-17,Q3_no_adjust,67922.15453535704,66735.31569476238,0.0,0.0,1186.8388405946644,308.64927933333286,10629.002951666665,6000.0
2025-12-17,Q4-2_main,76243.58198766553,74944.83113845228,0.0,0.0,1298.750849213247,309.118637666666,6399.571494999999,6000.0
2025-12-17,Q4-2_fixed_strategy,76241.5277622592,74942.77691304595,0.0,0.0,1298.750849213247,309.118637666666,6399.571495,6000.0
2025-12-17,Q4-3_main,81974.63821859405,79222.99459210437,2239.481531372553,0.0,512.162095117126,157.69880375000014,12124.831429310365,6000.000000000001
2025-12-17,Q4-3_no_adjust,80519.24420274157,79222.99459210437,0.0,0.0,1296.2496106372055,308.64927933333286,10629.002951666665,6000.0
2025-12-18,Q2_main,64277.89994869304,63086.97932892667,0.0,0.0,1190.9206197663739,395.78334458333273,6433.241773166669,6000.0
2025-12-18,Q2_baseline,86113.80339131487,66783.64349605652,0.0,0.0,19330.159895258326,4882.688040833332,0.0,
2025-12-18,Q3_main,69654.59397776221,63739.737640897234,5464.509453545025,0.0,450.34688331995824,207.38685837499997,11027.169130708338,6000.000000000002
2025-12-18,Q3_no_adjust,64593.640365581814,63739.737640897234,0.0,0.0,853.902724684583,326.4789125833329,6736.734044083336,6000.0
2025-12-18,Q4-2_main,74976.22057904242,73543.0075086981,0.0,0.0,1433.2130703443315,395.7833445833326,6433.241773166669,6000.0
2025-12-18,Q4-2_fixed_strategy,75194.87803895041,73761.66496860608,0.0,0.0,1433.2130703443318,395.78334458333273,6433.241773166669,6000.0
2025-12-18,Q4-3_main,81571.89371586831,74417.97915956305,6641.605102012925,0.0,512.3094542923327,207.38685837499975,11027.169130708338,6000.000000000002
2025-12-18,Q4-3_no_adjust,75372.64684917868,74417.97915956305,0.0,0.0,954.6676896156241,326.4789125833328,6736.734044083336,6000.0
2025-12-19,Q2_main,39628.067234891925,39628.067234891925,0.0,0.0,0.0,0.0,21377.94027766666,6000.0
2025-12-19,Q2_baseline,44624.47560550895,44612.66598025896,0.0,0.0,11.809625250000018,5.478833333333341,0.0,
2025-12-19,Q3_main,42640.53368566315,39918.594816126395,0.0,0.0,2721.9388695367525,672.5143947083336,22731.657775738175,6000.0
2025-12-19,Q3_no_adjust,39918.594816126395,39918.594816126395,0.0,0.0,0.0,0.0,21505.9026035,6000.0
2025-12-19,Q4-2_main,35468.230758689504,35468.230758689504,0.0,0.0,0.0,0.0,21377.94027766666,6000.0
2025-12-19,Q4-2_fixed_strategy,35611.09908671914,35611.09908671914,0.0,0.0,0.0,0.0,21377.94027766666,6000.0
2025-12-19,Q4-3_main,38201.666865760344,35725.06686153568,0.0,0.0,2476.6000042246687,659.5272561250003,22721.211646071162,6000.0
2025-12-19,Q4-3_no_adjust,35725.06686153568,35725.06686153568,0.0,0.0,0.0,0.0,21505.9026035,6000.0
2025-12-20,Q2_main,40880.22074471771,40880.22074471771,0.0,0.0,0.0,0.0,23349.335402666664,6000.0
2025-12-20,Q2_baseline,45278.83566933808,45250.79345150683,0.0,0.0,28.04221783125003,12.985168750000014,0.0,
2025-12-20,Q3_main,44847.37398477177,42101.06349229787,0.0,0.0,2746.310492473901,664.3754886666674,26033.409004150555,6000.0
2025-12-20,Q3_no_adjust,42101.06349229787,42101.06349229787,0.0,0.0,0.0,0.0,24482.687096,6000.0
2025-12-20,Q4-2_main,36169.533121471686,36169.533121471686,0.0,0.0,0.0,0.0,23349.335402666668,6000.0
2025-12-20,Q4-2_fixed_strategy,36209.802330543986,36209.802330543986,0.0,0.0,0.0,0.0,23349.335402666664,6000.0
2025-12-20,Q4-3_main,39546.37384553929,37220.28580070828,0.0,0.0,2326.0880448310063,628.385979500001,25981.525944437763,6000.0
2025-12-20,Q4-3_no_adjust,37220.28580070828,37220.28580070828,0.0,0.0,0.0,0.0,24482.687095999998,6000.0
2025-12-21,Q2_main,66260.98489041385,64584.76657303161,0.0,0.0,1676.2183173822486,432.58960741666624,6847.660815916666,6000.0
2025-12-21,Q2_baseline,84813.54637533714,68334.77066229758,0.0,0.0,16478.775713039577,4571.331104999999,0.0,
2025-12-21,Q3_main,69667.17040713759,65612.80424357811,3549.2270246988364,0.0,505.1391388606461,131.6705056666666,10788.29188423611,6000.000000000002
2025-12-21,Q3_no_adjust,66821.64018539648,65612.80424357811,0.0,0.0,1208.8359418183734,247.1576179999995,8110.6386956666665,6000.0
2025-12-21,Q4-2_main,78128.56552980091,76050.42358079411,0.0,0.0,2078.14194900679,432.589607416666,6847.660815916667,6000.0
2025-12-21,Q4-2_fixed_strategy,78167.43396523659,76089.2920162298,0.0,0.0,2078.14194900679,432.58960741666624,6847.660815916666,6000.0
2025-12-21,Q4-3_main,82315.15701243699,77496.09437790007,4246.016205962714,0.0,573.0464285742082,131.6705056666665,10788.291884236112,6000.000000000002
2025-12-21,Q4-3_no_adjust,78830.68813899756,77496.09437790007,0.0,0.0,1334.5937610974977,247.15761799999927,8110.6386956666665,6000.0
2025-12-22,Q2_main,66593.6959371081,65338.64471093248,0.0,0.0,1255.051226175627,273.2900705000002,7961.0726245000005,6000.0
2025-12-22,Q2_baseline,81108.25067051941,69192.9153800715,0.0,0.0,11915.335290447914,3119.53843875,0.0,
2025-12-22,Q3_main,69424.58046986238,65557.59076876902,3178.0357424196313,0.0,688.9539586737311,169.82858087500017,10685.375814041668,6000.000000000002
2025-12-22,Q3_no_adjust,66808.53009158465,65557.59076876902,0.0,0.0,1250.9393228156277,272.4459105000003,7808.442106166668,6000.0
2025-12-22,Q4-2_main,79184.38991083158,77803.77212121291,0.0,0.0,1380.6177896186682,273.29007049999996,7961.0726245000005,6000.0
2025-12-22,Q4-2_fixed_strategy,79177.01178867572,77796.39399905705,0.0,0.0,1380.6177896186687,273.2900705000002,7961.0726245000005,6000.0
2025-12-22,Q4-3_main,82960.32213566208,78014.4130124732,4185.52846217743,0.0,760.3806610114398,169.82858087500017,10685.375814041668,6000.000000000002
2025-12-22,Q4-3_no_adjust,79390.04941393188,78014.4130124732,0.0,0.0,1375.636401458669,272.4459105000002,7808.442106166667,6000.0
2025-12-23,Q2_main,66446.64820055028,65812.94579455353,0.0,0.0,633.7024059967554,142.43608883333422,9935.002731333334,6000.0
2025-12-23,Q2_baseline,75891.23019612792,69664.39385324687,0.0,0.0,6226.836342881043,1778.2314866666666,0.0,
2025-12-23,Q3_main,67827.22832286973,67107.16768030927,233.53812413111146,0.0,486.52251842935914,111.98044654166756,11971.385528676445,6000.000000000001
2025-12-23,Q3_no_adjust,67740.52405067936,67107.16768030927,0.0,0.0,633.3563703700886,142.37166216666753,11719.702581333335,6000.0
2025-12-23,Q4-2_main,78228.07208184857,77541.82431364799,0.0,0.0,686.2477682005892,142.43608883333422,9935.002731333334,6000.0
2025-12-23,Q4-2_fixed_strategy,78285.71372796326,77599.46595976267,0.0,0.0,686.2477682005892,142.43608883333422,9935.002731333334,6000.0
2025-12-23,Q4-3_main,80047.71820810281,79299.70992971312,221.65649468869168,0.0,526.3517837010053,111.98044654166745,11973.376165634607,6000.000000000001
2025-12-23,Q4-3_no_adjust,79985.58933844704,79299.70992971312,0.0,0.0,685.8794087339224,142.37166216666753,11719.702581333335,6000.0
2025-12-24,Q2_main,66001.95029253584,65263.667276031054,0.0,0.0,738.2830165047865,162.78603183333246,9091.121929083334,6000.0
2025-12-24,Q2_baseline,79904.48750988813,69155.21239910542,0.0,0.0,10749.27511078271,2561.6511779166667,0.0,
2025-12-24,Q3_main,67410.99624402674,66378.93882462947,492.9105403887317,0.0,539.1468790085348,123.7975566666654,10243.697968268529,5999.999999999999
2025-12-24,Q3_no_adjust,67108.16857340842,66378.93882462947,0.0,0.0,729.2297487789534,160.83165099999917,9794.733102000002,6000.0
2025-12-24,Q4-2_main,77438.62144512187,76634.17492544488,0.0,0.0,804.4465196769945,162.78603183333257,9091.121929083332,6000.0
2025-12-24,Q4-2_fixed_strategy,77530.7409922467,76726.29447256972,0.0,0.0,804.4465196769943,162.78603183333246,9091.121929083334,6000.0
2025-12-24,Q4-3_main,79215.75830415598,78019.78829350413,609.9400422754092,0.0,586.0299683764513,123.79755666666563,10243.592083291673,6000.0
2025-12-24,Q4-3_no_adjust,78813.41981708987,78019.78829350413,0.0,0.0,793.6315235857446,160.83165099999928,9794.733102000002,6000.0
2025-12-25,Q2_main,65835.92746013447,64875.379637897255,0.0,0.0,960.5478222372104,232.5102755000002,8157.533626083334,6000.0
2025-12-25,Q2_baseline,80076.79036072071,68776.99642839821,0.0,0.0,11299.793932322502,3341.3246008333335,0.0,
2025-12-25,Q3_main,67855.87600370741,63502.059522147676,3798.178999341678,0.0,555.6374822180479,142.3507585416677,9856.156790791661,6000.000000000002
2025-12-25,Q3_no_adjust,64610.1874380052,63502.059522147676,0.0,0.0,1108.12791585753,298.77634933333354,6480.591610750002,6000.0
2025-12-25,Q4-2_main,77417.45981988014,76304.78779011205,0.0,0.0,1112.672029768086,232.51027550000043,8157.533626083334,6000.0
2025-12-25,Q4-2_fixed_strategy,77710.42622842433,76597.75419865624,0.0,0.0,1112.6720297680856,232.5102755000002,8157.533626083334,6000.0
2025-12-25,Q4-3_main,80130.94117709174,74481.27849584327,5024.958565001725,0.0,624.7041162467368,142.35075854166791,9856.156790791661,6000.000000000002
2025-12-25,Q4-3_no_adjust,75836.85408661023,74481.27849584327,0.0,0.0,1355.5755907669475,298.77634933333377,6480.591610750002,6000.0
2025-12-26,Q2_main,41581.204958504466,41581.204958504466,0.0,0.0,0.0,0.0,24022.024196583327,6000.0
2025-12-26,Q2_baseline,46072.435489121664,46067.000290121665,0.0,0.0,5.435198999999984,2.4954999999999927,0.0,
2025-12-26,Q3_main,42920.43903904245,41194.68964593749,0.0,0.0,1725.74939310496,497.3161573333334,24384.514888251026,6000.0
2025-12-26,Q3_no_adjust,41194.68964593749,41194.68964593749,0.0,0.0,0.0,0.0,23270.552101999998,6000.0
2025-12-26,Q4-2_main,37020.41550581658,37020.41550581658,0.0,0.0,0.0,0.0,24022.024196583327,6000.0
2025-12-26,Q4-2_fixed_strategy,37155.09279818104,37155.09279818104,0.0,0.0,0.0,0.0,24022.024196583327,6000.0
2025-12-26,Q4-3_main,38153.14714484497,36664.04429039582,0.0,0.0,1489.1028544491487,486.9396679583337,24370.49583954818,6000.0
2025-12-26,Q4-3_no_adjust,36664.04429039582,36664.04429039582,0.0,0.0,0.0,0.0,23270.552101999998,6000.0
2025-12-27,Q2_main,42154.19820592654,42154.19820592654,0.0,0.0,0.0,0.0,24639.81415866666,6000.0
2025-12-27,Q2_baseline,46451.114043057125,46434.15754097712,0.0,0.0,16.95650207999992,7.790719999999965,0.0,
2025-12-27,Q3_main,45506.578140829624,42428.48745075344,0.0,0.0,3078.0906900761865,691.7010542499996,26233.52762100737,6000.0
2025-12-27,Q3_no_adjust,42428.48745075344,42428.48745075344,0.0,0.0,0.0,0.0,24820.82464283333,6000.0
2025-12-27,Q4-2_main,37158.313044027855,37158.313044027855,0.0,0.0,0.0,0.0,24639.81415866666,6000.0
2025-12-27,Q4-2_fixed_strategy,37248.65009142786,37248.65009142786,0.0,0.0,0.0,0.0,24639.81415866666,6000.0
2025-12-27,Q4-3_main,39998.476614090614,37411.2291987123,0.0,0.0,2587.247415378313,616.6559149583331,26159.9267807572,6000.0
2025-12-27,Q4-3_no_adjust,37411.2291987123,37411.2291987123,0.0,0.0,0.0,0.0,24820.82464283333,6000.0
2025-12-28,Q2_main,66741.75356904918,65919.5435697298,0.0,0.0,822.209999319378,164.79736550000052,10706.968129166666,6000.0
2025-12-28,Q2_baseline,76590.18565101855,69839.7483951077,0.0,0.0,6750.437255910837,1814.6645050000006,0.0,
2025-12-28,Q3_main,67421.11739731257,65719.12511725593,1007.8319034780336,0.0,694.1603765786059,140.39643491666686,10982.859513956275,6000.000000000003
2025-12-28,Q3_no_adjust,66543.05191440614,65719.12511725593,0.0,0.0,823.926797150211,165.60427408333368,10099.867688166665,6000.0
2025-12-28,Q4-2_main,77899.53316948401,77022.025122677,0.0,0.0,877.5080468070032,164.7973655000004,10706.968129166667,6000.0
2025-12-28,Q4-2_fixed_strategy,78070.51562645422,77193.00757964721,0.0,0.0,877.5080468070034,164.79736550000052,10706.968129166666,6000.0
2025-12-28,Q4-3_main,78751.43315199784,76709.12851066128,1300.481671021435,0.0,741.8229703151267,140.39643491666675,10981.726024720165,6000.000000000003
2025-12-28,Q4-3_no_adjust,77589.3915590155,76709.12851066128,0.0,0.0,880.2630483542109,165.60427408333356,10099.867688166665,6000.0
2025-12-29,Q2_main,66496.74637916674,66030.40379327166,0.0,0.0,466.34258589508,125.33078999999941,10197.216282916668,6000.0
2025-12-29,Q2_baseline,75320.47703678755,70160.91530841796,0.0,0.0,5159.561728369585,1529.1697466666678,0.0,
2025-12-29,Q3_main,68404.37849198285,64603.86802067816,3216.134799904645,0.0,584.375671400042,148.6907450416669,11530.10328081327,6000.000000000001
2025-12-29,Q3_no_adjust,65068.15949907324,64603.86802067816,0.0,0.0,464.2914783950803,124.88797749999947,8541.314675,6000.0
2025-12-29,Q4-2_main,77898.41270808034,77394.08561245927,0.0,0.0,504.32709562107937,125.33078999999941,10197.216282916666,6000.0
2025-12-29,Q4-2_fixed_strategy,78029.884663438,77525.55756781693,0.0,0.0,504.32709562107937,125.33078999999941,10197.216282916668,6000.0
2025-12-29,Q4-3_main,80452.87320305115,75538.24426290925,4287.9064298564845,0.0,626.722510285396,144.20947775000013,11525.622013521603,6000.000000000001
2025-12-29,Q4-3_no_adjust,76040.09692228034,75538.24426290925,0.0,0.0,501.8526593710797,124.88797749999947,8541.314675,6000.0
2025-12-30,Q2_main,65614.29253124648,65504.48419161952,0.0,0.0,109.8083396269587,29.47579499999995,10562.448219083335,6000.0
2025-12-30,Q2_baseline,73948.99666451733,70292.33497386545,0.0,0.0,3656.661690651872,972.1662074999999,0.0,
2025-12-30,Q3_main,65880.98908047957,65062.812613978625,664.3836397886713,0.0,153.79282671227068,39.67587416666652,10539.942288018514,6000.000000000003
2025-12-30,Q3_no_adjust,65172.618519633295,65062.812613978625,0.0,0.0,109.80590565466677,29.47541708333324,9970.23366575,6000.0
2025-12-30,Q4-2_main,76229.70228960256,76122.1709787554,0.0,0.0,107.5313108471671,29.47579499999995,10562.448219083335,6000.0
2025-12-30,Q4-2_fixed_strategy,76328.91085187189,76221.37954102473,0.0,0.0,107.5313108471671,29.47579499999995,10562.448219083335,6000.0
2025-12-30,Q4-3_main,76497.02551924411,75498.68698059132,846.8101141056321,0.0,151.5284245471666,39.67587416666652,10539.942288018514,6000.000000000001
2025-12-30,Q4-3_no_adjust,75606.21573350953,75498.68698059132,0.0,0.0,107.5287529182085,29.47541708333324,9970.23366575,6000.0
2025-12-31,Q2_main,65472.670436980356,64526.42737740339,0.0,0.0,946.2430595769631,267.94335341666704,7383.999009333336,6000.0
2025-12-31,Q2_baseline,80106.46743736387,69916.90688656096,0.0,0.0,10189.56055080292,2519.3710991666667,0.0,
2025-12-31,Q3_main,67018.43594104573,65421.537924029115,664.4484096833925,0.0,932.4496073332128,261.682433416667,9265.350280158098,6000.0
2025-12-31,Q3_no_adjust,66388.35300585057,65421.537924029115,0.0,0.0,966.8150818214633,272.32842347222254,8766.60216980556,6000.0
2025-12-31,Q4-2_main,76769.9533129285,75762.82771221678,0.0,0.0,1007.1256007117136,267.94335341666704,7383.999009333337,6000.0
2025-12-31,Q4-2_fixed_strategy,76959.88806324794,75952.76246253622,0.0,0.0,1007.1256007117136,267.94335341666704,7383.999009333336,6000.0
2025-12-31,Q4-3_main,78878.72331272895,77071.19504832423,821.3789230161842,0.0,986.1493413885485,258.3376353302449,9261.80837863889,6000.000000000001
2025-12-31,Q4-3_no_adjust,78107.14971831131,77071.19504832423,0.0,0.0,1035.9546699870884,272.32842347222254,8766.602169805557,6000.0
